var_c	indep(index, 1)	plot_vs(pnmx, noisefreq)[0, ::]
2.20000000000000018E0	2.00000000000000000E9	-1.47617312123386801E2
2.20000000000000018E0	2.01000000000000023E9	-1.47497794438220642E2
2.20000000000000018E0	2.02000000000000002E9	-1.47376020773618377E2
2.20000000000000018E0	2.03000000000000025E9	-1.47251947223104240E2
2.20000000000000018E0	2.04000000000000004E9	-1.47125526736192613E2
2.20000000000000018E0	2.04999999999999982E9	-1.46996708710197588E2
2.20000000000000018E0	2.06000000000000005E9	-1.46865438568006734E2
2.20000000000000018E0	2.06999999999999984E9	-1.46731657292834439E2
2.20000000000000018E0	2.08000000000000007E9	-1.46595300784965410E2
2.20000000000000018E0	2.08999999999999986E9	-1.46456299261191392E2
2.20000000000000018E0	2.10000000000000009E9	-1.46314576434997545E2
2.20000000000000018E0	2.11000000000000032E9	-1.46170048588401147E2
2.20000000000000018E0	2.12000000000000011E9	-1.46022623565712029E2
2.20000000000000018E0	2.12999999999999989E9	-1.45872199477094044E2
2.20000000000000018E0	2.13999999999999968E9	-1.45718663293132211E2
2.20000000000000018E0	2.14999999999999991E9	-1.45561889144522549E2
2.20000000000000018E0	2.16000000000000014E9	-1.45401736343854626E2
2.20000000000000018E0	2.16999999999999993E9	-1.45238047087909083E2
2.20000000000000018E0	2.18000000000000016E9	-1.45070643770094931E2
2.20000000000000018E0	2.18999999999999995E9	-1.44899325817508529E2
2.20000000000000018E0	2.20000000000000018E9	-1.44723866015386249E2
2.20000000000000018E0	2.20999999999999996E9	-1.44544006244241996E2
2.20000000000000018E0	2.21999999999999975E9	-1.44359452438634062E2
2.20000000000000018E0	2.22999999999999998E9	-1.44169868812737612E2
2.20000000000000018E0	2.23999999999999977E9	-1.43974870990550596E2
2.20000000000000018E0	2.25000000000000000E9	-1.43774018294571881E2
2.20000000000000018E0	2.26000000000000023E9	-1.43566804558145256E2
2.20000000000000018E0	2.27000000000000002E9	-1.43352647703665648E2
2.20000000000000018E0	2.28000000000000025E9	-1.43130877747882579E2
2.20000000000000018E0	2.29000000000000004E9	-1.42900723178931677E2
2.20000000000000018E0	2.29999999999999982E9	-1.42661295472584815E2
2.20000000000000018E0	2.31000000000000005E9	-1.42411571804579706E2
2.20000000000000018E0	2.31999999999999984E9	-1.42150375969490539E2
2.20000000000000018E0	2.33000000000000007E9	-1.41876357582225654E2
2.20000000000000018E0	2.33999999999999986E9	-1.41587970002888097E2
2.20000000000000018E0	2.35000000000000009E9	-1.41283447539289231E2
2.20000000000000018E0	2.36000000000000032E9	-1.40960782808302088E2
2.20000000000000018E0	2.37000000000000011E9	-1.40617705487253097E2
2.20000000000000018E0	2.37999999999999989E9	-1.40251663599126353E2
2.20000000000000018E0	2.38999999999999968E9	-1.39859807467771113E2
2.20000000000000018E0	2.39999999999999991E9	-1.39438973549498035E2
2.20000000000000018E0	2.41000000000000014E9	-1.38985655618741499E2
2.20000000000000018E0	2.41999999999999993E9	-1.38495926785489121E2
2.20000000000000018E0	2.43000000000000016E9	-1.37965215561060051E2
2.20000000000000018E0	2.43999999999999995E9	-1.37387687915309487E2
2.20000000000000018E0	2.45000000000000018E9	-1.36754609539085692E2
2.20000000000000018E0	2.45999999999999996E9	-1.36050086567521156E2
2.20000000000000018E0	2.46999999999999975E9	-1.35239975016987080E2
2.20000000000000018E0	2.47999999999999998E9	-1.34242423630565311E2
2.20000000000000018E0	2.48999999999999977E9	-1.32847136659714415E2
2.20000000000000018E0	2.50000000000000000E9	-1.30492923209212219E2
2.20000000000000018E0	2.51000000000000023E9	-1.25892802466355369E2
2.20000000000000018E0	2.52000000000000002E9	-1.23650380521268666E2
2.20000000000000018E0	2.53000000000000025E9	-1.29298880758910006E2
2.20000000000000018E0	2.54000000000000004E9	-1.32296110530063626E2
2.20000000000000018E0	2.54999999999999982E9	-1.33946119989837653E2
2.20000000000000018E0	2.56000000000000005E9	-1.35053186107291534E2
2.20000000000000018E0	2.56999999999999984E9	-1.35919049770531908E2
2.20000000000000018E0	2.58000000000000007E9	-1.36658480163503127E2
2.20000000000000018E0	2.58999999999999986E9	-1.37317709544701305E2
2.20000000000000018E0	2.60000000000000009E9	-1.37917141054089387E2
2.20000000000000018E0	2.61000000000000032E9	-1.38467201574267929E2
2.20000000000000018E0	2.62000000000000011E9	-1.38974372843878347E2
2.20000000000000018E0	2.62999999999999989E9	-1.39443500761392958E2
2.20000000000000018E0	2.63999999999999968E9	-1.39878666642398830E2
2.20000000000000018E0	2.64999999999999991E9	-1.40283501943980915E2
2.20000000000000018E0	2.66000000000000014E9	-1.40661294462593811E2
2.20000000000000018E0	2.66999999999999993E9	-1.41015022081283226E2
2.20000000000000018E0	2.68000000000000016E9	-1.41347366793033347E2
2.20000000000000018E0	2.68999999999999995E9	-1.41660726655579250E2
2.20000000000000018E0	2.70000000000000018E9	-1.41957231065708767E2
2.20000000000000018E0	2.70999999999999996E9	-1.42238759761171285E2
2.20000000000000018E0	2.71999999999999975E9	-1.42506964024023830E2
2.20000000000000018E0	2.72999999999999998E9	-1.42763288956027390E2
2.20000000000000018E0	2.73999999999999977E9	-1.43008995640629566E2
2.20000000000000018E0	2.75000000000000000E9	-1.43245182333932664E2
2.20000000000000018E0	2.76000000000000023E9	-1.43472804213650074E2
2.20000000000000018E0	2.77000000000000002E9	-1.43692691461231159E2
2.20000000000000018E0	2.78000000000000025E9	-1.43905565518623346E2
2.20000000000000018E0	2.79000000000000004E9	-1.44112053567415432E2
2.20000000000000018E0	2.79999999999999982E9	-1.44312701246744801E2
2.20000000000000018E0	2.81000000000000005E9	-1.44507983855593158E2
2.20000000000000018E0	2.81999999999999984E9	-1.44698316065199828E2
2.20000000000000018E0	2.83000000000000007E9	-1.44884060344275034E2
2.20000000000000018E0	2.83999999999999986E9	-1.45065534220882020E2
2.20000000000000018E0	2.85000000000000009E9	-1.45243016603837316E2
2.20000000000000018E0	2.86000000000000032E9	-1.45416753112996444E2
2.20000000000000018E0	2.87000000000000011E9	-1.45586960760141948E2
2.20000000000000018E0	2.87999999999999989E9	-1.45753831889356644E2
2.20000000000000018E0	2.88999999999999968E9	-1.45917537557185328E2
2.20000000000000018E0	2.89999999999999991E9	-1.46078230480611593E2
2.20000000000000018E0	2.91000000000000014E9	-1.46236047513710821E2
2.20000000000000018E0	2.91999999999999993E9	-1.46391111746181757E2
2.20000000000000018E0	2.93000000000000016E9	-1.46543534342377235E2
2.20000000000000018E0	2.93999999999999995E9	-1.46693416132807330E2
2.20000000000000018E0	2.95000000000000018E9	-1.46840848877857533E2
2.20000000000000018E0	2.95999999999999996E9	-1.46985916475698231E2
2.20000000000000018E0	2.96999999999999975E9	-1.47128695903531304E2
2.20000000000000018E0	2.97999999999999998E9	-1.47269258076317100E2
2.20000000000000018E0	2.98999999999999977E9	-1.47407668547677750E2
2.20000000000000018E0	3.00000000000000000E9	-1.47543988157622374E2

var_c	indep(index, 1)	plot_vs(pnmx, noisefreq)[1, ::]
2.30000000000000027E0	2.00000000000000000E9	-1.47659826147197704E2
2.30000000000000027E0	2.01000000000000023E9	-1.47540908391398395E2
2.30000000000000027E0	2.02000000000000002E9	-1.47419770526092964E2
2.30000000000000027E0	2.03000000000000025E9	-1.47296370592307158E2
2.30000000000000027E0	2.04000000000000004E9	-1.47170663610766472E2
2.30000000000000027E0	2.04999999999999982E9	-1.47042601103027826E2
2.30000000000000027E0	2.06000000000000005E9	-1.46912130658043294E2
2.30000000000000027E0	2.06999999999999984E9	-1.46779195496692161E2
2.30000000000000027E0	2.08000000000000007E9	-1.46643733788165398E2
2.30000000000000027E0	2.08999999999999986E9	-1.46505678042620135E2
2.30000000000000027E0	2.10000000000000009E9	-1.46364954179119744E2
2.30000000000000027E0	2.11000000000000032E9	-1.46221480733625953E2
2.30000000000000027E0	2.12000000000000011E9	-1.46075167615488288E2
2.30000000000000027E0	2.12999999999999989E9	-1.45925914895747044E2
2.30000000000000027E0	2.13999999999999968E9	-1.45773611230827904E2
2.30000000000000027E0	2.14999999999999991E9	-1.45618132115939325E2
2.30000000000000027E0	2.16000000000000014E9	-1.45459337770673103E2
2.30000000000000027E0	2.16999999999999993E9	-1.45297070704949394E2
2.30000000000000027E0	2.18000000000000016E9	-1.45131152800891838E2
2.30000000000000027E0	2.18999999999999995E9	-1.44961381990418170E2
2.30000000000000027E0	2.20000000000000018E9	-1.44787528257359899E2
2.30000000000000027E0	2.20999999999999996E9	-1.44609328945768878E2
2.30000000000000027E0	2.21999999999999975E9	-1.44426483417539053E2
2.30000000000000027E0	2.22999999999999998E9	-1.44238646583887342E2
2.30000000000000027E0	2.23999999999999977E9	-1.44045421488603353E2
2.30000000000000027E0	2.25000000000000000E9	-1.43846350612683205E2
2.30000000000000027E0	2.26000000000000023E9	-1.43640905750103487E2
2.30000000000000027E0	2.27000000000000002E9	-1.43428476265734828E2
2.30000000000000027E0	2.28000000000000025E9	-1.43208355478593075E2
2.30000000000000027E0	2.29000000000000004E9	-1.42979725104172295E2
2.30000000000000027E0	2.29999999999999982E9	-1.42741637329740678E2
2.30000000000000027E0	2.31000000000000005E9	-1.42492994582549848E2
2.30000000000000027E0	2.31999999999999984E9	-1.42232526766155765E2
2.30000000000000027E0	2.33000000000000007E9	-1.41958766043163487E2
2.30000000000000027E0	2.33999999999999986E9	-1.41670019341795572E2
2.30000000000000027E0	2.35000000000000009E9	-1.41364338999297523E2
2.30000000000000027E0	2.36000000000000032E9	-1.41039492356052043E2
2.30000000000000027E0	2.37000000000000011E9	-1.40692931042077563E2
2.30000000000000027E0	2.37999999999999989E9	-1.40321761200262962E2
2.30000000000000027E0	2.38999999999999968E9	-1.39922714079972876E2
2.30000000000000027E0	2.39999999999999991E9	-1.39492113400643136E2
2.30000000000000027E0	2.41000000000000014E9	-1.39025824626881955E2
2.30000000000000027E0	2.41999999999999993E9	-1.38519143214410057E2
2.30000000000000027E0	2.43000000000000016E9	-1.37966506230975683E2
2.30000000000000027E0	2.43999999999999995E9	-1.37360728964962453E2
2.30000000000000027E0	2.45000000000000018E9	-1.36690996724622615E2
2.30000000000000027E0	2.45999999999999996E9	-1.35937605134977302E2
2.30000000000000027E0	2.46999999999999975E9	-1.35058080555256455E2
2.30000000000000027E0	2.47999999999999998E9	-1.33949803539773171E2
2.30000000000000027E0	2.48999999999999977E9	-1.32347093032909102E2
2.30000000000000027E0	2.50000000000000000E9	-1.29549775976907311E2
2.30000000000000027E0	2.51000000000000023E9	-1.24388198621414570E2
2.30000000000000027E0	2.52000000000000002E9	-1.25314926336838561E2
2.30000000000000027E0	2.53000000000000025E9	-1.30227585400355061E2
2.30000000000000027E0	2.54000000000000004E9	-1.32784084266114832E2
2.30000000000000027E0	2.54999999999999982E9	-1.34287497863105809E2
2.30000000000000027E0	2.56000000000000005E9	-1.35352855215463896E2
2.30000000000000027E0	2.56999999999999984E9	-1.36211683541456763E2
2.30000000000000027E0	2.58000000000000007E9	-1.36953678076683372E2
2.30000000000000027E0	2.58999999999999986E9	-1.37616237371719263E2
2.30000000000000027E0	2.60000000000000009E9	-1.38216975100854489E2
2.30000000000000027E0	2.61000000000000032E9	-1.38765796706928102E2
2.30000000000000027E0	2.62000000000000011E9	-1.39269464313950531E2
2.30000000000000027E0	2.62999999999999989E9	-1.39733328182132555E2
2.30000000000000027E0	2.63999999999999968E9	-1.40161976001223931E2
2.30000000000000027E0	2.64999999999999991E9	-1.40559472560048393E2
2.30000000000000027E0	2.66000000000000014E9	-1.40929449588960654E2
2.30000000000000027E0	2.66999999999999993E9	-1.41275146105343330E2
2.30000000000000027E0	2.68000000000000016E9	-1.41599435540272056E2
2.30000000000000027E0	2.68999999999999995E9	-1.41904852106591672E2
2.30000000000000027E0	2.70000000000000018E9	-1.42193618672023137E2
2.30000000000000027E0	2.70999999999999996E9	-1.42467676222085049E2
2.30000000000000027E0	2.71999999999999975E9	-1.42728713449753952E2
2.30000000000000027E0	2.72999999999999998E9	-1.42978195432475763E2
2.30000000000000027E0	2.73999999999999977E9	-1.43217390770552955E2
2.30000000000000027E0	2.75000000000000000E9	-1.43447396466059396E2
2.30000000000000027E0	2.76000000000000023E9	-1.43669160470712387E2
2.30000000000000027E0	2.77000000000000002E9	-1.43883501766266875E2
2.30000000000000027E0	2.78000000000000025E9	-1.44091128156077586E2
2.30000000000000027E0	2.79000000000000004E9	-1.44292651778619496E2
2.30000000000000027E0	2.79999999999999982E9	-1.44488602603463412E2
2.30000000000000027E0	2.81000000000000005E9	-1.44679440197768416E2
2.30000000000000027E0	2.81999999999999984E9	-1.44865563767535521E2
2.30000000000000027E0	2.83000000000000007E9	-1.45047320835728955E2
2.30000000000000027E0	2.83999999999999986E9	-1.45225014663356489E2
2.30000000000000027E0	2.85000000000000009E9	-1.45398910644710533E2
2.30000000000000027E0	2.86000000000000032E9	-1.45569241692474294E2
2.30000000000000027E0	2.87000000000000011E9	-1.45736212928479358E2
2.30000000000000027E0	2.87999999999999989E9	-1.45900005567621593E2
2.30000000000000027E0	2.88999999999999968E9	-1.46060780357534137E2
2.30000000000000027E0	2.89999999999999991E9	-1.46218680405825441E2
2.30000000000000027E0	2.91000000000000014E9	-1.46373833623945382E2
2.30000000000000027E0	2.91999999999999993E9	-1.46526354882255094E2
2.30000000000000027E0	2.93000000000000016E9	-1.46676347658261874E2
2.30000000000000027E0	2.93999999999999995E9	-1.46823905673110988E2
2.30000000000000027E0	2.95000000000000018E9	-1.46969114111496535E2
2.30000000000000027E0	2.95999999999999996E9	-1.47112050781942583E2
2.30000000000000027E0	2.96999999999999975E9	-1.47252786966286098E2
2.30000000000000027E0	2.97999999999999998E9	-1.47391388321356431E2
2.30000000000000027E0	2.98999999999999977E9	-1.47527915501580287E2
2.30000000000000027E0	3.00000000000000000E9	-1.47662424826677441E2

var_c	indep(index, 1)	plot_vs(pnmx, noisefreq)[2, ::]
2.40000000000000036E0	2.00000000000000000E9	-1.47691993935966415E2
2.40000000000000036E0	2.01000000000000023E9	-1.47573630264627131E2
2.40000000000000036E0	2.02000000000000002E9	-1.47453080315948504E2
2.40000000000000036E0	2.03000000000000025E9	-1.47330304070311646E2
2.40000000000000036E0	2.04000000000000004E9	-1.47205258519975613E2
2.40000000000000036E0	2.04999999999999982E9	-1.47077897265352253E2
2.40000000000000036E0	2.06000000000000005E9	-1.46948170032883296E2
2.40000000000000036E0	2.06999999999999984E9	-1.46816022245189215E2
2.40000000000000036E0	2.08000000000000007E9	-1.46681394319674507E2
2.40000000000000036E0	2.08999999999999986E9	-1.46544221010019693E2
2.40000000000000036E0	2.10000000000000009E9	-1.46404430556609633E2
2.40000000000000036E0	2.11000000000000032E9	-1.46261943695173113E2
2.40000000000000036E0	2.12000000000000011E9	-1.46116672521061619E2
2.40000000000000036E0	2.12999999999999989E9	-1.45968519136452946E2
2.40000000000000036E0	2.13999999999999968E9	-1.45817374055653670E2
2.40000000000000036E0	2.14999999999999991E9	-1.45663114345507205E2
2.40000000000000036E0	2.16000000000000014E9	-1.45505601380105865E2
2.40000000000000036E0	2.16999999999999993E9	-1.45344678304682406E2
2.40000000000000036E0	2.18000000000000016E9	-1.45180166967487878E2
2.40000000000000036E0	2.18999999999999995E9	-1.45011864301652738E2
2.40000000000000036E0	2.20000000000000018E9	-1.44839538106302013E2
2.40000000000000036E0	2.20999999999999996E9	-1.44662922066761146E2
2.40000000000000036E0	2.21999999999999975E9	-1.44481709862305818E2
2.40000000000000036E0	2.22999999999999998E9	-1.44295548278291874E2
2.40000000000000036E0	2.23999999999999977E9	-1.44104029112336685E2
2.40000000000000036E0	2.25000000000000000E9	-1.43906679636576706E2
2.40000000000000036E0	2.26000000000000023E9	-1.43702951460210104E2
2.40000000000000036E0	2.27000000000000002E9	-1.43492207532843485E2
2.40000000000000036E0	2.28000000000000025E9	-1.43273706941172119E2
2.40000000000000036E0	2.29000000000000004E9	-1.43046587390365798E2
2.40000000000000036E0	2.29999999999999982E9	-1.42809844814153264E2
2.40000000000000036E0	2.31000000000000005E9	-1.42562310155203842E2
2.40000000000000036E0	2.31999999999999984E9	-1.42302622812614699E2
2.40000000000000036E0	2.33000000000000007E9	-1.42029200822576862E2
2.40000000000000036E0	2.33999999999999986E9	-1.41740207657929318E2
2.40000000000000036E0	2.35000000000000009E9	-1.41433515921894370E2
2.40000000000000036E0	2.36000000000000032E9	-1.41106668359214149E2
2.40000000000000036E0	2.37000000000000011E9	-1.40756837018035807E2
2.40000000000000036E0	2.37999999999999989E9	-1.40380780807297700E2
2.40000000000000036E0	2.38999999999999968E9	-1.39974800986282344E2
2.40000000000000036E0	2.39999999999999991E9	-1.39534689571512382E2
2.40000000000000036E0	2.41000000000000014E9	-1.39055653264911649E2
2.40000000000000036E0	2.41999999999999993E9	-1.38532162875533760E2
2.40000000000000036E0	2.43000000000000016E9	-1.37957592850972510E2
2.40000000000000036E0	2.43999999999999995E9	-1.37323296363195535E2
2.40000000000000036E0	2.45000000000000018E9	-1.36616185194415563E2
2.40000000000000036E0	2.45999999999999996E9	-1.35812342194779601E2
2.40000000000000036E0	2.46999999999999975E9	-1.34859945817541371E2
2.40000000000000036E0	2.47999999999999998E9	-1.33632737561200510E2
2.40000000000000036E0	2.48999999999999977E9	-1.31802065023461901E2
2.40000000000000036E0	2.50000000000000000E9	-1.28526919923538085E2
2.40000000000000036E0	2.51000000000000023E9	-1.23045519057051878E2
2.40000000000000036E0	2.52000000000000002E9	-1.26721479366271961E2
2.40000000000000036E0	2.53000000000000025E9	-1.30945556680194852E2
2.40000000000000036E0	2.54000000000000004E9	-1.33192615264259651E2
2.40000000000000036E0	2.54999999999999982E9	-1.34595404180273315E2
2.40000000000000036E0	2.56000000000000005E9	-1.35633382939360025E2
2.40000000000000036E0	2.56999999999999984E9	-1.36488207909550630E2
2.40000000000000036E0	2.58000000000000007E9	-1.37231808361388796E2
2.40000000000000036E0	2.58999999999999986E9	-1.37895535969266003E2
2.40000000000000036E0	2.60000000000000009E9	-1.38495306621822545E2
2.40000000000000036E0	2.61000000000000032E9	-1.39040910529068817E2
2.40000000000000036E0	2.62000000000000011E9	-1.39539508593074579E2
2.40000000000000036E0	2.62999999999999989E9	-1.39996953732352614E2
2.40000000000000036E0	2.63999999999999968E9	-1.40418292944511447E2
2.40000000000000036E0	2.64999999999999991E9	-1.40807964186433798E2
2.40000000000000036E0	2.66000000000000014E9	-1.41169884172850524E2
2.40000000000000036E0	2.66999999999999993E9	-1.41507500505177819E2
2.40000000000000036E0	2.68000000000000016E9	-1.41823833791608211E2
2.40000000000000036E0	2.68999999999999995E9	-1.42121517962376243E2
2.40000000000000036E0	2.70000000000000018E9	-1.42402840015772414E2
2.40000000000000036E0	2.70999999999999996E9	-1.42669778894438481E2
2.40000000000000036E0	2.71999999999999975E9	-1.42924042301416176E2
2.40000000000000036E0	2.72999999999999998E9	-1.43167101079428138E2
2.40000000000000036E0	2.73999999999999977E9	-1.43400220305146209E2
2.40000000000000036E0	2.75000000000000000E9	-1.43624487306251369E2
2.40000000000000036E0	2.76000000000000023E9	-1.43840836438476094E2
2.40000000000000036E0	2.77000000000000002E9	-1.44050070743567149E2
2.40000000000000036E0	2.78000000000000025E9	-1.44252880883759316E2
2.40000000000000036E0	2.79000000000000004E9	-1.44449861475815977E2
2.40000000000000036E0	2.79999999999999982E9	-1.44641525074563959E2
2.40000000000000036E0	2.81000000000000005E9	-1.44828314381448520E2
2.40000000000000036E0	2.81999999999999984E9	-1.45010612404691219E2
2.40000000000000036E0	2.83000000000000007E9	-1.45188751385767700E2
2.40000000000000036E0	2.83999999999999986E9	-1.45363020223019479E2
2.40000000000000036E0	2.85000000000000009E9	-1.45533670882804467E2
2.40000000000000036E0	2.86000000000000032E9	-1.45700923806544380E2
2.40000000000000036E0	2.87000000000000011E9	-1.45864972533763404E2
2.40000000000000036E0	2.87999999999999989E9	-1.46025987607453089E2
2.40000000000000036E0	2.88999999999999968E9	-1.46184119864316497E2
2.40000000000000036E0	2.89999999999999991E9	-1.46339503310278429E2
2.40000000000000036E0	2.91000000000000014E9	-1.46492257434945072E2
2.40000000000000036E0	2.91999999999999993E9	-1.46642489339954185E2
2.40000000000000036E0	2.93000000000000016E9	-1.46790295342482802E2
2.40000000000000036E0	2.93999999999999995E9	-1.46935762565901240E2
2.40000000000000036E0	2.95000000000000018E9	-1.47078970080533122E2
2.40000000000000036E0	2.95999999999999996E9	-1.47219990040455251E2
2.40000000000000036E0	2.96999999999999975E9	-1.47358888535893540E2
2.40000000000000036E0	2.97999999999999998E9	-1.47495726356657064E2
2.40000000000000036E0	2.98999999999999977E9	-1.47630559720497412E2
2.40000000000000036E0	3.00000000000000000E9	-1.47763440733868134E2

var_c	indep(index, 1)	plot_vs(pnmx, noisefreq)[3, ::]
2.50000000000000044E0	2.00000000000000000E9	-1.47716069771155056E2
2.50000000000000044E0	2.01000000000000023E9	-1.47598218417225779E2
2.50000000000000044E0	2.02000000000000002E9	-1.47478212708236756E2
2.50000000000000044E0	2.03000000000000025E9	-1.47356014480240738E2
2.50000000000000044E0	2.04000000000000004E9	-1.47231582633234415E2
2.50000000000000044E0	2.04999999999999982E9	-1.47104872774374473E2
2.50000000000000044E0	2.06000000000000005E9	-1.46975836737288912E2
2.50000000000000044E0	2.06999999999999984E9	-1.46844422086310655E2
2.50000000000000044E0	2.08000000000000007E9	-1.46710571446850113E2
2.50000000000000044E0	2.08999999999999986E9	-1.46574221826667395E2
2.50000000000000044E0	2.10000000000000009E9	-1.46435303704617503E2
2.50000000000000044E0	2.11000000000000032E9	-1.46293740106234704E2
2.50000000000000044E0	2.12000000000000011E9	-1.46149445313937498E2
2.50000000000000044E0	2.12999999999999989E9	-1.46002323555277269E2
2.50000000000000044E0	2.13999999999999968E9	-1.45852267278970293E2
2.50000000000000044E0	2.14999999999999991E9	-1.45699155256857327E2
2.50000000000000044E0	2.16000000000000014E9	-1.45542850264970758E2
2.50000000000000044E0	2.16999999999999993E9	-1.45383196369182377E2
2.50000000000000044E0	2.18000000000000016E9	-1.45220015684494874E2
2.50000000000000044E0	2.18999999999999995E9	-1.45053104629085206E2
2.50000000000000044E0	2.20000000000000018E9	-1.44882229370561677E2
2.50000000000000044E0	2.20999999999999996E9	-1.44707120599318229E2
2.50000000000000044E0	2.21999999999999975E9	-1.44527467184870484E2
2.50000000000000044E0	2.22999999999999998E9	-1.44342908818969229E2
2.50000000000000044E0	2.23999999999999977E9	-1.44153027258993616E2
2.50000000000000044E0	2.25000000000000000E9	-1.43957336020911608E2
2.50000000000000044E0	2.26000000000000023E9	-1.43755268275263481E2
2.50000000000000044E0	2.27000000000000002E9	-1.43546162564564339E2
2.50000000000000044E0	2.28000000000000025E9	-1.43329246086502593E2
2.50000000000000044E0	2.29000000000000004E9	-1.43103615149338848E2
2.50000000000000044E0	2.29999999999999982E9	-1.42868212453310273E2
2.50000000000000044E0	2.31000000000000005E9	-1.42621800684880951E2
2.50000000000000044E0	2.31999999999999984E9	-1.42362932189402369E2
2.50000000000000044E0	2.33000000000000007E9	-1.42089914435936548E2
2.50000000000000044E0	2.33999999999999986E9	-1.41800770752301619E2
2.50000000000000044E0	2.35000000000000009E9	-1.41493196734487947E2
2.50000000000000044E0	2.36000000000000032E9	-1.41164512210169990E2
2.50000000000000044E0	2.37000000000000011E9	-1.40811609108700431E2
2.50000000000000044E0	2.37999999999999989E9	-1.40430895276890944E2
2.50000000000000044E0	2.38999999999999968E9	-1.40018233123504188E2
2.50000000000000044E0	2.39999999999999991E9	-1.39568866411918679E2
2.50000000000000044E0	2.41000000000000014E9	-1.39077315352640718E2
2.50000000000000044E0	2.41999999999999993E9	-1.38537182260594172E2
2.50000000000000044E0	2.43000000000000016E9	-1.37940711325330057E2
2.50000000000000044E0	2.43999999999999995E9	-1.37277686134179300E2
2.50000000000000044E0	2.45000000000000018E9	-1.36532556699771712E2
2.50000000000000044E0	2.45999999999999996E9	-1.35676795862518174E2
2.50000000000000044E0	2.46999999999999975E9	-1.34648210249037303E2
2.50000000000000044E0	2.47999999999999998E9	-1.33294000097265464E2
2.50000000000000044E0	2.48999999999999977E9	-1.31215558655549702E2
2.50000000000000044E0	2.50000000000000000E9	-1.27449803766782854E2
2.50000000000000044E0	2.51000000000000023E9	-1.16907621005790108E2
2.50000000000000044E0	2.52000000000000002E9	-1.27857015383042905E2
2.50000000000000044E0	2.53000000000000025E9	-1.31520371712573136E2
2.50000000000000044E0	2.54000000000000004E9	-1.33546138578367857E2
2.50000000000000044E0	2.54999999999999982E9	-1.34878580108937496E2
2.50000000000000044E0	2.56000000000000005E9	-1.35898110813372108E2
2.50000000000000044E0	2.56999999999999984E9	-1.36750204655831564E2
2.50000000000000044E0	2.58000000000000007E9	-1.37494083936497158E2
2.50000000000000044E0	2.58999999999999986E9	-1.38156996550998157E2
2.50000000000000044E0	2.60000000000000009E9	-1.38753902317914024E2
2.50000000000000044E0	2.61000000000000032E9	-1.39294728703504544E2
2.50000000000000044E0	2.62000000000000011E9	-1.39787086786559867E2
2.50000000000000044E0	2.62999999999999989E9	-1.40237304327244816E2
2.50000000000000044E0	2.63999999999999968E9	-1.40650833079710269E2
2.50000000000000044E0	2.64999999999999991E9	-1.41032425729402000E2
2.50000000000000044E0	2.66000000000000014E9	-1.41386230420067371E2
2.50000000000000044E0	2.66999999999999993E9	-1.41715857500234721E2
2.50000000000000044E0	2.68000000000000016E9	-1.42024437145847560E2
2.50000000000000044E0	2.68999999999999995E9	-1.42314672764048678E2
2.50000000000000044E0	2.70000000000000018E9	-1.42588891619661551E2
2.50000000000000044E0	2.70999999999999996E9	-1.42849091986227306E2
2.50000000000000044E0	2.71999999999999975E9	-1.43096986294412654E2
2.50000000000000044E0	2.72999999999999998E9	-1.43334040124358553E2
2.50000000000000044E0	2.73999999999999977E9	-1.43561506788232629E2
2.50000000000000044E0	2.75000000000000000E9	-1.43780457815464091E2
2.50000000000000044E0	2.76000000000000023E9	-1.43991809438311469E2
2.50000000000000044E0	2.77000000000000002E9	-1.44196345516654856E2
2.50000000000000044E0	2.78000000000000025E9	-1.44394737309132926E2
2.50000000000000044E0	2.79000000000000004E9	-1.44587560359300427E2
2.50000000000000044E0	2.79999999999999982E9	-1.44775308908837652E2
2.50000000000000044E0	2.81000000000000005E9	-1.44958408219721857E2
2.50000000000000044E0	2.81999999999999984E9	-1.45137224950829213E2
2.50000000000000044E0	2.83000000000000007E9	-1.45312076070263130E2
2.50000000000000044E0	2.83999999999999986E9	-1.45483236307600050E2
2.50000000000000044E0	2.85000000000000009E9	-1.45650944551210793E2
2.50000000000000044E0	2.86000000000000032E9	-1.45815409173228794E2
2.50000000000000044E0	2.87000000000000011E9	-1.45976812611624540E2
2.50000000000000044E0	2.87999999999999989E9	-1.46135315217843287E2
2.50000000000000044E0	2.88999999999999968E9	-1.46291058455807432E2
2.50000000000000044E0	2.89999999999999991E9	-1.46444167750019583E2
2.50000000000000044E0	2.91000000000000014E9	-1.46594754695342910E2
2.50000000000000044E0	2.91999999999999993E9	-1.46742919143196437E2
2.50000000000000044E0	2.93000000000000016E9	-1.46888750763348575E2
2.50000000000000044E0	2.93999999999999995E9	-1.47032330518336440E2
2.50000000000000044E0	2.95000000000000018E9	-1.47173731875772917E2
2.50000000000000044E0	2.95999999999999996E9	-1.47313021785890785E2
2.50000000000000044E0	2.96999999999999975E9	-1.47450261507563352E2
2.50000000000000044E0	2.97999999999999998E9	-1.47585507450826059E2
2.50000000000000044E0	2.98999999999999977E9	-1.47718811684044482E2
2.50000000000000044E0	3.00000000000000000E9	-1.47850222575274248E2

var_c	indep(index, 1)	plot_vs(pnmx, noisefreq)[4, ::]
2.60000000000000053E0	2.00000000000000000E9	-1.47733751954311110E2
2.60000000000000053E0	2.01000000000000023E9	-1.47616374901689751E2
2.60000000000000053E0	2.02000000000000002E9	-1.47496873570928111E2
2.60000000000000053E0	2.03000000000000025E9	-1.47375211585213650E2
2.60000000000000053E0	2.04000000000000004E9	-1.47251349702976397E2
2.60000000000000053E0	2.04999999999999982E9	-1.47125245485603151E2
2.60000000000000053E0	2.06000000000000005E9	-1.46996852796995681E2
2.60000000000000053E0	2.06999999999999984E9	-1.46866121286090801E2
2.60000000000000053E0	2.08000000000000007E9	-1.46732995732285221E2
2.60000000000000053E0	2.08999999999999986E9	-1.46597415354991312E2
2.60000000000000053E0	2.10000000000000009E9	-1.46459312888715187E2
2.60000000000000053E0	2.11000000000000032E9	-1.46318613578424150E2
2.60000000000000053E0	2.12000000000000011E9	-1.46175233937739035E2
2.60000000000000053E0	2.12999999999999989E9	-1.46029080343452677E2
2.60000000000000053E0	2.13999999999999968E9	-1.45880047267697810E2
2.60000000000000053E0	2.14999999999999991E9	-1.45728015308792780E2
2.60000000000000053E0	2.16000000000000014E9	-1.45572848775654906E2
2.60000000000000053E0	2.16999999999999993E9	-1.45414392863521269E2
2.60000000000000053E0	2.18000000000000016E9	-1.45252470271233181E2
2.60000000000000053E0	2.18999999999999995E9	-1.45086877256966740E2
2.60000000000000053E0	2.20000000000000018E9	-1.44917378867684943E2
2.60000000000000053E0	2.20999999999999996E9	-1.44743703345751218E2
2.60000000000000053E0	2.21999999999999975E9	-1.44565535521974442E2
2.60000000000000053E0	2.22999999999999998E9	-1.44382508886153804E2
2.60000000000000053E0	2.23999999999999977E9	-1.44194196276377506E2
2.60000000000000053E0	2.25000000000000000E9	-1.44000098777143259E2
2.60000000000000053E0	2.26000000000000023E9	-1.43799632724044635E2
2.60000000000000053E0	2.27000000000000002E9	-1.43592114100923185E2
2.60000000000000053E0	2.28000000000000025E9	-1.43376740407604752E2
2.60000000000000053E0	2.29000000000000004E9	-1.43152569128510021E2
2.60000000000000053E0	2.29999999999999982E9	-1.42918492554308108E2
2.60000000000000053E0	2.31000000000000005E9	-1.42673208340070290E2
2.60000000000000053E0	2.31999999999999984E9	-1.42415185307095049E2
2.60000000000000053E0	2.33000000000000007E9	-1.42142623915365318E2
2.60000000000000053E0	2.33999999999999986E9	-1.41853411020894926E2
2.60000000000000053E0	2.35000000000000009E9	-1.41545068410586228E2
2.60000000000000053E0	2.36000000000000032E9	-1.41214695233133747E2
2.60000000000000053E0	2.37000000000000011E9	-1.40858903893324849E2
2.60000000000000053E0	2.37999999999999989E9	-1.40473748788791619E2
2.60000000000000053E0	2.38999999999999968E9	-1.40054646345950262E2
2.60000000000000053E0	2.39999999999999991E9	-1.39596277818982450E2
2.60000000000000053E0	2.41000000000000014E9	-1.39092451980919352E2
2.60000000000000053E0	2.41999999999999993E9	-1.38535862132690246E2
2.60000000000000053E0	2.43000000000000016E9	-1.37917557982272454E2
2.60000000000000053E0	2.43999999999999995E9	-1.37225650687327727E2
2.60000000000000053E0	2.45000000000000018E9	-1.36441946230672784E2
2.60000000000000053E0	2.45999999999999996E9	-1.35532917832184063E2
2.60000000000000053E0	2.46999999999999975E9	-1.34424981252887465E2
2.60000000000000053E0	2.47999999999999998E9	-1.32935917304069595E2
2.60000000000000053E0	2.48999999999999977E9	-1.30591392309601195E2
2.60000000000000053E0	2.50000000000000000E9	-1.26360831260292050E2
2.60000000000000053E0	2.51000000000000023E9	-1.23325003039745740E2
2.60000000000000053E0	2.52000000000000002E9	-1.28767757905711022E2
2.60000000000000053E0	2.53000000000000025E9	-1.31995395056945597E2
2.60000000000000053E0	2.54000000000000004E9	-1.33860248470891885E2
2.60000000000000053E0	2.54999999999999982E9	-1.35142600187723239E2
2.60000000000000053E0	2.56000000000000005E9	-1.36149155565593416E2
2.60000000000000053E0	2.56999999999999984E9	-1.36998742049375677E2
2.60000000000000053E0	2.58000000000000007E9	-1.37741456794942430E2
2.60000000000000053E0	2.58999999999999986E9	-1.38401810489884092E2
2.60000000000000053E0	2.60000000000000009E9	-1.38994305155839681E2
2.60000000000000053E0	2.61000000000000032E9	-1.39529153407443229E2
2.60000000000000053E0	2.62000000000000011E9	-1.40014424566275242E2
2.60000000000000053E0	2.62999999999999989E9	-1.40456878881029712E2
2.60000000000000053E0	2.63999999999999968E9	-1.40862316973056290E2
2.60000000000000053E0	2.64999999999999991E9	-1.41235751691079270E2
2.60000000000000053E0	2.66000000000000014E9	-1.41581514993818924E2
2.60000000000000053E0	2.66999999999999993E9	-1.41903340739244443E2
2.60000000000000053E0	2.68000000000000016E9	-1.42204436973569326E2
2.60000000000000053E0	2.68999999999999995E9	-1.42487551805255386E2
2.60000000000000053E0	2.70000000000000018E9	-1.42755033526070996E2
2.60000000000000053E0	2.70999999999999996E9	-1.43008885031599919E2
2.60000000000000053E0	2.71999999999999975E9	-1.43250812341672806E2
2.60000000000000053E0	2.72999999999999998E9	-1.43482267526398743E2
2.60000000000000053E0	2.73999999999999977E9	-1.43704486063862236E2
2.60000000000000053E0	2.75000000000000000E9	-1.43918519243411080E2
2.60000000000000053E0	2.76000000000000023E9	-1.44125262098621687E2
2.60000000000000053E0	2.77000000000000002E9	-1.44325477215856246E2
2.60000000000000053E0	2.78000000000000025E9	-1.44519815084181746E2
2.60000000000000053E0	2.79000000000000004E9	-1.44708831389831394E2
2.60000000000000053E0	2.79999999999999982E9	-1.44893001653099507E2
2.60000000000000053E0	2.81000000000000005E9	-1.45072733624854822E2
2.60000000000000053E0	2.81999999999999984E9	-1.45248377768310810E2
2.60000000000000053E0	2.83000000000000007E9	-1.45420236057534646E2
2.60000000000000053E0	2.83999999999999986E9	-1.45588569493877573E2
2.60000000000000053E0	2.85000000000000009E9	-1.45753604315675700E2
2.60000000000000053E0	2.86000000000000032E9	-1.45915537394878436E2
2.60000000000000053E0	2.87000000000000011E9	-1.46074540580857737E2
2.60000000000000053E0	2.87999999999999989E9	-1.46230764607233432E2
2.60000000000000053E0	2.88999999999999968E9	-1.46384342125723199E2
2.60000000000000053E0	2.89999999999999991E9	-1.46535390480996552E2
2.60000000000000053E0	2.91000000000000014E9	-1.46684013938324442E2
2.60000000000000053E0	2.91999999999999993E9	-1.46830305583745258E2
2.60000000000000053E0	2.93000000000000016E9	-1.46974348915159925E2
2.60000000000000053E0	2.93999999999999995E9	-1.47116219247098590E2
2.60000000000000053E0	2.95000000000000018E9	-1.47255984839061727E2
2.60000000000000053E0	2.95999999999999996E9	-1.47393707841466237E2
2.60000000000000053E0	2.96999999999999975E9	-1.47529445153833105E2
2.60000000000000053E0	2.97999999999999998E9	-1.47663249097013671E2
2.60000000000000053E0	2.98999999999999977E9	-1.47795167994867938E2
2.60000000000000053E0	3.00000000000000000E9	-1.47925246766685814E2

var_c	indep(index, 1)	plot_vs(pnmx, noisefreq)[5, ::]
2.70000000000000062E0	2.00000000000000000E9	-1.47746342341301373E2
2.70000000000000062E0	2.01000000000000023E9	-1.47629404916241458E2
2.70000000000000062E0	2.02000000000000002E9	-1.47510371566933474E2
2.70000000000000062E0	2.03000000000000025E9	-1.47389207631028496E2
2.70000000000000062E0	2.04000000000000004E9	-1.47265875684094594E2
2.70000000000000062E0	2.04999999999999982E9	-1.47140335121293808E2
2.70000000000000062E0	2.06000000000000005E9	-1.47012541771951422E2
2.70000000000000062E0	2.06999999999999984E9	-1.46882447324342857E2
2.70000000000000062E0	2.08000000000000007E9	-1.46749998670024606E2
2.70000000000000062E0	2.08999999999999986E9	-1.46615137173417520E2
2.70000000000000062E0	2.10000000000000009E9	-1.46477797775045482E2
2.70000000000000062E0	2.11000000000000032E9	-1.46337907942778722E2
2.70000000000000062E0	2.12000000000000011E9	-1.46195386399919669E2
2.70000000000000062E0	2.12999999999999989E9	-1.46050141653424714E2
2.70000000000000062E0	2.13999999999999968E9	-1.45902070290212915E2
2.70000000000000062E0	2.14999999999999991E9	-1.45751054772020194E2
2.70000000000000062E0	2.16000000000000014E9	-1.45596961083652454E2
2.70000000000000062E0	2.16999999999999993E9	-1.45439635722868976E2
2.70000000000000062E0	2.18000000000000016E9	-1.45278902207538008E2
2.70000000000000062E0	2.18999999999999995E9	-1.45114556926361149E2
2.70000000000000062E0	2.20000000000000018E9	-1.44946364196975197E2
2.70000000000000062E0	2.20999999999999996E9	-1.44774050393856024E2
2.70000000000000062E0	2.21999999999999975E9	-1.44597296888599414E2
2.70000000000000062E0	2.22999999999999998E9	-1.44415731816635851E2
2.70000000000000062E0	2.23999999999999977E9	-1.44228920048719456E2
2.70000000000000062E0	2.25000000000000000E9	-1.44036351493706016E2
2.70000000000000062E0	2.26000000000000023E9	-1.43837427037726173E2
2.70000000000000062E0	2.27000000000000002E9	-1.43631441915761870E2
2.70000000000000062E0	2.28000000000000025E9	-1.43417565938967373E2
2.70000000000000062E0	2.29000000000000004E9	-1.43194820162793901E2
2.70000000000000062E0	2.29999999999999982E9	-1.42962049258573676E2
2.70000000000000062E0	2.31000000000000005E9	-1.42717888987105956E2
2.70000000000000062E0	2.31999999999999984E9	-1.42460728067699982E2
2.70000000000000062E0	2.33000000000000007E9	-1.42188663706314000E2
2.70000000000000062E0	2.33999999999999986E9	-1.41899450019370721E2
2.70000000000000062E0	2.35000000000000009E9	-1.41590438611270653E2
2.70000000000000062E0	2.36000000000000032E9	-1.41258510810611604E2
2.70000000000000062E0	2.37000000000000011E9	-1.40900000864918096E2
2.70000000000000062E0	2.37999999999999989E9	-1.40510608669205461E2
2.70000000000000062E0	2.38999999999999968E9	-1.40085299232794580E2
2.70000000000000062E0	2.39999999999999991E9	-1.39618179164593914E2
2.70000000000000062E0	2.41000000000000014E9	-1.39102323647882953E2
2.70000000000000062E0	2.41999999999999993E9	-1.38529479526574550E2
2.70000000000000062E0	2.43000000000000016E9	-1.37889441653880729E2
2.70000000000000062E0	2.43999999999999995E9	-1.37168550573279280E2
2.70000000000000062E0	2.45000000000000018E9	-1.36345792730541060E2
2.70000000000000062E0	2.45999999999999996E9	-1.35382262739701065E2
2.70000000000000062E0	2.46999999999999975E9	-1.34191978944601886E2
2.70000000000000062E0	2.47999999999999998E9	-1.32560512808198938E2
2.70000000000000062E0	2.48999999999999977E9	-1.29934083922687105E2
2.70000000000000062E0	2.50000000000000000E9	-1.25323322217401145E2
2.70000000000000062E0	2.51000000000000023E9	-1.24478136057423172E2
2.70000000000000062E0	2.52000000000000002E9	-1.29506613054226660E2
2.70000000000000062E0	2.53000000000000025E9	-1.32399092733447987E2
2.70000000000000062E0	2.54000000000000004E9	-1.34145147797392239E2
2.70000000000000062E0	2.54999999999999982E9	-1.35391081868399299E2
2.70000000000000062E0	2.56000000000000005E9	-1.36387897892760357E2
2.70000000000000062E0	2.56999999999999984E9	-1.37234601818839042E2
2.70000000000000062E0	2.58000000000000007E9	-1.37974740808785779E2
2.70000000000000062E0	2.58999999999999986E9	-1.38631050810733947E2
2.70000000000000062E0	2.60000000000000009E9	-1.39217904048155638E2
2.70000000000000062E0	2.61000000000000032E9	-1.39745875189143587E2
2.70000000000000062E0	2.62000000000000011E9	-1.40223473868875947E2
2.70000000000000062E0	2.62999999999999989E9	-1.40657843352670286E2
2.70000000000000062E0	2.63999999999999968E9	-1.41055078903794140E2
2.70000000000000062E0	2.64999999999999991E9	-1.41420404192820426E2
2.70000000000000062E0	2.66000000000000014E9	-1.41758293570148997E2
2.70000000000000062E0	2.66999999999999993E9	-1.42072570886204574E2
2.70000000000000062E0	2.68000000000000016E9	-1.42366495862408837E2
2.70000000000000062E0	2.68999999999999995E9	-1.42642841061794501E2
2.70000000000000062E0	2.70000000000000018E9	-1.42903960424775045E2
2.70000000000000062E0	2.70999999999999996E9	-1.43151849977261447E2
2.70000000000000062E0	2.71999999999999975E9	-1.43388200867598758E2
2.70000000000000062E0	2.72999999999999998E9	-1.43614445477997021E2
2.70000000000000062E0	2.73999999999999977E9	-1.43831797048225907E2
2.70000000000000062E0	2.75000000000000000E9	-1.44041283648736185E2
2.70000000000000062E0	2.76000000000000023E9	-1.44243777069529910E2
2.70000000000000062E0	2.77000000000000002E9	-1.44440017370159235E2
2.70000000000000062E0	2.78000000000000025E9	-1.44630633580986423E2
2.70000000000000062E0	2.79000000000000004E9	-1.44816161287163570E2
2.70000000000000062E0	2.79999999999999982E9	-1.44997057268047946E2
2.70000000000000062E0	2.81000000000000005E9	-1.45173712039132963E2
2.70000000000000062E0	2.81999999999999984E9	-1.45346460185218862E2
2.70000000000000062E0	2.83000000000000007E9	-1.45515589216778940E2
2.70000000000000062E0	2.83999999999999986E9	-1.45681346876507023E2
2.70000000000000062E0	2.85000000000000009E9	-1.45843947400627583E2
2.70000000000000062E0	2.86000000000000032E9	-1.46003576656821243E2
2.70000000000000062E0	2.87000000000000011E9	-1.46160396559585370E2
2.70000000000000062E0	2.87999999999999989E9	-1.46314548752949070E2
2.70000000000000062E0	2.88999999999999968E9	-1.46466157635083682E2
2.70000000000000062E0	2.89999999999999991E9	-1.46615333045066376E2
2.70000000000000062E0	2.91000000000000014E9	-1.46762172374382205E2
2.70000000000000062E0	2.91999999999999993E9	-1.46906762473658614E2
2.70000000000000062E0	2.93000000000000016E9	-1.47049181124680128E2
2.70000000000000062E0	2.93999999999999995E9	-1.47189498429905785E2
2.70000000000000062E0	2.95000000000000018E9	-1.47327777826682693E2
2.70000000000000062E0	2.95999999999999996E9	-1.47464077099954483E2
2.70000000000000062E0	2.96999999999999975E9	-1.47598449107155960E2
2.70000000000000062E0	2.97999999999999998E9	-1.47730942444574165E2
2.70000000000000062E0	2.98999999999999977E9	-1.47861602043796792E2
2.70000000000000062E0	3.00000000000000000E9	-1.47990469585206563E2

var_c	indep(index, 1)	plot_vs(pnmx, noisefreq)[6, ::]
2.80000000000000071E0	2.00000000000000000E9	-1.47754851250908770E2
2.80000000000000071E0	2.01000000000000023E9	-1.47638321836894160E2
2.80000000000000071E0	2.02000000000000002E9	-1.47519723249621926E2
2.80000000000000071E0	2.03000000000000025E9	-1.47399022448092287E2
2.80000000000000071E0	2.04000000000000004E9	-1.47276183708668951E2
2.80000000000000071E0	2.04999999999999982E9	-1.47151168257992748E2
2.80000000000000071E0	2.06000000000000005E9	-1.47023933816910768E2
2.80000000000000071E0	2.06999999999999984E9	-1.46894434003519669E2
2.80000000000000071E0	2.08000000000000007E9	-1.46762617775927473E2
2.80000000000000071E0	2.08999999999999986E9	-1.46628428591499671E2
2.80000000000000071E0	2.10000000000000009E9	-1.46491803539952370E2
2.80000000000000071E0	2.11000000000000032E9	-1.46352672266141726E2
2.80000000000000071E0	2.12000000000000011E9	-1.46210955682766341E2
2.80000000000000071E0	2.12999999999999989E9	-1.46066564483845607E2
2.80000000000000071E0	2.13999999999999968E9	-1.45919397284078967E2
2.80000000000000071E0	2.14999999999999991E9	-1.45769338549580429E2
2.80000000000000071E0	2.16000000000000014E9	-1.45616255968818908E2
2.80000000000000071E0	2.16999999999999993E9	-1.45459997479740255E2
2.80000000000000071E0	2.18000000000000016E9	-1.45300387598910175E2
2.80000000000000071E0	2.18999999999999995E9	-1.45137223149115790E2
2.80000000000000071E0	2.20000000000000018E9	-1.44970268027764426E2
2.80000000000000071E0	2.20999999999999996E9	-1.44799247149502941E2
2.80000000000000071E0	2.21999999999999975E9	-1.44623839068907012E2
2.80000000000000071E0	2.22999999999999998E9	-1.44443667212149451E2
2.80000000000000071E0	2.23999999999999977E9	-1.44258289396235062E2
2.80000000000000071E0	2.25000000000000000E9	-1.44067185429442501E2
2.80000000000000071E0	2.26000000000000023E9	-1.43869742094877640E2
2.80000000000000071E0	2.27000000000000002E9	-1.43665235445118866E2
2.80000000000000071E0	2.28000000000000025E9	-1.43452809558802730E2
2.80000000000000071E0	2.29000000000000004E9	-1.43231451311944058E2
2.80000000000000071E0	2.29999999999999982E9	-1.42999960385740166E2
2.80000000000000071E0	2.31000000000000005E9	-1.42756913669241348E2
2.80000000000000071E0	2.31999999999999984E9	-1.42500623205455001E2
2.80000000000000071E0	2.33000000000000007E9	-1.42229086673757910E2
2.80000000000000071E0	2.33999999999999986E9	-1.41939929355415684E2
2.80000000000000071E0	2.35000000000000009E9	-1.41630336468988993E2
2.80000000000000071E0	2.36000000000000032E9	-1.41296974948759324E2
2.80000000000000071E0	2.37000000000000011E9	-1.40935903084955316E2
2.80000000000000071E0	2.37999999999999989E9	-1.40542466182007963E2
2.80000000000000071E0	2.38999999999999968E9	-1.40111173993775862E2
2.80000000000000071E0	2.39999999999999991E9	-1.39635548506805907E2
2.80000000000000071E0	2.41000000000000014E9	-1.39107911592102740E2
2.80000000000000071E0	2.41999999999999993E9	-1.38519029544034944E2
2.80000000000000071E0	2.43000000000000016E9	-1.37857385814545008E2
2.80000000000000071E0	2.43999999999999995E9	-1.37107456857370691E2
2.80000000000000071E0	2.45000000000000018E9	-1.36245241672286199E2
2.80000000000000071E0	2.45999999999999996E9	-1.35226089107538283E2
2.80000000000000071E0	2.46999999999999975E9	-1.33950638112246501E2
2.80000000000000071E0	2.47999999999999998E9	-1.32169615837357468E2
2.80000000000000071E0	2.48999999999999977E9	-1.29249265346931175E2
2.80000000000000071E0	2.50000000000000000E9	-1.24407054878526258E2
2.80000000000000071E0	2.51000000000000023E9	-1.25483849670193304E2
2.80000000000000071E0	2.52000000000000002E9	-1.30116482074471196E2
2.80000000000000071E0	2.53000000000000025E9	-1.32750578753544168E2
2.80000000000000071E0	2.54000000000000004E9	-1.34407644732555731E2
2.80000000000000071E0	2.54999999999999982E9	-1.35626411099059108E2
2.80000000000000071E0	2.56000000000000005E9	-1.36615277366266286E2
2.80000000000000071E0	2.56999999999999984E9	-1.37458410428079958E2
2.80000000000000071E0	2.58000000000000007E9	-1.38194676536546845E2
2.80000000000000071E0	2.58999999999999986E9	-1.38845712163915236E2
2.80000000000000071E0	2.60000000000000009E9	-1.39425969123769056E2
2.80000000000000071E0	2.61000000000000032E9	-1.39946414242665007E2
2.80000000000000071E0	2.62000000000000011E9	-1.40415963528846355E2
2.80000000000000071E0	2.62999999999999989E9	-1.40842092249240269E2
2.80000000000000071E0	2.63999999999999968E9	-1.41231139654199356E2
2.80000000000000071E0	2.64999999999999991E9	-1.41588496446724110E2
2.80000000000000071E0	2.66000000000000014E9	-1.41918743569989614E2
2.80000000000000071E0	2.66999999999999993E9	-1.42225766771606876E2
2.80000000000000071E0	2.68000000000000016E9	-1.42512855865210741E2
2.80000000000000071E0	2.68999999999999995E9	-1.42782791468818049E2
2.80000000000000071E0	2.70000000000000018E9	-1.43037921066655516E2
2.80000000000000071E0	2.70999999999999996E9	-1.43280224922596067E2
2.80000000000000071E0	2.71999999999999975E9	-1.43511372917281443E2
2.80000000000000071E0	2.72999999999999998E9	-1.43732773265455815E2
2.80000000000000071E0	2.73999999999999977E9	-1.43945613937715633E2
2.80000000000000071E0	2.75000000000000000E9	-1.44150897769256003E2
2.80000000000000071E0	2.76000000000000023E9	-1.44349472137071699E2
2.80000000000000071E0	2.77000000000000002E9	-1.44542053970276818E2
2.80000000000000071E0	2.78000000000000025E9	-1.44729250644845164E2
2.80000000000000071E0	2.79000000000000004E9	-1.44911577690210813E2
2.80000000000000071E0	2.79999999999999982E9	-1.45089473515456957E2
2.80000000000000071E0	2.81000000000000005E9	-1.45263311779752691E2
2.80000000000000071E0	2.81999999999999984E9	-1.45433411777494226E2
2.80000000000000071E0	2.83000000000000007E9	-1.45600047081857964E2
2.80000000000000071E0	2.83999999999999986E9	-1.45763452842448937E2
2.80000000000000071E0	2.85000000000000009E9	-1.45923831841395790E2
2.80000000000000071E0	2.86000000000000032E9	-1.46081359605572825E2
2.80000000000000071E0	2.87000000000000011E9	-1.46236188680954449E2
2.80000000000000071E0	2.87999999999999989E9	-1.46388452184378504E2
2.80000000000000071E0	2.88999999999999968E9	-1.46538266828537145E2
2.80000000000000071E0	2.89999999999999991E9	-1.46685735446266330E2
2.80000000000000071E0	2.91000000000000014E9	-1.46830949066246275E2
2.80000000000000071E0	2.91999999999999993E9	-1.46973988742602257E2
2.80000000000000071E0	2.93000000000000016E9	-1.47114927010842100E2
2.80000000000000071E0	2.93999999999999995E9	-1.47253829091454991E2
2.80000000000000071E0	2.95000000000000018E9	-1.47390754085574027E2
2.80000000000000071E0	2.95999999999999996E9	-1.47525755687611260E2
2.80000000000000071E0	2.96999999999999975E9	-1.47658883072945124E2
2.80000000000000071E0	2.97999999999999998E9	-1.47790181454017011E2
2.80000000000000071E0	2.98999999999999977E9	-1.47919692595248509E2
2.80000000000000071E0	3.00000000000000000E9	-1.48047455323814225E2

var_c	indep(index, 1)	plot_vs(pnmx, noisefreq)[7, ::]
2.90000000000000080E0	2.00000000000000000E9	-1.47760071299836726E2
2.90000000000000080E0	2.01000000000000023E9	-1.47643921064795580E2
2.90000000000000080E0	2.02000000000000002E9	-1.47525726857385964E2
2.90000000000000080E0	2.03000000000000025E9	-1.47405457203306289E2
2.90000000000000080E0	2.04000000000000004E9	-1.47283078045730731E2
2.90000000000000080E0	2.04999999999999982E9	-1.47158552323818737E2
2.90000000000000080E0	2.06000000000000005E9	-1.47031839568861455E2
2.90000000000000080E0	2.06999999999999984E9	-1.46902895314703641E2
2.90000000000000080E0	2.08000000000000007E9	-1.46771670480735805E2
2.90000000000000080E0	2.08999999999999986E9	-1.46638110554967005E2
2.90000000000000080E0	2.10000000000000009E9	-1.46502154735996148E2
2.90000000000000080E0	2.11000000000000032E9	-1.46363734795889511E2
2.90000000000000080E0	2.12000000000000011E9	-1.46222773797158778E2
2.90000000000000080E0	2.12999999999999989E9	-1.46079184554854891E2
2.90000000000000080E0	2.13999999999999968E9	-1.45932867791353149E2
2.90000000000000080E0	2.14999999999999991E9	-1.45783709923113602E2
2.90000000000000080E0	2.16000000000000014E9	-1.45631580461161780E2
2.90000000000000080E0	2.16999999999999993E9	-1.45476328866151050E2
2.90000000000000080E0	2.18000000000000016E9	-1.45317780798687757E2
2.90000000000000080E0	2.18999999999999995E9	-1.45155733699935241E2
2.90000000000000080E0	2.20000000000000018E9	-1.44989951360544422E2
2.90000000000000080E0	2.20999999999999996E9	-1.44820157629851476E2
2.90000000000000080E0	2.21999999999999975E9	-1.44646028681805583E2
2.90000000000000080E0	2.22999999999999998E9	-1.44467183887847628E2
2.90000000000000080E0	2.23999999999999977E9	-1.44283174819944637E2
2.90000000000000080E0	2.25000000000000000E9	-1.44093472125679400E2
2.90000000000000080E0	2.26000000000000023E9	-1.43897449719654036E2
2.90000000000000080E0	2.27000000000000002E9	-1.43694365943264080E2
2.90000000000000080E0	2.28000000000000025E9	-1.43483340891556610E2
2.90000000000000080E0	2.29000000000000004E9	-1.43263329433433695E2
2.90000000000000080E0	2.29999999999999982E9	-1.43033088741649639E2
2.90000000000000080E0	2.31000000000000005E9	-1.42791139764080133E2
2.90000000000000080E0	2.31999999999999984E9	-1.42535721182500730E2
2.90000000000000080E0	2.33000000000000007E9	-1.42264734831586881E2
2.90000000000000080E0	2.33999999999999986E9	-1.41975681151284561E2
2.90000000000000080E0	2.35000000000000009E9	-1.41665583056946676E2
2.90000000000000080E0	2.36000000000000032E9	-1.41330896765707381E2
2.90000000000000080E0	2.37000000000000011E9	-1.40967407494366737E2
2.90000000000000080E0	2.37999999999999989E9	-1.40570106918891646E2
2.90000000000000080E0	2.38999999999999968E9	-1.40133047135299438E2
2.90000000000000080E0	2.39999999999999991E9	-1.39649157360951537E2
2.90000000000000080E0	2.41000000000000014E9	-1.39109989094198072E2
2.90000000000000080E0	2.41999999999999993E9	-1.38505296874549400E2
2.90000000000000080E0	2.43000000000000016E9	-1.37822200192512723E2
2.90000000000000080E0	2.43999999999999995E9	-1.37043222986375257E2
2.90000000000000080E0	2.45000000000000018E9	-1.36141216112280827E2
2.90000000000000080E0	2.45999999999999996E9	-1.35065430296922440E2
2.90000000000000080E0	2.46999999999999975E9	-1.33702175006439705E2
2.90000000000000080E0	2.47999999999999998E9	-1.31764934709669079E2
2.90000000000000080E0	2.48999999999999977E9	-1.28544165774091645E2
2.90000000000000080E0	2.50000000000000000E9	-1.23561794176663531E2
2.90000000000000080E0	2.51000000000000023E9	-1.26385630401710958E2
2.90000000000000080E0	2.52000000000000002E9	-1.30629365540881959E2
2.90000000000000080E0	2.53000000000000025E9	-1.33062946261606951E2
2.90000000000000080E0	2.54000000000000004E9	-1.34652358121068749E2
2.90000000000000080E0	2.54999999999999982E9	-1.35850194308756711E2
2.90000000000000080E0	2.56000000000000005E9	-1.36831973366020199E2
2.90000000000000080E0	2.56999999999999984E9	-1.37670713669861633E2
2.90000000000000080E0	2.58000000000000007E9	-1.38401963982572629E2
2.90000000000000080E0	2.58999999999999986E9	-1.39046730763815751E2
2.90000000000000080E0	2.60000000000000009E9	-1.39619672093397007E2
2.90000000000000080E0	2.61000000000000032E9	-1.40132146495084942E2
2.90000000000000080E0	2.62000000000000011E9	-1.40593434519147609E2
2.90000000000000080E0	2.62999999999999989E9	-1.41011293364612644E2
2.90000000000000080E0	2.63999999999999968E9	-1.41392260273264592E2
2.90000000000000080E0	2.64999999999999991E9	-1.41741854595227945E2
2.90000000000000080E0	2.66000000000000014E9	-1.42064733429866918E2
2.90000000000000080E0	2.66999999999999993E9	-1.42364820962962990E2
2.90000000000000080E0	2.68000000000000016E9	-1.42645419372681959E2
2.90000000000000080E0	2.68999999999999995E9	-1.42909304326884090E2
2.90000000000000080E0	2.70000000000000018E9	-1.43158807324927806E2
2.90000000000000080E0	2.70999999999999996E9	-1.43395886092016300E2
2.90000000000000080E0	2.71999999999999975E9	-1.43622184533408115E2
2.90000000000000080E0	2.72999999999999998E9	-1.43839083555129488E2
2.90000000000000080E0	2.73999999999999977E9	-1.44047743820262797E2
2.90000000000000080E0	2.75000000000000000E9	-1.44249141774463352E2
2.90000000000000080E0	2.76000000000000023E9	-1.44444099802943304E2
2.90000000000000080E0	2.77000000000000002E9	-1.44633311528058961E2
2.90000000000000080E0	2.78000000000000025E9	-1.44817362845368613E2
2.90000000000000080E0	2.79000000000000004E9	-1.44996749604347275E2
2.90000000000000080E0	2.79999999999999982E9	-1.45171892304270278E2
2.90000000000000080E0	2.81000000000000005E9	-1.45343148376918840E2
2.90000000000000080E0	2.81999999999999984E9	-1.45510822396364947E2
2.90000000000000080E0	2.83000000000000007E9	-1.45675174690343523E2
2.90000000000000080E0	2.83999999999999986E9	-1.45836428417838881E2
2.90000000000000080E0	2.85000000000000009E9	-1.45994775567014412E2
2.90000000000000080E0	2.86000000000000032E9	-1.46150381933901441E2
2.90000000000000080E0	2.87000000000000011E9	-1.46303391249108139E2
2.90000000000000080E0	2.87999999999999989E9	-1.46453928698655789E2
2.90000000000000080E0	2.88999999999999968E9	-1.46602103806876150E2
2.90000000000000080E0	2.89999999999999991E9	-1.46748012900357838E2
2.90000000000000080E0	2.91000000000000014E9	-1.46891741116402885E2
2.90000000000000080E0	2.91999999999999993E9	-1.47033364147493439E2
2.90000000000000080E0	2.93000000000000016E9	-1.47172949637157702E2
2.90000000000000080E0	2.93999999999999995E9	-1.47310558397639735E2
2.90000000000000080E0	2.95000000000000018E9	-1.47446245440230195E2
2.90000000000000080E0	2.95999999999999996E9	-1.47580060781707467E2
2.90000000000000080E0	2.96999999999999975E9	-1.47712050170990539E2
2.90000000000000080E0	2.97999999999999998E9	-1.47842255702763237E2
2.90000000000000080E0	2.98999999999999977E9	-1.47970716301207217E2
2.90000000000000080E0	3.00000000000000000E9	-1.48097468144238076E2

var_c	indep(index, 1)	plot_vs(pnmx, noisefreq)[8, ::]
3.00000000000000089E0	2.00000000000000000E9	-1.47762630260640782E2
3.00000000000000089E0	2.01000000000000023E9	-1.47646832815855533E2
3.00000000000000089E0	2.02000000000000002E9	-1.47529015224201698E2
3.00000000000000089E0	2.03000000000000025E9	-1.47409147412052777E2
3.00000000000000089E0	2.04000000000000004E9	-1.47287196964729405E2
3.00000000000000089E0	2.04999999999999982E9	-1.47163128473396432E2
3.00000000000000089E0	2.06000000000000005E9	-1.47036903179613088E2
3.00000000000000089E0	2.06999999999999984E9	-1.46908478485331617E2
3.00000000000000089E0	2.08000000000000007E9	-1.46777807172276020E2
3.00000000000000089E0	2.08999999999999986E9	-1.46644836725860261E2
3.00000000000000089E0	2.10000000000000009E9	-1.46509508346417539E2
3.00000000000000089E0	2.11000000000000032E9	-1.46371755923652480E2
3.00000000000000089E0	2.12000000000000011E9	-1.46231504597757800E2
3.00000000000000089E0	2.12999999999999989E9	-1.46088669311168307E2
3.00000000000000089E0	2.13999999999999968E9	-1.45943152819301414E2
3.00000000000000089E0	2.14999999999999991E9	-1.45794843554091180E2
3.00000000000000089E0	2.16000000000000014E9	-1.45643612825417823E2
3.00000000000000089E0	2.16999999999999993E9	-1.45489311721370740E2
3.00000000000000089E0	2.18000000000000016E9	-1.45331767168846149E2
3.00000000000000089E0	2.18999999999999995E9	-1.45170777355089653E2
3.00000000000000089E0	2.20000000000000018E9	-1.45006106261701295E2
3.00000000000000089E0	2.20999999999999996E9	-1.44837476932275999E2
3.00000000000000089E0	2.21999999999999975E9	-1.44664563628851361E2
3.00000000000000089E0	2.22999999999999998E9	-1.44486982208320525E2
3.00000000000000089E0	2.23999999999999977E9	-1.44304278683090570E2
3.00000000000000089E0	2.25000000000000000E9	-1.44115915420866481E2
3.00000000000000089E0	2.26000000000000023E9	-1.43921254586041880E2
3.00000000000000089E0	2.27000000000000002E9	-1.43719538126366930E2
3.00000000000000089E0	2.28000000000000025E9	-1.43509863854579467E2
3.00000000000000089E0	2.29000000000000004E9	-1.43291156562242938E2
3.00000000000000089E0	2.29999999999999982E9	-1.43062133319643303E2
3.00000000000000089E0	2.31000000000000005E9	-1.42821261912232211E2
3.00000000000000089E0	2.31999999999999984E9	-1.42566710881970704E2
3.00000000000000089E0	2.33000000000000007E9	-1.42296289896304584E2
3.00000000000000089E0	2.33999999999999986E9	-1.42007378518306426E2
3.00000000000000089E0	2.35000000000000009E9	-1.41696841557024311E2
3.00000000000000089E0	2.36000000000000032E9	-1.41360928591292878E2
3.00000000000000089E0	2.37000000000000011E9	-1.40995155160166008E2
3.00000000000000089E0	2.37999999999999989E9	-1.40594161093766234E2
3.00000000000000089E0	2.38999999999999968E9	-1.40151539733628905E2
3.00000000000000089E0	2.39999999999999991E9	-1.39659621262847233E2
3.00000000000000089E0	2.41000000000000014E9	-1.39109171909535290E2
3.00000000000000089E0	2.41999999999999993E9	-1.38488906627133224E2
3.00000000000000089E0	2.43000000000000016E9	-1.37784532030013240E2
3.00000000000000089E0	2.43999999999999995E9	-1.36976536016683026E2
3.00000000000000089E0	2.45000000000000018E9	-1.36034469101493638E2
3.00000000000000089E0	2.45999999999999996E9	-1.34901146093463820E2
3.00000000000000089E0	2.46999999999999975E9	-1.33447638675860292E2
3.00000000000000089E0	2.47999999999999998E9	-1.31348120837671134E2
3.00000000000000089E0	2.48999999999999977E9	-1.27828145382062330E2
3.00000000000000089E0	2.50000000000000000E9	-1.20425279768882842E2
3.00000000000000089E0	2.51000000000000023E9	-1.27174962788723844E2
3.00000000000000089E0	2.52000000000000002E9	-1.31068634641938031E2
3.00000000000000089E0	2.53000000000000025E9	-1.33345321403821848E2
3.00000000000000089E0	2.54000000000000004E9	-1.34882467196228495E2
3.00000000000000089E0	2.54999999999999982E9	-1.36063541778390285E2
3.00000000000000089E0	2.56000000000000005E9	-1.37038514859751825E2
3.00000000000000089E0	2.56999999999999984E9	-1.37872018273136288E2
3.00000000000000089E0	2.58000000000000007E9	-1.38597278256150425E2
3.00000000000000089E0	2.58999999999999986E9	-1.39234993589099298E2
3.00000000000000089E0	2.60000000000000009E9	-1.39800097882071217E2
3.00000000000000089E0	2.61000000000000032E9	-1.40304321987160852E2
3.00000000000000089E0	2.62000000000000011E9	-1.40757265922034125E2
3.00000000000000089E0	2.62999999999999989E9	-1.41166921621254993E2
3.00000000000000089E0	2.63999999999999968E9	-1.41539983184697693E2
3.00000000000000089E0	2.64999999999999991E9	-1.41882065431022220E2
3.00000000000000089E0	2.66000000000000014E9	-1.42197875837193322E2
3.00000000000000089E0	2.66999999999999993E9	-1.42491357636798677E2
3.00000000000000089E0	2.68000000000000016E9	-1.42765811040269641E2
3.00000000000000089E0	2.68999999999999995E9	-1.43023996404745146E2
3.00000000000000089E0	2.70000000000000018E9	-1.43268221870413059E2
3.00000000000000089E0	2.70999999999999996E9	-1.43500417601066355E2
3.00000000000000089E0	2.71999999999999975E9	-1.43722198171843418E2
3.00000000000000089E0	2.72999999999999998E9	-1.43934915024858778E2
3.00000000000000089E0	2.73999999999999977E9	-1.44139700305998408E2
3.00000000000000089E0	2.75000000000000000E9	-1.44337503487287822E2
3.00000000000000089E0	2.76000000000000023E9	-1.44529121866952970E2
3.00000000000000089E0	2.77000000000000002E9	-1.44715225935367431E2
3.00000000000000089E0	2.78000000000000025E9	-1.44896380526311441E2
3.00000000000000089E0	2.79000000000000004E9	-1.45073062345470838E2
3.00000000000000089E0	2.79999999999999982E9	-1.45245674622091170E2
3.00000000000000089E0	2.81000000000000005E9	-1.45414559168180291E2
3.00000000000000089E0	2.81999999999999984E9	-1.45580006593325439E2
3.00000000000000089E0	2.83000000000000007E9	-1.45742264594037096E2
3.00000000000000089E0	2.83999999999999986E9	-1.45901545030146074E2
3.00000000000000089E0	2.85000000000000009E9	-1.46058029720641058E2
3.00000000000000089E0	2.86000000000000032E9	-1.46211875276649517E2
3.00000000000000089E0	2.87000000000000011E9	-1.46363217273975343E2
3.00000000000000089E0	2.87999999999999989E9	-1.46512173415321456E2
3.00000000000000089E0	2.88999999999999968E9	-1.46658846580427515E2
3.00000000000000089E0	2.89999999999999991E9	-1.46803327049030807E2
3.00000000000000089E0	2.91000000000000014E9	-1.46945694486692391E2
3.00000000000000089E0	2.91999999999999993E9	-1.47086019624013042E2
3.00000000000000089E0	2.93000000000000016E9	-1.47224365597621398E2
3.00000000000000089E0	2.93999999999999995E9	-1.47360789151642457E2
3.00000000000000089E0	2.95000000000000018E9	-1.47495341541795311E2
3.00000000000000089E0	2.95999999999999996E9	-1.47628069385733207E2
3.00000000000000089E0	2.96999999999999975E9	-1.47759015294493512E2
3.00000000000000089E0	2.97999999999999998E9	-1.47888218517500603E2
3.00000000000000089E0	2.98999999999999977E9	-1.48015715352369992E2
3.00000000000000089E0	3.00000000000000000E9	-1.48141539532757949E2

var_c	indep(index, 1)	plot_vs(pnmx, noisefreq)[9, ::]
3.10000000000000098E0	2.00000000000000000E9	-1.47763029484136443E2
3.10000000000000098E0	2.01000000000000023E9	-1.47647560752953000E2
3.10000000000000098E0	2.02000000000000002E9	-1.47530094277025170E2
3.10000000000000098E0	2.03000000000000025E9	-1.47410601472135738E2
3.10000000000000098E0	2.04000000000000004E9	-1.47289051390214887E2
3.10000000000000098E0	2.04999999999999982E9	-1.47165410231316773E2
3.10000000000000098E0	2.06000000000000005E9	-1.47039640927420834E2
3.10000000000000098E0	2.06999999999999984E9	-1.46911702578995618E2
3.10000000000000098E0	2.08000000000000007E9	-1.46781549841027759E2
3.10000000000000098E0	2.08999999999999986E9	-1.46649132076703514E2
3.10000000000000098E0	2.10000000000000009E9	-1.46514392475838173E2
3.10000000000000098E0	2.11000000000000032E9	-1.46377266920894678E2
3.10000000000000098E0	2.12000000000000011E9	-1.46237682627430376E2
3.10000000000000098E0	2.12999999999999989E9	-1.46095556574256347E2
3.10000000000000098E0	2.13999999999999968E9	-1.45950793586815775E2
3.10000000000000098E0	2.14999999999999991E9	-1.45803284046009307E2
3.10000000000000098E0	2.16000000000000014E9	-1.45652901137106427E2
3.10000000000000098E0	2.16999999999999993E9	-1.45499497560926550E2
3.10000000000000098E0	2.18000000000000016E9	-1.45342901609262753E2
3.10000000000000098E0	2.18999999999999995E9	-1.45182912409688258E2
3.10000000000000098E0	2.20000000000000018E9	-1.45019294237516005E2
3.10000000000000098E0	2.20999999999999996E9	-1.44851769676099584E2
3.10000000000000098E0	2.21999999999999975E9	-1.44680011396188180E2
3.10000000000000098E0	2.22999999999999998E9	-1.44503632242630742E2
3.10000000000000098E0	2.23999999999999977E9	-1.44322173278351107E2
3.10000000000000098E0	2.25000000000000000E9	-1.44135089418144990E2
3.10000000000000098E0	2.26000000000000023E9	-1.43941732008551204E2
3.10000000000000098E0	2.27000000000000002E9	-1.43741327904313843E2
3.10000000000000098E0	2.28000000000000025E9	-1.43532954106389132E2
3.10000000000000098E0	2.29000000000000004E9	-1.43315507205539538E2
3.10000000000000098E0	2.29999999999999982E9	-1.43087666420184489E2
3.10000000000000098E0	2.31000000000000005E9	-1.42847849010755445E2
3.10000000000000098E0	2.31999999999999984E9	-1.42594156483349055E2
3.10000000000000098E0	2.33000000000000007E9	-1.42324309943951954E2
3.10000000000000098E0	2.33999999999999986E9	-1.42035572069138172E2
3.10000000000000098E0	2.35000000000000009E9	-1.41724653770791686E2
3.10000000000000098E0	2.36000000000000032E9	-1.41387602325722339E2
3.10000000000000098E0	2.37000000000000011E9	-1.41019667450913611E2
3.10000000000000098E0	2.37999999999999989E9	-1.40615139822539748E2
3.10000000000000098E0	2.38999999999999968E9	-1.40167153894500385E2
3.10000000000000098E0	2.39999999999999991E9	-1.39667436172155091E2
3.10000000000000098E0	2.41000000000000014E9	-1.39105955443609020E2
3.10000000000000098E0	2.41999999999999993E9	-1.38470361540926068E2
3.10000000000000098E0	2.43000000000000016E9	-1.37744903271552022E2
3.10000000000000098E0	2.43999999999999995E9	-1.36907954307517055E2
3.10000000000000098E0	2.45000000000000018E9	-1.35925620198678021E2
3.10000000000000098E0	2.45999999999999996E9	-1.34733959044152618E2
3.10000000000000098E0	2.46999999999999975E9	-1.33187946997470985E2
3.10000000000000098E0	2.47999999999999998E9	-1.30920816551615671E2
3.10000000000000098E0	2.48999999999999977E9	-1.27113187638590963E2
3.10000000000000098E0	2.50000000000000000E9	-1.20408256096600041E2
3.10000000000000098E0	2.51000000000000023E9	-1.27859023337610789E2
3.10000000000000098E0	2.52000000000000002E9	-1.31451341432448787E2
3.10000000000000098E0	2.53000000000000025E9	-1.33604156559230436E2
3.10000000000000098E0	2.54000000000000004E9	-1.35100193768623345E2
3.10000000000000098E0	2.54999999999999982E9	-1.36267249164550863E2
3.10000000000000098E0	2.56000000000000005E9	-1.37235347039699751E2
3.10000000000000098E0	2.56999999999999984E9	-1.38062812804694812E2
3.10000000000000098E0	2.58000000000000007E9	-1.38781275610820698E2
3.10000000000000098E0	2.58999999999999986E9	-1.39411342008969141E2
3.10000000000000098E0	2.60000000000000009E9	-1.39968252092520618E2
3.10000000000000098E0	2.61000000000000032E9	-1.40464078579050766E2
3.10000000000000098E0	2.62000000000000011E9	-1.40908695333621381E2
3.10000000000000098E0	2.62999999999999989E9	-1.41310285835418448E2
3.10000000000000098E0	2.63999999999999968E9	-1.41675664841456328E2
3.10000000000000098E0	2.64999999999999991E9	-1.42010513973361352E2
3.10000000000000098E0	2.66000000000000014E9	-1.42319569624812670E2
3.10000000000000098E0	2.66999999999999993E9	-1.42606778080496399E2
3.10000000000000098E0	2.68000000000000016E9	-1.42875426072098488E2
3.10000000000000098E0	2.68999999999999995E9	-1.43128250533717760E2
3.10000000000000098E0	2.70000000000000018E9	-1.43367530702037227E2
3.10000000000000098E0	2.70999999999999996E9	-1.43595165451705831E2
3.10000000000000098E0	2.71999999999999975E9	-1.43812737713380256E2
3.10000000000000098E0	2.72999999999999998E9	-1.44021568174172532E2
3.10000000000000098E0	2.73999999999999977E9	-1.44222759850501525E2
3.10000000000000098E0	2.75000000000000000E9	-1.44417235118933851E2
3.10000000000000098E0	2.76000000000000023E9	-1.44605766388835755E2
3.10000000000000098E0	2.77000000000000002E9	-1.44789001493662006E2
3.10000000000000098E0	2.78000000000000025E9	-1.44967484746141184E2
3.10000000000000098E0	2.79000000000000004E9	-1.45141674405220611E2
3.10000000000000098E0	2.79999999999999982E9	-1.45311957094625543E2
3.10000000000000098E0	2.81000000000000005E9	-1.45478659777577413E2
3.10000000000000098E0	2.81999999999999984E9	-1.45642059726633843E2
3.10000000000000098E0	2.83000000000000007E9	-1.45802392730023578E2
3.10000000000000098E0	2.83999999999999986E9	-1.45959859975031181E2
3.10000000000000098E0	2.85000000000000009E9	-1.46114633728461851E2
3.10000000000000098E0	2.86000000000000032E9	-1.46266862073708981E2
3.10000000000000098E0	2.87000000000000011E9	-1.46416672826285010E2
3.10000000000000098E0	2.87999999999999989E9	-1.46564176852079098E2
3.10000000000000098E0	2.88999999999999968E9	-1.46709470778233531E2
3.10000000000000098E0	2.89999999999999991E9	-1.46852639266224605E2
3.10000000000000098E0	2.91000000000000014E9	-1.46993756933875042E2
3.10000000000000098E0	2.91999999999999993E9	-1.47132889913050402E2
3.10000000000000098E0	2.93000000000000016E9	-1.47270097202378136E2
3.10000000000000098E0	2.93999999999999995E9	-1.47405431754773941E2
3.10000000000000098E0	2.95000000000000018E9	-1.47538941385880329E2
3.10000000000000098E0	2.95999999999999996E9	-1.47670669579286962E2
3.10000000000000098E0	2.96999999999999975E9	-1.47800656097483829E2
3.10000000000000098E0	2.97999999999999998E9	-1.47928937541047634E2
3.10000000000000098E0	2.98999999999999977E9	-1.48055547775370222E2
3.10000000000000098E0	3.00000000000000000E9	-1.48180518331067557E2

var_c	indep(index, 1)	plot_vs(pnmx, noisefreq)[10, ::]
3.20000000000000107E0	2.00000000000000000E9	-1.47761672385935960E2
3.20000000000000107E0	2.01000000000000023E9	-1.47646510259065122E2
3.20000000000000107E0	2.02000000000000002E9	-1.47529371563268130E2
3.20000000000000107E0	2.03000000000000025E9	-1.47410229126929448E2
3.20000000000000107E0	2.04000000000000004E9	-1.47289053396233705E2
3.20000000000000107E0	2.04999999999999982E9	-1.47165812073211244E2
3.20000000000000107E0	2.06000000000000005E9	-1.47040469714557198E2
3.20000000000000107E0	2.06999999999999984E9	-1.46912987107607296E2
3.20000000000000107E0	2.08000000000000007E9	-1.46783320647149051E2
3.20000000000000107E0	2.08999999999999986E9	-1.46651421544571181E2
3.20000000000000107E0	2.10000000000000009E9	-1.46517234896062232E2
3.20000000000000107E0	2.11000000000000032E9	-1.46380698512937957E2
3.20000000000000107E0	2.12000000000000011E9	-1.46241741621858101E2
3.20000000000000107E0	2.12999999999999989E9	-1.46100283221339655E2
3.20000000000000107E0	2.13999999999999968E9	-1.45956230123193453E2
3.20000000000000107E0	2.14999999999999991E9	-1.45809474668446093E2
3.20000000000000107E0	2.16000000000000014E9	-1.45659891895022264E2
3.20000000000000107E0	2.16999999999999993E9	-1.45507336172717516E2
3.20000000000000107E0	2.18000000000000016E9	-1.45351637207516027E2
3.20000000000000107E0	2.18999999999999995E9	-1.45192595151779535E2
3.20000000000000107E0	2.20000000000000018E9	-1.45029974764374137E2
3.20000000000000107E0	2.20999999999999996E9	-1.44863498384495215E2
3.20000000000000107E0	2.21999999999999975E9	-1.44692837416997744E2
3.20000000000000107E0	2.22999999999999998E9	-1.44517602112664711E2
3.20000000000000107E0	2.23999999999999977E9	-1.44337329120601465E2
3.20000000000000107E0	2.25000000000000000E9	-1.44151466605851342E2
3.20000000000000107E0	2.26000000000000023E9	-1.43959356036386299E2
3.20000000000000107E0	2.27000000000000002E9	-1.43760210254568022E2
3.20000000000000107E0	2.28000000000000025E9	-1.43553086876350222E2
3.20000000000000107E0	2.29000000000000004E9	-1.43336856037741578E2
3.20000000000000107E0	2.29999999999999982E9	-1.43110161165943706E2
3.20000000000000107E0	2.31000000000000005E9	-1.42871371538733793E2
3.20000000000000107E0	2.31999999999999984E9	-1.42618524670355140E2
3.20000000000000107E0	2.33000000000000007E9	-1.42349256498878529E2
3.20000000000000107E0	2.33999999999999986E9	-1.42060716751257643E2
3.20000000000000107E0	2.35000000000000009E9	-1.41749466856712969E2
3.20000000000000107E0	2.36000000000000032E9	-1.41411356273777900E2
3.20000000000000107E0	2.37000000000000011E9	-1.41041373023564942E2
3.20000000000000107E0	2.37999999999999989E9	-1.40633461871429288E2
3.20000000000000107E0	2.38999999999999968E9	-1.40180299578554424E2
3.20000000000000107E0	2.39999999999999991E9	-1.39673005796669858E2
3.20000000000000107E0	2.41000000000000014E9	-1.39100741473300449E2
3.20000000000000107E0	2.41999999999999993E9	-1.38450069257734087E2
3.20000000000000107E0	2.43000000000000016E9	-1.37703738478447568E2
3.20000000000000107E0	2.43999999999999995E9	-1.36837935264061050E2
3.20000000000000107E0	2.45000000000000018E9	-1.35815183924520788E2
3.20000000000000107E0	2.45999999999999996E9	-1.34564482712986799E2
3.20000000000000107E0	2.46999999999999975E9	-1.32923912397251298E2
3.20000000000000107E0	2.47999999999999998E9	-1.30484697329829769E2
3.20000000000000107E0	2.48999999999999977E9	-1.26414136593420712E2
3.20000000000000107E0	2.50000000000000000E9	-1.23238445056969637E2
3.20000000000000107E0	2.51000000000000023E9	-1.28451885050020387E2
3.20000000000000107E0	2.52000000000000002E9	-1.31790001536167556E2
3.20000000000000107E0	2.53000000000000025E9	-1.33844076393347788E2
3.20000000000000107E0	2.54000000000000004E9	-1.35307115736288552E2
3.20000000000000107E0	2.54999999999999982E9	-1.36461913503935195E2
3.20000000000000107E0	2.56000000000000005E9	-1.37422870186705692E2
3.20000000000000107E0	2.56999999999999984E9	-1.38243577797002026E2
3.20000000000000107E0	2.58000000000000007E9	-1.38954593699701023E2
3.20000000000000107E0	2.58999999999999986E9	-1.39576572905621910E2
3.20000000000000107E0	2.60000000000000009E9	-1.40125066645762697E2
3.20000000000000107E0	2.61000000000000032E9	-1.40612452737038440E2
3.20000000000000107E0	2.62000000000000011E9	-1.41048835443148279E2
3.20000000000000107E0	2.62999999999999989E9	-1.41442550584045312E2
3.20000000000000107E0	2.63999999999999968E9	-1.41800501861393657E2
3.20000000000000107E0	2.64999999999999991E9	-1.42128413669255349E2
3.20000000000000107E0	2.66000000000000014E9	-1.42431033146335961E2
3.20000000000000107E0	2.66999999999999993E9	-1.42712296709781628E2
3.20000000000000107E0	2.68000000000000016E9	-1.42975468465324740E2
3.20000000000000107E0	2.68999999999999995E9	-1.43223255604034394E2
3.20000000000000107E0	2.70000000000000018E9	-1.43457904328861141E2
3.20000000000000107E0	2.70999999999999996E9	-1.43681279663888084E2
3.20000000000000107E0	2.71999999999999975E9	-1.43894931414573124E2
3.20000000000000107E0	2.72999999999999998E9	-1.44100148797903249E2
3.20000000000000107E0	2.73999999999999977E9	-1.44298005549833830E2
3.20000000000000107E0	2.75000000000000000E9	-1.44489397205499359E2
3.20000000000000107E0	2.76000000000000023E9	-1.44675071702446933E2
3.20000000000000107E0	2.77000000000000002E9	-1.44855654846031379E2
3.20000000000000107E0	2.78000000000000025E9	-1.45031671149175789E2
3.20000000000000107E0	2.79000000000000004E9	-1.45203561125480674E2
3.20000000000000107E0	2.79999999999999982E9	-1.45371695538433521E2
3.20000000000000107E0	2.81000000000000005E9	-1.45536387241881160E2
3.20000000000000107E0	2.81999999999999984E9	-1.45697900874825903E2
3.20000000000000107E0	2.83000000000000007E9	-1.45856461005266125E2
3.20000000000000107E0	2.83999999999999986E9	-1.46012258768967573E2
3.20000000000000107E0	2.85000000000000009E9	-1.46165457470773497E2
3.20000000000000107E0	2.86000000000000032E9	-1.46316197186163377E2
3.20000000000000107E0	2.87000000000000011E9	-1.46464598539699020E2
3.20000000000000107E0	2.87999999999999989E9	-1.46610765991307201E2
3.20000000000000107E0	2.88999999999999968E9	-1.46754790345535291E2
3.20000000000000107E0	2.89999999999999991E9	-1.46896751107078627E2
3.20000000000000107E0	2.91000000000000014E9	-1.47036718155084190E2
3.20000000000000107E0	2.91999999999999993E9	-1.47174753434149030E2
3.20000000000000107E0	2.93000000000000016E9	-1.47310912046851672E2
3.20000000000000107E0	2.93999999999999995E9	-1.47445243478032029E2
3.20000000000000107E0	2.95000000000000018E9	-1.47577792379564232E2
3.20000000000000107E0	2.95999999999999996E9	-1.47708599336020674E2
3.20000000000000107E0	2.96999999999999975E9	-1.47837701465857152E2
3.20000000000000107E0	2.97999999999999998E9	-1.47965132960778423E2
3.20000000000000107E0	2.98999999999999977E9	-1.48090925453319744E2
3.20000000000000107E0	3.00000000000000000E9	-1.48215108475204116E2

var_c	indep(index, 1)	plot_vs(pnmx, noisefreq)[11, ::]
3.30000000000000115E0	2.00000000000000000E9	-1.47758885713846877E2
3.30000000000000115E0	2.01000000000000023E9	-1.47644009947159605E2
3.30000000000000115E0	2.02000000000000002E9	-1.47527177640558760E2
3.30000000000000115E0	2.03000000000000025E9	-1.47408362900370382E2
3.30000000000000115E0	2.04000000000000004E9	-1.47287537534777480E2
3.30000000000000115E0	2.04999999999999982E9	-1.47164670743118187E2
3.30000000000000115E0	2.06000000000000005E9	-1.47039728576622974E2
3.30000000000000115E0	2.06999999999999984E9	-1.46912673446126463E2
3.30000000000000115E0	2.08000000000000007E9	-1.46783463430808436E2
3.30000000000000115E0	2.08999999999999986E9	-1.46652051514836712E2
3.30000000000000115E0	2.10000000000000009E9	-1.46518384606714092E2
3.30000000000000115E0	2.11000000000000032E9	-1.46382402420514901E2
3.30000000000000115E0	2.12000000000000011E9	-1.46244036117712195E2
3.30000000000000115E0	2.12999999999999989E9	-1.46103206640801120E2
3.30000000000000115E0	2.13999999999999968E9	-1.45959822796589322E2
3.30000000000000115E0	2.14999999999999991E9	-1.45813778817604711E2
3.30000000000000115E0	2.16000000000000014E9	-1.45664951572916435E2
3.30000000000000115E0	2.16999999999999993E9	-1.45513197132448657E2
3.30000000000000115E0	2.18000000000000016E9	-1.45358346662422266E2
3.30000000000000115E0	2.18999999999999995E9	-1.45200201397186435E2
3.30000000000000115E0	2.20000000000000018E9	-1.45038526745210028E2
3.30000000000000115E0	2.20999999999999996E9	-1.44873044950844454E2
3.30000000000000115E0	2.21999999999999975E9	-1.44703426458477113E2
3.30000000000000115E0	2.22999999999999998E9	-1.44529279252420739E2
3.30000000000000115E0	2.23999999999999977E9	-1.44350136108566263E2
3.30000000000000115E0	2.25000000000000000E9	-1.44165439033914233E2
3.30000000000000115E0	2.26000000000000023E9	-1.43974520425849839E2
3.30000000000000115E0	2.27000000000000002E9	-1.43776580193601444E2
3.30000000000000115E0	2.28000000000000025E9	-1.43570657815743430E2
3.30000000000000115E0	2.29000000000000004E9	-1.43355598594401146E2
3.30000000000000115E0	2.29999999999999982E9	-1.43130012125963613E2
3.30000000000000115E0	2.31000000000000005E9	-1.42892222130733582E2
3.30000000000000115E0	2.31999999999999984E9	-1.42640204942073190E2
3.30000000000000115E0	2.33000000000000007E9	-1.42371514712657610E2
3.30000000000000115E0	2.33999999999999986E9	-1.42083192167962880E2
3.30000000000000115E0	2.35000000000000009E9	-1.41771653499968453E2
3.30000000000000115E0	2.36000000000000032E9	-1.41432554928909915E2
3.30000000000000115E0	2.37000000000000011E9	-1.41060627393348126E2
3.30000000000000115E0	2.37999999999999989E9	-1.40649473615576026E2
3.30000000000000115E0	2.38999999999999968E9	-1.40191314496304131E2
3.30000000000000115E0	2.39999999999999991E9	-1.39676661337634256E2
3.30000000000000115E0	2.41000000000000014E9	-1.39093858657682756E2
3.30000000000000115E0	2.41999999999999993E9	-1.38428362526259430E2
3.30000000000000115E0	2.43000000000000016E9	-1.37661385105362544E2
3.30000000000000115E0	2.43999999999999995E9	-1.36766856121982405E2
3.30000000000000115E0	2.45000000000000018E9	-1.35703590696733212E2
3.30000000000000115E0	2.45999999999999996E9	-1.34393242204496821E2
3.30000000000000115E0	2.46999999999999975E9	-1.32656263934611052E2
3.30000000000000115E0	2.47999999999999998E9	-1.30041514161134186E2
3.30000000000000115E0	2.48999999999999977E9	-1.25748184547178687E2
3.30000000000000115E0	2.50000000000000000E9	-1.24051082732577456E2
3.30000000000000115E0	2.51000000000000023E9	-1.28968412084712325E2
3.30000000000000115E0	2.52000000000000002E9	-1.32093876518583597E2
3.30000000000000115E0	2.53000000000000025E9	-1.34068432847438102E2
3.30000000000000115E0	2.54000000000000004E9	-1.35504376475943245E2
3.30000000000000115E0	2.54999999999999982E9	-1.36648008148604028E2
3.30000000000000115E0	2.56000000000000005E9	-1.37601461980472051E2
3.30000000000000115E0	2.56999999999999984E9	-1.38414788100354036E2
3.30000000000000115E0	2.58000000000000007E9	-1.39117850899585660E2
3.30000000000000115E0	2.58999999999999986E9	-1.39731439358534759E2
3.30000000000000115E0	2.60000000000000009E9	-1.40271404124251653E2
3.30000000000000115E0	2.61000000000000032E9	-1.40750389022259137E2
3.30000000000000115E0	2.62000000000000011E9	-1.41178687928978897E2
3.30000000000000115E0	2.62999999999999989E9	-1.41564754124377767E2
3.30000000000000115E0	2.63999999999999968E9	-1.41915553020568264E2
3.30000000000000115E0	2.64999999999999991E9	-1.42236831124174889E2
3.30000000000000115E0	2.66000000000000014E9	-1.42533331570005362E2
3.30000000000000115E0	2.66999999999999993E9	-1.42808970330699991E2
3.30000000000000115E0	2.68000000000000016E9	-1.43066981713881214E2
3.30000000000000115E0	2.68999999999999995E9	-1.43310038431105835E2
3.30000000000000115E0	2.70000000000000018E9	-1.43540350676494399E2
3.30000000000000115E0	2.70999999999999996E9	-1.43759747864769638E2
3.30000000000000115E0	2.71999999999999975E9	-1.43969745860268183E2
3.30000000000000115E0	2.72999999999999998E9	-1.44171602200451821E2
3.30000000000000115E0	2.73999999999999977E9	-1.44366361578415048E2
3.30000000000000115E0	2.75000000000000000E9	-1.44554893052009659E2
3.30000000000000115E0	2.76000000000000023E9	-1.44737920840519330E2
3.30000000000000115E0	2.77000000000000002E9	-1.44916049369451128E2
3.30000000000000115E0	2.78000000000000025E9	-1.45089784132311017E2
3.30000000000000115E0	2.79000000000000004E9	-1.45259548677162753E2
3.30000000000000115E0	2.79999999999999982E9	-1.45425698697039429E2
3.30000000000000115E0	2.81000000000000005E9	-1.45588533619385130E2
3.30000000000000115E0	2.81999999999999984E9	-1.45748306183252985E2
3.30000000000000115E0	2.83000000000000007E9	-1.45905230366743943E2
3.30000000000000115E0	2.83999999999999986E9	-1.46059487854389358E2
3.30000000000000115E0	2.85000000000000009E9	-1.46211233586278166E2
3.30000000000000115E0	2.86000000000000032E9	-1.46360600117635076E2
3.30000000000000115E0	2.87000000000000011E9	-1.46507701402983814E2
3.30000000000000115E0	2.87999999999999989E9	-1.46652635881933158E2
3.30000000000000115E0	2.88999999999999968E9	-1.46795489018315495E2
3.30000000000000115E0	2.89999999999999991E9	-1.46936335437924548E2
3.30000000000000115E0	2.91000000000000014E9	-1.47075240735179680E2
3.30000000000000115E0	2.91999999999999993E9	-1.47212262844012720E2
3.30000000000000115E0	2.93000000000000016E9	-1.47347453365747083E2
3.30000000000000115E0	2.93999999999999995E9	-1.47480858566106621E2
3.30000000000000115E0	2.95000000000000018E9	-1.47612520151190951E2
3.30000000000000115E0	2.95999999999999996E9	-1.47742476051840965E2
3.30000000000000115E0	2.96999999999999975E9	-1.47870760962180547E2
3.30000000000000115E0	2.97999999999999998E9	-1.47997406799171705E2
3.30000000000000115E0	2.98999999999999977E9	-1.48122443235118939E2
3.30000000000000115E0	3.00000000000000000E9	-1.48245897848436470E2

var_c	indep(index, 1)	plot_vs(pnmx, noisefreq)[12, ::]
3.40000000000000124E0	2.00000000000000000E9	-1.47754935633136819E2
3.40000000000000124E0	2.01000000000000023E9	-1.47640327633526081E2
3.40000000000000124E0	2.02000000000000002E9	-1.47523782026048078E2
3.40000000000000124E0	2.03000000000000025E9	-1.47405274153074295E2
3.40000000000000124E0	2.04000000000000004E9	-1.47284777125861122E2
3.40000000000000124E0	2.04999999999999982E9	-1.47162261514953618E2
3.40000000000000124E0	2.06000000000000005E9	-1.47037694856479617E2
3.40000000000000124E0	2.06999999999999984E9	-1.46911041099835593E2
3.40000000000000124E0	2.08000000000000007E9	-1.46782259933877612E2
3.40000000000000124E0	2.08999999999999986E9	-1.46651306061469588E2
3.40000000000000124E0	2.10000000000000009E9	-1.46518128118512725E2
3.40000000000000124E0	2.11000000000000032E9	-1.46382667662981447E2
3.40000000000000124E0	2.12000000000000011E9	-1.46244857722558486E2
3.40000000000000124E0	2.12999999999999989E9	-1.46104621152335712E2
3.40000000000000124E0	2.13999999999999968E9	-1.45961868642009063E2
3.40000000000000124E0	2.14999999999999991E9	-1.45816496340972712E2
3.40000000000000124E0	2.16000000000000014E9	-1.45668382915026018E2
3.40000000000000124E0	2.16999999999999993E9	-1.45517386122894932E2
3.40000000000000124E0	2.18000000000000016E9	-1.45363338604405889E2
3.40000000000000124E0	2.18999999999999995E9	-1.45206042760324516E2
3.40000000000000124E0	2.20000000000000018E9	-1.45045264726616208E2
3.40000000000000124E0	2.20999999999999996E9	-1.44880726835538987E2
3.40000000000000124E0	2.21999999999999975E9	-1.44712098786766363E2
3.40000000000000124E0	2.22999999999999998E9	-1.44538986635162736E2
3.40000000000000124E0	2.23999999999999977E9	-1.44360919686936229E2
3.40000000000000124E0	2.25000000000000000E9	-1.44177334377252420E2
3.40000000000000124E0	2.26000000000000023E9	-1.43987554766896109E2
3.40000000000000124E0	2.27000000000000002E9	-1.43790768728129903E2
3.40000000000000124E0	2.28000000000000025E9	-1.43585998866828568E2
3.40000000000000124E0	2.29000000000000004E9	-1.43372067065177222E2
3.40000000000000124E0	2.29999999999999982E9	-1.43147551017812691E2
3.40000000000000124E0	2.31000000000000005E9	-1.42910731063977670E2
3.40000000000000124E0	2.31999999999999984E9	-1.42659525112292185E2
3.40000000000000124E0	2.33000000000000007E9	-1.42391408821714038E2
3.40000000000000124E0	2.33999999999999986E9	-1.42103317670247375E2
3.40000000000000124E0	2.35000000000000009E9	-1.41791526892070285E2
3.40000000000000124E0	2.36000000000000032E9	-1.41451504216529367E2
3.40000000000000124E0	2.37000000000000011E9	-1.41077728323256313E2
3.40000000000000124E0	2.37999999999999989E9	-1.40663464009343864E2
3.40000000000000124E0	2.38999999999999968E9	-1.40200479339414663E2
3.40000000000000124E0	2.39999999999999991E9	-1.39678676643871702E2
3.40000000000000124E0	2.41000000000000014E9	-1.39085577817073491E2
3.40000000000000124E0	2.41999999999999993E9	-1.38405515232611354E2
3.40000000000000124E0	2.43000000000000016E9	-1.37618129356945462E2
3.40000000000000124E0	2.43999999999999995E9	-1.36695030029101994E2
3.40000000000000124E0	2.45000000000000018E9	-1.35591202479990036E2
3.40000000000000124E0	2.45999999999999996E9	-1.34220689486970501E2
3.40000000000000124E0	2.46999999999999975E9	-1.32385661324609427E2
3.40000000000000124E0	2.47999999999999998E9	-1.29593126709599793E2
3.40000000000000124E0	2.48999999999999977E9	-1.25132584764837729E2
3.40000000000000124E0	2.50000000000000000E9	-1.24694756312259858E2
3.40000000000000124E0	2.51000000000000023E9	-1.29421925920450986E2
3.40000000000000124E0	2.52000000000000002E9	-1.32369882893490542E2
3.40000000000000124E0	2.53000000000000025E9	-1.34279685533994408E2
3.40000000000000124E0	2.54000000000000004E9	-1.35692824983147520E2
3.40000000000000124E0	2.54999999999999982E9	-1.36825929676778668E2
3.40000000000000124E0	2.56000000000000005E9	-1.37771489151984849E2
3.40000000000000124E0	2.56999999999999984E9	-1.38576913684184211E2
3.40000000000000124E0	2.58000000000000007E9	-1.39271643762880659E2
3.40000000000000124E0	2.58999999999999986E9	-1.39876650734313057E2
3.40000000000000124E0	2.60000000000000009E9	-1.40408061934201722E2
3.40000000000000124E0	2.61000000000000032E9	-1.40878748193030634E2
3.40000000000000124E0	2.62000000000000011E9	-1.41299155542548616E2
3.40000000000000124E0	2.62999999999999989E9	-1.41677824036992739E2
3.40000000000000124E0	2.63999999999999968E9	-1.42021757234438550E2
3.40000000000000124E0	2.64999999999999991E9	-1.42336706653855405E2
3.40000000000000124E0	2.66000000000000014E9	-1.42627399150707634E2
3.40000000000000124E0	2.66999999999999993E9	-1.42897721891746876E2
3.40000000000000124E0	2.68000000000000016E9	-1.43150873836655590E2
3.40000000000000124E0	2.68999999999999995E9	-1.43389489647914226E2
3.40000000000000124E0	2.70000000000000018E9	-1.43615741467559332E2
3.40000000000000124E0	2.70999999999999996E9	-1.43831422088530636E2
3.40000000000000124E0	2.71999999999999975E9	-1.44038013103675944E2
3.40000000000000124E0	2.72999999999999998E9	-1.44236740541036856E2
3.40000000000000124E0	2.73999999999999977E9	-1.44428620427809351E2
3.40000000000000124E0	2.75000000000000000E9	-1.44614496118002789E2
3.40000000000000124E0	2.76000000000000023E9	-1.44795068735082810E2
3.40000000000000124E0	2.77000000000000002E9	-1.44970922208769903E2
3.40000000000000124E0	2.78000000000000025E9	-1.45142543786067613E2
3.40000000000000124E0	2.79000000000000004E9	-1.45310340856914078E2
3.40000000000000124E0	2.79999999999999982E9	-1.45474654764824907E2
3.40000000000000124E0	2.81000000000000005E9	-1.45635772279212850E2
3.40000000000000124E0	2.81999999999999984E9	-1.45793934880397602E2
3.40000000000000124E0	2.83000000000000007E9	-1.45949346581726713E2
3.40000000000000124E0	2.83999999999999986E9	-1.46102180241278945E2
3.40000000000000124E0	2.85000000000000009E9	-1.46252582916322971E2
3.40000000000000124E0	2.86000000000000032E9	-1.46400680154068286E2
3.40000000000000124E0	2.87000000000000011E9	-1.46546579679234190E2
3.40000000000000124E0	2.87999999999999989E9	-1.46690374341193697E2
3.40000000000000124E0	2.88999999999999968E9	-1.46832144603287085E2
3.40000000000000124E0	2.89999999999999991E9	-1.46971960609161667E2
3.40000000000000124E0	2.91000000000000014E9	-1.47109883895016402E2
3.40000000000000124E0	2.91999999999999993E9	-1.47245968792902859E2
3.40000000000000124E0	2.93000000000000016E9	-1.47380263606344264E2
3.40000000000000124E0	2.93999999999999995E9	-1.47512811599647820E2
3.40000000000000124E0	2.95000000000000018E9	-1.47643651793377817E2
3.40000000000000124E0	2.95999999999999996E9	-1.47772819639978126E2
3.40000000000000124E0	2.96999999999999975E9	-1.47900347594143433E2
3.40000000000000124E0	2.97999999999999998E9	-1.48026265564674731E2
3.40000000000000124E0	2.98999999999999977E9	-1.48150601263425274E2
3.40000000000000124E0	3.00000000000000000E9	-1.48273380614671990E2

var_c	indep(index, 1)	plot_vs(pnmx, noisefreq)[13, ::]
3.50000000000000133E0	2.00000000000000000E9	-1.47750040149534145E2
3.50000000000000133E0	2.01000000000000023E9	-1.47635682857163486E2
3.50000000000000133E0	2.02000000000000002E9	-1.47519405842094820E2
3.50000000000000133E0	2.03000000000000025E9	-1.47401185626367903E2
3.50000000000000133E0	2.04000000000000004E9	-1.47280996601169045E2
3.50000000000000133E0	2.04999999999999982E9	-1.47158810637576609E2
3.50000000000000133E0	2.06000000000000005E9	-1.47034596693359032E2
3.50000000000000133E0	2.06999999999999984E9	-1.46908320162534700E2
3.50000000000000133E0	2.08000000000000007E9	-1.46779942332822033E2
3.50000000000000133E0	2.08999999999999986E9	-1.46649419465998054E2
3.50000000000000133E0	2.10000000000000009E9	-1.46516701946944372E2
3.50000000000000133E0	2.11000000000000032E9	-1.46381733073790565E2
3.50000000000000133E0	2.12000000000000011E9	-1.46244447688114176E2
3.50000000000000133E0	2.12999999999999989E9	-1.46104770467191791E2
3.50000000000000133E0	2.13999999999999968E9	-1.45962613972196542E2
3.50000000000000133E0	2.14999999999999991E9	-1.45817876182673656E2
3.50000000000000133E0	2.16000000000000014E9	-1.45670437565818811E2
3.50000000000000133E0	2.16999999999999993E9	-1.45520157546436435E2
3.50000000000000133E0	2.18000000000000016E9	-1.45366870228674072E2
3.50000000000000133E0	2.18999999999999995E9	-1.45210379260681144E2
3.50000000000000133E0	2.20000000000000018E9	-1.45050451539514813E2
3.50000000000000133E0	2.20999999999999996E9	-1.44886809685471185E2
3.50000000000000133E0	2.21999999999999975E9	-1.44719122770020814E2
3.50000000000000133E0	2.22999999999999998E9	-1.44546995252582056E2
3.50000000000000133E0	2.23999999999999977E9	-1.44369953321437050E2
3.50000000000000133E0	2.25000000000000000E9	-1.44187428355570835E2
3.50000000000000133E0	2.26000000000000023E9	-1.43998736741126665E2
3.50000000000000133E0	2.27000000000000002E9	-1.43803055182007666E2
3.50000000000000133E0	2.28000000000000025E9	-1.43599390469355281E2
3.50000000000000133E0	2.29000000000000004E9	-1.43386542481783330E2
3.50000000000000133E0	2.29999999999999982E9	-1.43163058681062316E2
3.50000000000000133E0	2.31000000000000005E9	-1.42927178228103990E2
3.50000000000000133E0	2.31999999999999984E9	-1.42676763182883271E2
3.50000000000000133E0	2.33000000000000007E9	-1.42409213808668822E2
3.50000000000000133E0	2.33999999999999986E9	-1.42121364030180874E2
3.50000000000000133E0	2.35000000000000009E9	-1.41809352467227301E2
3.50000000000000133E0	2.36000000000000032E9	-1.41468463002619615E2
3.50000000000000133E0	2.37000000000000011E9	-1.41092926982687716E2
3.50000000000000133E0	2.37999999999999989E9	-1.40675676144886852E2
3.50000000000000133E0	2.38999999999999968E9	-1.40208029120446609E2
3.50000000000000133E0	2.39999999999999991E9	-1.39679280027121533E2
3.50000000000000133E0	2.41000000000000014E9	-1.39076123461000245E2
3.50000000000000133E0	2.41999999999999993E9	-1.38381753584575673E2
3.50000000000000133E0	2.43000000000000016E9	-1.37574208160823130E2
3.50000000000000133E0	2.43999999999999995E9	-1.36622717858605580E2
3.50000000000000133E0	2.45000000000000018E9	-1.35478325828813162E2
3.50000000000000133E0	2.45999999999999996E9	-1.34047216892580634E2
3.50000000000000133E0	2.46999999999999975E9	-1.32112708497881881E2
3.50000000000000133E0	2.47999999999999998E9	-1.29141541887870970E2
3.50000000000000133E0	2.48999999999999977E9	-1.24578042447669102E2
3.50000000000000133E0	2.50000000000000000E9	-1.25291914271054594E2
3.50000000000000133E0	2.51000000000000023E9	-1.29823620086137970E2
3.50000000000000133E0	2.52000000000000002E9	-1.32623228490709777E2
3.50000000000000133E0	2.53000000000000025E9	-1.34479660564985037E2
3.50000000000000133E0	2.54000000000000004E9	-1.35873110508188821E2
3.50000000000000133E0	2.54999999999999982E9	-1.36996028629154876E2
3.50000000000000133E0	2.56000000000000005E9	-1.37933312960256549E2
3.50000000000000133E0	2.56999999999999984E9	-1.38730416706958826E2
3.50000000000000133E0	2.58000000000000007E9	-1.39416545048646778E2
3.50000000000000133E0	2.58999999999999986E9	-1.40012873095308987E2
3.50000000000000133E0	2.60000000000000009E9	-1.40535776156482450E2
3.50000000000000133E0	2.61000000000000032E9	-1.40998314541754155E2
3.50000000000000133E0	2.62000000000000011E9	-1.41411052540694238E2
3.50000000000000133E0	2.62999999999999989E9	-1.41782590137987907E2
3.50000000000000133E0	2.63999999999999968E9	-1.42119949035292059E2
3.50000000000000133E0	2.64999999999999991E9	-1.42428871364368836E2
3.50000000000000133E0	2.66000000000000014E9	-1.42714057844337017E2
3.50000000000000133E0	2.66999999999999993E9	-1.42979360220908136E2
3.50000000000000133E0	2.68000000000000016E9	-1.43227937775265102E2
3.50000000000000133E0	2.68999999999999995E9	-1.43462384690816735E2
3.50000000000000133E0	2.70000000000000018E9	-1.43684833715103322E2
3.50000000000000133E0	2.70999999999999996E9	-1.43897040543422206E2
3.50000000000000133E0	2.71999999999999975E9	-1.44100452560193260E2
3.50000000000000133E0	2.72999999999999998E9	-1.44296264687908660E2
3.50000000000000133E0	2.73999999999999977E9	-1.44485464982591538E2
3.50000000000000133E0	2.75000000000000000E9	-1.44668871795601328E2
3.50000000000000133E0	2.76000000000000023E9	-1.44847164036976039E2
3.50000000000000133E0	2.77000000000000002E9	-1.45020905943587430E2
3.50000000000000133E0	2.78000000000000025E9	-1.45190567335620302E2
3.50000000000000133E0	2.79000000000000004E9	-1.45356540237048404E2
3.50000000000000133E0	2.79999999999999982E9	-1.45519152435557975E2
3.50000000000000133E0	2.81000000000000005E9	-1.45678678683326268E2
3.50000000000000133E0	2.81999999999999984E9	-1.45835349896532551E2
3.50000000000000133E0	2.83000000000000007E9	-1.45989360679900071E2
3.50000000000000133E0	2.83999999999999986E9	-1.46140875632162071E2
3.50000000000000133E0	2.85000000000000009E9	-1.46290034419788340E2
3.50000000000000133E0	2.86000000000000032E9	-1.46436956062969692E2
3.50000000000000133E0	2.87000000000000011E9	-1.46581742442415885E2
3.50000000000000133E0	2.87999999999999989E9	-1.46724481226773840E2
3.50000000000000133E0	2.88999999999999968E9	-1.46865248199186516E2
3.50000000000000133E0	2.89999999999999991E9	-1.47004109372022884E2
3.50000000000000133E0	2.91000000000000014E9	-1.47141122519819056E2
3.50000000000000133E0	2.91999999999999993E9	-1.47276338569525711E2
3.50000000000000133E0	2.93000000000000016E9	-1.47409802819666669E2
3.50000000000000133E0	2.93999999999999995E9	-1.47541555747595510E2
3.50000000000000133E0	2.95000000000000018E9	-1.47671633897427723E2
3.50000000000000133E0	2.95999999999999996E9	-1.47800070422436503E2
3.50000000000000133E0	2.96999999999999975E9	-1.47926895708235806E2
3.50000000000000133E0	2.97999999999999998E9	-1.48052137775384440E2
3.50000000000000133E0	2.98999999999999977E9	-1.48175822622781883E2
3.50000000000000133E0	3.00000000000000000E9	-1.48297974537875521E2

var_c	indep(index, 1)	plot_vs(pnmx, noisefreq)[14, ::]
3.60000000000000142E0	2.00000000000000000E9	-1.47744378619525585E2
3.60000000000000142E0	2.01000000000000023E9	-1.47630256294948903E2
3.60000000000000142E0	2.02000000000000002E9	-1.47514231207417090E2
3.60000000000000142E0	2.03000000000000025E9	-1.47396280957664305E2
3.60000000000000142E0	2.04000000000000004E9	-1.47276381173597981E2
3.60000000000000142E0	2.04999999999999982E9	-1.47154504986905943E2
3.60000000000000142E0	2.06000000000000005E9	-1.47030622652298648E2
3.60000000000000142E0	2.06999999999999984E9	-1.46904701034019780E2
3.60000000000000142E0	2.08000000000000007E9	-1.46776702858578378E2
3.60000000000000142E0	2.08999999999999986E9	-1.46646585980546518E2
3.60000000000000142E0	2.10000000000000009E9	-1.46514302384698092E2
3.60000000000000142E0	2.11000000000000032E9	-1.46379797084673324E2
3.60000000000000142E0	2.12000000000000011E9	-1.46243006625036176E2
3.60000000000000142E0	2.12999999999999989E9	-1.46103857504890700E2
3.60000000000000142E0	2.13999999999999968E9	-1.45962264074718795E2
3.60000000000000142E0	2.14999999999999991E9	-1.45818126092142775E2
3.60000000000000142E0	2.16000000000000014E9	-1.45671325791977724E2
3.60000000000000142E0	2.16999999999999993E9	-1.45521724228540617E2
3.60000000000000142E0	2.18000000000000016E9	-1.45369157024481943E2
3.60000000000000142E0	2.18999999999999995E9	-1.45213429045340758E2
3.60000000000000142E0	2.20000000000000018E9	-1.45054308055599135E2
3.60000000000000142E0	2.20999999999999996E9	-1.44891517001686010E2
3.60000000000000142E0	2.21999999999999975E9	-1.44724724573900998E2
3.60000000000000142E0	2.22999999999999998E9	-1.44553533827872882E2
3.60000000000000142E0	2.23999999999999977E9	-1.44377468189561342E2
3.60000000000000142E0	2.25000000000000000E9	-1.44195954406580484E2
3.60000000000000142E0	2.26000000000000023E9	-1.44008301807383021E2
3.60000000000000142E0	2.27000000000000002E9	-1.43813676705671689E2
3.60000000000000142E0	2.28000000000000025E9	-1.43611071083262898E2
3.60000000000000142E0	2.29000000000000004E9	-1.43399264092729450E2
3.60000000000000142E0	2.29999999999999982E9	-1.43176774568326359E2
3.60000000000000142E0	2.31000000000000005E9	-1.42941802478017910E2
3.60000000000000142E0	2.31999999999999984E9	-1.42692156522498492E2
3.60000000000000142E0	2.33000000000000007E9	-1.42425164593570730E2
3.60000000000000142E0	2.33999999999999986E9	-1.42137562632922032E2
3.60000000000000142E0	2.35000000000000009E9	-1.41825356803904201E2
3.60000000000000142E0	2.36000000000000032E9	-1.41483651939209798E2
3.60000000000000142E0	2.37000000000000011E9	-1.41106437107655691E2
3.60000000000000142E0	2.37999999999999989E9	-1.40686315966601971E2
3.60000000000000142E0	2.38999999999999968E9	-1.40214162023221478E2
3.60000000000000142E0	2.39999999999999991E9	-1.39678663030654260E2
3.60000000000000142E0	2.41000000000000014E9	-1.39065682943876867E2
3.60000000000000142E0	2.41999999999999993E9	-1.38357265838702626E2
3.60000000000000142E0	2.43000000000000016E9	-1.37529818573500506E2
3.60000000000000142E0	2.43999999999999995E9	-1.36550138356628326E2
3.60000000000000142E0	2.45000000000000018E9	-1.35365221314547712E2
3.60000000000000142E0	2.45999999999999996E9	-1.33873166524147047E2
3.60000000000000142E0	2.46999999999999975E9	-1.31837963062733232E2
3.60000000000000142E0	2.47999999999999998E9	-1.28688943373175047E2
3.60000000000000142E0	2.48999999999999977E9	-1.24068652531743018E2
3.60000000000000142E0	2.50000000000000000E9	-1.25850696422163888E2
3.60000000000000142E0	2.51000000000000023E9	-1.30182640013221373E2
3.60000000000000142E0	2.52000000000000002E9	-1.32857868278402358E2
3.60000000000000142E0	2.53000000000000025E9	-1.34669731396436987E2
3.60000000000000142E0	2.54000000000000004E9	-1.36045746650610022E2
3.60000000000000142E0	2.54999999999999982E9	-1.37158626714365028E2
3.60000000000000142E0	2.56000000000000005E9	-1.38087291112623856E2
3.60000000000000142E0	2.56999999999999984E9	-1.38875749785465707E2
3.60000000000000142E0	2.58000000000000007E9	-1.39553102238058324E2
3.60000000000000142E0	2.58999999999999986E9	-1.40140730126919322E2
3.60000000000000142E0	2.60000000000000009E9	-1.40655225574845932E2
3.60000000000000142E0	2.61000000000000032E9	-1.41109802763962522E2
3.60000000000000142E0	2.62000000000000011E9	-1.41515114046362633E2
3.60000000000000142E0	2.62999999999999989E9	-1.41879796033761463E2
3.60000000000000142E0	2.63999999999999968E9	-1.42210871606903932E2
3.60000000000000142E0	2.64999999999999991E9	-1.42514061710790019E2
3.60000000000000142E0	2.66000000000000014E9	-1.42794032882104549E2
3.60000000000000142E0	2.66999999999999993E9	-1.43054596225197672E2
3.60000000000000142E0	2.68000000000000016E9	-1.43298868312068306E2
3.60000000000000142E0	2.68999999999999995E9	-1.43529401120740063E2
3.60000000000000142E0	2.70000000000000018E9	-1.43748287279428211E2
3.60000000000000142E0	2.70999999999999996E9	-1.43957245315848437E2
3.60000000000000142E0	2.71999999999999975E9	-1.44157688773872894E2
3.60000000000000142E0	2.72999999999999998E9	-1.44350782095271857E2
3.60000000000000142E0	2.73999999999999977E9	-1.44537486142002791E2
3.60000000000000142E0	2.75000000000000000E9	-1.44718595109159809E2
3.60000000000000142E0	2.76000000000000023E9	-1.44894766546047093E2
3.60000000000000142E0	2.77000000000000002E9	-1.45066545861328056E2
3.60000000000000142E0	2.78000000000000025E9	-1.45234386301403529E2
3.60000000000000142E0	2.79000000000000004E9	-1.45398665283573658E2
3.60000000000000142E0	2.79999999999999982E9	-1.45559697739299421E2
3.60000000000000142E0	2.81000000000000005E9	-1.45717747102991013E2
3.60000000000000142E0	2.81999999999999984E9	-1.45873034316407435E2
3.60000000000000142E0	2.83000000000000007E9	-1.46025745189007838E2
3.60000000000000142E0	2.83999999999999986E9	-1.46176036522280173E2
3.60000000000000142E0	2.85000000000000009E9	-1.46324041100079771E2
3.60000000000000142E0	2.86000000000000032E9	-1.46469871829641862E2
3.60000000000000142E0	2.87000000000000011E9	-1.46613625144102544E2
3.60000000000000142E0	2.87999999999999989E9	-1.46755383849179388E2
3.60000000000000142E0	2.88999999999999968E9	-1.46895219438500724E2
3.60000000000000142E0	2.89999999999999991E9	-1.47033194001550416E2
3.60000000000000142E0	2.91000000000000014E9	-1.47169361843587732E2
3.60000000000000142E0	2.91999999999999993E9	-1.47303770793877709E2
3.60000000000000142E0	2.93000000000000016E9	-1.47436463282698038E2
3.60000000000000142E0	2.93999999999999995E9	-1.47567477246403822E2
3.60000000000000142E0	2.95000000000000018E9	-1.47696846913308377E2
3.60000000000000142E0	2.95999999999999996E9	-1.47824603345604966E2
3.60000000000000142E0	2.96999999999999975E9	-1.47950774970826204E2
3.60000000000000142E0	2.97999999999999998E9	-1.48075388102043481E2
3.60000000000000142E0	2.98999999999999977E9	-1.48198467107328069E2
3.60000000000000142E0	3.00000000000000000E9	-1.48320034790078781E2

var_c	indep(index, 1)	plot_vs(pnmx, noisefreq)[15, ::]
3.70000000000000151E0	2.00000000000000000E9	-1.47738099218470387E2
3.70000000000000151E0	2.01000000000000023E9	-1.47624197362627574E2
3.70000000000000151E0	2.02000000000000002E9	-1.47508408786236944E2
3.70000000000000151E0	2.03000000000000025E9	-1.47390712205569829E2
3.70000000000000151E0	2.04000000000000004E9	-1.47271084321149415E2
3.70000000000000151E0	2.04999999999999982E9	-1.47149499501087688E2
3.70000000000000151E0	2.06000000000000005E9	-1.47025929306071279E2
3.70000000000000151E0	2.06999999999999984E9	-1.46900341898166009E2
3.70000000000000151E0	2.08000000000000007E9	-1.46772701454586407E2
3.70000000000000151E0	2.08999999999999986E9	-1.46642967313274886E2
3.70000000000000151E0	2.10000000000000009E9	-1.46511093043277518E2
3.70000000000000151E0	2.11000000000000032E9	-1.46377025232779467E2
3.70000000000000151E0	2.12000000000000011E9	-1.46240702154743185E2
3.70000000000000151E0	2.12999999999999989E9	-1.46102052016810946E2
3.70000000000000151E0	2.13999999999999968E9	-1.45960990901131660E2
3.70000000000000151E0	2.14999999999999991E9	-1.45817420309377077E2
3.70000000000000151E0	2.16000000000000014E9	-1.45671224188250781E2
3.70000000000000151E0	2.16999999999999993E9	-1.45522265222781511E2
3.70000000000000151E0	2.18000000000000016E9	-1.45370380493484785E2
3.70000000000000151E0	2.18999999999999995E9	-1.45215376133418728E2
3.70000000000000151E0	2.20000000000000018E9	-1.45057020805887271E2
3.70000000000000151E0	2.20999999999999996E9	-1.44895037887380429E2
3.70000000000000151E0	2.21999999999999975E9	-1.44729095824111598E2
3.70000000000000151E0	2.22999999999999998E9	-1.44558796464435146E2
3.70000000000000151E0	2.23999999999999977E9	-1.44383660747082732E2
3.70000000000000151E0	2.25000000000000000E9	-1.44203111243997428E2
3.70000000000000151E0	2.26000000000000023E9	-1.44016450731926349E2
3.70000000000000151E0	2.27000000000000002E9	-1.43822835835103402E2
3.70000000000000151E0	2.28000000000000025E9	-1.43621244644321466E2
3.70000000000000151E0	2.29000000000000004E9	-1.43410436798861607E2
3.70000000000000151E0	2.29999999999999982E9	-1.43188903978354487E2
3.70000000000000151E0	2.31000000000000005E9	-1.42954808867165695E2
3.70000000000000151E0	2.31999999999999984E9	-1.42705909119529273E2
3.70000000000000151E0	2.33000000000000007E9	-1.42439463150050960E2
3.70000000000000151E0	2.33999999999999986E9	-1.42152112389889185E2
3.70000000000000151E0	2.35000000000000009E9	-1.41839734634621562E2
3.70000000000000151E0	2.36000000000000032E9	-1.41497260375893985E2
3.70000000000000151E0	2.37000000000000011E9	-1.41118441665520500E2
3.70000000000000151E0	2.37999999999999989E9	-1.40695559462314224E2
3.70000000000000151E0	2.38999999999999968E9	-1.40219046572321071E2
3.70000000000000151E0	2.39999999999999991E9	-1.39676987317264856E2
3.70000000000000151E0	2.41000000000000014E9	-1.39054413521583253E2
3.70000000000000151E0	2.41999999999999993E9	-1.38332208981952265E2
3.70000000000000151E0	2.43000000000000016E9	-1.37485125026605348E2
3.70000000000000151E0	2.43999999999999995E9	-1.36477475000670978E2
3.70000000000000151E0	2.45000000000000018E9	-1.35252110364160449E2
3.70000000000000151E0	2.45999999999999996E9	-1.33698837025948936E2
3.70000000000000151E0	2.46999999999999975E9	-1.31561944153431654E2
3.70000000000000151E0	2.47999999999999998E9	-1.28237717591896994E2
3.70000000000000151E0	2.48999999999999977E9	-1.23477027033153020E2
3.70000000000000151E0	2.50000000000000000E9	-1.26368651362267070E2
3.70000000000000151E0	2.51000000000000023E9	-1.30506361592668840E2
3.70000000000000151E0	2.52000000000000002E9	-1.33076830222544684E2
3.70000000000000151E0	2.53000000000000025E9	-1.34850947500409712E2
3.70000000000000151E0	2.54000000000000004E9	-1.36211154921506594E2
3.70000000000000151E0	2.54999999999999982E9	-1.37314029019394579E2
3.70000000000000151E0	2.56000000000000005E9	-1.38233777133019897E2
3.70000000000000151E0	2.56999999999999984E9	-1.39013353471718548E2
3.70000000000000151E0	2.58000000000000007E9	-1.39681835990514669E2
3.70000000000000151E0	2.58999999999999986E9	-1.40260804440497999E2
3.70000000000000151E0	2.60000000000000009E9	-1.40767035350797021E2
3.70000000000000151E0	2.61000000000000032E9	-1.41213864052190163E2
3.70000000000000151E0	2.62000000000000011E9	-1.41612004188663620E2
3.70000000000000151E0	2.62999999999999989E9	-1.41970108906291759E2
3.70000000000000151E0	2.63999999999999968E9	-1.42295188095852954E2
3.70000000000000151E0	2.64999999999999991E9	-1.42592931686392710E2
3.70000000000000151E0	2.66000000000000014E9	-1.42867965662678631E2
3.70000000000000151E0	2.66999999999999993E9	-1.43124056618044282E2
3.70000000000000151E0	2.68000000000000016E9	-1.43364276148337177E2
3.70000000000000151E0	2.68999999999999995E9	-1.43591132966227519E2
3.70000000000000151E0	2.70000000000000018E9	-1.43806679356087241E2
3.70000000000000151E0	2.70999999999999996E9	-1.44012596942953519E2
3.70000000000000151E0	2.71999999999999975E9	-1.44210266002526843E2
3.70000000000000151E0	2.72999999999999998E9	-1.44400821284663960E2
3.70000000000000151E0	2.73999999999999977E9	-1.44585197293371581E2
3.70000000000000151E0	2.75000000000000000E9	-1.44764164987406585E2
3.70000000000000151E0	2.76000000000000023E9	-1.44938361450907638E2
3.70000000000000151E0	2.77000000000000002E9	-1.45108314113972536E2
3.70000000000000151E0	2.78000000000000025E9	-1.45274460423944829E2
3.70000000000000151E0	2.79000000000000004E9	-1.45437163994192575E2
3.70000000000000151E0	2.79999999999999982E9	-1.45596727571933915E2
3.70000000000000151E0	2.81000000000000005E9	-1.45753403937482973E2
3.70000000000000151E0	2.81999999999999984E9	-1.45907404640968297E2
3.70000000000000151E0	2.83000000000000007E9	-1.46058907203792399E2
3.70000000000000151E0	2.83999999999999986E9	-1.46208061134714074E2
3.70000000000000151E0	2.85000000000000009E9	-1.46354992754559232E2
3.70000000000000151E0	2.86000000000000032E9	-1.46499809264050240E2
3.70000000000000151E0	2.87000000000000011E9	-1.46642602005880507E2
3.70000000000000151E0	2.87999999999999989E9	-1.46783449288595991E2
3.70000000000000151E0	2.88999999999999968E9	-1.46922418537334809E2
3.70000000000000151E0	2.89999999999999991E9	-1.47059568259825579E2
3.70000000000000151E0	2.91000000000000014E9	-1.47194949497913785E2
3.70000000000000151E0	2.91999999999999993E9	-1.47328607194297057E2
3.70000000000000151E0	2.93000000000000016E9	-1.47460581138786240E2
3.70000000000000151E0	2.93999999999999995E9	-1.47590906914178710E2
3.70000000000000151E0	2.95000000000000018E9	-1.47719616591011471E2
3.70000000000000151E0	2.95999999999999996E9	-1.47846739258434878E2
3.70000000000000151E0	2.96999999999999975E9	-1.47972301615002388E2
3.70000000000000151E0	2.97999999999999998E9	-1.48096328298064295E2
3.70000000000000151E0	2.98999999999999977E9	-1.48218842222220637E2
3.70000000000000151E0	3.00000000000000000E9	-1.48339864822147627E2

var_c	indep(index, 1)	plot_vs(pnmx, noisefreq)[16, ::]
3.80000000000000160E0	2.00000000000000000E9	-1.47731324736373226E2
3.80000000000000160E0	2.01000000000000023E9	-1.47617629988691590E2
3.80000000000000160E0	2.02000000000000002E9	-1.47502063745407286E2
3.80000000000000160E0	2.03000000000000025E9	-1.47384605711410899E2
3.80000000000000160E0	2.04000000000000004E9	-1.47265233718658717E2
3.80000000000000160E0	2.04999999999999982E9	-1.47143923257182085E2
3.80000000000000160E0	2.06000000000000005E9	-1.47020647104623770E2
3.80000000000000160E0	2.06999999999999984E9	-1.46895374727314953E2
3.80000000000000160E0	2.08000000000000007E9	-1.46768071655955823E2
3.80000000000000160E0	2.08999999999999986E9	-1.46638698677646273E2
3.80000000000000160E0	2.10000000000000009E9	-1.46507210833445978E2
3.80000000000000160E0	2.11000000000000032E9	-1.46373556294602691E2
3.80000000000000160E0	2.12000000000000011E9	-1.46237674929694639E2
3.80000000000000160E0	2.12999999999999989E9	-1.46099496612474300E2
3.80000000000000160E0	2.13999999999999968E9	-1.45958939099947971E2
3.80000000000000160E0	2.14999999999999991E9	-1.45815905622623121E2
3.80000000000000160E0	2.16000000000000014E9	-1.45670281736698781E2
3.80000000000000160E0	2.16999999999999993E9	-1.45521931739726496E2
3.80000000000000160E0	2.18000000000000016E9	-1.45370694180295357E2
3.80000000000000160E0	2.18999999999999995E9	-1.45216376424436033E2
3.80000000000000160E0	2.20000000000000018E9	-1.45058748112296643E2
3.80000000000000160E0	2.20999999999999996E9	-1.44897533086856756E2
3.80000000000000160E0	2.21999999999999975E9	-1.44732399668705058E2
3.80000000000000160E0	2.22999999999999998E9	-1.44562948680645609E2
3.80000000000000160E0	2.23999999999999977E9	-1.44388698862405107E2
3.80000000000000160E0	2.25000000000000000E9	-1.44209068920368955E2
3.80000000000000160E0	2.26000000000000023E9	-1.44023355585012025E2
3.80000000000000160E0	2.27000000000000002E9	-1.43830706451428902E2
3.80000000000000160E0	2.28000000000000025E9	-1.43630086551796810E2
3.80000000000000160E0	2.29000000000000004E9	-1.43420237064394063E2
3.80000000000000160E0	2.29999999999999982E9	-1.43199623990035296E2
3.80000000000000160E0	2.31000000000000005E9	-1.42966374443585154E2
3.80000000000000160E0	2.31999999999999984E9	-1.42718197301256389E2
3.80000000000000160E0	2.33000000000000007E9	-1.42452284182933342E2
3.80000000000000160E0	2.33999999999999986E9	-1.42165185404388561E2
3.80000000000000160E0	2.35000000000000009E9	-1.41852654403077483E2
3.80000000000000160E0	2.36000000000000032E9	-1.41509452006515013E2
3.80000000000000160E0	2.37000000000000011E9	-1.41129098445826573E2
3.80000000000000160E0	2.37999999999999989E9	-1.40703557530269396E2
3.80000000000000160E0	2.38999999999999968E9	-1.40222826691229918E2
3.80000000000000160E0	2.39999999999999991E9	-1.39674390294280260E2
3.80000000000000160E0	2.41000000000000014E9	-1.39042447795200408E2
3.80000000000000160E0	2.41999999999999993E9	-1.38306714980646883E2
3.80000000000000160E0	2.43000000000000016E9	-1.37440265454549770E2
3.80000000000000160E0	2.43999999999999995E9	-1.36404882421467311E2
3.80000000000000160E0	2.45000000000000018E9	-1.35139183086024128E2
3.80000000000000160E0	2.45999999999999996E9	-1.33524490924462835E2
3.80000000000000160E0	2.46999999999999975E9	-1.31285139735430301E2
3.80000000000000160E0	2.47999999999999998E9	-1.27790469373811466E2
3.80000000000000160E0	2.48999999999999977E9	-1.21938269520964360E2
3.80000000000000160E0	2.50000000000000000E9	-1.26845082948294929E2
3.80000000000000160E0	2.51000000000000023E9	-1.30800709356704070E2
3.80000000000000160E0	2.52000000000000002E9	-1.33282451614881881E2
3.80000000000000160E0	2.53000000000000025E9	-1.35024123711336186E2
3.80000000000000160E0	2.54000000000000004E9	-1.36369694190905433E2
3.80000000000000160E0	2.54999999999999982E9	-1.37462529420906465E2
3.80000000000000160E0	2.56000000000000005E9	-1.38373120569750974E2
3.80000000000000160E0	2.56999999999999984E9	-1.39143653893818753E2
3.80000000000000160E0	2.58000000000000007E9	-1.39803239771951171E2
3.80000000000000160E0	2.58999999999999986E9	-1.40373639107311021E2
3.80000000000000160E0	2.60000000000000009E9	-1.40871780828103366E2
3.80000000000000160E0	2.61000000000000032E9	-1.41311091835733338E2
3.80000000000000160E0	2.62000000000000011E9	-1.41702323482231352E2
3.80000000000000160E0	2.62999999999999989E9	-1.42054128345631447E2
3.80000000000000160E0	2.63999999999999968E9	-1.42373491288701404E2
3.80000000000000160E0	2.64999999999999991E9	-1.42666063380663610E2
3.80000000000000160E0	2.66000000000000014E9	-1.42936425019167257E2
3.80000000000000160E0	2.66999999999999993E9	-1.43188295385521691E2
3.80000000000000160E0	2.68000000000000016E9	-1.43424699609096362E2
3.80000000000000160E0	2.68999999999999995E9	-1.43648102628514729E2
3.80000000000000160E0	2.70000000000000018E9	-1.43860516493487189E2
3.80000000000000160E0	2.70999999999999996E9	-1.44063586443030878E2
3.80000000000000160E0	2.71999999999999975E9	-1.44258660233631586E2
3.80000000000000160E0	2.72999999999999998E9	-1.44446843786845358E2
3.80000000000000160E0	2.73999999999999977E9	-1.44629046193182331E2
3.80000000000000160E0	2.75000000000000000E9	-1.44806016070440879E2
3.80000000000000160E0	2.76000000000000023E9	-1.44978370936483758E2
3.80000000000000160E0	2.77000000000000002E9	-1.45146621089143757E2
3.80000000000000160E0	2.78000000000000025E9	-1.45311189002095631E2
3.80000000000000160E0	2.79000000000000004E9	-1.45472425135766592E2
3.80000000000000160E0	2.79999999999999982E9	-1.45630620797232280E2
3.80000000000000160E0	2.81000000000000005E9	-1.45786018671513440E2
3.80000000000000160E0	2.81999999999999984E9	-1.45938821468007407E2
3.80000000000000160E0	2.83000000000000007E9	-1.46089198960315469E2
3.80000000000000160E0	2.83999999999999986E9	-1.46237293794493128E2
3.80000000000000160E0	2.85000000000000009E9	-1.46383226241399655E2
3.80000000000000160E0	2.86000000000000032E9	-1.46527098151703106E2
3.80000000000000160E0	2.87000000000000011E9	-1.46668996136873586E2
3.80000000000000160E0	2.87999999999999989E9	-1.46808994244958813E2
3.80000000000000160E0	2.88999999999999968E9	-1.46947156194918205E2
3.80000000000000160E0	2.89999999999999991E9	-1.47083537077627513E2
3.80000000000000160E0	2.91000000000000014E9	-1.47218184976318955E2
3.80000000000000160E0	2.91999999999999993E9	-1.47351142081214936E2
3.80000000000000160E0	2.93000000000000016E9	-1.47482445772448267E2
3.80000000000000160E0	2.93999999999999995E9	-1.47612129410349313E2
3.80000000000000160E0	2.95000000000000018E9	-1.47740223068341026E2
3.80000000000000160E0	2.95999999999999996E9	-1.47866754050277960E2
3.80000000000000160E0	2.96999999999999975E9	-1.47991747387840133E2
3.80000000000000160E0	2.97999999999999998E9	-1.48115226229107799E2
3.80000000000000160E0	2.98999999999999977E9	-1.48237212086141423E2
3.80000000000000160E0	3.00000000000000000E9	-1.48357725150390252E2

var_c	indep(index, 1)	plot_vs(pnmx, noisefreq)[17, ::]
3.90000000000000169E0	2.00000000000000000E9	-1.47724157295258518E2
3.90000000000000169E0	2.01000000000000023E9	-1.47610657311574633E2
3.90000000000000169E0	2.02000000000000002E9	-1.47495300264070406E2
3.90000000000000169E0	2.03000000000000025E9	-1.47378066838854815E2
3.90000000000000169E0	2.04000000000000004E9	-1.47258935891831899E2
3.90000000000000169E0	2.04999999999999982E9	-1.47137884006894604E2
3.90000000000000169E0	2.06000000000000005E9	-1.47014885154377395E2
3.90000000000000169E0	2.06999999999999984E9	-1.46889910010343727E2
3.90000000000000169E0	2.08000000000000007E9	-1.46762925435598102E2
3.90000000000000169E0	2.08999999999999986E9	-1.46633893532142934E2
3.90000000000000169E0	2.10000000000000009E9	-1.46502770835582785E2
3.90000000000000169E0	2.11000000000000032E9	-1.46369506978696973E2
3.90000000000000169E0	2.12000000000000011E9	-1.46234043410783032E2
3.90000000000000169E0	2.12999999999999989E9	-1.46096311569101500E2
3.90000000000000169E0	2.13999999999999968E9	-1.45956230869727266E2
3.90000000000000169E0	2.14999999999999991E9	-1.45813706155079270E2
3.90000000000000169E0	2.16000000000000014E9	-1.45668624595864848E2
3.90000000000000169E0	2.16999999999999993E9	-1.45520852070075546E2
3.90000000000000169E0	2.18000000000000016E9	-1.45370228538793445E2
3.90000000000000169E0	2.18999999999999995E9	-1.45216562629533530E2
3.90000000000000169E0	2.20000000000000018E9	-1.45059624928123765E2
3.90000000000000169E0	2.20999999999999996E9	-1.44899139852476866E2
3.90000000000000169E0	2.21999999999999975E9	-1.44734775648340674E2
3.90000000000000169E0	2.22999999999999998E9	-1.44566132318968132E2
3.90000000000000169E0	2.23999999999999977E9	-1.44392726578698727E2
3.90000000000000169E0	2.25000000000000000E9	-1.44213973631246839E2
3.90000000000000169E0	2.26000000000000023E9	-1.44029164566327816E2
3.90000000000000169E0	2.27000000000000002E9	-1.43837438537915174E2
3.90000000000000169E0	2.28000000000000025E9	-1.43637748320202796E2
3.90000000000000169E0	2.29000000000000004E9	-1.43428817651933227E2
3.90000000000000169E0	2.29999999999999982E9	-1.43209088109716198E2
3.90000000000000169E0	2.31000000000000005E9	-1.42976652915648939E2
3.90000000000000169E0	2.31999999999999984E9	-1.42729174259776492E2
3.90000000000000169E0	2.33000000000000007E9	-1.42463779637538535E2
3.90000000000000169E0	2.33999999999999986E9	-1.42176931412820351E2
3.90000000000000169E0	2.35000000000000009E9	-1.41864262642465100E2
3.90000000000000169E0	2.36000000000000032E9	-1.41520369015886982E2
3.90000000000000169E0	2.37000000000000011E9	-1.41138544345933559E2
3.90000000000000169E0	2.37999999999999989E9	-1.40710440829165195E2
3.90000000000000169E0	2.38999999999999968E9	-1.40225626287508076E2
3.90000000000000169E0	2.39999999999999991E9	-1.39670989273898050E2
3.90000000000000169E0	2.41000000000000014E9	-1.39029898146590769E2
3.90000000000000169E0	2.41999999999999993E9	-1.38280894395486809E2
3.90000000000000169E0	2.43000000000000016E9	-1.37395355338133607E2
3.90000000000000169E0	2.43999999999999995E9	-1.36332491376293996E2
3.90000000000000169E0	2.45000000000000018E9	-1.35026601825234449E2
3.90000000000000169E0	2.45999999999999996E9	-1.33350360228996578E2
3.90000000000000169E0	2.46999999999999975E9	-1.31008011672138847E2
3.90000000000000169E0	2.47999999999999998E9	-1.27350019453138819E2
3.90000000000000169E0	2.48999999999999977E9	-1.04258128775391756E2
3.90000000000000169E0	2.50000000000000000E9	-1.27281591369303193E2
3.90000000000000169E0	2.51000000000000023E9	-1.31070439230021618E2
3.90000000000000169E0	2.52000000000000002E9	-1.33476552058717290E2
3.90000000000000169E0	2.53000000000000025E9	-1.35189905425348611E2
3.90000000000000169E0	2.54000000000000004E9	-1.36521681045708720E2
3.90000000000000169E0	2.54999999999999982E9	-1.37604414502442673E2
3.90000000000000169E0	2.56000000000000005E9	-1.38505664002952789E2
3.90000000000000169E0	2.56999999999999984E9	-1.39267061340168596E2
3.90000000000000169E0	2.58000000000000007E9	-1.39917779584472490E2
3.90000000000000169E0	2.58999999999999986E9	-1.40479739060329445E2
3.90000000000000169E0	2.60000000000000009E9	-1.40969991054344113E2
3.90000000000000169E0	2.61000000000000032E9	-1.41402026958712779E2
3.90000000000000169E0	2.62000000000000011E9	-1.41786615413575023E2
3.90000000000000169E0	2.62999999999999989E9	-1.42132393775461829E2
3.90000000000000169E0	2.63999999999999968E9	-1.42446312019535903E2
3.90000000000000169E0	2.64999999999999991E9	-1.42733975926064183E2
3.90000000000000169E0	2.66000000000000014E9	-1.42999916523109172E2
3.90000000000000169E0	2.66999999999999993E9	-1.43247803482648517E2
3.90000000000000169E0	2.68000000000000016E9	-1.43480614575112320E2
3.90000000000000169E0	2.68999999999999995E9	-1.43700770885612084E2
3.90000000000000169E0	2.70000000000000018E9	-1.43910244612496863E2
3.90000000000000169E0	2.70999999999999996E9	-1.44110645337561083E2
3.90000000000000169E0	2.71999999999999975E9	-1.44303289138191215E2
3.90000000000000169E0	2.72999999999999998E9	-1.44489254050077909E2
3.90000000000000169E0	2.73999999999999977E9	-1.44669424711838746E2
3.90000000000000169E0	2.75000000000000000E9	-1.44844528327142874E2
3.90000000000000169E0	2.76000000000000023E9	-1.45015163720964635E2
3.90000000000000169E0	2.77000000000000002E9	-1.45181824896964939E2
3.90000000000000169E0	2.78000000000000025E9	-1.45344920102999908E2
3.90000000000000169E0	2.79000000000000004E9	-1.45504787379302858E2
3.90000000000000169E0	2.79999999999999982E9	-1.45661707170902166E2
3.90000000000000169E0	2.81000000000000005E9	-1.45815912685184701E2
3.90000000000000169E0	2.81999999999999984E9	-1.45967598311367608E2
3.90000000000000169E0	2.83000000000000007E9	-1.46116926496341759E2
3.90000000000000169E0	2.83999999999999986E9	-1.46264033488327927E2
3.90000000000000169E0	2.85000000000000009E9	-1.46409033884294404E2
3.90000000000000169E0	2.86000000000000032E9	-1.46552024520473489E2
3.90000000000000169E0	2.87000000000000011E9	-1.46693087562256275E2
3.90000000000000169E0	2.87999999999999989E9	-1.46832293151367366E2
3.90000000000000169E0	2.88999999999999968E9	-1.46969701454430557E2
3.90000000000000169E0	2.89999999999999991E9	-1.47105364463726040E2
3.90000000000000169E0	2.91000000000000014E9	-1.47239327411655729E2
3.90000000000000169E0	2.91999999999999993E9	-1.47371630001571496E2
3.90000000000000169E0	2.93000000000000016E9	-1.47502307329582960E2
3.90000000000000169E0	2.93999999999999995E9	-1.47631390728734724E2
3.90000000000000169E0	2.95000000000000018E9	-1.47758908388024723E2
3.90000000000000169E0	2.95999999999999996E9	-1.47884885941951549E2
3.90000000000000169E0	2.96999999999999975E9	-1.48009346903422356E2
3.90000000000000169E0	2.97999999999999998E9	-1.48132312974039415E2
3.90000000000000169E0	2.98999999999999977E9	-1.48253804444889470E2
3.90000000000000169E0	3.00000000000000000E9	-1.48373840316949712E2

var_c	indep(index, 1)	plot_vs(pnmx, noisefreq)[18, ::]
4.00000000000000178E0	2.00000000000000000E9	-1.47716682082496131E2
4.00000000000000178E0	2.01000000000000023E9	-1.47603365439813716E2
4.00000000000000178E0	2.02000000000000002E9	-1.47488205438816067E2
4.00000000000000178E0	2.03000000000000025E9	-1.47371183676924078E2
4.00000000000000178E0	2.04000000000000004E9	-1.47252280018095627E2
4.00000000000000178E0	2.04999999999999982E9	-1.47131472091708604E2
4.00000000000000178E0	2.06000000000000005E9	-1.47008734970583865E2
4.00000000000000178E0	2.06999999999999984E9	-1.46884040538774530E2
4.00000000000000178E0	2.08000000000000007E9	-1.46757356851875786E2
4.00000000000000178E0	2.08999999999999986E9	-1.46628647395452472E2
4.00000000000000178E0	2.10000000000000009E9	-1.46497870005074105E2
4.00000000000000178E0	2.11000000000000032E9	-1.46364975796407548E2
4.00000000000000178E0	2.12000000000000011E9	-1.46229907697087169E2
4.00000000000000178E0	2.12999999999999989E9	-1.46092598686408670E2
4.00000000000000178E0	2.13999999999999968E9	-1.45952969740773808E2
4.00000000000000178E0	2.14999999999999991E9	-1.45810927290783687E2
4.00000000000000178E0	2.16000000000000014E9	-1.45666360074882517E2
4.00000000000000178E0	2.16999999999999993E9	-1.45519135469801064E2
4.00000000000000178E0	2.18000000000000016E9	-1.45369094849735458E2
4.00000000000000178E0	2.18999999999999995E9	-1.45216048092009031E2
4.00000000000000178E0	2.20000000000000018E9	-1.45059766752846198E2
4.00000000000000178E0	2.20999999999999996E9	-1.44899975826054694E2
4.00000000000000178E0	2.21999999999999975E9	-1.44736343622188124E2
4.00000000000000178E0	2.22999999999999998E9	-1.44568469380292242E2
4.00000000000000178E0	2.23999999999999977E9	-1.44395868055710475E2
4.00000000000000178E0	2.25000000000000000E9	-1.44217951580823556E2
4.00000000000000178E0	2.26000000000000023E9	-1.44034005859677872E2
4.00000000000000178E0	2.27000000000000002E9	-1.43843162095862320E2
4.00000000000000178E0	2.28000000000000025E9	-1.43644361518327868E2
4.00000000000000178E0	2.29000000000000004E9	-1.43436311348610923E2
4.00000000000000178E0	2.29999999999999982E9	-1.43217429980156474E2
4.00000000000000178E0	2.31000000000000005E9	-1.42985778300262512E2
4.00000000000000178E0	2.31999999999999984E9	-1.42738973818860670E2
4.00000000000000178E0	2.33000000000000007E9	-1.42474082341847286E2
4.00000000000000178E0	2.33999999999999986E9	-1.42187481424628182E2
4.00000000000000178E0	2.35000000000000009E9	-1.41874687480039707E2
4.00000000000000178E0	2.36000000000000032E9	-1.41530135722350914E2
4.00000000000000178E0	2.37000000000000011E9	-1.41146898697574308E2
4.00000000000000178E0	2.37999999999999989E9	-1.40716322949017836E2
4.00000000000000178E0	2.38999999999999968E9	-1.40227552348235163E2
4.00000000000000178E0	2.39999999999999991E9	-1.39666885060056156E2
4.00000000000000178E0	2.41000000000000014E9	-1.39016860262708297E2
4.00000000000000178E0	2.41999999999999993E9	-1.38254841056180355E2
4.00000000000000178E0	2.43000000000000016E9	-1.37350491614172365E2
4.00000000000000178E0	2.43999999999999995E9	-1.36260411865403097E2
4.00000000000000178E0	2.45000000000000018E9	-1.34914505992671341E2
4.00000000000000178E0	2.45999999999999996E9	-1.33176648616621618E2
4.00000000000000178E0	2.46999999999999975E9	-1.30731000890831561E2
4.00000000000000178E0	2.47999999999999998E9	-1.26919387389278504E2
4.00000000000000178E0	2.48999999999999977E9	-1.20482167190478995E2
4.00000000000000178E0	2.50000000000000000E9	-1.27681137546691215E2
4.00000000000000178E0	2.51000000000000023E9	-1.31319372018409442E2
4.00000000000000178E0	2.52000000000000002E9	-1.33660560554442087E2
4.00000000000000178E0	2.53000000000000025E9	-1.35348815389507360E2
4.00000000000000178E0	2.54000000000000004E9	-1.36667401626996332E2
4.00000000000000178E0	2.54999999999999982E9	-1.37739964413945581E2
4.00000000000000178E0	2.56000000000000005E9	-1.38631742178953243E2
4.00000000000000178E0	2.56999999999999984E9	-1.39383968956062643E2
4.00000000000000178E0	2.58000000000000007E9	-1.40025894086714864E2
4.00000000000000178E0	2.58999999999999986E9	-1.40579573616460562E2
4.00000000000000178E0	2.60000000000000009E9	-1.41062152397988139E2
4.00000000000000178E0	2.61000000000000032E9	-1.41487162629207530E2
4.00000000000000178E0	2.62000000000000011E9	-1.41865372299538528E2
4.00000000000000178E0	2.62999999999999989E9	-1.42205391217543764E2
4.00000000000000178E0	2.63999999999999968E9	-1.42514126376577366E2
4.00000000000000178E0	2.64999999999999991E9	-1.42797133231116757E2
4.00000000000000178E0	2.66000000000000014E9	-1.43058890545580608E2
4.00000000000000178E0	2.66999999999999993E9	-1.43303017059327109E2
4.00000000000000178E0	2.68000000000000016E9	-1.43532442818415884E2
4.00000000000000178E0	2.68999999999999995E9	-1.43749545282057589E2
4.00000000000000178E0	2.70000000000000018E9	-1.43956257438295099E2
4.00000000000000178E0	2.70999999999999996E9	-1.44154154005913915E2
4.00000000000000178E0	2.71999999999999975E9	-1.44344520362528317E2
4.00000000000000178E0	2.72999999999999998E9	-1.44528407640683443E2
4.00000000000000178E0	2.73999999999999977E9	-1.44706676964802594E2
4.00000000000000178E0	2.75000000000000000E9	-1.44880035073941205E2
4.00000000000000178E0	2.76000000000000023E9	-1.45049062947950169E2
4.00000000000000178E0	2.77000000000000002E9	-1.45214239105870613E2
4.00000000000000178E0	2.78000000000000025E9	-1.45375958296005514E2
4.00000000000000178E0	2.79000000000000004E9	-1.45534546802339082E2
4.00000000000000178E0	2.79999999999999982E9	-1.45690274810431264E2
4.00000000000000178E0	2.81000000000000005E9	-1.45843366584583078E2
4.00000000000000178E0	2.81999999999999984E9	-1.45994008678734710E2
4.00000000000000178E0	2.83000000000000007E9	-1.46142356696404030E2
4.00000000000000178E0	2.83999999999999986E9	-1.46288540820063018E2
4.00000000000000178E0	2.85000000000000009E9	-1.46432670347600058E2
4.00000000000000178E0	2.86000000000000032E9	-1.46574837420965620E2
4.00000000000000178E0	2.87000000000000011E9	-1.46715120067974714E2
4.00000000000000178E0	2.87999999999999989E9	-1.46853584733652043E2
4.00000000000000178E0	2.88999999999999968E9	-1.46990288297670757E2
4.00000000000000178E0	2.89999999999999991E9	-1.47125279820503740E2
4.00000000000000178E0	2.91000000000000014E9	-1.47258601944099299E2
4.00000000000000178E0	2.91999999999999993E9	-1.47390292007022738E2
4.00000000000000178E0	2.93000000000000016E9	-1.47520382978936437E2
4.00000000000000178E0	2.93999999999999995E9	-1.47648904302088035E2
4.00000000000000178E0	2.95000000000000018E9	-1.47775882434509409E2
4.00000000000000178E0	2.95999999999999996E9	-1.47901341446714185E2
4.00000000000000178E0	2.96999999999999975E9	-1.48025303425660915E2
4.00000000000000178E0	2.97999999999999998E9	-1.48147788779487066E2
4.00000000000000178E0	2.98999999999999977E9	-1.48268816569225703E2
4.00000000000000178E0	3.00000000000000000E9	-1.48388404757853176E2

var_c	indep(index, 1)	plot_vs(pnmx, noisefreq)[19, ::]
4.10000000000000142E0	2.00000000000000000E9	-1.47708970217200131E2
4.10000000000000142E0	2.01000000000000023E9	-1.47595826341548353E2
4.10000000000000142E0	2.02000000000000002E9	-1.47480852113737160E2
4.10000000000000142E0	2.03000000000000025E9	-1.47364030045194871E2
4.10000000000000142E0	2.04000000000000004E9	-1.47245340897626131E2
4.10000000000000142E0	2.04999999999999982E9	-1.47124763351623278E2
4.10000000000000142E0	2.06000000000000005E9	-1.47002273522897386E2
4.10000000000000142E0	2.06999999999999984E9	-1.46877844408986813E2
4.10000000000000142E0	2.08000000000000007E9	-1.46751445277602999E2
4.10000000000000142E0	2.08999999999999986E9	-1.46623040854531439E2
4.10000000000000142E0	2.10000000000000009E9	-1.46492590312149007E2
4.10000000000000142E0	2.11000000000000032E9	-1.46360046135611888E2
4.10000000000000142E0	2.12000000000000011E9	-1.46225352668291597E2
4.10000000000000142E0	2.12999999999999989E9	-1.46088444388930494E2
4.10000000000000142E0	2.13999999999999968E9	-1.45949243780171911E2
4.10000000000000142E0	2.14999999999999991E9	-1.45807658787895034E2
4.10000000000000142E0	2.16000000000000014E9	-1.45663579667488996E2
4.10000000000000142E0	2.16999999999999993E9	-1.45516875275226076E2
4.10000000000000142E0	2.18000000000000016E9	-1.45367388363698535E2
4.10000000000000142E0	2.18999999999999995E9	-1.45214930017657662E2
4.10000000000000142E0	2.20000000000000018E9	-1.45059272772616943E2
4.10000000000000142E0	2.20999999999999996E9	-1.44900142261405351E2
4.10000000000000142E0	2.21999999999999975E9	-1.44737206876148283E2
4.10000000000000142E0	2.22999999999999998E9	-1.44570065253358604E2
4.10000000000000142E0	2.23999999999999977E9	-1.44398230715272580E2
4.10000000000000142E0	2.25000000000000000E9	-1.44221112232423865E2
4.10000000000000142E0	2.26000000000000023E9	-1.44037990792159531E2
4.10000000000000142E0	2.27000000000000002E9	-1.43847990211907129E2
4.10000000000000142E0	2.28000000000000025E9	-1.43650040795965084E2
4.10000000000000142E0	2.29000000000000004E9	-1.43442834144966924E2
4.10000000000000142E0	2.29999999999999982E9	-1.43224766550778537E2
4.10000000000000142E0	2.31000000000000005E9	-1.42993868061026741E2
4.10000000000000142E0	2.31999999999999984E9	-1.42747713334339288E2
4.10000000000000142E0	2.33000000000000007E9	-1.42483308911039996E2
4.10000000000000142E0	2.33999999999999986E9	-1.42196950534299016E2
4.10000000000000142E0	2.35000000000000009E9	-1.41884041632717173E2
4.10000000000000142E0	2.36000000000000032E9	-1.41538861338567878E2
4.10000000000000142E0	2.37000000000000011E9	-1.41154266222135183E2
4.10000000000000142E0	2.37999999999999989E9	-1.40721303089014604E2
4.10000000000000142E0	2.38999999999999968E9	-1.40228698163908128E2
4.10000000000000142E0	2.39999999999999991E9	-1.39662164659979315E2
4.10000000000000142E0	2.41000000000000014E9	-1.39003415735041869E2
4.10000000000000142E0	2.41999999999999993E9	-1.38228634007629969E2
4.10000000000000142E0	2.43000000000000016E9	-1.37305756307040716E2
4.10000000000000142E0	2.43999999999999995E9	-1.36188736921751108E2
4.10000000000000142E0	2.45000000000000018E9	-1.34803015070472210E2
4.10000000000000142E0	2.45999999999999996E9	-1.33003537785556891E2
4.10000000000000142E0	2.46999999999999975E9	-1.30454531048982458E2
4.10000000000000142E0	2.47999999999999998E9	-1.26501722003026829E2
4.10000000000000142E0	2.48999999999999977E9	-1.22758619952724080E2
4.10000000000000142E0	2.50000000000000000E9	-1.28047239497535137E2
4.10000000000000142E0	2.51000000000000023E9	-1.31550588025044801E2
4.10000000000000142E0	2.52000000000000002E9	-1.33835610268030836E2
4.10000000000000142E0	2.53000000000000025E9	-1.35501285729214560E2
4.10000000000000142E0	2.54000000000000004E9	-1.36807122192741515E2
4.10000000000000142E0	2.54999999999999982E9	-1.37869453762442307E2
4.10000000000000142E0	2.56000000000000005E9	-1.38751680571768565E2
4.10000000000000142E0	2.56999999999999984E9	-1.39494751896030267E2
4.10000000000000142E0	2.58000000000000007E9	-1.40127995463294863E2
4.10000000000000142E0	2.58999999999999986E9	-1.40673578010169642E2
4.10000000000000142E0	2.60000000000000009E9	-1.41148711793818848E2
4.10000000000000142E0	2.61000000000000032E9	-1.41566948552243121E2
4.10000000000000142E0	2.62000000000000011E9	-1.41939040349285905E2
4.10000000000000142E0	2.62999999999999989E9	-1.42273559118110926E2
4.10000000000000142E0	2.63999999999999968E9	-1.42577362134918295E2
4.10000000000000142E0	2.64999999999999991E9	-1.42855950667069953E2
4.10000000000000142E0	2.66000000000000014E9	-1.43113749122634570E2
4.10000000000000142E0	2.66999999999999993E9	-1.43354324498812336E2
4.10000000000000142E0	2.68000000000000016E9	-1.43580559115993545E2
4.10000000000000142E0	2.68999999999999995E9	-1.43794787283366299E2
4.10000000000000142E0	2.70000000000000018E9	-1.43998903537556400E2
4.10000000000000142E0	2.70999999999999996E9	-1.44194448734259084E2
4.10000000000000142E0	2.71999999999999975E9	-1.44382678513373208E2
4.10000000000000142E0	2.72999999999999998E9	-1.44564618107697718E2
4.10000000000000142E0	2.73999999999999977E9	-1.44741106099873429E2
4.10000000000000142E0	2.75000000000000000E9	-1.44912829650948627E2
4.10000000000000142E0	2.76000000000000023E9	-1.45080352774970467E2
4.10000000000000142E0	2.77000000000000002E9	-1.45244139227336344E2
4.10000000000000142E0	2.78000000000000025E9	-1.45404570966493107E2
4.10000000000000142E0	2.79000000000000004E9	-1.45561963162676822E2
4.10000000000000142E0	2.79999999999999982E9	-1.45716576310194634E2
4.10000000000000142E0	2.81000000000000005E9	-1.45868626255172051E2
4.10000000000000142E0	2.81999999999999984E9	-1.46018292143611506E2
4.10000000000000142E0	2.83000000000000007E9	-1.46165723137849812E2
4.10000000000000142E0	2.83999999999999986E9	-1.46311043755060455E2
4.10000000000000142E0	2.85000000000000009E9	-1.46454358296762921E2
4.10000000000000142E0	2.86000000000000032E9	-1.46595754519831201E2
4.10000000000000142E0	2.87000000000000011E9	-1.46735306556439893E2
4.10000000000000142E0	2.87999999999999989E9	-1.46873077396651075E2
4.10000000000000142E0	2.88999999999999968E9	-1.47009120871258814E2
4.10000000000000142E0	2.89999999999999991E9	-1.47143483303046252E2
4.10000000000000142E0	2.91000000000000014E9	-1.47276204881786632E2
4.10000000000000142E0	2.91999999999999993E9	-1.47407320750841353E2
4.10000000000000142E0	2.93000000000000016E9	-1.47536861913828976E2
4.10000000000000142E0	2.93999999999999995E9	-1.47664856025438485E2
4.10000000000000142E0	2.95000000000000018E9	-1.47791327949971718E2
4.10000000000000142E0	2.95999999999999996E9	-1.47916300296773917E2
4.10000000000000142E0	2.96999999999999975E9	-1.48039793803851571E2
4.10000000000000142E0	2.97999999999999998E9	-1.48161827687225078E2
4.10000000000000142E0	2.98999999999999977E9	-1.48282419904476415E2
4.10000000000000142E0	3.00000000000000000E9	-1.48401587418223468E2

var_c	indep(index, 1)	plot_vs(pnmx, noisefreq)[20, ::]
4.20000000000000107E0	2.00000000000000000E9	-1.47701081237782539E2
4.20000000000000107E0	2.01000000000000023E9	-1.47588100335079453E2
4.20000000000000107E0	2.02000000000000002E9	-1.47473301442624405E2
4.20000000000000107E0	2.03000000000000025E9	-1.47356667912059969E2
4.20000000000000107E0	2.04000000000000004E9	-1.47238181453443384E2
4.20000000000000107E0	2.04999999999999982E9	-1.47117821653251002E2
4.20000000000000107E0	2.06000000000000005E9	-1.46995565651536531E2
4.20000000000000107E0	2.06999999999999984E9	-1.46871387561779843E2
4.20000000000000107E0	2.08000000000000007E9	-1.46745257758878833E2
4.20000000000000107E0	2.08999999999999986E9	-1.46617142167423853E2
4.20000000000000107E0	2.10000000000000009E9	-1.46487001240979042E2
4.20000000000000107E0	2.11000000000000032E9	-1.46354788771330258E2
4.20000000000000107E0	2.12000000000000011E9	-1.46220450486477871E2
4.20000000000000107E0	2.12999999999999989E9	-1.46083922272757261E2
4.20000000000000107E0	2.13999999999999968E9	-1.45945128079127961E2
4.20000000000000107E0	2.14999999999999991E9	-1.45803977305636989E2
4.20000000000000107E0	2.16000000000000014E9	-1.45660361694395046E2
4.20000000000000107E0	2.16999999999999993E9	-1.45514151515414092E2
4.20000000000000107E0	2.18000000000000016E9	-1.45365190861830307E2
4.20000000000000107E0	2.18999999999999995E9	-1.45213292026363439E2
4.20000000000000107E0	2.20000000000000018E9	-1.45058228510208620E2
4.20000000000000107E0	2.20999999999999996E9	-1.44899726573207577E2
4.20000000000000107E0	2.21999999999999975E9	-1.44737454785611508E2
4.20000000000000107E0	2.22999999999999998E9	-1.44571011257782889E2
4.20000000000000107E0	2.23999999999999977E9	-1.44399907851263221E2
4.20000000000000107E0	2.25000000000000000E9	-1.44223550752173368E2
4.20000000000000107E0	2.26000000000000023E9	-1.44041216427080632E2
4.20000000000000107E0	2.27000000000000002E9	-1.43852021683571762E2
4.20000000000000107E0	2.28000000000000025E9	-1.43654886520696290E2
4.20000000000000107E0	2.29000000000000004E9	-1.43448487710782535E2
4.20000000000000107E0	2.29999999999999982E9	-1.43231200491105715E2
4.20000000000000107E0	2.31000000000000005E9	-1.43001025473729682E2
4.20000000000000107E0	2.31999999999999984E9	-1.42755496209967503E2
4.20000000000000107E0	2.33000000000000007E9	-1.42491562255036230E2
4.20000000000000107E0	2.33999999999999986E9	-1.42205440353181656E2
4.20000000000000107E0	2.35000000000000009E9	-1.41892424537753792E2
4.20000000000000107E0	2.36000000000000032E9	-1.41546642213781726E2
4.20000000000000107E0	2.37000000000000011E9	-1.41160739180122796E2
4.20000000000000107E0	2.37999999999999989E9	-1.40725468454370395E2
4.20000000000000107E0	2.38999999999999968E9	-1.40229145089226215E2
4.20000000000000107E0	2.39999999999999991E9	-1.39656903366834628E2
4.20000000000000107E0	2.41000000000000014E9	-1.38989634912698490E2
4.20000000000000107E0	2.41999999999999993E9	-1.38202340372480137E2
4.20000000000000107E0	2.43000000000000016E9	-1.37261218095501025E2
4.20000000000000107E0	2.43999999999999995E9	-1.36117545410704288E2
4.20000000000000107E0	2.45000000000000018E9	-1.34692231736276358E2
4.20000000000000107E0	2.45999999999999996E9	-1.32831187824004893E2
4.20000000000000107E0	2.46999999999999975E9	-1.30179011679962819E2
4.20000000000000107E0	2.47999999999999998E9	-1.26100196695816891E2
4.20000000000000107E0	2.48999999999999977E9	-1.23489887684465161E2
4.20000000000000107E0	2.50000000000000000E9	-1.28383485978096523E2
4.20000000000000107E0	2.51000000000000023E9	-1.31766579164866870E2
4.20000000000000107E0	2.52000000000000002E9	-1.34002607785578176E2
4.20000000000000107E0	2.53000000000000025E9	-1.35647682752682885E2
4.20000000000000107E0	2.54000000000000004E9	-1.36941093454384100E2
4.20000000000000107E0	2.54999999999999982E9	-1.37993150870826975E2
4.20000000000000107E0	2.56000000000000005E9	-1.38865794181951974E2
4.20000000000000107E0	2.56999999999999984E9	-1.39599767059263802E2
4.20000000000000107E0	2.58000000000000007E9	-1.40224469880566116E2
4.20000000000000107E0	2.58999999999999986E9	-1.40762155682720946E2
4.20000000000000107E0	2.60000000000000009E9	-1.41230079888750248E2
4.20000000000000107E0	2.61000000000000032E9	-1.41641795141141569E2
4.20000000000000107E0	2.62000000000000011E9	-1.42008024583285719E2
4.20000000000000107E0	2.62999999999999989E9	-1.42337293506114793E2
4.20000000000000107E0	2.63999999999999968E9	-1.42636404280728013E2
4.20000000000000107E0	2.64999999999999991E9	-1.42910800830493323E2
4.20000000000000107E0	2.66000000000000014E9	-1.43164851949150562E2
4.20000000000000107E0	2.66999999999999993E9	-1.43402072463995522E2
4.20000000000000107E0	2.68000000000000016E9	-1.43625297263964491E2
4.20000000000000107E0	2.68999999999999995E9	-1.43836818232133234E2
4.20000000000000107E0	2.70000000000000018E9	-1.44038492361925274E2
4.20000000000000107E0	2.70999999999999996E9	-1.44231827620639508E2
4.20000000000000107E0	2.71999999999999975E9	-1.44418050980143886E2
4.20000000000000107E0	2.72999999999999998E9	-1.44598162750733161E2
4.20000000000000107E0	2.73999999999999977E9	-1.44772979946015456E2
4.20000000000000107E0	2.75000000000000000E9	-1.44943171001258309E2
4.20000000000000107E0	2.76000000000000023E9	-1.45109283783494436E2
4.20000000000000107E0	2.77000000000000002E9	-1.45271768042104354E2
4.20000000000000107E0	2.78000000000000025E9	-1.45430993611421933E2
4.20000000000000107E0	2.79000000000000004E9	-1.45587265099044272E2
4.20000000000000107E0	2.79999999999999982E9	-1.45740833893569888E2
4.20000000000000107E0	2.81000000000000005E9	-1.45891907834134349E2
4.20000000000000107E0	2.81999999999999984E9	-1.46040659161417130E2
4.20000000000000107E0	2.83000000000000007E9	-1.46187230940676938E2
4.20000000000000107E0	2.83999999999999986E9	-1.46331742361360284E2
4.20000000000000107E0	2.85000000000000009E9	-1.46474293059156757E2
4.20000000000000107E0	2.86000000000000032E9	-1.46614966652356005E2
4.20000000000000107E0	2.87000000000000011E9	-1.46753833637387943E2
4.20000000000000107E0	2.87999999999999989E9	-1.46890953762224208E2
4.20000000000000107E0	2.88999999999999968E9	-1.47026378004801761E2
4.20000000000000107E0	2.89999999999999991E9	-1.47160150113707955E2
4.20000000000000107E0	2.91000000000000014E9	-1.47292307998670768E2
4.20000000000000107E0	2.91999999999999993E9	-1.47422884765077478E2
4.20000000000000107E0	2.93000000000000016E9	-1.47551909563971617E2
4.20000000000000107E0	2.93999999999999995E9	-1.47679408388893818E2
4.20000000000000107E0	2.95000000000000018E9	-1.47805404598623746E2
4.20000000000000107E0	2.95999999999999996E9	-1.47929919462902237E2
4.20000000000000107E0	2.96999999999999975E9	-1.48052972460791610E2
4.20000000000000107E0	2.97999999999999998E9	-1.48174581695069607E2
4.20000000000000107E0	2.98999999999999977E9	-1.48294764082408181E2
4.20000000000000107E0	3.00000000000000000E9	-1.48413535619802306E2

var_c	indep(index, 1)	plot_vs(pnmx, noisefreq)[21, ::]
4.30000000000000071E0	2.00000000000000000E9	-1.47693065081494179E2
4.30000000000000071E0	2.01000000000000023E9	-1.47580238032598232E2
4.30000000000000071E0	2.02000000000000002E9	-1.47465604763166747E2
4.30000000000000071E0	2.03000000000000025E9	-1.47349149452819916E2
4.30000000000000071E0	2.04000000000000004E9	-1.47230854632608388E2
4.30000000000000071E0	2.04999999999999982E9	-1.47110700823766316E2
4.30000000000000071E0	2.06000000000000005E9	-1.46988666153715108E2
4.30000000000000071E0	2.06999999999999984E9	-1.46864725739250912E2
4.30000000000000071E0	2.08000000000000007E9	-1.46738851054417130E2
4.30000000000000071E0	2.08999999999999986E9	-1.46611009183165519E2
4.30000000000000071E0	2.10000000000000009E9	-1.46481161790826819E2
4.30000000000000071E0	2.11000000000000032E9	-1.46349263915472250E2
4.30000000000000071E0	2.12000000000000011E9	-1.46215262617888264E2
4.30000000000000071E0	2.12999999999999989E9	-1.46079095143468396E2
4.30000000000000071E0	2.13999999999999968E9	-1.45940686832341937E2
4.30000000000000071E0	2.14999999999999991E9	-1.45799948524535639E2
4.30000000000000071E0	2.16000000000000014E9	-1.45656773357981928E2
4.30000000000000071E0	2.16999999999999993E9	-1.45511032973250387E2
4.30000000000000071E0	2.18000000000000016E9	-1.45362572793971823E2
4.30000000000000071E0	2.18999999999999995E9	-1.45211206266536075E2
4.30000000000000071E0	2.20000000000000018E9	-1.45056707858504041E2
4.30000000000000071E0	2.20999999999999996E9	-1.44898804488134658E2
4.30000000000000071E0	2.21999999999999975E9	-1.44737164930006479E2
4.30000000000000071E0	2.22999999999999998E9	-1.44571386838115279E2
4.30000000000000071E0	2.23999999999999977E9	-1.44400980744872776E2
4.30000000000000071E0	2.25000000000000000E9	-1.44225350283063181E2
4.30000000000000071E0	2.26000000000000023E9	-1.44043767649408627E2
4.30000000000000071E0	2.27000000000000002E9	-1.43855343076917386E2
4.30000000000000071E0	2.28000000000000025E9	-1.43658986794510724E2
4.30000000000000071E0	2.29000000000000004E9	-1.43453361480004804E2
4.30000000000000071E0	2.29999999999999982E9	-1.43236822328275926E2
4.30000000000000071E0	2.31000000000000005E9	-1.43007341745256200E2
4.30000000000000071E0	2.31999999999999984E9	-1.42762413903273822E2
4.30000000000000071E0	2.33000000000000007E9	-1.42498933454977483E2
4.30000000000000071E0	2.33999999999999986E9	-1.42213040945985325E2
4.30000000000000071E0	2.35000000000000009E9	-1.41899924397778010E2
4.30000000000000071E0	2.36000000000000032E9	-1.41553563777585145E2
4.30000000000000071E0	2.37000000000000011E9	-1.41166399259484399E2
4.30000000000000071E0	2.37999999999999989E9	-1.40728895979001378E2
4.30000000000000071E0	2.38999999999999968E9	-1.40228964532447087E2
4.30000000000000071E0	2.39999999999999991E9	-1.39651166831845330E2
4.30000000000000071E0	2.41000000000000014E9	-1.38975577898776703E2
4.30000000000000071E0	2.41999999999999993E9	-1.38176017247394856E2
4.30000000000000071E0	2.43000000000000016E9	-1.37216934737002361E2
4.30000000000000071E0	2.43999999999999995E9	-1.36046903083104054E2
4.30000000000000071E0	2.45000000000000018E9	-1.34582243616200792E2
4.30000000000000071E0	2.45999999999999996E9	-1.32659740940232318E2
4.30000000000000071E0	2.46999999999999975E9	-1.29904841988509112E2
4.30000000000000071E0	2.47999999999999998E9	-1.25717825802336081E2
4.30000000000000071E0	2.48999999999999977E9	-1.23942397060186038E2
4.30000000000000071E0	2.50000000000000000E9	-1.28693281447495500E2
4.30000000000000071E0	2.51000000000000023E9	-1.31969369880002230E2
4.30000000000000071E0	2.52000000000000002E9	-1.34162289522592704E2
4.30000000000000071E0	2.53000000000000025E9	-1.35788323920404208E2
4.30000000000000071E0	2.54000000000000004E9	-1.37069554330816135E2
4.30000000000000071E0	2.54999999999999982E9	-1.38111318045066689E2
4.30000000000000071E0	2.56000000000000005E9	-1.38974386326873933E2
4.30000000000000071E0	2.56999999999999984E9	-1.39699352614112771E2
4.30000000000000071E0	2.58000000000000007E9	-1.40315678877692895E2
4.30000000000000071E0	2.58999999999999986E9	-1.40845680263445461E2
4.30000000000000071E0	2.60000000000000009E9	-1.41306633939440429E2
4.30000000000000071E0	2.61000000000000032E9	-1.41712077123417868E2
4.30000000000000071E0	2.62000000000000011E9	-1.42072692822124758E2
4.30000000000000071E0	2.62999999999999989E9	-1.42396952657703979E2
4.30000000000000071E0	2.63999999999999968E9	-1.42691599707393779E2
4.30000000000000071E0	2.64999999999999991E9	-1.42962018589663664E2
4.30000000000000071E0	2.66000000000000014E9	-1.43212521412907368E2
4.30000000000000071E0	2.66999999999999993E9	-1.43446570951911267E2
4.30000000000000071E0	2.68000000000000016E9	-1.43666955256296469E2
4.30000000000000071E0	2.68999999999999995E9	-1.43875924523826937E2
4.30000000000000071E0	2.70000000000000018E9	-1.44075299292107850E2
4.30000000000000071E0	2.70999999999999996E9	-1.44266555655318229E2
4.30000000000000071E0	2.71999999999999975E9	-1.44450892940680653E2
4.30000000000000071E0	2.72999999999999998E9	-1.44629287552241648E2
4.30000000000000071E0	2.73999999999999977E9	-1.44802535825300360E2
4.30000000000000071E0	2.75000000000000000E9	-1.44971288391597630E2
4.30000000000000071E0	2.76000000000000023E9	-1.45136077706200473E2
4.30000000000000071E0	2.77000000000000002E9	-1.45297340217392335E2
4.30000000000000071E0	2.78000000000000025E9	-1.45455434238125281E2
4.30000000000000071E0	2.79000000000000004E9	-1.45610654457121003E2
4.30000000000000071E0	2.79999999999999982E9	-1.45763243575416546E2
4.30000000000000071E0	2.81000000000000005E9	-1.45913401954900013E2
4.30000000000000071E0	2.81999999999999984E9	-1.46061295239717337E2
4.30000000000000071E0	2.83000000000000007E9	-1.46207060813160927E2
4.30000000000000071E0	2.83999999999999986E9	-1.46350812848645795E2
4.30000000000000071E0	2.85000000000000009E9	-1.46492646572349594E2
4.30000000000000071E0	2.86000000000000032E9	-1.46632641737319025E2
4.30000000000000071E0	2.87000000000000011E9	-1.46770865422812880E2
4.30000000000000071E0	2.87999999999999989E9	-1.46907374349239639E2
4.30000000000000071E0	2.88999999999999968E9	-1.47042216779300072E2
4.30000000000000071E0	2.89999999999999991E9	-1.47175434124868154E2
4.30000000000000071E0	2.91000000000000014E9	-1.47307062116889886E2
4.30000000000000071E0	2.91999999999999993E9	-1.47437131942518596E2
4.30000000000000071E0	2.93000000000000016E9	-1.47565671040260793E2
4.30000000000000071E0	2.93999999999999995E9	-1.47692703862017649E2
4.30000000000000071E0	2.95000000000000018E9	-1.47818252352961155E2
4.30000000000000071E0	2.95999999999999996E9	-1.47942336501866167E2
4.30000000000000071E0	2.96999999999999975E9	-1.48064974654739911E2
4.30000000000000071E0	2.97999999999999998E9	-1.48186183832123186E2
4.30000000000000071E0	2.98999999999999977E9	-1.48305980025397477E2
4.30000000000000071E0	3.00000000000000000E9	-1.48424378312177430E2

var_c	indep(index, 1)	plot_vs(pnmx, noisefreq)[22, ::]
4.40000000000000036E0	2.00000000000000000E9	-1.47684963575833561E2
4.40000000000000036E0	2.01000000000000023E9	-1.47572281915740522E2
4.40000000000000036E0	2.02000000000000002E9	-1.47457805264434638E2
4.40000000000000036E0	2.03000000000000025E9	-1.47341518535080196E2
4.40000000000000036E0	2.04000000000000004E9	-1.47223405093637005E2
4.40000000000000036E0	2.04999999999999982E9	-1.47103446347003830E2
4.40000000000000036E0	2.06000000000000005E9	-1.46981621331951362E2
4.40000000000000036E0	2.06999999999999984E9	-1.46857906164834118E2
4.40000000000000036E0	2.08000000000000007E9	-1.46732273361490173E2
4.40000000000000036E0	2.08999999999999986E9	-1.46604691100787421E2
4.40000000000000036E0	2.10000000000000009E9	-1.46475122183855722E2
4.40000000000000036E0	2.11000000000000032E9	-1.46343522903320844E2
4.40000000000000036E0	2.12000000000000011E9	-1.46209841576513777E2
4.40000000000000036E0	2.12999999999999989E9	-1.46074016738600077E2
4.40000000000000036E0	2.13999999999999968E9	-1.45935975091468384E2
4.40000000000000036E0	2.14999999999999991E9	-1.45795628823357459E2
4.40000000000000036E0	2.16000000000000014E9	-1.45652872452238347E2
4.40000000000000036E0	2.16999999999999993E9	-1.45507578941897053E2
4.40000000000000036E0	2.18000000000000016E9	-1.45359594980174944E2
4.40000000000000036E0	2.18999999999999995E9	-1.45208735151335677E2
4.40000000000000036E0	2.20000000000000018E9	-1.45054774910618445E2
4.40000000000000036E0	2.20999999999999996E9	-1.44897441793289761E2
4.40000000000000036E0	2.21999999999999975E9	-1.44736404807047836E2
4.40000000000000036E0	2.22999999999999998E9	-1.44571261255975791E2
4.40000000000000036E0	2.23999999999999977E9	-1.44401520456010024E2
4.40000000000000036E0	2.25000000000000000E9	-1.44226583633066618E2
4.40000000000000036E0	2.26000000000000023E9	-1.44045718986398108E2
4.40000000000000036E0	2.27000000000000002E9	-1.43858030539293358E2
4.40000000000000036E0	2.28000000000000025E9	-1.43662419283810583E2
4.40000000000000036E0	2.29000000000000004E9	-1.43457534453726798E2
4.40000000000000036E0	2.29999999999999982E9	-1.43241712121394715E2
4.40000000000000036E0	2.31000000000000005E9	-1.43012897709700537E2
4.40000000000000036E0	2.31999999999999984E9	-1.42768547529569112E2
4.40000000000000036E0	2.33000000000000007E9	-1.42505503472589856E2
4.40000000000000036E0	2.33999999999999986E9	-1.42219832423866244E2
4.40000000000000036E0	2.35000000000000009E9	-1.41906619742609674E2
4.40000000000000036E0	2.36000000000000032E9	-1.41559702122696285E2
4.40000000000000036E0	2.37000000000000011E9	-1.41171319054019806E2
4.40000000000000036E0	2.37999999999999989E9	-1.40731653938887336E2
4.40000000000000036E0	2.38999999999999968E9	-1.40228219513519625E2
4.40000000000000036E0	2.39999999999999991E9	-1.39645012472662100E2
4.40000000000000036E0	2.41000000000000014E9	-1.38961296892995878E2
4.40000000000000036E0	2.41999999999999993E9	-1.38149712911784794E2
4.40000000000000036E0	2.43000000000000016E9	-1.37172955118566109E2
4.40000000000000036E0	2.43999999999999995E9	-1.35976865958766058E2
4.40000000000000036E0	2.45000000000000018E9	-1.34473125944588734E2
4.40000000000000036E0	2.45999999999999996E9	-1.32489323872733089E2
4.40000000000000036E0	2.46999999999999975E9	-1.29632413111765832E2
4.40000000000000036E0	2.47999999999999998E9	-1.25357170987101374E2
4.40000000000000036E0	2.48999999999999977E9	-1.24317308344897959E2
4.40000000000000036E0	2.50000000000000000E9	-1.28979725735820550E2
4.40000000000000036E0	2.51000000000000023E9	-1.32160611841802678E2
4.40000000000000036E0	2.52000000000000002E9	-1.34315258265859994E2
4.40000000000000036E0	2.53000000000000025E9	-1.35923490928710278E2
4.40000000000000036E0	2.54000000000000004E9	-1.37192735010863442E2
4.40000000000000036E0	2.54999999999999982E9	-1.38224210217687427E2
4.40000000000000036E0	2.56000000000000005E9	-1.39077748386357625E2
4.40000000000000036E0	2.56999999999999984E9	-1.39793828599863557E2
4.40000000000000036E0	2.58000000000000007E9	-1.40401960113397561E2
4.40000000000000036E0	2.58999999999999986E9	-1.40924497690548267E2
4.40000000000000036E0	2.60000000000000009E9	-1.41378720732380492E2
4.40000000000000036E0	2.61000000000000032E9	-1.41778136881932482E2
4.40000000000000036E0	2.62000000000000011E9	-1.42133379609349042E2
4.40000000000000036E0	2.62999999999999989E9	-1.42452860957820682E2
4.40000000000000036E0	2.63999999999999968E9	-1.42743261678019628E2
4.40000000000000036E0	2.64999999999999991E9	-1.43009905292791228E2
4.40000000000000036E0	2.66000000000000014E9	-1.43257047039390351E2
4.40000000000000036E0	2.66999999999999993E9	-1.43488097866960373E2
4.40000000000000036E0	2.68000000000000016E9	-1.43705799671592915E2
4.40000000000000036E0	2.68999999999999995E9	-1.43912362038937713E2
4.40000000000000036E0	2.70000000000000018E9	-1.44109570010667509E2
4.40000000000000036E0	2.70999999999999996E9	-1.44298868908037203E2
4.40000000000000036E0	2.71999999999999975E9	-1.44481431480214062E2
4.40000000000000036E0	2.72999999999999998E9	-1.44658211176879270E2
4.40000000000000036E0	2.73999999999999977E9	-1.44829984585010663E2
4.40000000000000036E0	2.75000000000000000E9	-1.44997385329975437E2
4.40000000000000036E0	2.76000000000000023E9	-1.45160931191008880E2
4.40000000000000036E0	2.77000000000000002E9	-1.45321046007016941E2
4.40000000000000036E0	2.78000000000000025E9	-1.45478077181173493E2
4.40000000000000036E0	2.79000000000000004E9	-1.45632309945448357E2
4.40000000000000036E0	2.79999999999999982E9	-1.45783978865472874E2
4.40000000000000036E0	2.81000000000000005E9	-1.45933277182463939E2
4.40000000000000036E0	2.81999999999999984E9	-1.46080364380210836E2
4.40000000000000036E0	2.83000000000000007E9	-1.46225372432667111E2
4.40000000000000036E0	2.83999999999999986E9	-1.46368410809646576E2
4.40000000000000036E0	2.85000000000000009E9	-1.46509570610176554E2
4.40000000000000036E0	2.86000000000000032E9	-1.46648927948709473E2
4.40000000000000036E0	2.87000000000000011E9	-1.46786546664768935E2
4.40000000000000036E0	2.87999999999999989E9	-1.46922480665587463E2
4.40000000000000036E0	2.88999999999999968E9	-1.47056775709406184E2
4.40000000000000036E0	2.89999999999999991E9	-1.47189470925406396E2
4.40000000000000036E0	2.91000000000000014E9	-1.47320600047667227E2
4.40000000000000036E0	2.91999999999999993E9	-1.47450192485390574E2
4.40000000000000036E0	2.93000000000000016E9	-1.47578274080223126E2
4.40000000000000036E0	2.93999999999999995E9	-1.47704867795409078E2
4.40000000000000036E0	2.95000000000000018E9	-1.47829994283633726E2
4.40000000000000036E0	2.95999999999999996E9	-1.47953672339117004E2
4.40000000000000036E0	2.96999999999999975E9	-1.48075919210140450E2
4.40000000000000036E0	2.97999999999999998E9	-1.48196751007642824E2
4.40000000000000036E0	2.98999999999999977E9	-1.48316182728670043E2
4.40000000000000036E0	3.00000000000000000E9	-1.48434228667942714E2

var_c	indep(index, 1)	plot_vs(pnmx, noisefreq)[23, ::]
4.50000000000000000E0	2.00000000000000000E9	-1.47676811824982690E2
4.50000000000000000E0	2.01000000000000023E9	-1.47564267712814434E2
4.50000000000000000E0	2.02000000000000002E9	-1.47449939267426333E2
4.50000000000000000E0	2.03000000000000025E9	-1.47333812153234645E2
4.50000000000000000E0	2.04000000000000004E9	-1.47215870535988214E2
4.50000000000000000E0	2.04999999999999982E9	-1.47096096644317842E2
4.50000000000000000E0	2.06000000000000005E9	-1.46974470407507996E2
4.50000000000000000E0	2.06999999999999984E9	-1.46850968862855735E2
4.50000000000000000E0	2.08000000000000007E9	-1.46725565562359650E2
4.50000000000000000E0	2.08999999999999986E9	-1.46598229721075590E2
4.50000000000000000E0	2.10000000000000009E9	-1.46468925240311276E2
4.50000000000000000E0	2.11000000000000032E9	-1.46337609589715978E2
4.50000000000000000E0	2.12000000000000011E9	-1.46204232283140856E2
4.50000000000000000E0	2.12999999999999989E9	-1.46068733126662709E2
4.50000000000000000E0	2.13999999999999968E9	-1.45931040107775467E2
4.50000000000000000E0	2.14999999999999991E9	-1.45791066730499441E2
4.50000000000000000E0	2.16000000000000014E9	-1.45648708820817019E2
4.50000000000000000E0	2.16999999999999993E9	-1.45503840631278591E2
4.50000000000000000E0	2.18000000000000016E9	-1.45356310075428863E2
4.50000000000000000E0	2.18999999999999995E9	-1.45205932863714260E2
4.50000000000000000E0	2.20000000000000018E9	-1.45052485360559125E2
4.50000000000000000E0	2.20999999999999996E9	-1.44895695773891475E2
4.50000000000000000E0	2.21999999999999975E9	-1.44735233371538596E2
4.50000000000000000E0	2.22999999999999998E9	-1.44570695114796877E2
4.50000000000000000E0	2.23999999999999977E9	-1.44401589235277927E2
4.50000000000000000E0	2.25000000000000000E9	-1.44227314726662459E2
4.50000000000000000E0	2.26000000000000023E9	-1.44047136017272481E2
4.50000000000000000E0	2.27000000000000002E9	-1.43860151241595213E2
4.50000000000000000E0	2.28000000000000025E9	-1.43665252605551585E2
4.50000000000000000E0	2.29000000000000004E9	-1.43461076552627231E2
4.50000000000000000E0	2.29999999999999982E9	-1.43245940898977953E2
4.50000000000000000E0	2.31000000000000005E9	-1.43017765182685919E2
4.50000000000000000E0	2.31999999999999984E9	-1.42773969378521182E2
4.50000000000000000E0	2.33000000000000007E9	-1.42511344516129723E2
4.50000000000000000E0	2.33999999999999986E9	-1.42225886326836481E2
4.50000000000000000E0	2.35000000000000009E9	-1.41912580738375160E2
4.50000000000000000E0	2.36000000000000032E9	-1.41565125116280544E2
4.50000000000000000E0	2.37000000000000011E9	-1.41175563338077015E2
4.50000000000000000E0	2.37999999999999989E9	-1.40733803036305605E2
4.50000000000000000E0	2.38999999999999968E9	-1.40226965840014883E2
4.50000000000000000E0	2.39999999999999991E9	-1.39638490555756278E2
4.50000000000000000E0	2.41000000000000014E9	-1.38946836931321793E2
4.50000000000000000E0	2.41999999999999993E9	-1.38123468623722623E2
4.50000000000000000E0	2.43000000000000016E9	-1.37129319573988617E2
4.50000000000000000E0	2.43999999999999995E9	-1.35907480200255248E2
4.50000000000000000E0	2.45000000000000018E9	-1.34364942567719425E2
4.50000000000000000E0	2.45999999999999996E9	-1.32320048558280279E2
4.50000000000000000E0	2.46999999999999975E9	-1.29362107959629924E2
4.50000000000000000E0	2.47999999999999998E9	-1.25019876390648221E2
4.50000000000000000E0	2.48999999999999977E9	-1.24662439646518486E2
4.50000000000000000E0	2.50000000000000000E9	-1.29245576147135210E2
4.50000000000000000E0	2.51000000000000023E9	-1.32341658745769974E2
4.50000000000000000E0	2.52000000000000002E9	-1.34462016477522806E2
4.50000000000000000E0	2.53000000000000025E9	-1.36053436889796919E2
4.50000000000000000E0	2.54000000000000004E9	-1.37310857172979617E2
4.50000000000000000E0	2.54999999999999982E9	-1.38332074855270082E2
4.50000000000000000E0	2.56000000000000005E9	-1.39176158943000616E2
4.50000000000000000E0	2.56999999999999984E9	-1.39883496927129491E2
4.50000000000000000E0	2.58000000000000007E9	-1.40483628867264310E2
4.50000000000000000E0	2.58999999999999986E9	-1.40998928037353766E2
4.50000000000000000E0	2.60000000000000009E9	-1.41446658874209374E2
4.50000000000000000E0	2.61000000000000032E9	-1.41840287287610245E2
4.50000000000000000E0	2.62000000000000011E9	-1.42190389268498096E2
4.50000000000000000E0	2.62999999999999989E9	-1.42505312674831641E2
4.50000000000000000E0	2.63999999999999968E9	-1.42791673346917114E2
4.50000000000000000E0	2.64999999999999991E9	-1.43054732842058074E2
4.50000000000000000E0	2.66000000000000014E9	-1.43298689375179489E2
4.50000000000000000E0	2.66999999999999993E9	-1.43526902767798470E2
4.50000000000000000E0	2.68000000000000016E9	-1.43742069576993314E2
4.50000000000000000E0	2.68999999999999995E9	-1.43946359834539983E2
4.50000000000000000E0	2.70000000000000018E9	-1.44141524195910442E2
4.50000000000000000E0	2.70999999999999996E9	-1.44328978278915132E2
4.50000000000000000E0	2.71999999999999975E9	-1.44509869256805423E2
4.50000000000000000E0	2.72999999999999998E9	-1.44685128614754355E2
4.50000000000000000E0	2.73999999999999977E9	-1.44855514043348288E2
4.50000000000000000E0	2.75000000000000000E9	-1.45021642947486473E2
4.50000000000000000E0	2.76000000000000023E9	-1.45184019189182534E2
4.50000000000000000E0	2.77000000000000002E9	-1.45343054563962459E2
4.50000000000000000E0	2.78000000000000025E9	-1.45499086158704105E2
4.50000000000000000E0	2.79000000000000004E9	-1.45652390272113563E2
4.50000000000000000E0	2.79999999999999982E9	-1.45803193727075242E2
4.50000000000000000E0	2.81000000000000005E9	-1.45951683072268179E2
4.50000000000000000E0	2.81999999999999984E9	-1.46098011970718966E2
4.50000000000000000E0	2.83000000000000007E9	-1.46242307302040864E2
4.50000000000000000E0	2.83999999999999986E9	-1.46384674097008993E2
4.50000000000000000E0	2.85000000000000009E9	-1.46525199570329923E2
4.50000000000000000E0	2.86000000000000032E9	-1.46663956406632190E2
4.50000000000000000E0	2.87000000000000011E9	-1.46801005429107168E2
4.50000000000000000E0	2.87999999999999989E9	-1.46936397900421167E2
4.50000000000000000E0	2.88999999999999968E9	-1.47070177182569717E2
4.50000000000000000E0	2.89999999999999991E9	-1.47202380301316049E2
4.50000000000000000E0	2.91000000000000014E9	-1.47333039137275157E2
4.50000000000000000E0	2.91999999999999993E9	-1.47462181398110381E2
4.50000000000000000E0	2.93000000000000016E9	-1.47589831414869788E2
4.50000000000000000E0	2.93999999999999995E9	-1.47716010788197183E2
4.50000000000000000E0	2.95000000000000018E9	-1.47840738972915009E2
4.50000000000000000E0	2.95999999999999996E9	-1.47964033607163858E2
4.50000000000000000E0	2.96999999999999975E9	-1.48085910957232758E2
4.50000000000000000E0	2.97999999999999998E9	-1.48206386195535300E2
4.50000000000000000E0	2.98999999999999977E9	-1.48325473471258595E2
4.50000000000000000E0	3.00000000000000000E9	-1.48443186346460543E2

var_c	indep(index, 1)	plot_vs(pnmx, noisefreq)[24, ::]
4.59999999999999964E0	2.00000000000000000E9	-1.47668639308116045E2
4.59999999999999964E0	2.01000000000000023E9	-1.47556225405188624E2
4.59999999999999964E0	2.02000000000000002E9	-1.47442037341497456E2
4.59999999999999964E0	2.03000000000000025E9	-1.47326061490228888E2
4.59999999999999964E0	2.04000000000000004E9	-1.47208282770249355E2
4.59999999999999964E0	2.04999999999999982E9	-1.47088684208924692E2
4.59999999999999964E0	2.06000000000000005E9	-1.46967246576082999E2
4.59999999999999964E0	2.06999999999999984E9	-1.46843947825122334E2
4.59999999999999964E0	2.08000000000000007E9	-1.46718762457027707E2
4.59999999999999964E0	2.08999999999999986E9	-1.46591660680884273E2
4.59999999999999964E0	2.10000000000000009E9	-1.46462607498923170E2
4.59999999999999964E0	2.11000000000000032E9	-1.46331561445471658E2
4.59999999999999964E0	2.12000000000000011E9	-1.46198473237493776E2
4.59999999999999964E0	2.12999999999999989E9	-1.46063283867350946E2
4.59999999999999964E0	2.13999999999999968E9	-1.45925922550018616E2
4.59999999999999964E0	2.14999999999999991E9	-1.45786304077133666E2
4.59999999999999964E0	2.16000000000000014E9	-1.45644325510087969E2
4.59999999999999964E0	2.16999999999999993E9	-1.45499862384695922E2
4.59999999999999964E0	2.18000000000000016E9	-1.45352763776078753E2
4.59999999999999964E0	2.18999999999999995E9	-1.45202846470833746E2
4.59999999999999964E0	2.20000000000000018E9	-1.45049887742245120E2
4.59999999999999964E0	2.20999999999999996E9	-1.44893616468622932E2
4.59999999999999964E0	2.21999999999999975E9	-1.44733702162883104E2
4.59999999999999964E0	2.22999999999999998E9	-1.44569741565905785E2
4.59999999999999964E0	2.23999999999999977E9	-1.44401241828934745E2
4.59999999999999964E0	2.25000000000000000E9	-1.44227599884364421E2
4.59999999999999964E0	2.26000000000000023E9	-1.44048076615405551E2
4.59999999999999964E0	2.27000000000000002E9	-1.43861764564624761E2
4.59999999999999964E0	2.28000000000000025E9	-1.43667547588766298E2
4.59999999999999964E0	2.29000000000000004E9	-1.43464049921006409E2
4.59999999999999964E0	2.29999999999999982E9	-1.43249571888038973E2
4.59999999999999964E0	2.31000000000000005E9	-1.43022008230822117E2
4.59999999999999964E0	2.31999999999999984E9	-1.42778743988958801E2
4.59999999999999964E0	2.33000000000000007E9	-1.42516521166276644E2
4.59999999999999964E0	2.33999999999999986E9	-1.42231266750395369E2
4.59999999999999964E0	2.35000000000000009E9	-1.41917870270883917E2
4.59999999999999964E0	2.36000000000000032E9	-1.41569893695608284E2
4.59999999999999964E0	2.37000000000000011E9	-1.41179190187615444E2
4.59999999999999964E0	2.37999999999999989E9	-1.40735397405121465E2
4.59999999999999964E0	2.38999999999999968E9	-1.40225253152050788E2
4.59999999999999964E0	2.39999999999999991E9	-1.39631645529014126E2
4.59999999999999964E0	2.41000000000000014E9	-1.38932237045684936E2
4.59999999999999964E0	2.41999999999999993E9	-1.38097319574103317E2
4.59999999999999964E0	2.43000000000000016E9	-1.37086062234391592E2
4.59999999999999964E0	2.43999999999999995E9	-1.35838784761645348E2
4.59999999999999964E0	2.45000000000000018E9	-1.34257747853505349E2
4.59999999999999964E0	2.45999999999999996E9	-1.32152015849054583E2
4.59999999999999964E0	2.46999999999999975E9	-1.29094305995449155E2
4.59999999999999964E0	2.47999999999999998E9	-1.24705883053399580E2
4.59999999999999964E0	2.48999999999999977E9	-1.24990761628528491E2
4.59999999999999964E0	2.50000000000000000E9	-1.29493252224141142E2
4.59999999999999964E0	2.51000000000000023E9	-1.32513628496872737E2
4.59999999999999964E0	2.52000000000000002E9	-1.34602986037833117E2
4.59999999999999964E0	2.53000000000000025E9	-1.36178394982523931E2
4.59999999999999964E0	2.54000000000000004E9	-1.37424135390071123E2
4.59999999999999964E0	2.54999999999999982E9	-1.38435151222697161E2
4.59999999999999964E0	2.56000000000000005E9	-1.39269884141571620E2
4.59999999999999964E0	2.56999999999999984E9	-1.39968642127075182E2
4.59999999999999964E0	2.58000000000000007E9	-1.40560979062521385E2
4.59999999999999964E0	2.58999999999999986E9	-1.41069267436624224E2
4.59999999999999964E0	2.60000000000000009E9	-1.41510741405490315E2
4.59999999999999964E0	2.61000000000000032E9	-1.41898814666520079E2
4.59999999999999964E0	2.62000000000000011E9	-1.42243999209171701E2
4.59999999999999964E0	2.62999999999999989E9	-1.42554574997841965E2
4.59999999999999964E0	2.63999999999999968E9	-1.42837091090338042E2
4.59999999999999964E0	2.64999999999999991E9	-1.43096746668759689E2
4.59999999999999964E0	2.66000000000000014E9	-1.43337683258509285E2
4.59999999999999964E0	2.66999999999999993E9	-1.43563210186984014E2
4.59999999999999964E0	2.68000000000000016E9	-1.43775979740143778E2
4.59999999999999964E0	2.68999999999999995E9	-1.43978123463574037E2
4.59999999999999964E0	2.70000000000000018E9	-1.44171358719726417E2
4.59999999999999964E0	2.70999999999999996E9	-1.44357072527699271E2
4.59999999999999964E0	2.71999999999999975E9	-1.44536387515020581E2
4.59999999999999964E0	2.72999999999999998E9	-1.44710214084484967E2
4.59999999999999964E0	2.73999999999999977E9	-1.44879291906611529E2
4.59999999999999964E0	2.75000000000000000E9	-1.45044222905718856E2
4.59999999999999964E0	2.76000000000000023E9	-1.45205497671109729E2
4.59999999999999964E0	2.77000000000000002E9	-1.45363516621350564E2
4.59999999999999964E0	2.78000000000000025E9	-1.45518607012610679E2
4.59999999999999964E0	2.79000000000000004E9	-1.45671036680009536E2
4.59999999999999964E0	2.79999999999999982E9	-1.45821025151027506E2
4.59999999999999964E0	2.81000000000000005E9	-1.45968752612188313E2
4.59999999999999964E0	2.81999999999999984E9	-1.46114367249376076E2
4.59999999999999964E0	2.83000000000000007E9	-1.46257991139715582E2
4.59999999999999964E0	2.83999999999999986E9	-1.46399725118755697E2
4.59999999999999964E0	2.85000000000000009E9	-1.46539652753032112E2
4.59999999999999964E0	2.86000000000000032E9	-1.46677843481968839E2
4.59999999999999964E0	2.87000000000000011E9	-1.46814355336303537E2
4.59999999999999964E0	2.87999999999999989E9	-1.46949237024673462E2
4.59999999999999964E0	2.88999999999999968E9	-1.47082529693225239E2
4.59999999999999964E0	2.89999999999999991E9	-1.47214268417199690E2
4.59999999999999964E0	2.91000000000000014E9	-1.47344483298395001E2
4.59999999999999964E0	2.91999999999999993E9	-1.47473200454737841E2
4.59999999999999964E0	2.93000000000000016E9	-1.47600442819515076E2
4.59999999999999964E0	2.93999999999999995E9	-1.47726230714236051E2
4.59999999999999964E0	2.95000000000000018E9	-1.47850582432238675E2
4.59999999999999964E0	2.95999999999999996E9	-1.47973514577995457E2
4.59999999999999964E0	2.96999999999999975E9	-1.48095042473593241E2
4.59999999999999964E0	2.97999999999999998E9	-1.48215180379170253E2
4.59999999999999964E0	2.98999999999999977E9	-1.48333941772208489E2
4.59999999999999964E0	3.00000000000000000E9	-1.48451339346837341E2

var_c	indep(index, 1)	plot_vs(pnmx, noisefreq)[25, ::]
4.69999999999999929E0	2.00000000000000000E9	-1.47660470701142121E2
4.69999999999999929E0	2.01000000000000023E9	-1.47548180179855182E2
4.69999999999999929E0	2.02000000000000002E9	-1.47434125197417298E2
4.69999999999999929E0	2.03000000000000025E9	-1.47318292824819919E2
4.69999999999999929E0	2.04000000000000004E9	-1.47200668656461486E2
4.69999999999999929E0	2.04999999999999982E9	-1.47081236530130943E2
4.69999999999999929E0	2.06000000000000005E9	-1.46959978008022096E2
4.69999999999999929E0	2.06999999999999984E9	-1.46836871903586030E2
4.69999999999999929E0	2.08000000000000007E9	-1.46711893637210178E2
4.69999999999999929E0	2.08999999999999986E9	-1.46585014387352741E2
4.69999999999999929E0	2.10000000000000009E9	-1.46456200158020011E2
4.69999999999999929E0	2.11000000000000032E9	-1.46325410572593206E2
4.69999999999999929E0	2.12000000000000011E9	-1.46192597447741024E2
4.69999999999999929E0	2.12999999999999989E9	-1.46057702926121413E2
4.69999999999999929E0	2.13999999999999968E9	-1.45920657444224955E2
4.69999999999999929E0	2.14999999999999991E9	-1.45781376969484167E2
4.69999999999999929E0	2.16000000000000014E9	-1.45639759802284341E2
4.69999999999999929E0	2.16999999999999993E9	-1.45495682670043935E2
4.69999999999999929E0	2.18000000000000016E9	-1.45348995784594548E2
4.69999999999999929E0	2.18999999999999995E9	-1.45199516982943599E2
4.69999999999999929E0	2.20000000000000018E9	-1.45047024438154404E2
4.69999999999999929E0	2.20999999999999996E9	-1.44891247652661947E2
4.69999999999999929E0	2.21999999999999975E9	-1.44731856447702922E2
4.69999999999999929E0	2.22999999999999998E9	-1.44568447304898062E2
4.69999999999999929E0	2.23999999999999977E9	-1.44400526453315092E2
4.69999999999999929E0	2.25000000000000000E9	-1.44227488853580899E2
4.69999999999999929E0	2.26000000000000023E9	-1.44048592016432564E2
4.69999999999999929E0	2.27000000000000002E9	-1.43862923190194048E2
4.69999999999999929E0	2.28000000000000025E9	-1.43669358279815329E2
4.69999999999999929E0	2.29000000000000004E9	-1.43466509862187253E2
4.69999999999999929E0	2.29999999999999982E9	-1.43252661500028289E2
4.69999999999999929E0	2.31000000000000005E9	-1.43025684132619579E2
4.69999999999999929E0	2.31999999999999984E9	-1.42782929193425101E2
4.69999999999999929E0	2.33000000000000007E9	-1.42521091365412755E2
4.69999999999999929E0	2.33999999999999986E9	-1.42236031201888347E2
4.69999999999999929E0	2.35000000000000009E9	-1.41922544842963960E2
4.69999999999999929E0	2.36000000000000032E9	-1.41574062639892251E2
4.69999999999999929E0	2.37000000000000011E9	-1.41182251742945519E2
4.69999999999999929E0	2.37999999999999989E9	-1.40736485818801249E2
4.69999999999999929E0	2.38999999999999968E9	-1.40223125569469054E2
4.69999999999999929E0	2.39999999999999991E9	-1.39624516465044612E2
4.69999999999999929E0	2.41000000000000014E9	-1.38917531443425868E2
4.69999999999999929E0	2.41999999999999993E9	-1.38071295374117264E2
4.69999999999999929E0	2.43000000000000016E9	-1.37043211247808716E2
4.69999999999999929E0	2.43999999999999995E9	-1.35770811658487500E2
4.69999999999999929E0	2.45000000000000018E9	-1.34151587781820103E2
4.69999999999999929E0	2.45999999999999996E9	-1.31985314744016935E2
4.69999999999999929E0	2.46999999999999975E9	-1.28829382439354556E2
4.69999999999999929E0	2.47999999999999998E9	-1.24411987681220304E2
4.69999999999999929E0	2.48999999999999977E9	-1.25305572644493601E2
4.69999999999999929E0	2.50000000000000000E9	-1.29724856543975875E2
4.69999999999999929E0	2.51000000000000023E9	-1.32677446753696304E2
4.69999999999999929E0	2.52000000000000002E9	-1.34738528896024889E2
4.69999999999999929E0	2.53000000000000025E9	-1.36298580869062080E2
4.69999999999999929E0	2.54000000000000004E9	-1.37532777511292759E2
4.69999999999999929E0	2.54999999999999982E9	-1.38533669963402639E2
4.69999999999999929E0	2.56000000000000005E9	-1.39359176953293185E2
4.69999999999999929E0	2.56999999999999984E9	-1.40049531697500473E2
4.69999999999999929E0	2.58000000000000007E9	-1.40634284700729539E2
4.69999999999999929E0	2.58999999999999986E9	-1.41135789901145370E2
4.69999999999999929E0	2.60000000000000009E9	-1.41571237787166693E2
4.69999999999999929E0	2.61000000000000032E9	-1.41953981105487426E2
4.69999999999999929E0	2.62000000000000011E9	-1.42294462408389055E2
4.69999999999999929E0	2.62999999999999989E9	-1.42600890763872279E2
4.69999999999999929E0	2.63999999999999968E9	-1.42879747417423286E2
4.69999999999999929E0	2.64999999999999991E9	-1.43136168966557920E2
4.69999999999999929E0	2.66000000000000014E9	-1.43374240749492232E2
4.69999999999999929E0	2.66999999999999993E9	-1.43597222571465633E2
4.69999999999999929E0	2.68000000000000016E9	-1.43807723503129781E2
4.69999999999999929E0	2.68999999999999995E9	-1.44007837681291884E2
4.69999999999999929E0	2.70000000000000018E9	-1.44199250381432797E2
4.69999999999999929E0	2.70999999999999996E9	-1.44383321040789903E2
4.69999999999999929E0	2.71999999999999975E9	-1.44561148703584585E2
4.69999999999999929E0	2.72999999999999998E9	-1.44733623640345233E2
4.69999999999999929E0	2.73999999999999977E9	-1.44901468261655908E2
4.69999999999999929E0	2.75000000000000000E9	-1.45065269763294435E2
4.69999999999999929E0	2.76000000000000023E9	-1.45225506094705392E2
4.69999999999999929E0	2.77000000000000002E9	-1.45382566843166261E2
4.69999999999999929E0	2.78000000000000025E9	-1.45536769953832890E2
4.69999999999999929E0	2.79000000000000004E9	-1.45688375259213498E2
4.69999999999999929E0	2.79999999999999982E9	-1.45837595330519143E2
4.69999999999999929E0	2.81000000000000005E9	-1.45984604396286732E2
4.69999999999999929E0	2.81999999999999984E9	-1.46129545419264928E2
4.69999999999999929E0	2.83000000000000007E9	-1.46272535953113980E2
4.69999999999999929E0	2.83999999999999986E9	-1.46413672915345594E2
4.69999999999999929E0	2.85000000000000009E9	-1.46553036368383016E2
4.69999999999999929E0	2.86000000000000032E9	-1.46690692760073538E2
4.69999999999999929E0	2.87000000000000011E9	-1.46826697427728647E2
4.69999999999999929E0	2.87999999999999989E9	-1.46961096725508700E2
4.69999999999999929E0	2.88999999999999968E9	-1.47093929715928873E2
4.69999999999999929E0	2.89999999999999991E9	-1.47225229607072294E2
4.69999999999999929E0	2.91000000000000014E9	-1.47355024852333316E2
4.69999999999999929E0	2.91999999999999993E9	-1.47483340075197122E2
4.69999999999999929E0	2.93000000000000016E9	-1.47610196885548062E2
4.69999999999999929E0	2.93999999999999995E9	-1.47735614411595240E2
4.69999999999999929E0	2.95000000000000018E9	-1.47859609845671214E2
4.69999999999999929E0	2.95999999999999996E9	-1.47982198842413437E2
4.69999999999999929E0	2.96999999999999975E9	-1.48103395819937900E2
4.69999999999999929E0	2.97999999999999998E9	-1.48223214251747448E2
4.69999999999999929E0	2.98999999999999977E9	-1.48341666796249960E2
4.69999999999999929E0	3.00000000000000000E9	-1.48458765574091411E2

var_c	indep(index, 1)	plot_vs(pnmx, noisefreq)[26, ::]
4.79999999999999893E0	2.00000000000000000E9	-1.47652326688683688E2
4.79999999999999893E0	2.01000000000000023E9	-1.47540153157080622E2
4.79999999999999893E0	2.02000000000000002E9	-1.47426224444300269E2
4.79999999999999893E0	2.03000000000000025E9	-1.47310528262101315E2
4.79999999999999893E0	2.04000000000000004E9	-1.47193050882379062E2
4.79999999999999893E0	2.04999999999999982E9	-1.47073776848688564E2
4.79999999999999893E0	2.06000000000000005E9	-1.46952688549864319E2
4.79999999999999893E0	2.06999999999999984E9	-1.46829765599813600E2
4.79999999999999893E0	2.08000000000000007E9	-1.46704984286351592E2
4.79999999999999893E0	2.08999999999999986E9	-1.46578316728783831E2
4.79999999999999893E0	2.10000000000000009E9	-1.46449729913753224E2
4.79999999999999893E0	2.11000000000000032E9	-1.46319184470860986E2
4.79999999999999893E0	2.12000000000000011E9	-1.46186633272034494E2
4.79999999999999893E0	2.12999999999999989E9	-1.46052019603367467E2
4.79999999999999893E0	2.13999999999999968E9	-1.45915275023789937E2
4.79999999999999893E0	2.14999999999999991E9	-1.45776316652181270E2
4.79999999999999893E0	2.16000000000000014E9	-1.45635043993557822E2
4.79999999999999893E0	2.16999999999999993E9	-1.45491334899009361E2
4.79999999999999893E0	2.18000000000000016E9	-1.45345040678919046E2
4.79999999999999893E0	2.18999999999999995E9	-1.45195980222180721E2
4.79999999999999893E0	2.20000000000000018E9	-1.45043932521558894E2
4.79999999999999893E0	2.20999999999999996E9	-1.44888627737087505E2
4.79999999999999893E0	2.21999999999999975E9	-1.44729735960738393E2
4.79999999999999893E0	2.22999999999999998E9	-1.44566853508441939E2
4.79999999999999893E0	2.23999999999999977E9	-1.44399485694993834E2
4.79999999999999893E0	2.25000000000000000E9	-1.44227025633390094E2
4.79999999999999893E0	2.26000000000000023E9	-1.44048727646627461E2
4.79999999999999893E0	2.27000000000000002E9	-1.43863673964818695E2
4.79999999999999893E0	2.28000000000000025E9	-1.43670732869954554E2
4.79999999999999893E0	2.29000000000000004E9	-1.43468505777529742E2
4.79999999999999893E0	2.29999999999999982E9	-1.43255260194883127E2
4.79999999999999893E0	2.31000000000000005E9	-1.43028844208726058E2
4.79999999999999893E0	2.31999999999999984E9	-1.42786576859357894E2
4.79999999999999893E0	2.33000000000000007E9	-1.42525107229246450E2
4.79999999999999893E0	2.33999999999999986E9	-1.42240231610206069E2
4.79999999999999893E0	2.35000000000000009E9	-1.41926655470386098E2
4.79999999999999893E0	2.36000000000000032E9	-1.41577681349195039E2
4.79999999999999893E0	2.37000000000000011E9	-1.41184794998111673E2
4.79999999999999893E0	2.37999999999999989E9	-1.40737111927199510E2
4.79999999999999893E0	2.38999999999999968E9	-1.40220622697803243E2
4.79999999999999893E0	2.39999999999999991E9	-1.39617138145595954E2
4.79999999999999893E0	2.41000000000000014E9	-1.38902749619947730E2
4.79999999999999893E0	2.41999999999999993E9	-1.38045421392442091E2
4.79999999999999893E0	2.43000000000000016E9	-1.37000790244700199E2
4.79999999999999893E0	2.43999999999999995E9	-1.35703586940888199E2
4.79999999999999893E0	2.45000000000000018E9	-1.34046500959811032E2
4.79999999999999893E0	2.45999999999999996E9	-1.31820024208616116E2
4.79999999999999893E0	2.46999999999999975E9	-1.28567708603863440E2
4.79999999999999893E0	2.47999999999999998E9	-1.24128837984074902E2
4.79999999999999893E0	2.48999999999999977E9	-1.25607410400920294E2
4.79999999999999893E0	2.50000000000000000E9	-1.29942207349183048E2
4.79999999999999893E0	2.51000000000000023E9	-1.32833887010565754E2
4.79999999999999893E0	2.52000000000000002E9	-1.34868958919077753E2
4.79999999999999893E0	2.53000000000000025E9	-1.36414197547687621E2
4.79999999999999893E0	2.54000000000000004E9	-1.37636984093128989E2
4.79999999999999893E0	2.54999999999999982E9	-1.38627852895577353E2
4.79999999999999893E0	2.56000000000000005E9	-1.39444277939733663E2
4.79999999999999893E0	2.56999999999999984E9	-1.40126417114481217E2
4.79999999999999893E0	2.58000000000000007E9	-1.40703800916771060E2
4.79999999999999893E0	2.58999999999999986E9	-1.41198748850058875E2
4.79999999999999893E0	2.60000000000000009E9	-1.41628396093578113E2
4.79999999999999893E0	2.61000000000000032E9	-1.42006026827709908E2
4.79999999999999893E0	2.62000000000000011E9	-1.42342009770176992E2
4.79999999999999893E0	2.62999999999999989E9	-1.42644481140236468E2
4.79999999999999893E0	2.63999999999999968E9	-1.42919853446037548E2
4.79999999999999893E0	2.64999999999999991E9	-1.43173201007842121E2
4.79999999999999893E0	2.66000000000000014E9	-1.43408553700906216E2
4.79999999999999893E0	2.66999999999999993E9	-1.43629122758397010E2
4.79999999999999893E0	2.68000000000000016E9	-1.43837475212507004E2
4.79999999999999893E0	2.68999999999999995E9	-1.44035668979660070E2
4.79999999999999893E0	2.70000000000000018E9	-1.44225358293120509E2
4.79999999999999893E0	2.70999999999999996E9	-1.44407876092311627E2
4.79999999999999893E0	2.71999999999999975E9	-1.44584298786158572E2
4.79999999999999893E0	2.72999999999999998E9	-1.44755497365984809E2
4.79999999999999893E0	2.73999999999999977E9	-1.44922177767374150E2
4.79999999999999893E0	2.75000000000000000E9	-1.45084913131527715E2
4.79999999999999893E0	2.76000000000000023E9	-1.45244169385731503E2
4.79999999999999893E0	2.77000000000000002E9	-1.45400325820736409E2
4.79999999999999893E0	2.78000000000000025E9	-1.45553691548351005E2
4.79999999999999893E0	2.79000000000000004E9	-1.45704518777254122E2
4.79999999999999893E0	2.79999999999999982E9	-1.45853013548167643E2
4.79999999999999893E0	2.81000000000000005E9	-1.45999344398240161E2
4.79999999999999893E0	2.81999999999999984E9	-1.46143649379892615E2
4.79999999999999893E0	2.83000000000000007E9	-1.46286041785028198E2
4.79999999999999893E0	2.83999999999999986E9	-1.46426614786675735E2
4.79999999999999893E0	2.85000000000000009E9	-1.46565445196805477E2
4.79999999999999893E0	2.86000000000000032E9	-1.46702596595446044E2
4.79999999999999893E0	2.87000000000000011E9	-1.46838121818011524E2
4.79999999999999893E0	2.87999999999999989E9	-1.46972064973046512E2
4.79999999999999893E0	2.88999999999999968E9	-1.47104463177510292E2
4.79999999999999893E0	2.89999999999999991E9	-1.47235347877983758E2
4.79999999999999893E0	2.91000000000000014E9	-1.47364745970268740E2
4.79999999999999893E0	2.91999999999999993E9	-1.47492680694719436E2
4.79999999999999893E0	2.93000000000000016E9	-1.47619172402482746E2
4.79999999999999893E0	2.93999999999999995E9	-1.47744239096938079E2
4.79999999999999893E0	2.95000000000000018E9	-1.47867896954601674E2
4.79999999999999893E0	2.95999999999999996E9	-1.47990160717996888E2
4.79999999999999893E0	2.96999999999999975E9	-1.48111043962078837E2
4.79999999999999893E0	2.97999999999999998E9	-1.48230559378617999E2
4.79999999999999893E0	2.98999999999999977E9	-1.48348718966373627E2
4.79999999999999893E0	3.00000000000000000E9	-1.48465534202470240E2

var_c	indep(index, 1)	plot_vs(pnmx, noisefreq)[27, ::]
4.89999999999999858E0	2.00000000000000000E9	-1.47644224510323352E2
4.89999999999999858E0	2.01000000000000023E9	-1.47532162043717907E2
4.89999999999999858E0	2.02000000000000002E9	-1.47418353231983823E2
4.89999999999999858E0	2.03000000000000025E9	-1.47302786386613094E2
4.89999999999999858E0	2.04000000000000004E9	-1.47185448517543405E2
4.89999999999999858E0	2.04999999999999982E9	-1.47066324822600714E2
4.89999999999999858E0	2.06000000000000005E9	-1.46945398408488703E2
4.89999999999999858E0	2.06999999999999984E9	-1.46822649713407682E2
4.89999999999999858E0	2.08000000000000007E9	-1.46698055854317655E2
4.89999999999999858E0	2.08999999999999986E9	-1.46571589837175886E2
4.89999999999999858E0	2.10000000000000009E9	-1.46443219584555973E2
4.89999999999999858E0	2.11000000000000032E9	-1.46312906699923073E2
4.89999999999999858E0	2.12000000000000011E9	-1.46180605093473082E2
4.89999999999999858E0	2.12999999999999989E9	-1.46046259102575049E2
4.89999999999999858E0	2.13999999999999968E9	-1.45909801380625970E2
4.89999999999999858E0	2.14999999999999991E9	-1.45771150182630893E2
4.89999999999999858E0	2.16000000000000014E9	-1.45630206110169991E2
4.89999999999999858E0	2.16999999999999993E9	-1.45486848135302482E2
4.89999999999999858E0	2.18000000000000016E9	-1.45340928654514756E2
4.89999999999999858E0	2.18999999999999995E9	-1.45192267487284665E2
4.89999999999999858E0	2.20000000000000018E9	-1.45040644497920512E2
4.89999999999999858E0	2.20999999999999996E9	-1.44885790454452379E2
4.89999999999999858E0	2.21999999999999975E9	-1.44727375748189546E2
4.89999999999999858E0	2.22999999999999998E9	-1.44564996489493214E2
4.89999999999999858E0	2.23999999999999977E9	-1.44398157205013966E2
4.89999999999999858E0	2.25000000000000000E9	-1.44226249248791216E2
4.89999999999999858E0	2.26000000000000023E9	-1.44048523915977311E2
4.89999999999999858E0	2.27000000000000002E9	-1.43864058616582691E2
4.89999999999999858E0	2.28000000000000025E9	-1.43671714337408263E2
4.89999999999999858E0	2.29000000000000004E9	-1.43470081854054321E2
4.89999999999999858E0	2.29999999999999982E9	-1.43257413242325571E2
4.89999999999999858E0	2.31000000000000005E9	-1.43031534592932874E2
4.89999999999999858E0	2.31999999999999984E9	-1.42789733772228855E2
4.89999999999999858E0	2.33000000000000007E9	-1.42528615796456903E2
4.89999999999999858E0	2.33999999999999986E9	-1.42243914733765053E2
4.89999999999999858E0	2.35000000000000009E9	-1.41930248275801207E2
4.89999999999999858E0	2.36000000000000032E9	-1.41580794541272637E2
4.89999999999999858E0	2.37000000000000011E9	-1.41186862547688419E2
4.89999999999999858E0	2.37999999999999989E9	-1.40737315141290176E2
4.89999999999999858E0	2.38999999999999968E9	-1.40217780096801437E2
4.89999999999999858E0	2.39999999999999991E9	-1.39609541413815963E2
4.89999999999999858E0	2.41000000000000014E9	-1.38887917480462764E2
4.89999999999999858E0	2.41999999999999993E9	-1.38019719070425895E2
4.89999999999999858E0	2.43000000000000016E9	-1.36958817792388854E2
4.89999999999999858E0	2.43999999999999995E9	-1.35637131655841725E2
4.89999999999999858E0	2.45000000000000018E9	-1.33942518617961692E2
4.89999999999999858E0	2.45999999999999996E9	-1.31656214910149316E2
4.89999999999999858E0	2.46999999999999975E9	-1.28309652145621955E2
4.89999999999999858E0	2.47999999999999998E9	-1.23833776372389548E2
4.89999999999999858E0	2.48999999999999977E9	-1.25896190310306832E2
4.89999999999999858E0	2.50000000000000000E9	-1.30146874973267290E2
4.89999999999999858E0	2.51000000000000023E9	-1.32983599460654145E2
4.89999999999999858E0	2.52000000000000002E9	-1.34994550940308811E2
4.89999999999999858E0	2.53000000000000025E9	-1.36525436886327034E2
4.89999999999999858E0	2.54000000000000004E9	-1.37736949735619407E2
4.89999999999999858E0	2.54999999999999982E9	-1.38717912744180749E2
4.89999999999999858E0	2.56000000000000005E9	-1.39525414983491247E2
4.89999999999999858E0	2.56999999999999984E9	-1.40199534357828304E2
4.89999999999999858E0	2.58000000000000007E9	-1.40769765352171738E2
4.89999999999999858E0	2.58999999999999986E9	-1.41258378856858124E2
4.89999999999999858E0	2.60000000000000009E9	-1.41682444681292852E2
4.89999999999999858E0	2.61000000000000032E9	-1.42055172016655384E2
4.89999999999999858E0	2.62000000000000011E9	-1.42386852461696978E2
4.89999999999999858E0	2.62999999999999989E9	-1.42685547622538178E2
4.89999999999999858E0	2.63999999999999968E9	-1.42957601166567128E2
4.89999999999999858E0	2.64999999999999991E9	-1.43208025476427236E2
4.89999999999999858E0	2.66000000000000014E9	-1.43440795891210038E2
4.89999999999999858E0	2.66999999999999993E9	-1.43659076173931655E2
4.89999999999999858E0	2.68000000000000016E9	-1.43865392453232732E2
4.89999999999999858E0	2.68999999999999995E9	-1.44061767606698399E2
4.89999999999999858E0	2.70000000000000018E9	-1.44249825931499376E2
4.89999999999999858E0	2.70999999999999996E9	-1.44430874880244264E2
4.89999999999999858E0	2.71999999999999975E9	-1.44605969153122427E2
4.89999999999999858E0	2.72999999999999998E9	-1.44775961272306453E2
4.89999999999999858E0	2.73999999999999977E9	-1.44941541458809642E2
4.89999999999999858E0	2.75000000000000000E9	-1.45103269455900885E2
4.89999999999999858E0	2.76000000000000023E9	-1.45261599731620761E2
4.89999999999999858E0	2.77000000000000002E9	-1.45416901777439822E2
4.89999999999999858E0	2.78000000000000025E9	-1.45569476331908065E2
4.89999999999999858E0	2.79000000000000004E9	-1.45719568366969177E2
4.89999999999999858E0	2.79999999999999982E9	-1.45867377736084247E2
4.89999999999999858E0	2.81000000000000005E9	-1.46013067574579658E2
4.89999999999999858E0	2.81999999999999984E9	-1.46156771307852962E2
4.89999999999999858E0	2.83000000000000007E9	-1.46298598173623562E2
4.89999999999999858E0	2.83999999999999986E9	-1.46438637822601314E2
4.89999999999999858E0	2.85000000000000009E9	-1.46576964005609556E2
4.89999999999999858E0	2.86000000000000032E9	-1.46713637587005108E2
4.89999999999999858E0	2.87000000000000011E9	-1.46848709027554203E2
4.89999999999999858E0	2.87999999999999989E9	-1.46982220360141769E2
4.89999999999999858E0	2.88999999999999968E9	-1.47114206834403971E2
4.89999999999999858E0	2.89999999999999991E9	-1.47244698257987006E2
4.89999999999999858E0	2.91000000000000014E9	-1.47373720034212807E2
4.89999999999999858E0	2.91999999999999993E9	-1.47501294116957493E2
4.89999999999999858E0	2.93000000000000016E9	-1.47627439679469830E2
4.89999999999999858E0	2.93999999999999995E9	-1.47752173656436803E2
4.89999999999999858E0	2.95000000000000018E9	-1.47875511272668847E2
4.89999999999999858E0	2.95999999999999996E9	-1.47997466405847478E2
4.89999999999999858E0	2.96999999999999975E9	-1.48118051846559862E2
4.89999999999999858E0	2.97999999999999998E9	-1.48237279558207602E2
4.89999999999999858E0	2.98999999999999977E9	-1.48355160911967943E2
4.89999999999999858E0	3.00000000000000000E9	-1.48471706749213239E2

var_c	indep(index, 1)	plot_vs(pnmx, noisefreq)[28, ::]
4.99999999999999822E0	2.00000000000000000E9	-1.47636178568016496E2
4.99999999999999822E0	2.01000000000000023E9	-1.47524221577862757E2
4.99999999999999822E0	2.02000000000000002E9	-1.47410526702671318E2
4.99999999999999822E0	2.03000000000000025E9	-1.47295082872371275E2
4.99999999999999822E0	2.04000000000000004E9	-1.47177877655557454E2
4.99999999999999822E0	2.04999999999999982E9	-1.47058896991463595E2
4.99999999999999822E0	2.06000000000000005E9	-1.46938124658880831E2
4.99999999999999822E0	2.06999999999999984E9	-1.46815541879093070E2
4.99999999999999822E0	2.08000000000000007E9	-1.46691126560217899E2
4.99999999999999822E0	2.08999999999999986E9	-1.46564852557852321E2
4.99999999999999822E0	2.10000000000000009E9	-1.46436688675840321E2
4.99999999999999822E0	2.11000000000000032E9	-1.46306597489779167E2
4.99999999999999822E0	2.12000000000000011E9	-1.46174533858741174E2
4.99999999999999822E0	2.12999999999999989E9	-1.46040443161133338E2
4.99999999999999822E0	2.13999999999999968E9	-1.45904259093823141E2
4.99999999999999822E0	2.14999999999999991E9	-1.45765900986700614E2
4.99999999999999822E0	2.16000000000000014E9	-1.45625270522977379E2
4.99999999999999822E0	2.16999999999999993E9	-1.45482247722495295E2
4.99999999999999822E0	2.18000000000000016E9	-1.45336686021760864E2
4.99999999999999822E0	2.18999999999999995E9	-1.45188406205167242E2
4.99999999999999822E0	2.20000000000000018E9	-1.45037188910915416E2
4.99999999999999822E0	2.20999999999999996E9	-1.44882765502007516E2
4.99999999999999822E0	2.21999999999999975E9	-1.44724806681675711E2
4.99999999999999822E0	2.22999999999999998E9	-1.44562908409897184E2
4.99999999999999822E0	2.23999999999999977E9	-1.44396574426970004E2
4.99999999999999822E0	2.25000000000000000E9	-1.44225194425632752E2
4.99999999999999822E0	2.26000000000000023E9	-1.44048016808659662E2
4.99999999999999822E0	2.27000000000000002E9	-1.43864114384499642E2
4.99999999999999822E0	2.28000000000000025E9	-1.43672341183867358E2
4.99999999999999822E0	2.29000000000000004E9	-1.43471277761174631E2
4.99999999999999822E0	2.29999999999999982E9	-1.43259161335256913E2
4.99999999999999822E0	2.31000000000000005E9	-1.43033796840172100E2
4.99999999999999822E0	2.31999999999999984E9	-1.42792442075731962E2
4.99999999999999822E0	2.33000000000000007E9	-1.42531659507533615E2
4.99999999999999822E0	2.33999999999999986E9	-1.42247123014542609E2
4.99999999999999822E0	2.35000000000000009E9	-1.41933365042376813E2
4.99999999999999822E0	2.36000000000000032E9	-1.41583442738453069E2
4.99999999999999822E0	2.37000000000000011E9	-1.41188492781737018E2
4.99999999999999822E0	2.37999999999999989E9	-1.40737131244716185E2
4.99999999999999822E0	2.38999999999999968E9	-1.40214629656032397E2
4.99999999999999822E0	2.39999999999999991E9	-1.39601753733879352E2
4.99999999999999822E0	2.41000000000000014E9	-1.38873057688523716E2
4.99999999999999822E0	2.41999999999999993E9	-1.37994206482940984E2
4.99999999999999822E0	2.43000000000000016E9	-1.36917309587301728E2
4.99999999999999822E0	2.43999999999999995E9	-1.35571462509001739E2
4.99999999999999822E0	2.45000000000000018E9	-1.33839667714360244E2
4.99999999999999822E0	2.45999999999999996E9	-1.31493949589092685E2
4.99999999999999822E0	2.46999999999999975E9	-1.28055578818485616E2
4.99999999999999822E0	2.47999999999999998E9	-1.23471111773505160E2
4.99999999999999822E0	2.48999999999999977E9	-1.26171862772441856E2
4.99999999999999822E0	2.50000000000000000E9	-1.30340210098877529E2
4.99999999999999822E0	2.51000000000000023E9	-1.33127133954095633E2
4.99999999999999822E0	2.52000000000000002E9	-1.35115551945588441E2
4.99999999999999822E0	2.53000000000000025E9	-1.36632480865378625E2
4.99999999999999822E0	2.54000000000000004E9	-1.37832861683609531E2
4.99999999999999822E0	2.54999999999999982E9	-1.38804053406822780E2
4.99999999999999822E0	2.56000000000000005E9	-1.39602803891324312E2
4.99999999999999822E0	2.56999999999999984E9	-1.40269104666502309E2
4.99999999999999822E0	2.58000000000000007E9	-1.40832399233012318E2
4.99999999999999822E0	2.58999999999999986E9	-1.41314897026899722E2
4.99999999999999822E0	2.60000000000000009E9	-1.41733593878753128E2
4.99999999999999822E0	2.61000000000000032E9	-1.42101618845855926E2
4.99999999999999822E0	2.62000000000000011E9	-1.42429183623221967E2
4.99999999999999822E0	2.62999999999999989E9	-1.42724274193576894E2
4.99999999999999822E0	2.63999999999999968E9	-1.42993165413571477E2
4.99999999999999822E0	2.64999999999999991E9	-1.43240808434580313E2
4.99999999999999822E0	2.66000000000000014E9	-1.43471125047120340E2
4.99999999999999822E0	2.66999999999999993E9	-1.43687232706411461E2
4.99999999999999822E0	2.68000000000000016E9	-1.43891617846127873E2
4.99999999999999822E0	2.68999999999999995E9	-1.44086269427212366E2
4.99999999999999822E0	2.70000000000000018E9	-1.44272782911336717E2
4.99999999999999822E0	2.70999999999999996E9	-1.44452441233179574E2
4.99999999999999822E0	2.71999999999999975E9	-1.44626278311577416E2
4.99999999999999822E0	2.72999999999999998E9	-1.44795128952402563E2
4.99999999999999822E0	2.73999999999999977E9	-1.44959668403458752E2
4.99999999999999822E0	2.75000000000000000E9	-1.45120443576567770E2
4.99999999999999822E0	2.76000000000000023E9	-1.45277898075960277E2
4.99999999999999822E0	2.77000000000000002E9	-1.45432392069175132E2
4.99999999999999822E0	2.78000000000000025E9	-1.45584218299608104E2
4.99999999999999822E0	2.79000000000000004E9	-1.45733614916309562E2
4.99999999999999822E0	2.79999999999999982E9	-1.45880775853251921E2
4.99999999999999822E0	2.81000000000000005E9	-1.46025859187958273E2
4.99999999999999822E0	2.81999999999999984E9	-1.46168993905441136E2
4.99999999999999822E0	2.83000000000000007E9	-1.46310285446865329E2
4.99999999999999822E0	2.83999999999999986E9	-1.46449820129307873E2
4.99999999999999822E0	2.85000000000000009E9	-1.46587668797190629E2
4.99999999999999822E0	2.86000000000000032E9	-1.46723889758988801E2
4.99999999999999822E0	2.87000000000000011E9	-1.46858531234118117E2
4.99999999999999822E0	2.87999999999999989E9	-1.46991633285608181E2
4.99999999999999822E0	2.88999999999999968E9	-1.47123229419542323E2
4.99999999999999822E0	2.89999999999999991E9	-1.47253347856025929E2
4.99999999999999822E0	2.91000000000000014E9	-1.47382012668224682E2
4.99999999999999822E0	2.91999999999999993E9	-1.47509244553103169E2
4.99999999999999822E0	2.93000000000000016E9	-1.47635061550200497E2
4.99999999999999822E0	2.93999999999999995E9	-1.47759479623984435E2
4.99999999999999822E0	2.95000000000000018E9	-1.47882513099176349E2
4.99999999999999822E0	2.95999999999999996E9	-1.48004175025413831E2
4.99999999999999822E0	2.96999999999999975E9	-1.48124477455368830E2
4.99999999999999822E0	2.97999999999999998E9	-1.48243431707218365E2
4.99999999999999822E0	2.98999999999999977E9	-1.48361048502193249E2
4.99999999999999822E0	3.00000000000000000E9	-1.48477338124765801E2

var_c	indep(index, 1)	plot_vs(pnmx, noisefreq)[29, ::]
5.09999999999999787E0	2.00000000000000000E9	-1.47628200797046150E2
5.09999999999999787E0	2.01000000000000023E9	-1.47516344058773496E2
5.09999999999999787E0	2.02000000000000002E9	-1.47402757547756291E2
5.09999999999999787E0	2.03000000000000025E9	-1.47287430737171010E2
5.09999999999999787E0	2.04000000000000004E9	-1.47170351794402920E2
5.09999999999999787E0	2.04999999999999982E9	-1.47051507307362161E2
5.09999999999999787E0	2.06000000000000005E9	-1.46930881749235920E2
5.09999999999999787E0	2.06999999999999984E9	-1.46808457040523765E2
5.09999999999999787E0	2.08000000000000007E9	-1.46684211890565797E2
5.09999999999999787E0	2.08999999999999986E9	-1.46558120947621862E2
5.09999999999999787E0	2.10000000000000009E9	-1.46430153873837665E2
5.09999999999999787E0	2.11000000000000032E9	-1.46300274144648634E2
5.09999999999999787E0	2.12000000000000011E9	-1.46168437584669042E2
5.09999999999999787E0	2.12999999999999989E9	-1.46034590518694896E2
5.09999999999999787E0	2.13999999999999968E9	-1.45898667679292315E2
5.09999999999999787E0	2.14999999999999991E9	-1.45760589389242012E2
5.09999999999999787E0	2.16000000000000014E9	-1.45620258408890391E2
5.09999999999999787E0	2.16999999999999993E9	-1.45477555764854971E2
5.09999999999999787E0	2.18000000000000016E9	-1.45332335872758489E2
5.09999999999999787E0	2.18999999999999995E9	-1.45184420414942017E2
5.09999999999999787E0	2.20000000000000018E9	-1.45033590831773540E2
5.09999999999999787E0	2.20999999999999996E9	-1.44879579069796027E2
5.09999999999999787E0	2.21999999999999975E9	-1.44722056092165330E2
5.09999999999999787E0	2.22999999999999998E9	-1.44560617751365150E2
5.09999999999999787E0	2.23999999999999977E9	-1.44394767019024250E2
5.09999999999999787E0	2.25000000000000000E9	-1.44223892039775392E2
5.09999999999999787E0	2.26000000000000023E9	-1.44047238428701974E2
5.09999999999999787E0	2.27000000000000002E9	-1.43863874601784625E2
5.09999999999999787E0	2.28000000000000025E9	-1.43672647944165455E2
5.09999999999999787E0	2.29000000000000004E9	-1.43472129095881540E2
5.09999999999999787E0	2.29999999999999982E9	-1.43260541096750460E2
5.09999999999999787E0	2.31000000000000005E9	-1.43035668461874499E2
5.09999999999999787E0	2.31999999999999984E9	-1.42794739957044681E2
5.09999999999999787E0	2.33000000000000007E9	-1.42534276896698731E2
5.09999999999999787E0	2.33999999999999986E9	-1.42249894884910533E2
5.09999999999999787E0	2.35000000000000009E9	-1.41936043668756073E2
5.09999999999999787E0	2.36000000000000032E9	-1.41585662761466757E2
5.09999999999999787E0	2.37000000000000011E9	-1.41189720819045550E2
5.09999999999999787E0	2.37999999999999989E9	-1.40736592586135512E2
5.09999999999999787E0	2.38999999999999968E9	-1.40211200322034557E2
5.09999999999999787E0	2.39999999999999991E9	-1.39593799708325261E2
5.09999999999999787E0	2.41000000000000014E9	-1.38858190035193352E2
5.09999999999999787E0	2.41999999999999993E9	-1.37968898908894433E2
5.09999999999999787E0	2.43000000000000016E9	-1.36876277703194371E2
5.09999999999999787E0	2.43999999999999995E9	-1.35506592523776659E2
5.09999999999999787E0	2.45000000000000018E9	-1.33737969092100228E2
5.09999999999999787E0	2.45999999999999996E9	-1.31333283272570656E2
5.09999999999999787E0	2.46999999999999975E9	-1.27805848486983020E2
5.09999999999999787E0	2.47999999999999998E9	-1.22887947988257351E2
5.09999999999999787E0	2.48999999999999977E9	-1.26434577279739946E2
5.09999999999999787E0	2.50000000000000000E9	-1.30523377158303111E2
5.09999999999999787E0	2.51000000000000023E9	-1.33264959796114968E2
5.09999999999999787E0	2.52000000000000002E9	-1.35232182936644141E2
5.09999999999999787E0	2.53000000000000025E9	-1.36735503793056767E2
5.09999999999999787E0	2.54000000000000004E9	-1.37924900666703931E2
5.09999999999999787E0	2.54999999999999982E9	-1.38886469220823772E2
5.09999999999999787E0	2.56000000000000005E9	-1.39676648666941250E2
5.09999999999999787E0	2.56999999999999984E9	-1.40335335500771552E2
5.09999999999999787E0	2.58000000000000007E9	-1.40891908438291047E2
5.09999999999999787E0	2.58999999999999986E9	-1.41368504328537714E2
5.09999999999999787E0	2.60000000000000009E9	-1.41782037644121495E2
5.09999999999999787E0	2.61000000000000032E9	-1.42145552983560952E2
5.09999999999999787E0	2.62000000000000011E9	-1.42469180124338979E2
5.09999999999999787E0	2.62999999999999989E9	-1.42760828889947833E2
5.09999999999999787E0	2.63999999999999968E9	-1.43026705617296512E2
5.09999999999999787E0	2.64999999999999991E9	-1.43271701051941669E2
5.09999999999999787E0	2.66000000000000014E9	-1.43499684540880468E2
5.09999999999999787E0	2.66999999999999993E9	-1.43713728462029988E2
5.09999999999999787E0	2.68000000000000016E9	-1.43916280727561974E2
5.09999999999999787E0	2.68999999999999995E9	-1.44109297525381552E2
5.09999999999999787E0	2.70000000000000018E9	-1.44294346544610375E2
5.09999999999999787E0	2.70999999999999996E9	-1.44472687164237579E2
5.09999999999999787E0	2.71999999999999975E9	-1.44645333341292770E2
5.09999999999999787E0	2.72999999999999998E9	-1.44813103002389876E2
5.09999999999999787E0	2.73999999999999977E9	-1.44976657005388221E2
5.09999999999999787E0	2.75000000000000000E9	-1.45136530090764682E2
5.09999999999999787E0	2.76000000000000023E9	-1.45293155460357237E2
5.09999999999999787E0	2.77000000000000002E9	-1.45446884428741363E2
5.09999999999999787E0	2.78000000000000025E9	-1.45598002140141825E2
5.09999999999999787E0	2.79000000000000004E9	-1.45746740244529893E2
5.09999999999999787E0	2.79999999999999982E9	-1.45893287083924661E2
5.09999999999999787E0	2.81000000000000005E9	-1.46037795916216706E2
5.09999999999999787E0	2.81999999999999984E9	-1.46180391565755818E2
5.09999999999999787E0	2.83000000000000007E9	-1.46321175849392771E2
5.09999999999999787E0	2.83999999999999986E9	-1.46460231907646099E2
5.09999999999999787E0	2.85000000000000009E9	-1.46597627857812363E2
5.09999999999999787E0	2.86000000000000032E9	-1.46733419595653691E2
5.09999999999999787E0	2.87000000000000011E9	-1.46867653223584105E2
5.09999999999999787E0	2.87999999999999989E9	-1.47000366934923443E2
5.09999999999999787E0	2.88999999999999968E9	-1.47131592576421788E2
5.09999999999999787E0	2.89999999999999991E9	-1.47261356935633247E2
5.09999999999999787E0	2.91000000000000014E9	-1.47389682743819650E2
5.09999999999999787E0	2.91999999999999993E9	-1.47516589546985943E2
5.09999999999999787E0	2.93000000000000016E9	-1.47642094339848451E2
5.09999999999999787E0	2.93999999999999995E9	-1.47766212152080278E2
5.09999999999999787E0	2.95000000000000018E9	-1.47888956449556130E2
5.09999999999999787E0	2.95999999999999996E9	-1.48010339527814772E2
5.09999999999999787E0	2.96999999999999975E9	-1.48130372745863315E2
5.09999999999999787E0	2.97999999999999998E9	-1.48249066743773339E2
5.09999999999999787E0	2.98999999999999977E9	-1.48366431719814451E2
5.09999999999999787E0	3.00000000000000000E9	-1.48482477391807466E2

var_c	indep(index, 1)	plot_vs(pnmx, noisefreq)[30, ::]
5.19999999999999751E0	2.00000000000000000E9	-1.47620301034091783E2
5.19999999999999751E0	2.01000000000000023E9	-1.47508539661067206E2
5.19999999999999751E0	2.02000000000000002E9	-1.47395056273280400E2
5.19999999999999751E0	2.03000000000000025E9	-1.47279840878227519E2
5.19999999999999751E0	2.04000000000000004E9	-1.47162882214479107E2
5.19999999999999751E0	2.04999999999999982E9	-1.47044167480855537E2
5.19999999999999751E0	2.06000000000000005E9	-1.46923681820185648E2
5.19999999999999751E0	2.06999999999999984E9	-1.46801407835044362E2
5.19999999999999751E0	2.08000000000000007E9	-1.46677324972097356E2
5.19999999999999751E0	2.08999999999999986E9	-1.46551408671837380E2
5.19999999999999751E0	2.10000000000000009E9	-1.46423629404547495E2
5.19999999999999751E0	2.11000000000000032E9	-1.46293951534596856E2
5.19999999999999751E0	2.12000000000000011E9	-1.46162331751931052E2
5.19999999999999751E0	2.12999999999999989E9	-1.46028717343529624E2
5.19999999999999751E0	2.13999999999999968E9	-1.45893043988092797E2
5.19999999999999751E0	2.14999999999999991E9	-1.45755233040702792E2
5.19999999999999751E0	2.16000000000000014E9	-1.45615188211322044E2
5.19999999999999751E0	2.16999999999999993E9	-1.45472791520365718E2
5.19999999999999751E0	2.18000000000000016E9	-1.45327898344920681E2
5.19999999999999751E0	2.18999999999999995E9	-1.45180331231104676E2
5.19999999999999751E0	2.20000000000000018E9	-1.45029872360082512E2
5.19999999999999751E0	2.20999999999999996E9	-1.44876254254512560E2
5.19999999999999751E0	2.21999999999999975E9	-1.44719148148715626E2
5.19999999999999751E0	2.22999999999999998E9	-1.44558149770368471E2
5.19999999999999751E0	2.23999999999999977E9	-1.44392761405125869E2
5.19999999999999751E0	2.25000000000000000E9	-1.44222369650196169E2
5.19999999999999751E0	2.26000000000000023E9	-1.44046217505996221E2
5.19999999999999751E0	2.27000000000000002E9	-1.43863369177339662E2
5.19999999999999751E0	2.28000000000000025E9	-1.43672665593047055E2
5.19999999999999751E0	2.29000000000000004E9	-1.43472667959637290E2
5.19999999999999751E0	2.29999999999999982E9	-1.43261585606164887E2
5.19999999999999751E0	2.31000000000000005E9	-1.43037183328777529E2
5.19999999999999751E0	2.31999999999999984E9	-1.42796661930738766E2
5.19999999999999751E0	2.33000000000000007E9	-1.42536502888136640E2
5.19999999999999751E0	2.33999999999999986E9	-1.42252265333897343E2
5.19999999999999751E0	2.35000000000000009E9	-1.41938318767035732E2
5.19999999999999751E0	2.36000000000000032E9	-1.41587488221576008E2
5.19999999999999751E0	2.37000000000000011E9	-1.41190578549514845E2
5.19999999999999751E0	2.37999999999999989E9	-1.40735728559683593E2
5.19999999999999751E0	2.38999999999999968E9	-1.40207518192425162E2
5.19999999999999751E0	2.39999999999999991E9	-1.39585701352916125E2
5.19999999999999751E0	2.41000000000000014E9	-1.38843331821444882E2
5.19999999999999751E0	2.41999999999999993E9	-1.37943809178715382E2
5.19999999999999751E0	2.43000000000000016E9	-1.36835731903200886E2
5.19999999999999751E0	2.43999999999999995E9	-1.35442531156794588E2
5.19999999999999751E0	2.45000000000000018E9	-1.33637439417875958E2
5.19999999999999751E0	2.45999999999999996E9	-1.31174265693165237E2
5.19999999999999751E0	2.46999999999999975E9	-1.27560815263066929E2
5.19999999999999751E0	2.47999999999999998E9	-1.21580262180281240E2
5.19999999999999751E0	2.48999999999999977E9	-1.26684679360177377E2
5.19999999999999751E0	2.50000000000000000E9	-1.30697380227366189E2
5.19999999999999751E0	2.51000000000000023E9	-1.33397480923025524E2
5.19999999999999751E0	2.52000000000000002E9	-1.35344645967952504E2
5.19999999999999751E0	2.53000000000000025E9	-1.36834672746858432E2
5.19999999999999751E0	2.54000000000000004E9	-1.38013240619152988E2
5.19999999999999751E0	2.54999999999999982E9	-1.38965346078514029E2
5.19999999999999751E0	2.56000000000000005E9	-1.39747141963382648E2
5.19999999999999751E0	2.56999999999999984E9	-1.40398421219910863E2
5.19999999999999751E0	2.58000000000000007E9	-1.40948484702977583E2
5.19999999999999751E0	2.58999999999999986E9	-1.41419387017406928E2
5.19999999999999751E0	2.60000000000000009E9	-1.41827954876473639E2
5.19999999999999751E0	2.61000000000000032E9	-1.42187145233294165E2
5.19999999999999751E0	2.62000000000000011E9	-1.42507004220837841E2
5.19999999999999751E0	2.62999999999999989E9	-1.42795365465234481E2
5.19999999999999751E0	2.63999999999999968E9	-1.43058367336515024E2
5.19999999999999751E0	2.64999999999999991E9	-1.43300841130896228E2
5.19999999999999751E0	2.66000000000000014E9	-1.43526604877327157E2
5.19999999999999751E0	2.66999999999999993E9	-1.43738687171000201E2
5.19999999999999751E0	2.68000000000000016E9	-1.43939498546732336E2
5.19999999999999751E0	2.68999999999999995E9	-1.44130963575774640E2
5.19999999999999751E0	2.70000000000000018E9	-1.44314623190992686E2
5.19999999999999751E0	2.70999999999999996E9	-1.44491714136911997E2
5.19999999999999751E0	2.71999999999999975E9	-1.44663231245444823E2
5.19999999999999751E0	2.72999999999999998E9	-1.44829976244931546E2
5.19999999999999751E0	2.73999999999999977E9	-1.44992596286995146E2
5.19999999999999751E0	2.75000000000000000E9	-1.45151614483227465E2
5.19999999999999751E0	2.76000000000000023E9	-1.45307454113663459E2
5.19999999999999751E0	2.77000000000000002E9	-1.45460458064753029E2
5.19999999999999751E0	2.78000000000000025E9	-1.45610904259745633E2
5.19999999999999751E0	2.79000000000000004E9	-1.45759018183295042E2
5.19999999999999751E0	2.79999999999999982E9	-1.45904982861224886E2
5.19999999999999751E0	2.81000000000000005E9	-1.46048946964455917E2
5.19999999999999751E0	2.81999999999999984E9	-1.46191031368024627E2
5.19999999999999751E0	2.83000000000000007E9	-1.46331334446922456E2
5.19999999999999751E0	2.83999999999999986E9	-1.46469936386588517E2
5.19999999999999751E0	2.85000000000000009E9	-1.46606902664366001E2
5.19999999999999751E0	2.86000000000000032E9	-1.46742286932986010E2
5.19999999999999751E0	2.87000000000000011E9	-1.46876133281646415E2
5.19999999999999751E0	2.87999999999999989E9	-1.47008478113683294E2
5.19999999999999751E0	2.88999999999999968E9	-1.47139351750983738E2
5.19999999999999751E0	2.89999999999999991E9	-1.47268779595116150E2
5.19999999999999751E0	2.91000000000000014E9	-1.47396783117603691E2
5.19999999999999751E0	2.91999999999999993E9	-1.47523380782464786E2
5.19999999999999751E0	2.93000000000000016E9	-1.47648588598862784E2
5.19999999999999751E0	2.93999999999999995E9	-1.47772420700062979E2
5.19999999999999751E0	2.95000000000000018E9	-1.47894889776427196E2
5.19999999999999751E0	2.95999999999999996E9	-1.48016007377608450E2
5.19999999999999751E0	2.96999999999999975E9	-1.48135784199316767E2
5.19999999999999751E0	2.97999999999999998E9	-1.48254230317228952E2
5.19999999999999751E0	2.98999999999999977E9	-1.48371355321368648E2
5.19999999999999751E0	3.00000000000000000E9	-1.48487168498434086E2

var_c	indep(index, 1)	plot_vs(pnmx, noisefreq)[31, ::]
5.29999999999999716E0	2.00000000000000000E9	-1.47612487320260644E2
5.29999999999999716E0	2.01000000000000023E9	-1.47500816759884712E2
5.29999999999999716E0	2.02000000000000002E9	-1.47387431589926399E2
5.29999999999999716E0	2.03000000000000025E9	-1.47272322345788820E2
5.29999999999999716E0	2.04000000000000004E9	-1.47155478329709166E2
5.29999999999999716E0	2.04999999999999982E9	-1.47036887314831644E2
5.29999999999999716E0	2.06000000000000005E9	-1.46916535084300692E2
5.29999999999999716E0	2.06999999999999984E9	-1.46794404912765741E2
5.29999999999999716E0	2.08000000000000007E9	-1.46670476942164951E2
5.29999999999999716E0	2.08999999999999986E9	-1.46544727349592896E2
5.29999999999999716E0	2.10000000000000009E9	-1.46417127426286098E2
5.29999999999999716E0	2.11000000000000032E9	-1.46287642336297008E2
5.29999999999999716E0	2.12000000000000011E9	-1.46156229644825686E2
5.29999999999999716E0	2.12999999999999989E9	-1.46022837551133255E2
5.29999999999999716E0	2.13999999999999968E9	-1.45887402650631026E2
5.29999999999999716E0	2.14999999999999991E9	-1.45749847221936757E2
5.29999999999999716E0	2.16000000000000014E9	-1.45610075971681385E2
5.29999999999999716E0	2.16999999999999993E9	-1.45467971844250776E2
5.29999999999999716E0	2.18000000000000016E9	-1.45323391125682977E2
5.29999999999999716E0	2.18999999999999995E9	-1.45176157193869959E2
5.29999999999999716E0	2.20000000000000018E9	-1.45026052962709828E2
5.29999999999999716E0	2.20999999999999996E9	-1.44872811482829289E2
5.29999999999999716E0	2.21999999999999975E9	-1.44716104277701763E2
5.29999999999999716E0	2.22999999999999998E9	-1.44555526943478818E2
5.29999999999999716E0	2.23999999999999977E9	-1.44390581082109160E2
5.29999999999999716E0	2.25000000000000000E9	-1.44220651879716355E2
5.29999999999999716E0	2.26000000000000023E9	-1.44044979770554460E2
5.29999999999999716E0	2.27000000000000002E9	-1.43862624909575798E2
5.29999999999999716E0	2.28000000000000025E9	-1.43672422054570803E2
5.29999999999999716E0	2.29000000000000004E9	-1.43472923297675292E2
5.29999999999999716E0	2.29999999999999982E9	-1.43262324727353363E2
5.29999999999999716E0	2.31000000000000005E9	-1.43038372190692686E2
5.29999999999999716E0	2.31999999999999984E9	-1.42798239365508861E2
5.29999999999999716E0	2.33000000000000007E9	-1.42538369277096555E2
5.29999999999999716E0	2.33999999999999986E9	-1.42254266252111661E2
5.29999999999999716E0	2.35000000000000009E9	-1.41940221812314116E2
5.29999999999999716E0	2.36000000000000032E9	-1.41588949709824208E2
5.29999999999999716E0	2.37000000000000011E9	-1.41191095039026959E2
5.29999999999999716E0	2.37999999999999989E9	-1.40734565959820479E2
5.29999999999999716E0	2.38999999999999968E9	-1.40203606952720561E2
5.29999999999999716E0	2.39999999999999991E9	-1.39577478349193429E2
5.29999999999999716E0	2.41000000000000014E9	-1.38828498321337834E2
5.29999999999999716E0	2.41999999999999993E9	-1.37918947844213990E2
5.29999999999999716E0	2.43000000000000016E9	-1.36795679043899798E2
5.29999999999999716E0	2.43999999999999995E9	-1.35379285095483981E2
5.29999999999999716E0	2.45000000000000018E9	-1.33538091163529438E2
5.29999999999999716E0	2.45999999999999996E9	-1.31016940569309526E2
5.29999999999999716E0	2.46999999999999975E9	-1.27320827157088479E2
5.29999999999999716E0	2.47999999999999998E9	-1.17397079822388362E2
5.29999999999999716E0	2.48999999999999977E9	-1.26922669007416222E2
5.29999999999999716E0	2.50000000000000000E9	-1.30863085716151950E2
5.29999999999999716E0	2.51000000000000023E9	-1.33525047570598998E2
5.29999999999999716E0	2.52000000000000002E9	-1.35453127547586716E2
5.29999999999999716E0	2.53000000000000025E9	-1.36930147085334797E2
5.29999999999999716E0	2.54000000000000004E9	-1.38098048653614103E2
5.29999999999999716E0	2.54999999999999982E9	-1.39040860401046862E2
5.29999999999999716E0	2.56000000000000005E9	-1.39814465661159071E2
5.29999999999999716E0	2.56999999999999984E9	-1.40458543689790649E2
5.29999999999999716E0	2.58000000000000007E9	-1.41002306435104319E2
5.29999999999999716E0	2.58999999999999986E9	-1.41467717512475621E2
5.29999999999999716E0	2.60000000000000009E9	-1.41871510814489965E2
5.29999999999999716E0	2.61000000000000032E9	-1.42226552607881063E2
5.29999999999999716E0	2.62000000000000011E9	-1.42542804805973211E2
5.29999999999999716E0	2.62999999999999989E9	-1.42828024796117914E2
5.29999999999999716E0	2.63999999999999968E9	-1.43088283668257743E2
5.29999999999999716E0	2.64999999999999991E9	-1.43328354427822591E2
5.29999999999999716E0	2.66000000000000014E9	-1.43552005072501543E2
5.29999999999999716E0	2.66999999999999993E9	-1.43762221509815302E2
5.29999999999999716E0	2.68000000000000016E9	-1.43961378174962817E2
5.29999999999999716E0	2.68999999999999995E9	-1.44151369122507922E2
5.29999999999999716E0	2.70000000000000018E9	-1.44333709473529503E2
5.29999999999999716E0	2.70999999999999996E9	-1.44509614251224039E2
5.29999999999999716E0	2.71999999999999975E9	-1.44680059966085861E2
5.29999999999999716E0	2.72999999999999998E9	-1.44845832839884170E2
5.29999999999999716E0	2.73999999999999977E9	-1.45007566915112074E2
5.29999999999999716E0	2.75000000000000000E9	-1.45165774174881612E2
5.29999999999999716E0	2.76000000000000023E9	-1.45320868486289534E2
5.29999999999999716E0	2.77000000000000002E9	-1.45473184670818623E2
5.29999999999999716E0	2.78000000000000025E9	-1.45622993805609480E2
5.29999999999999716E0	2.79000000000000004E9	-1.45770515499401654E2
5.29999999999999716E0	2.79999999999999982E9	-1.45915927709913218E2
5.29999999999999716E0	2.81000000000000005E9	-1.46059374788897811E2
5.29999999999999716E0	2.81999999999999984E9	-1.46200973840480541E2
5.29999999999999716E0	2.83000000000000007E9	-1.46340819990295579E2
5.29999999999999716E0	2.83999999999999986E9	-1.46478990598326431E2
5.29999999999999716E0	2.85000000000000009E9	-1.46615548691042186E2
5.29999999999999716E0	2.86000000000000032E9	-1.46750545729740378E2
5.29999999999999716E0	2.87000000000000011E9	-1.46884023928274954E2
5.29999999999999716E0	2.87999999999999989E9	-1.47016018042846541E2
5.29999999999999716E0	2.88999999999999968E9	-1.47146556894170422E2
5.29999999999999716E0	2.89999999999999991E9	-1.47275664568921316E2
5.29999999999999716E0	2.91000000000000014E9	-1.47403361396099264E2
5.29999999999999716E0	2.91999999999999993E9	-1.47529664791866644E2
5.29999999999999716E0	2.93000000000000016E9	-1.47654589829383220E2
5.29999999999999716E0	2.93999999999999995E9	-1.47778149808595982E2
5.29999999999999716E0	2.95000000000000018E9	-1.47900356650189790E2
5.29999999999999716E0	2.95999999999999996E9	-1.48021221234555922E2
5.29999999999999716E0	2.96999999999999975E9	-1.48140753634009026E2
5.29999999999999716E0	2.97999999999999998E9	-1.48258963381104003E2
5.29999999999999716E0	2.98999999999999977E9	-1.48375859519638342E2
5.29999999999999716E0	3.00000000000000000E9	-1.48491450870126074E2

var_c	indep(index, 1)	plot_vs(pnmx, noisefreq)[32, ::]
5.39999999999999680E0	2.00000000000000000E9	-1.47604766234529672E2
5.39999999999999680E0	2.01000000000000023E9	-1.47493182192020211E2
5.39999999999999680E0	2.02000000000000002E9	-1.47379890621848952E2
5.39999999999999680E0	2.03000000000000025E9	-1.47264882590808055E2
5.39999999999999680E0	2.04000000000000004E9	-1.47148147928650741E2
5.39999999999999680E0	2.04999999999999982E9	-1.47029674963760848E2
5.39999999999999680E0	2.06000000000000005E9	-1.46909450083831583E2
5.39999999999999680E0	2.06999999999999984E9	-1.46787457211850336E2
5.39999999999999680E0	2.08000000000000007E9	-1.46663677159341233E2
5.39999999999999680E0	2.08999999999999986E9	-1.46538086825966385E2
5.39999999999999680E0	2.10000000000000009E9	-1.46410658265874960E2
5.39999999999999680E0	2.11000000000000032E9	-1.46281357412060475E2
5.39999999999999680E0	2.12000000000000011E9	-1.46150142685763340E2
5.39999999999999680E0	2.12999999999999989E9	-1.46016963147679801E2
5.39999999999999680E0	2.13999999999999968E9	-1.45881756250332861E2
5.39999999999999680E0	2.14999999999999991E9	-1.45744445237679510E2
5.39999999999999680E0	2.16000000000000014E9	-1.45604935676170766E2
5.39999999999999680E0	2.16999999999999993E9	-1.45463111461793071E2
5.39999999999999680E0	2.18000000000000016E9	-1.45318829704738417E2
5.39999999999999680E0	2.18999999999999995E9	-1.45171914620734643E2
5.39999999999999680E0	2.20000000000000018E9	-1.45022149816442014E2
5.39999999999999680E0	2.20999999999999996E9	-1.44869268848430921E2
5.39999999999999680E0	2.21999999999999975E9	-1.44712943504455582E2
5.39999999999999680E0	2.22999999999999998E9	-1.44552769259125169E2
5.39999999999999680E0	2.23999999999999977E9	-1.44388247092028443E2
5.39999999999999680E0	2.25000000000000000E9	-1.44218760772127119E2
5.39999999999999680E0	2.26000000000000023E9	-1.44043548309670366E2
5.39999999999999680E0	2.27000000000000002E9	-1.43861665933952709E2
5.39999999999999680E0	2.28000000000000025E9	-1.43671942477682824E2
5.39999999999999680E0	2.29000000000000004E9	-1.43472921250639907E2
5.39999999999999680E0	2.29999999999999982E9	-1.43262785554887384E2
5.39999999999999680E0	2.31000000000000005E9	-1.43039262923511412E2
5.39999999999999680E0	2.31999999999999984E9	-1.42799500824381664E2
5.39999999999999680E0	2.33000000000000007E9	-1.42539904997718336E2
5.39999999999999680E0	2.33999999999999986E9	-1.42255926635124008E2
5.39999999999999680E0	2.35000000000000009E9	-1.41941781636199282E2
5.39999999999999680E0	2.36000000000000032E9	-1.41590075252756376E2
5.39999999999999680E0	2.37000000000000011E9	-1.41191296882344197E2
5.39999999999999680E0	2.37999999999999989E9	-1.40733129370289833E2
5.39999999999999680E0	2.38999999999999968E9	-1.40199488067067746E2
5.39999999999999680E0	2.39999999999999991E9	-1.39569148461837589E2
5.39999999999999680E0	2.41000000000000014E9	-1.38813702822593821E2
5.39999999999999680E0	2.41999999999999993E9	-1.37894323768978033E2
5.39999999999999680E0	2.43000000000000016E9	-1.36756124402335821E2
5.39999999999999680E0	2.43999999999999995E9	-1.35316858591683586E2
5.39999999999999680E0	2.45000000000000018E9	-1.33439934258476134E2
5.39999999999999680E0	2.45999999999999996E9	-1.30861346342002460E2
5.39999999999999680E0	2.46999999999999975E9	-1.27086219251853150E2
5.39999999999999680E0	2.47999999999999998E9	-9.88545231059624996E1
5.39999999999999680E0	2.48999999999999977E9	-1.27149140818319983E2
5.39999999999999680E0	2.50000000000000000E9	-1.31021243852605052E2
5.39999999999999680E0	2.51000000000000023E9	-1.33647965760306020E2
5.39999999999999680E0	2.52000000000000002E9	-1.35557800638368819E2
5.39999999999999680E0	2.53000000000000025E9	-1.37022080650973410E2
5.39999999999999680E0	2.54000000000000004E9	-1.38179485065031105E2
5.39999999999999680E0	2.54999999999999982E9	-1.39113180486839383E2
5.39999999999999680E0	2.56000000000000005E9	-1.39878791278801407E2
5.39999999999999680E0	2.56999999999999984E9	-1.40515873457535645E2
5.39999999999999680E0	2.58000000000000007E9	-1.41053539872175504E2
5.39999999999999680E0	2.58999999999999986E9	-1.41513655775308078E2
5.39999999999999680E0	2.60000000000000009E9	-1.41912857880775189E2
5.39999999999999680E0	2.61000000000000032E9	-1.42263919901964053E2
5.39999999999999680E0	2.62000000000000011E9	-1.42576718746807130E2
5.39999999999999680E0	2.62999999999999989E9	-1.42858935982555613E2
5.39999999999999680E0	2.63999999999999968E9	-1.43116576438729615E2
5.39999999999999680E0	2.64999999999999991E9	-1.43354355956242840E2
5.39999999999999680E0	2.66000000000000014E9	-1.43575993714936256E2
5.39999999999999680E0	2.66999999999999993E9	-1.43784434243615444E2
5.39999999999999680E0	2.68000000000000016E9	-1.43982016997527706E2
5.39999999999999680E0	2.68999999999999995E9	-1.44170606549135583E2
5.39999999999999680E0	2.70000000000000018E9	-1.44351693247998680E2
5.39999999999999680E0	2.70999999999999996E9	-1.44526471235819964E2
5.39999999999999680E0	2.71999999999999975E9	-1.44695899414479556E2
5.39999999999999680E0	2.72999999999999998E9	-1.44860749197258398E2
5.39999999999999680E0	2.73999999999999977E9	-1.45021642071672585E2
5.39999999999999680E0	2.75000000000000000E9	-1.45179079414923007E2
5.39999999999999680E0	2.76000000000000023E9	-1.45333466074622453E2
5.39999999999999680E0	2.77000000000000002E9	-1.45485129239754318E2
5.39999999999999680E0	2.78000000000000025E9	-1.45634333413515438E2
5.39999999999999680E0	2.79000000000000004E9	-1.45781292640251880E2
5.39999999999999680E0	2.79999999999999982E9	-1.45926180082860957E2
5.39999999999999680E0	2.81000000000000005E9	-1.46069135937566186E2
5.39999999999999680E0	2.81999999999999984E9	-1.46210273782253686E2
5.39999999999999680E0	2.83000000000000007E9	-1.46349685614208935E2
5.39999999999999680E0	2.83999999999999986E9	-1.46487446150852252E2
5.39999999999999680E0	2.85000000000000009E9	-1.46623616039909210E2
5.39999999999999680E0	2.86000000000000032E9	-1.46758244760129619E2
5.39999999999999680E0	2.87000000000000011E9	-1.46891372669737774E2
5.39999999999999680E0	2.87999999999999989E9	-1.47023032966448852E2
5.39999999999999680E0	2.88999999999999968E9	-1.47153253079975110E2
5.39999999999999680E0	2.89999999999999991E9	-1.47282055854316662E2
5.39999999999999680E0	2.91000000000000014E9	-1.47409460525722591E2
5.39999999999999680E0	2.91999999999999993E9	-1.47535483521644806E2
5.39999999999999680E0	2.93000000000000016E9	-1.47660139020770442E2
5.39999999999999680E0	2.93999999999999995E9	-1.47783439557813701E2
5.39999999999999680E0	2.95000000000000018E9	-1.47905396326389704E2
5.39999999999999680E0	2.95999999999999996E9	-1.48026019553260491E2
5.39999999999999680E0	2.96999999999999975E9	-1.48145318736774190E2
5.39999999999999680E0	2.97999999999999998E9	-1.48263302851169110E2
5.39999999999999680E0	2.98999999999999977E9	-1.48379980481846552E2
5.39999999999999680E0	3.00000000000000000E9	-1.48495359986214970E2

var_c	indep(index, 1)	plot_vs(pnmx, noisefreq)[33, ::]
5.50000000000000000E0	2.00000000000000000E9	-1.47597143056262992E2
5.50000000000000000E0	2.01000000000000023E9	-1.47485641475409435E2
5.50000000000000000E0	2.02000000000000002E9	-1.47372439191038440E2
5.50000000000000000E0	2.03000000000000025E9	-1.47257527714255643E2
5.50000000000000000E0	2.04000000000000004E9	-1.47140897414179417E2
5.50000000000000000E0	2.04999999999999982E9	-1.47022537167638401E2
5.50000000000000000E0	2.06000000000000005E9	-1.46902433925091769E2
5.50000000000000000E0	2.06999999999999984E9	-1.46780572228536754E2
5.50000000000000000E0	2.08000000000000007E9	-1.46656933528190114E2
5.50000000000000000E0	2.08999999999999986E9	-1.46531495437078019E2
5.50000000000000000E0	2.10000000000000009E9	-1.46404230690561077E2
5.50000000000000000E0	2.11000000000000032E9	-1.46275106034620306E2
5.50000000000000000E0	2.12000000000000011E9	-1.46144080648899766E2
5.50000000000000000E0	2.12999999999999989E9	-1.46011104430710037E2
5.50000000000000000E0	2.13999999999999968E9	-1.45876115713709664E2
5.50000000000000000E0	2.14999999999999991E9	-1.45739038588050152E2
5.50000000000000000E0	2.16000000000000014E9	-1.45599779502118776E2
5.50000000000000000E0	2.16999999999999993E9	-1.45458223205058967E2
5.50000000000000000E0	2.18000000000000016E9	-1.45314227678038854E2
5.50000000000000000E0	2.18999999999999995E9	-1.45167617882114164E2
5.50000000000000000E0	2.20000000000000018E9	-1.45018178091721817E2
5.50000000000000000E0	2.20999999999999996E9	-1.44865642347117585E2
5.50000000000000000E0	2.21999999999999975E9	-1.44709682713269849E2
5.50000000000000000E0	2.22999999999999998E9	-1.44549894542120216E2
5.50000000000000000E0	2.23999999999999977E9	-1.44385778184667291E2
5.50000000000000000E0	2.25000000000000000E9	-1.44216716054625005E2
5.50000000000000000E0	2.26000000000000023E9	-1.44041943824433116E2
5.50000000000000000E0	2.27000000000000002E9	-1.43860513971415260E2
5.50000000000000000E0	2.28000000000000025E9	-1.43671249584175542E2
5.50000000000000000E0	2.29000000000000004E9	-1.43472685472029404E2
5.50000000000000000E0	2.29999999999999982E9	-1.43262992640755349E2
5.50000000000000000E0	2.31000000000000005E9	-1.43039880854044266E2
5.50000000000000000E0	2.31999999999999984E9	-1.42800472279981827E2
5.50000000000000000E0	2.33000000000000007E9	-1.42541136444181893E2
5.50000000000000000E0	2.33999999999999986E9	-1.42257273126818551E2
5.50000000000000000E0	2.35000000000000009E9	-1.41943024545497187E2
5.50000000000000000E0	2.36000000000000032E9	-1.41590890550736992E2
5.50000000000000000E0	2.37000000000000011E9	-1.41191208541499180E2
5.50000000000000000E0	2.37999999999999989E9	-1.40731441017962644E2
5.50000000000000000E0	2.38999999999999968E9	-1.40195181219345133E2
5.50000000000000000E0	2.39999999999999991E9	-1.39560727800929585E2
5.50000000000000000E0	2.41000000000000014E9	-1.38798957021886515E2
5.50000000000000000E0	2.41999999999999993E9	-1.37869944032375846E2
5.50000000000000000E0	2.43000000000000016E9	-1.36717071228934284E2
5.50000000000000000E0	2.43999999999999995E9	-1.35255253570745992E2
5.50000000000000000E0	2.45000000000000018E9	-1.33342974598491737E2
5.50000000000000000E0	2.45999999999999996E9	-1.30707517216117597E2
5.50000000000000000E0	2.46999999999999975E9	-1.26857318835562105E2
5.50000000000000000E0	2.47999999999999998E9	-1.17995471868795532E2
5.50000000000000000E0	2.48999999999999977E9	-1.27364743168525552E2
5.50000000000000000E0	2.50000000000000000E9	-1.31172505116525029E2
5.50000000000000000E0	2.51000000000000023E9	-1.33766505372930822E2
5.50000000000000000E0	2.52000000000000002E9	-1.35658826579437131E2
5.50000000000000000E0	2.53000000000000025E9	-1.37110620825081031E2
5.50000000000000000E0	2.54000000000000004E9	-1.38257703470343962E2
5.50000000000000000E0	2.54999999999999982E9	-1.39182466064107380E2
5.50000000000000000E0	2.56000000000000005E9	-1.39940280106106862E2
5.50000000000000000E0	2.56999999999999984E9	-1.40570569968350112E2
5.50000000000000000E0	2.58000000000000007E9	-1.41102339689488909E2
5.50000000000000000E0	2.58999999999999986E9	-1.41557350101282164E2
5.50000000000000000E0	2.60000000000000009E9	-1.41952137153548152E2
5.50000000000000000E0	2.61000000000000032E9	-1.42299380456213997E2
5.50000000000000000E0	2.62000000000000011E9	-1.42608871811901650E2
5.50000000000000000E0	2.62999999999999989E9	-1.42888217608901913E2
5.50000000000000000E0	2.63999999999999968E9	-1.43143357355714662E2
5.50000000000000000E0	2.64999999999999991E9	-1.43378950987042830E2
5.50000000000000000E0	2.66000000000000014E9	-1.43598670162426223E2
5.50000000000000000E0	2.66999999999999993E9	-1.43805419229210929E2
5.50000000000000000E0	2.68000000000000016E9	-1.44001503835923184E2
5.50000000000000000E0	2.68999999999999995E9	-1.44188760142790184E2
5.50000000000000000E0	2.70000000000000018E9	-1.44368654606252944E2
5.50000000000000000E0	2.70999999999999996E9	-1.44542361335609404E2
5.50000000000000000E0	2.71999999999999975E9	-1.44710822344225787E2
5.50000000000000000E0	2.72999999999999998E9	-1.44874794825220299E2
5.50000000000000000E0	2.73999999999999977E9	-1.45034888307224574E2
5.50000000000000000E0	2.75000000000000000E9	-1.45191594014133218E2
5.50000000000000000E0	2.76000000000000023E9	-1.45345308211649682E2
5.50000000000000000E0	2.77000000000000002E9	-1.45496350743788794E2
5.50000000000000000E0	2.78000000000000025E9	-1.45644979941110142E2
5.50000000000000000E0	2.79000000000000004E9	-1.45791404476189213E2
5.50000000000000000E0	2.79999999999999982E9	-1.45935792971768796E2
5.50000000000000000E0	2.81000000000000005E9	-1.46078281699852508E2
5.50000000000000000E0	2.81999999999999984E9	-1.46218980828385980E2
5.50000000000000000E0	2.83000000000000007E9	-1.46357979470483057E2
5.50000000000000000E0	2.83999999999999986E9	-1.46495349744080161E2
5.50000000000000000E0	2.85000000000000009E9	-1.46631150138519728E2
5.50000000000000000E0	2.86000000000000032E9	-1.46765428132008724E2
5.50000000000000000E0	2.87000000000000011E9	-1.46898222425220926E2
5.50000000000000000E0	2.87999999999999989E9	-1.47029564710463201E2
5.50000000000000000E0	2.88999999999999968E9	-1.47159481078223808E2
5.50000000000000000E0	2.89999999999999991E9	-1.47287993210771306E2
5.50000000000000000E0	2.91000000000000014E9	-1.47415119307073428E2
5.50000000000000000E0	2.91999999999999993E9	-1.47540874855798965E2
5.50000000000000000E0	2.93000000000000016E9	-1.47665273221263105E2
5.50000000000000000E0	2.93999999999999995E9	-1.47788326164145500E2
5.50000000000000000E0	2.95000000000000018E9	-1.47910044208078317E2
5.50000000000000000E0	2.95999999999999996E9	-1.48030436991135117E2
5.50000000000000000E0	2.96999999999999975E9	-1.48149513429714408E2
5.50000000000000000E0	2.97999999999999998E9	-1.48267281982116628E2
5.50000000000000000E0	2.98999999999999977E9	-1.48383750816393101E2
5.50000000000000000E0	3.00000000000000000E9	-1.48498927823998250E2


