var_c	indep(index, 1)	plot_vs(pnmx, noisefreq)[0, ::]
2.20000000000000018E0	2.29999999999999982E9	-1.42661295472584815E2
2.20000000000000018E0	2.31000000000000005E9	-1.42411571804579706E2
2.20000000000000018E0	2.31999999999999984E9	-1.42150375969490539E2
2.20000000000000018E0	2.33000000000000007E9	-1.41876357582225654E2
2.20000000000000018E0	2.33999999999999986E9	-1.41587970002888097E2
2.20000000000000018E0	2.35000000000000009E9	-1.41283447539289231E2
2.20000000000000018E0	2.36000000000000032E9	-1.40960782808302088E2
2.20000000000000018E0	2.37000000000000011E9	-1.40617705487253097E2
2.20000000000000018E0	2.37999999999999989E9	-1.40251663599126353E2
2.20000000000000018E0	2.38999999999999968E9	-1.39859807467771113E2
2.20000000000000018E0	2.39999999999999991E9	-1.39438973549498035E2
2.20000000000000018E0	2.41000000000000014E9	-1.38985655618741499E2
2.20000000000000018E0	2.41999999999999993E9	-1.38495926785489121E2
2.20000000000000018E0	2.43000000000000016E9	-1.37965215561060051E2
2.20000000000000018E0	2.43999999999999995E9	-1.37387687915309487E2
2.20000000000000018E0	2.45000000000000018E9	-1.36754609539085692E2
2.20000000000000018E0	2.45999999999999996E9	-1.36050086567521156E2
2.20000000000000018E0	2.46999999999999975E9	-1.35239975016987080E2
2.20000000000000018E0	2.47999999999999998E9	-1.34242423630565311E2
2.20000000000000018E0	2.48999999999999977E9	-1.32847136659714415E2
2.20000000000000018E0	2.50000000000000000E9	-1.30492923209212219E2
2.20000000000000018E0	2.51000000000000023E9	-1.25892802466355369E2
2.20000000000000018E0	2.52000000000000002E9	-1.23650380521268666E2
2.20000000000000018E0	2.53000000000000025E9	-1.29298880758910006E2
2.20000000000000018E0	2.54000000000000004E9	-1.32296110530063626E2
2.20000000000000018E0	2.54999999999999982E9	-1.33946119989837653E2
2.20000000000000018E0	2.56000000000000005E9	-1.35053186107291534E2
2.20000000000000018E0	2.56999999999999984E9	-1.35919049770531908E2
2.20000000000000018E0	2.58000000000000007E9	-1.36658480163503127E2
2.20000000000000018E0	2.58999999999999986E9	-1.37317709544701305E2
2.20000000000000018E0	2.60000000000000009E9	-1.37917141054089387E2
2.20000000000000018E0	2.61000000000000032E9	-1.38467201574267929E2
2.20000000000000018E0	2.62000000000000011E9	-1.38974372843878347E2
2.20000000000000018E0	2.62999999999999989E9	-1.39443500761392958E2
2.20000000000000018E0	2.63999999999999968E9	-1.39878666642398830E2
2.20000000000000018E0	2.64999999999999991E9	-1.40283501943980915E2
2.20000000000000018E0	2.66000000000000014E9	-1.40661294462593811E2
2.20000000000000018E0	2.66999999999999993E9	-1.41015022081283226E2
2.20000000000000018E0	2.68000000000000016E9	-1.41347366793033347E2
2.20000000000000018E0	2.68999999999999995E9	-1.41660726655579250E2
2.20000000000000018E0	2.70000000000000018E9	-1.41957231065708767E2

var_c	indep(index, 1)	plot_vs(pnmx, noisefreq)[1, ::]
2.30000000000000027E0	2.29999999999999982E9	-1.42741637316027825E2
2.30000000000000027E0	2.31000000000000005E9	-1.42492994572247200E2
2.30000000000000027E0	2.31999999999999984E9	-1.42232526752020227E2
2.30000000000000027E0	2.33000000000000007E9	-1.41958766032942774E2
2.30000000000000027E0	2.33999999999999986E9	-1.41670019327896779E2
2.30000000000000027E0	2.35000000000000009E9	-1.41364338986463589E2
2.30000000000000027E0	2.36000000000000032E9	-1.41039492338830574E2
2.30000000000000027E0	2.37000000000000011E9	-1.40692931028006485E2
2.30000000000000027E0	2.37999999999999989E9	-1.40321761185758520E2
2.30000000000000027E0	2.38999999999999968E9	-1.39922714064650267E2
2.30000000000000027E0	2.39999999999999991E9	-1.39492113372977711E2
2.30000000000000027E0	2.41000000000000014E9	-1.39025824598347336E2
2.30000000000000027E0	2.41999999999999993E9	-1.38519143188051141E2
2.30000000000000027E0	2.43000000000000016E9	-1.37966506211277773E2
2.30000000000000027E0	2.43999999999999995E9	-1.37360728934731791E2
2.30000000000000027E0	2.45000000000000018E9	-1.36690996699847145E2
2.30000000000000027E0	2.45999999999999996E9	-1.35937605156924035E2
2.30000000000000027E0	2.46999999999999975E9	-1.35058080573080619E2
2.30000000000000027E0	2.47999999999999998E9	-1.33949803505612808E2
2.30000000000000027E0	2.48999999999999977E9	-1.32347092797186772E2
2.30000000000000027E0	2.50000000000000000E9	-1.29549775944419654E2
2.30000000000000027E0	2.51000000000000023E9	-1.24388197732435124E2
2.30000000000000027E0	2.52000000000000002E9	-1.25314926351198386E2
2.30000000000000027E0	2.53000000000000025E9	-1.30227585243292543E2
2.30000000000000027E0	2.54000000000000004E9	-1.32784084225639099E2
2.30000000000000027E0	2.54999999999999982E9	-1.34287497827659430E2
2.30000000000000027E0	2.56000000000000005E9	-1.35352855088069512E2
2.30000000000000027E0	2.56999999999999984E9	-1.36211683515849269E2
2.30000000000000027E0	2.58000000000000007E9	-1.36953678054745898E2
2.30000000000000027E0	2.58999999999999986E9	-1.37616237351692483E2
2.30000000000000027E0	2.60000000000000009E9	-1.38216975082338012E2
2.30000000000000027E0	2.61000000000000032E9	-1.38765796675606667E2
2.30000000000000027E0	2.62000000000000011E9	-1.39269464307901214E2
2.30000000000000027E0	2.62999999999999989E9	-1.39733328162041293E2
2.30000000000000027E0	2.63999999999999968E9	-1.40161975986766363E2
2.30000000000000027E0	2.64999999999999991E9	-1.40559472545112629E2
2.30000000000000027E0	2.66000000000000014E9	-1.40929449576646504E2
2.30000000000000027E0	2.66999999999999993E9	-1.41275146082837222E2
2.30000000000000027E0	2.68000000000000016E9	-1.41599435524339734E2
2.30000000000000027E0	2.68999999999999995E9	-1.41904852094086542E2
2.30000000000000027E0	2.70000000000000018E9	-1.42193618653847920E2

var_c	indep(index, 1)	plot_vs(pnmx, noisefreq)[2, ::]
2.40000000000000036E0	2.29999999999999982E9	-1.42809844808277653E2
2.40000000000000036E0	2.31000000000000005E9	-1.42562310146240878E2
2.40000000000000036E0	2.31999999999999984E9	-1.42302622794749678E2
2.40000000000000036E0	2.33000000000000007E9	-1.42029200810179690E2
2.40000000000000036E0	2.33999999999999986E9	-1.41740207646207383E2
2.40000000000000036E0	2.35000000000000009E9	-1.41433515913734942E2
2.40000000000000036E0	2.36000000000000032E9	-1.41106668347854480E2
2.40000000000000036E0	2.37000000000000011E9	-1.40756837015223701E2
2.40000000000000036E0	2.37999999999999989E9	-1.40380780802324323E2
2.40000000000000036E0	2.38999999999999968E9	-1.39974800971791602E2
2.40000000000000036E0	2.39999999999999991E9	-1.39534689545454604E2
2.40000000000000036E0	2.41000000000000014E9	-1.39055653251710298E2
2.40000000000000036E0	2.41999999999999993E9	-1.38532162860067531E2
2.40000000000000036E0	2.43000000000000016E9	-1.37957592834694398E2
2.40000000000000036E0	2.43999999999999995E9	-1.37323296347152901E2
2.40000000000000036E0	2.45000000000000018E9	-1.36616185175479155E2
2.40000000000000036E0	2.45999999999999996E9	-1.35812342210231618E2
2.40000000000000036E0	2.46999999999999975E9	-1.34859945873576370E2
2.40000000000000036E0	2.47999999999999998E9	-1.33632737365959375E2
2.40000000000000036E0	2.48999999999999977E9	-1.31802064921630846E2
2.40000000000000036E0	2.50000000000000000E9	-1.28526920051381088E2
2.40000000000000036E0	2.51000000000000023E9	-1.23045518484481420E2
2.40000000000000036E0	2.52000000000000002E9	-1.26721480018237220E2
2.40000000000000036E0	2.53000000000000025E9	-1.30945556646554206E2
2.40000000000000036E0	2.54000000000000004E9	-1.33192615234140610E2
2.40000000000000036E0	2.54999999999999982E9	-1.34595404294202625E2
2.40000000000000036E0	2.56000000000000005E9	-1.35633382934499025E2
2.40000000000000036E0	2.56999999999999984E9	-1.36488207858089972E2
2.40000000000000036E0	2.58000000000000007E9	-1.37231808345014938E2
2.40000000000000036E0	2.58999999999999986E9	-1.37895535952560633E2
2.40000000000000036E0	2.60000000000000009E9	-1.38495306597175594E2
2.40000000000000036E0	2.61000000000000032E9	-1.39040910525395711E2
2.40000000000000036E0	2.62000000000000011E9	-1.39539508577378002E2
2.40000000000000036E0	2.62999999999999989E9	-1.39996953710526206E2
2.40000000000000036E0	2.63999999999999968E9	-1.40418292932422251E2
2.40000000000000036E0	2.64999999999999991E9	-1.40807964177197631E2
2.40000000000000036E0	2.66000000000000014E9	-1.41169884160927994E2
2.40000000000000036E0	2.66999999999999993E9	-1.41507500495406191E2
2.40000000000000036E0	2.68000000000000016E9	-1.41823833778804298E2
2.40000000000000036E0	2.68999999999999995E9	-1.42121517952662901E2
2.40000000000000036E0	2.70000000000000018E9	-1.42402840008009313E2

var_c	indep(index, 1)	plot_vs(pnmx, noisefreq)[3, ::]
2.50000000000000044E0	2.29999999999999982E9	-1.42868212444875442E2
2.50000000000000044E0	2.31000000000000005E9	-1.42621800667471588E2
2.50000000000000044E0	2.31999999999999984E9	-1.42362932186338464E2
2.50000000000000044E0	2.33000000000000007E9	-1.42089914428560848E2
2.50000000000000044E0	2.33999999999999986E9	-1.41800770741998106E2
2.50000000000000044E0	2.35000000000000009E9	-1.41493196727058046E2
2.50000000000000044E0	2.36000000000000032E9	-1.41164512206756854E2
2.50000000000000044E0	2.37000000000000011E9	-1.40811609099239998E2
2.50000000000000044E0	2.37999999999999989E9	-1.40430895270796618E2
2.50000000000000044E0	2.38999999999999968E9	-1.40018233109897161E2
2.50000000000000044E0	2.39999999999999991E9	-1.39568866402395253E2
2.50000000000000044E0	2.41000000000000014E9	-1.39077315323095929E2
2.50000000000000044E0	2.41999999999999993E9	-1.38537182242232992E2
2.50000000000000044E0	2.43000000000000016E9	-1.37940711313962683E2
2.50000000000000044E0	2.43999999999999995E9	-1.37277686110562014E2
2.50000000000000044E0	2.45000000000000018E9	-1.36532556684201301E2
2.50000000000000044E0	2.45999999999999996E9	-1.35676795807322992E2
2.50000000000000044E0	2.46999999999999975E9	-1.34648210350013109E2
2.50000000000000044E0	2.47999999999999998E9	-1.33294000077092245E2
2.50000000000000044E0	2.48999999999999977E9	-1.31215558635904950E2
2.50000000000000044E0	2.50000000000000000E9	-1.27449803929310468E2
2.50000000000000044E0	2.51000000000000023E9	-1.16907620894536768E2
2.50000000000000044E0	2.52000000000000002E9	-1.27857015369576565E2
2.50000000000000044E0	2.53000000000000025E9	-1.31520371602681929E2
2.50000000000000044E0	2.54000000000000004E9	-1.33546138510469969E2
2.50000000000000044E0	2.54999999999999982E9	-1.34878580091562372E2
2.50000000000000044E0	2.56000000000000005E9	-1.35898110797202465E2
2.50000000000000044E0	2.56999999999999984E9	-1.36750204638098039E2
2.50000000000000044E0	2.58000000000000007E9	-1.37494083913474241E2
2.50000000000000044E0	2.58999999999999986E9	-1.38156996538084975E2
2.50000000000000044E0	2.60000000000000009E9	-1.38753902288797692E2
2.50000000000000044E0	2.61000000000000032E9	-1.39294728693489733E2
2.50000000000000044E0	2.62000000000000011E9	-1.39787086797007420E2
2.50000000000000044E0	2.62999999999999989E9	-1.40237304306602262E2
2.50000000000000044E0	2.63999999999999968E9	-1.40650833078229986E2
2.50000000000000044E0	2.64999999999999991E9	-1.41032425727641941E2
2.50000000000000044E0	2.66000000000000014E9	-1.41386230413430058E2
2.50000000000000044E0	2.66999999999999993E9	-1.41715857502405496E2
2.50000000000000044E0	2.68000000000000016E9	-1.42024437132824244E2
2.50000000000000044E0	2.68999999999999995E9	-1.42314672756702021E2
2.50000000000000044E0	2.70000000000000018E9	-1.42588891620567426E2

var_c	indep(index, 1)	plot_vs(pnmx, noisefreq)[4, ::]
2.60000000000000053E0	2.29999999999999982E9	-1.42918492546037124E2
2.60000000000000053E0	2.31000000000000005E9	-1.42673208334799595E2
2.60000000000000053E0	2.31999999999999984E9	-1.42415185295209690E2
2.60000000000000053E0	2.33000000000000007E9	-1.42142623910530874E2
2.60000000000000053E0	2.33999999999999986E9	-1.41853411013631669E2
2.60000000000000053E0	2.35000000000000009E9	-1.41545068402104590E2
2.60000000000000053E0	2.36000000000000032E9	-1.41214695227051323E2
2.60000000000000053E0	2.37000000000000011E9	-1.40858903885362530E2
2.60000000000000053E0	2.37999999999999989E9	-1.40473748778083007E2
2.60000000000000053E0	2.38999999999999968E9	-1.40054646344448153E2
2.60000000000000053E0	2.39999999999999991E9	-1.39596277813874070E2
2.60000000000000053E0	2.41000000000000014E9	-1.39092451972092812E2
2.60000000000000053E0	2.41999999999999993E9	-1.38535862115651254E2
2.60000000000000053E0	2.43000000000000016E9	-1.37917557974684146E2
2.60000000000000053E0	2.43999999999999995E9	-1.37225650677465616E2
2.60000000000000053E0	2.45000000000000018E9	-1.36441946218344068E2
2.60000000000000053E0	2.45999999999999996E9	-1.35532917842311962E2
2.60000000000000053E0	2.46999999999999975E9	-1.34424981203814076E2
2.60000000000000053E0	2.47999999999999998E9	-1.32935917288152683E2
2.60000000000000053E0	2.48999999999999977E9	-1.30591392295928643E2
2.60000000000000053E0	2.50000000000000000E9	-1.26360831272259122E2
2.60000000000000053E0	2.51000000000000023E9	-1.23325003066120376E2
2.60000000000000053E0	2.52000000000000002E9	-1.28767757889608458E2
2.60000000000000053E0	2.53000000000000025E9	-1.31995395035859309E2
2.60000000000000053E0	2.54000000000000004E9	-1.33860248453425723E2
2.60000000000000053E0	2.54999999999999982E9	-1.35142600294220938E2
2.60000000000000053E0	2.56000000000000005E9	-1.36149155552256595E2
2.60000000000000053E0	2.56999999999999984E9	-1.36998742024514431E2
2.60000000000000053E0	2.58000000000000007E9	-1.37741456785275118E2
2.60000000000000053E0	2.58999999999999986E9	-1.38401810460922592E2
2.60000000000000053E0	2.60000000000000009E9	-1.38994305152409980E2
2.60000000000000053E0	2.61000000000000032E9	-1.39529153404053630E2
2.60000000000000053E0	2.62000000000000011E9	-1.40014424547388550E2
2.60000000000000053E0	2.62999999999999989E9	-1.40456878880889824E2
2.60000000000000053E0	2.63999999999999968E9	-1.40862316973030155E2
2.60000000000000053E0	2.64999999999999991E9	-1.41235751677375099E2
2.60000000000000053E0	2.66000000000000014E9	-1.41581514981425927E2
2.60000000000000053E0	2.66999999999999993E9	-1.41903340731504701E2
2.60000000000000053E0	2.68000000000000016E9	-1.42204436967033421E2
2.60000000000000053E0	2.68999999999999995E9	-1.42487551797047152E2
2.60000000000000053E0	2.70000000000000018E9	-1.42755033523519304E2

var_c	indep(index, 1)	plot_vs(pnmx, noisefreq)[5, ::]
2.70000000000000062E0	2.29999999999999982E9	-1.42962049257846391E2
2.70000000000000062E0	2.31000000000000005E9	-1.42717888980714180E2
2.70000000000000062E0	2.31999999999999984E9	-1.42460728060326058E2
2.70000000000000062E0	2.33000000000000007E9	-1.42188663703404461E2
2.70000000000000062E0	2.33999999999999986E9	-1.41899450014931050E2
2.70000000000000062E0	2.35000000000000009E9	-1.41590438593659185E2
2.70000000000000062E0	2.36000000000000032E9	-1.41258510796385273E2
2.70000000000000062E0	2.37000000000000011E9	-1.40900000862768549E2
2.70000000000000062E0	2.37999999999999989E9	-1.40510608651362778E2
2.70000000000000062E0	2.38999999999999968E9	-1.40085299237398520E2
2.70000000000000062E0	2.39999999999999991E9	-1.39618179156570732E2
2.70000000000000062E0	2.41000000000000014E9	-1.39102323638995862E2
2.70000000000000062E0	2.41999999999999993E9	-1.38529479492286156E2
2.70000000000000062E0	2.43000000000000016E9	-1.37889441636307053E2
2.70000000000000062E0	2.43999999999999995E9	-1.37168550564187797E2
2.70000000000000062E0	2.45000000000000018E9	-1.36345792737220162E2
2.70000000000000062E0	2.45999999999999996E9	-1.35382262776440054E2
2.70000000000000062E0	2.46999999999999975E9	-1.34191978968217085E2
2.70000000000000062E0	2.47999999999999998E9	-1.32560513041393113E2
2.70000000000000062E0	2.48999999999999977E9	-1.29934084023812391E2
2.70000000000000062E0	2.50000000000000000E9	-1.25323322825998651E2
2.70000000000000062E0	2.51000000000000023E9	-1.24478135908912657E2
2.70000000000000062E0	2.52000000000000002E9	-1.29506613787591052E2
2.70000000000000062E0	2.53000000000000025E9	-1.32399092716077105E2
2.70000000000000062E0	2.54000000000000004E9	-1.34145147781542851E2
2.70000000000000062E0	2.54999999999999982E9	-1.35391081855991091E2
2.70000000000000062E0	2.56000000000000005E9	-1.36387897879653841E2
2.70000000000000062E0	2.56999999999999984E9	-1.37234601865975314E2
2.70000000000000062E0	2.58000000000000007E9	-1.37974740798783135E2
2.70000000000000062E0	2.58999999999999986E9	-1.38631050799646371E2
2.70000000000000062E0	2.60000000000000009E9	-1.39217904038191298E2
2.70000000000000062E0	2.61000000000000032E9	-1.39745875181231893E2
2.70000000000000062E0	2.62000000000000011E9	-1.40223473861113956E2
2.70000000000000062E0	2.62999999999999989E9	-1.40657843347215050E2
2.70000000000000062E0	2.63999999999999968E9	-1.41055078896187980E2
2.70000000000000062E0	2.64999999999999991E9	-1.41420404186470461E2
2.70000000000000062E0	2.66000000000000014E9	-1.41758293566649951E2
2.70000000000000062E0	2.66999999999999993E9	-1.42072570879373705E2
2.70000000000000062E0	2.68000000000000016E9	-1.42366495857499586E2
2.70000000000000062E0	2.68999999999999995E9	-1.42642841061534154E2
2.70000000000000062E0	2.70000000000000018E9	-1.42903960423399323E2

var_c	indep(index, 1)	plot_vs(pnmx, noisefreq)[6, ::]
2.80000000000000071E0	2.29999999999999982E9	-1.42999960383177016E2
2.80000000000000071E0	2.31000000000000005E9	-1.42756913663481022E2
2.80000000000000071E0	2.31999999999999984E9	-1.42500623202564425E2
2.80000000000000071E0	2.33000000000000007E9	-1.42229086669252025E2
2.80000000000000071E0	2.33999999999999986E9	-1.41939929349466221E2
2.80000000000000071E0	2.35000000000000009E9	-1.41630336468384255E2
2.80000000000000071E0	2.36000000000000032E9	-1.41296974941069542E2
2.80000000000000071E0	2.37000000000000011E9	-1.40935903078989022E2
2.80000000000000071E0	2.37999999999999989E9	-1.40542466178481962E2
2.80000000000000071E0	2.38999999999999968E9	-1.40111173992872806E2
2.80000000000000071E0	2.39999999999999991E9	-1.39635548520132358E2
2.80000000000000071E0	2.41000000000000014E9	-1.39107911586595723E2
2.80000000000000071E0	2.41999999999999993E9	-1.38519029537699256E2
2.80000000000000071E0	2.43000000000000016E9	-1.37857385806194599E2
2.80000000000000071E0	2.43999999999999995E9	-1.37107456878185241E2
2.80000000000000071E0	2.45000000000000018E9	-1.36245241643337578E2
2.80000000000000071E0	2.45999999999999996E9	-1.35226089096923507E2
2.80000000000000071E0	2.46999999999999975E9	-1.33950638181465487E2
2.80000000000000071E0	2.47999999999999998E9	-1.32169615826645992E2
2.80000000000000071E0	2.48999999999999977E9	-1.29249265340923492E2
2.80000000000000071E0	2.50000000000000000E9	-1.24407054667527106E2
2.80000000000000071E0	2.51000000000000023E9	-1.25483849677032233E2
2.80000000000000071E0	2.52000000000000002E9	-1.30116482062048999E2
2.80000000000000071E0	2.53000000000000025E9	-1.32750578802139985E2
2.80000000000000071E0	2.54000000000000004E9	-1.34407644683585703E2
2.80000000000000071E0	2.54999999999999982E9	-1.35626411088434784E2
2.80000000000000071E0	2.56000000000000005E9	-1.36615277357598530E2
2.80000000000000071E0	2.56999999999999984E9	-1.37458410419172483E2
2.80000000000000071E0	2.58000000000000007E9	-1.38194676537383532E2
2.80000000000000071E0	2.58999999999999986E9	-1.38845712156466394E2
2.80000000000000071E0	2.60000000000000009E9	-1.39425969122136206E2
2.80000000000000071E0	2.61000000000000032E9	-1.39946414238986594E2
2.80000000000000071E0	2.62000000000000011E9	-1.40415963522001563E2
2.80000000000000071E0	2.62999999999999989E9	-1.40842092242737538E2
2.80000000000000071E0	2.63999999999999968E9	-1.41231139647021142E2
2.80000000000000071E0	2.64999999999999991E9	-1.41588496439378231E2
2.80000000000000071E0	2.66000000000000014E9	-1.41918743565869443E2
2.80000000000000071E0	2.66999999999999993E9	-1.42225766768133921E2
2.80000000000000071E0	2.68000000000000016E9	-1.42512855862232479E2
2.80000000000000071E0	2.68999999999999995E9	-1.42782791466352599E2
2.80000000000000071E0	2.70000000000000018E9	-1.43037921060722750E2

var_c	indep(index, 1)	plot_vs(pnmx, noisefreq)[7, ::]
2.90000000000000080E0	2.29999999999999982E9	-1.43033088742055225E2
2.90000000000000080E0	2.31000000000000005E9	-1.42791139766270403E2
2.90000000000000080E0	2.31999999999999984E9	-1.42535721177725594E2
2.90000000000000080E0	2.33000000000000007E9	-1.42264734821652428E2
2.90000000000000080E0	2.33999999999999986E9	-1.41975681147367117E2
2.90000000000000080E0	2.35000000000000009E9	-1.41665583052949229E2
2.90000000000000080E0	2.36000000000000032E9	-1.41330896761529945E2
2.90000000000000080E0	2.37000000000000011E9	-1.40967407491044749E2
2.90000000000000080E0	2.37999999999999989E9	-1.40570106914408366E2
2.90000000000000080E0	2.38999999999999968E9	-1.40133047136594624E2
2.90000000000000080E0	2.39999999999999991E9	-1.39649157353431175E2
2.90000000000000080E0	2.41000000000000014E9	-1.39109989089178421E2
2.90000000000000080E0	2.41999999999999993E9	-1.38505296858738558E2
2.90000000000000080E0	2.43000000000000016E9	-1.37822200188718647E2
2.90000000000000080E0	2.43999999999999995E9	-1.37043222963832578E2
2.90000000000000080E0	2.45000000000000018E9	-1.36141216106048324E2
2.90000000000000080E0	2.45999999999999996E9	-1.35065430199834458E2
2.90000000000000080E0	2.46999999999999975E9	-1.33702174997342338E2
2.90000000000000080E0	2.47999999999999998E9	-1.31764934700480696E2
2.90000000000000080E0	2.48999999999999977E9	-1.28544165771474717E2
2.90000000000000080E0	2.50000000000000000E9	-1.23561793712829671E2
2.90000000000000080E0	2.51000000000000023E9	-1.26385629511562514E2
2.90000000000000080E0	2.52000000000000002E9	-1.30629365530414421E2
2.90000000000000080E0	2.53000000000000025E9	-1.33062946251002123E2
2.90000000000000080E0	2.54000000000000004E9	-1.34652358111441539E2
2.90000000000000080E0	2.54999999999999982E9	-1.35850194376467437E2
2.90000000000000080E0	2.56000000000000005E9	-1.36831973360236070E2
2.90000000000000080E0	2.56999999999999984E9	-1.37670713674353440E2
2.90000000000000080E0	2.58000000000000007E9	-1.38401963986784127E2
2.90000000000000080E0	2.58999999999999986E9	-1.39046730759181880E2
2.90000000000000080E0	2.60000000000000009E9	-1.39619672093755187E2
2.90000000000000080E0	2.61000000000000032E9	-1.40132146499450072E2
2.90000000000000080E0	2.62000000000000011E9	-1.40593434515028037E2
2.90000000000000080E0	2.62999999999999989E9	-1.41011293360138179E2
2.90000000000000080E0	2.63999999999999968E9	-1.41392260267201864E2
2.90000000000000080E0	2.64999999999999991E9	-1.41741854587704208E2
2.90000000000000080E0	2.66000000000000014E9	-1.42064733426217593E2
2.90000000000000080E0	2.66999999999999993E9	-1.42364820955890004E2
2.90000000000000080E0	2.68000000000000016E9	-1.42645419366799087E2
2.90000000000000080E0	2.68999999999999995E9	-1.42909304323905584E2
2.90000000000000080E0	2.70000000000000018E9	-1.43158807321700587E2

var_c	indep(index, 1)	plot_vs(pnmx, noisefreq)[8, ::]
3.00000000000000089E0	2.29999999999999982E9	-1.43062133319472862E2
3.00000000000000089E0	2.31000000000000005E9	-1.42821261910747910E2
3.00000000000000089E0	2.31999999999999984E9	-1.42566710878997727E2
3.00000000000000089E0	2.33000000000000007E9	-1.42296289898976447E2
3.00000000000000089E0	2.33999999999999986E9	-1.42007378519522232E2
3.00000000000000089E0	2.35000000000000009E9	-1.41696841558586129E2
3.00000000000000089E0	2.36000000000000032E9	-1.41360928592332691E2
3.00000000000000089E0	2.37000000000000011E9	-1.40995155168735242E2
3.00000000000000089E0	2.37999999999999989E9	-1.40594161090778536E2
3.00000000000000089E0	2.38999999999999968E9	-1.40151539748491305E2
3.00000000000000089E0	2.39999999999999991E9	-1.39659621257838884E2
3.00000000000000089E0	2.41000000000000014E9	-1.39109171895148220E2
3.00000000000000089E0	2.41999999999999993E9	-1.38488906620920771E2
3.00000000000000089E0	2.43000000000000016E9	-1.37784532025354700E2
3.00000000000000089E0	2.43999999999999995E9	-1.36976536011730499E2
3.00000000000000089E0	2.45000000000000018E9	-1.36034469098325883E2
3.00000000000000089E0	2.45999999999999996E9	-1.34901146117992177E2
3.00000000000000089E0	2.46999999999999975E9	-1.33447638669521385E2
3.00000000000000089E0	2.47999999999999998E9	-1.31348120574374749E2
3.00000000000000089E0	2.48999999999999977E9	-1.27828145381945490E2
3.00000000000000089E0	2.50000000000000000E9	-1.20425279837388421E2
3.00000000000000089E0	2.51000000000000023E9	-1.27174962785759926E2
3.00000000000000089E0	2.52000000000000002E9	-1.31068634631890379E2
3.00000000000000089E0	2.53000000000000025E9	-1.33345321393328708E2
3.00000000000000089E0	2.54000000000000004E9	-1.34882467342404433E2
3.00000000000000089E0	2.54999999999999982E9	-1.36063541772429852E2
3.00000000000000089E0	2.56000000000000005E9	-1.37038514853123039E2
3.00000000000000089E0	2.56999999999999984E9	-1.37872018265139462E2
3.00000000000000089E0	2.58000000000000007E9	-1.38597278287318493E2
3.00000000000000089E0	2.58999999999999986E9	-1.39234993584115330E2
3.00000000000000089E0	2.60000000000000009E9	-1.39800097878421115E2
3.00000000000000089E0	2.61000000000000032E9	-1.40304321982097613E2
3.00000000000000089E0	2.62000000000000011E9	-1.40757265918053109E2
3.00000000000000089E0	2.62999999999999989E9	-1.41166921609732832E2
3.00000000000000089E0	2.63999999999999968E9	-1.41539983184086071E2
3.00000000000000089E0	2.64999999999999991E9	-1.41882065432354620E2
3.00000000000000089E0	2.66000000000000014E9	-1.42197875830758891E2
3.00000000000000089E0	2.66999999999999993E9	-1.42491357632376214E2
3.00000000000000089E0	2.68000000000000016E9	-1.42765811031289647E2
3.00000000000000089E0	2.68999999999999995E9	-1.43023996406340959E2
3.00000000000000089E0	2.70000000000000018E9	-1.43268221868908707E2

var_c	indep(index, 1)	plot_vs(pnmx, noisefreq)[9, ::]
3.10000000000000098E0	2.29999999999999982E9	-1.43087666414710202E2
3.10000000000000098E0	2.31000000000000005E9	-1.42847849001254557E2
3.10000000000000098E0	2.31999999999999984E9	-1.42594156487792567E2
3.10000000000000098E0	2.33000000000000007E9	-1.42324309937763793E2
3.10000000000000098E0	2.33999999999999986E9	-1.42035572065679272E2
3.10000000000000098E0	2.35000000000000009E9	-1.41724653768228892E2
3.10000000000000098E0	2.36000000000000032E9	-1.41387602323967654E2
3.10000000000000098E0	2.37000000000000011E9	-1.41019667446196251E2
3.10000000000000098E0	2.37999999999999989E9	-1.40615139821243185E2
3.10000000000000098E0	2.38999999999999968E9	-1.40167153893491170E2
3.10000000000000098E0	2.39999999999999991E9	-1.39667436175813897E2
3.10000000000000098E0	2.41000000000000014E9	-1.39105955446542384E2
3.10000000000000098E0	2.41999999999999993E9	-1.38470361536140607E2
3.10000000000000098E0	2.43000000000000016E9	-1.37744903266636620E2
3.10000000000000098E0	2.43999999999999995E9	-1.36907954283398481E2
3.10000000000000098E0	2.45000000000000018E9	-1.35925620194045016E2
3.10000000000000098E0	2.45999999999999996E9	-1.34733959037114825E2
3.10000000000000098E0	2.46999999999999975E9	-1.33187946882415642E2
3.10000000000000098E0	2.47999999999999998E9	-1.30920816447798183E2
3.10000000000000098E0	2.48999999999999977E9	-1.27113188286747181E2
3.10000000000000098E0	2.50000000000000000E9	-1.20408257592106493E2
3.10000000000000098E0	2.51000000000000023E9	-1.27859023505702352E2
3.10000000000000098E0	2.52000000000000002E9	-1.31451341717873449E2
3.10000000000000098E0	2.53000000000000025E9	-1.33604156550837372E2
3.10000000000000098E0	2.54000000000000004E9	-1.35100193794458479E2
3.10000000000000098E0	2.54999999999999982E9	-1.36267249156275660E2
3.10000000000000098E0	2.56000000000000005E9	-1.37235347031075094E2
3.10000000000000098E0	2.56999999999999984E9	-1.38062812854069428E2
3.10000000000000098E0	2.58000000000000007E9	-1.38781275603843057E2
3.10000000000000098E0	2.58999999999999986E9	-1.39411341983708570E2
3.10000000000000098E0	2.60000000000000009E9	-1.39968252087955447E2
3.10000000000000098E0	2.61000000000000032E9	-1.40464078574817863E2
3.10000000000000098E0	2.62000000000000011E9	-1.40908695331159395E2
3.10000000000000098E0	2.62999999999999989E9	-1.41310285833232419E2
3.10000000000000098E0	2.63999999999999968E9	-1.41675664839573767E2
3.10000000000000098E0	2.64999999999999991E9	-1.42010513968822960E2
3.10000000000000098E0	2.66000000000000014E9	-1.42319569618349528E2
3.10000000000000098E0	2.66999999999999993E9	-1.42606778076109575E2
3.10000000000000098E0	2.68000000000000016E9	-1.42875426078226786E2
3.10000000000000098E0	2.68999999999999995E9	-1.43128250532387691E2
3.10000000000000098E0	2.70000000000000018E9	-1.43367530697267709E2

var_c	indep(index, 1)	plot_vs(pnmx, noisefreq)[10, ::]
3.20000000000000107E0	2.29999999999999982E9	-1.43110161166207872E2
3.20000000000000107E0	2.31000000000000005E9	-1.42871371544409809E2
3.20000000000000107E0	2.31999999999999984E9	-1.42618524672190516E2
3.20000000000000107E0	2.33000000000000007E9	-1.42349256495273435E2
3.20000000000000107E0	2.33999999999999986E9	-1.42060716751074989E2
3.20000000000000107E0	2.35000000000000009E9	-1.41749466855318174E2
3.20000000000000107E0	2.36000000000000032E9	-1.41411356271302435E2
3.20000000000000107E0	2.37000000000000011E9	-1.41041373022894168E2
3.20000000000000107E0	2.37999999999999989E9	-1.40633461869061827E2
3.20000000000000107E0	2.38999999999999968E9	-1.40180299574688361E2
3.20000000000000107E0	2.39999999999999991E9	-1.39673005795124849E2
3.20000000000000107E0	2.41000000000000014E9	-1.39100741463443489E2
3.20000000000000107E0	2.41999999999999993E9	-1.38450069276732846E2
3.20000000000000107E0	2.43000000000000016E9	-1.37703738471666903E2
3.20000000000000107E0	2.43999999999999995E9	-1.36837935260928178E2
3.20000000000000107E0	2.45000000000000018E9	-1.35815183921243943E2
3.20000000000000107E0	2.45999999999999996E9	-1.34564482748714864E2
3.20000000000000107E0	2.46999999999999975E9	-1.32923912396232202E2
3.20000000000000107E0	2.47999999999999998E9	-1.30484697330851307E2
3.20000000000000107E0	2.48999999999999977E9	-1.26414136950954714E2
3.20000000000000107E0	2.50000000000000000E9	-1.23238445054151002E2
3.20000000000000107E0	2.51000000000000023E9	-1.28451885047590419E2
3.20000000000000107E0	2.52000000000000002E9	-1.31790001528755796E2
3.20000000000000107E0	2.53000000000000025E9	-1.33844076386780797E2
3.20000000000000107E0	2.54000000000000004E9	-1.35307115731866023E2
3.20000000000000107E0	2.54999999999999982E9	-1.36461913499075171E2
3.20000000000000107E0	2.56000000000000005E9	-1.37422870182109769E2
3.20000000000000107E0	2.56999999999999984E9	-1.38243577752880897E2
3.20000000000000107E0	2.58000000000000007E9	-1.38954593693924733E2
3.20000000000000107E0	2.58999999999999986E9	-1.39576572903734641E2
3.20000000000000107E0	2.60000000000000009E9	-1.40125066628039385E2
3.20000000000000107E0	2.61000000000000032E9	-1.40612452746700400E2
3.20000000000000107E0	2.62000000000000011E9	-1.41048835440485010E2
3.20000000000000107E0	2.62999999999999989E9	-1.41442550581754412E2
3.20000000000000107E0	2.63999999999999968E9	-1.41800501857564187E2
3.20000000000000107E0	2.64999999999999991E9	-1.42128413668189668E2
3.20000000000000107E0	2.66000000000000014E9	-1.42431033136855345E2
3.20000000000000107E0	2.66999999999999993E9	-1.42712296705072350E2
3.20000000000000107E0	2.68000000000000016E9	-1.42975468464976130E2
3.20000000000000107E0	2.68999999999999995E9	-1.43223255602034771E2
3.20000000000000107E0	2.70000000000000018E9	-1.43457904329480113E2

var_c	indep(index, 1)	plot_vs(pnmx, noisefreq)[11, ::]
3.30000000000000115E0	2.29999999999999982E9	-1.43130012128256578E2
3.30000000000000115E0	2.31000000000000005E9	-1.42892222128743951E2
3.30000000000000115E0	2.31999999999999984E9	-1.42640204935096238E2
3.30000000000000115E0	2.33000000000000007E9	-1.42371514709573099E2
3.30000000000000115E0	2.33999999999999986E9	-1.42083192167079253E2
3.30000000000000115E0	2.35000000000000009E9	-1.41771653501595729E2
3.30000000000000115E0	2.36000000000000032E9	-1.41432554921974019E2
3.30000000000000115E0	2.37000000000000011E9	-1.41060627389510773E2
3.30000000000000115E0	2.37999999999999989E9	-1.40649473607762276E2
3.30000000000000115E0	2.38999999999999968E9	-1.40191314499778241E2
3.30000000000000115E0	2.39999999999999991E9	-1.39676661319075257E2
3.30000000000000115E0	2.41000000000000014E9	-1.39093858655365965E2
3.30000000000000115E0	2.41999999999999993E9	-1.38428362523202919E2
3.30000000000000115E0	2.43000000000000016E9	-1.37661385101917189E2
3.30000000000000115E0	2.43999999999999995E9	-1.36766856099510603E2
3.30000000000000115E0	2.45000000000000018E9	-1.35703590691670084E2
3.30000000000000115E0	2.45999999999999996E9	-1.34393242200944907E2
3.30000000000000115E0	2.46999999999999975E9	-1.32656264054932849E2
3.30000000000000115E0	2.47999999999999998E9	-1.30041514158897265E2
3.30000000000000115E0	2.48999999999999977E9	-1.25748184554465836E2
3.30000000000000115E0	2.50000000000000000E9	-1.24051082740188590E2
3.30000000000000115E0	2.51000000000000023E9	-1.28968411932777971E2
3.30000000000000115E0	2.52000000000000002E9	-1.32093876513046804E2
3.30000000000000115E0	2.53000000000000025E9	-1.34068432841289531E2
3.30000000000000115E0	2.54000000000000004E9	-1.35504376471879828E2
3.30000000000000115E0	2.54999999999999982E9	-1.36648008143884203E2
3.30000000000000115E0	2.56000000000000005E9	-1.37601461976014150E2
3.30000000000000115E0	2.56999999999999984E9	-1.38414788154786850E2
3.30000000000000115E0	2.58000000000000007E9	-1.39117850893987871E2
3.30000000000000115E0	2.58999999999999986E9	-1.39731439355202869E2
3.30000000000000115E0	2.60000000000000009E9	-1.40271404122540644E2
3.30000000000000115E0	2.61000000000000032E9	-1.40750389017584832E2
3.30000000000000115E0	2.62000000000000011E9	-1.41178687926418145E2
3.30000000000000115E0	2.62999999999999989E9	-1.41564754122895908E2
3.30000000000000115E0	2.63999999999999968E9	-1.41915553026434615E2
3.30000000000000115E0	2.64999999999999991E9	-1.42236831122117069E2
3.30000000000000115E0	2.66000000000000014E9	-1.42533331568044397E2
3.30000000000000115E0	2.66999999999999993E9	-1.42808970327623297E2
3.30000000000000115E0	2.68000000000000016E9	-1.43066981714360786E2
3.30000000000000115E0	2.68999999999999995E9	-1.43310038433024012E2
3.30000000000000115E0	2.70000000000000018E9	-1.43540350675402584E2

var_c	indep(index, 1)	plot_vs(pnmx, noisefreq)[12, ::]
3.40000000000000124E0	2.29999999999999982E9	-1.43147551015913033E2
3.40000000000000124E0	2.31000000000000005E9	-1.42910731059895313E2
3.40000000000000124E0	2.31999999999999984E9	-1.42659525109354246E2
3.40000000000000124E0	2.33000000000000007E9	-1.42391408819716747E2
3.40000000000000124E0	2.33999999999999986E9	-1.42103317667623452E2
3.40000000000000124E0	2.35000000000000009E9	-1.41791526892580921E2
3.40000000000000124E0	2.36000000000000032E9	-1.41451504222069135E2
3.40000000000000124E0	2.37000000000000011E9	-1.41077728326545837E2
3.40000000000000124E0	2.37999999999999989E9	-1.40663464014685791E2
3.40000000000000124E0	2.38999999999999968E9	-1.40200479346579909E2
3.40000000000000124E0	2.39999999999999991E9	-1.39678676641998067E2
3.40000000000000124E0	2.41000000000000014E9	-1.39085577814371364E2
3.40000000000000124E0	2.41999999999999993E9	-1.38405515253948352E2
3.40000000000000124E0	2.43000000000000016E9	-1.37618129354068186E2
3.40000000000000124E0	2.43999999999999995E9	-1.36695030024907815E2
3.40000000000000124E0	2.45000000000000018E9	-1.35591202475408790E2
3.40000000000000124E0	2.45999999999999996E9	-1.34220689484451094E2
3.40000000000000124E0	2.46999999999999975E9	-1.32385661186533854E2
3.40000000000000124E0	2.47999999999999998E9	-1.29593126705586803E2
3.40000000000000124E0	2.48999999999999977E9	-1.25132584572066707E2
3.40000000000000124E0	2.50000000000000000E9	-1.24694756317429833E2
3.40000000000000124E0	2.51000000000000023E9	-1.29421925777725733E2
3.40000000000000124E0	2.52000000000000002E9	-1.32369882888486878E2
3.40000000000000124E0	2.53000000000000025E9	-1.34279685528595594E2
3.40000000000000124E0	2.54000000000000004E9	-1.35692824977098891E2
3.40000000000000124E0	2.54999999999999982E9	-1.36825929672495716E2
3.40000000000000124E0	2.56000000000000005E9	-1.37771489219848742E2
3.40000000000000124E0	2.56999999999999984E9	-1.38576913708719762E2
3.40000000000000124E0	2.58000000000000007E9	-1.39271643759347041E2
3.40000000000000124E0	2.58999999999999986E9	-1.39876650729140839E2
3.40000000000000124E0	2.60000000000000009E9	-1.40408061934610551E2
3.40000000000000124E0	2.61000000000000032E9	-1.40878748205109949E2
3.40000000000000124E0	2.62000000000000011E9	-1.41299155540204757E2
3.40000000000000124E0	2.62999999999999989E9	-1.41677824044560374E2
3.40000000000000124E0	2.63999999999999968E9	-1.42021757232751278E2
3.40000000000000124E0	2.64999999999999991E9	-1.42336706653283573E2
3.40000000000000124E0	2.66000000000000014E9	-1.42627399147469935E2
3.40000000000000124E0	2.66999999999999993E9	-1.42897721891747453E2
3.40000000000000124E0	2.68000000000000016E9	-1.43150873837486103E2
3.40000000000000124E0	2.68999999999999995E9	-1.43389489650062774E2
3.40000000000000124E0	2.70000000000000018E9	-1.43615741464270563E2

var_c	indep(index, 1)	plot_vs(pnmx, noisefreq)[13, ::]
3.50000000000000133E0	2.29999999999999982E9	-1.43163058677614385E2
3.50000000000000133E0	2.31000000000000005E9	-1.42927178227868357E2
3.50000000000000133E0	2.31999999999999984E9	-1.42676763181273758E2
3.50000000000000133E0	2.33000000000000007E9	-1.42409213812273339E2
3.50000000000000133E0	2.33999999999999986E9	-1.42121364029684738E2
3.50000000000000133E0	2.35000000000000009E9	-1.41809352472378469E2
3.50000000000000133E0	2.36000000000000032E9	-1.41468463004458478E2
3.50000000000000133E0	2.37000000000000011E9	-1.41092926987158984E2
3.50000000000000133E0	2.37999999999999989E9	-1.40675676151540996E2
3.50000000000000133E0	2.38999999999999968E9	-1.40208029120208666E2
3.50000000000000133E0	2.39999999999999991E9	-1.39679280052406574E2
3.50000000000000133E0	2.41000000000000014E9	-1.39076123470938695E2
3.50000000000000133E0	2.41999999999999993E9	-1.38381753597234369E2
3.50000000000000133E0	2.43000000000000016E9	-1.37574208189347003E2
3.50000000000000133E0	2.43999999999999995E9	-1.36622717881407096E2
3.50000000000000133E0	2.45000000000000018E9	-1.35478325857262494E2
3.50000000000000133E0	2.45999999999999996E9	-1.34047216890095378E2
3.50000000000000133E0	2.46999999999999975E9	-1.32112708418986569E2
3.50000000000000133E0	2.47999999999999998E9	-1.29141541886296851E2
3.50000000000000133E0	2.48999999999999977E9	-1.24578042007086620E2
3.50000000000000133E0	2.50000000000000000E9	-1.25291913444690373E2
3.50000000000000133E0	2.51000000000000023E9	-1.29823620229908698E2
3.50000000000000133E0	2.52000000000000002E9	-1.32623228486443501E2
3.50000000000000133E0	2.53000000000000025E9	-1.34479660560115910E2
3.50000000000000133E0	2.54000000000000004E9	-1.35873110504138461E2
3.50000000000000133E0	2.54999999999999982E9	-1.36996028644462831E2
3.50000000000000133E0	2.56000000000000005E9	-1.37933312954756593E2
3.50000000000000133E0	2.56999999999999984E9	-1.38730416703848891E2
3.50000000000000133E0	2.58000000000000007E9	-1.39416545045638474E2
3.50000000000000133E0	2.58999999999999986E9	-1.40012873079736844E2
3.50000000000000133E0	2.60000000000000009E9	-1.40535776124708001E2
3.50000000000000133E0	2.61000000000000032E9	-1.40998314539548453E2
3.50000000000000133E0	2.62000000000000011E9	-1.41411052538683979E2
3.50000000000000133E0	2.62999999999999989E9	-1.41782590132848663E2
3.50000000000000133E0	2.63999999999999968E9	-1.42119949025410852E2
3.50000000000000133E0	2.64999999999999991E9	-1.42428871360027887E2
3.50000000000000133E0	2.66000000000000014E9	-1.42714057845417797E2
3.50000000000000133E0	2.66999999999999993E9	-1.42979360212520246E2
3.50000000000000133E0	2.68000000000000016E9	-1.43227937773021563E2
3.50000000000000133E0	2.68999999999999995E9	-1.43462384686977407E2
3.50000000000000133E0	2.70000000000000018E9	-1.43684833713201621E2

var_c	indep(index, 1)	plot_vs(pnmx, noisefreq)[14, ::]
3.60000000000000142E0	2.29999999999999982E9	-1.43176774568714182E2
3.60000000000000142E0	2.31000000000000005E9	-1.42941802471870316E2
3.60000000000000142E0	2.31999999999999984E9	-1.42692156516329249E2
3.60000000000000142E0	2.33000000000000007E9	-1.42425164585044772E2
3.60000000000000142E0	2.33999999999999986E9	-1.42137562631471859E2
3.60000000000000142E0	2.35000000000000009E9	-1.41825356797302549E2
3.60000000000000142E0	2.36000000000000032E9	-1.41483651943234134E2
3.60000000000000142E0	2.37000000000000011E9	-1.41106437104547844E2
3.60000000000000142E0	2.37999999999999989E9	-1.40686315977849175E2
3.60000000000000142E0	2.38999999999999968E9	-1.40214162015147714E2
3.60000000000000142E0	2.39999999999999991E9	-1.39678663028823680E2
3.60000000000000142E0	2.41000000000000014E9	-1.39065682939548307E2
3.60000000000000142E0	2.41999999999999993E9	-1.38357265836668364E2
3.60000000000000142E0	2.43000000000000016E9	-1.37529818570869899E2
3.60000000000000142E0	2.43999999999999995E9	-1.36550138309002689E2
3.60000000000000142E0	2.45000000000000018E9	-1.35365221312120054E2
3.60000000000000142E0	2.45999999999999996E9	-1.33873166573170055E2
3.60000000000000142E0	2.46999999999999975E9	-1.31837963060137042E2
3.60000000000000142E0	2.47999999999999998E9	-1.28688943636004782E2
3.60000000000000142E0	2.48999999999999977E9	-1.24068652224820442E2
3.60000000000000142E0	2.50000000000000000E9	-1.25850696422753972E2
3.60000000000000142E0	2.51000000000000023E9	-1.30182639488273488E2
3.60000000000000142E0	2.52000000000000002E9	-1.32857868275945346E2
3.60000000000000142E0	2.53000000000000025E9	-1.34669731392229108E2
3.60000000000000142E0	2.54000000000000004E9	-1.36045746646879029E2
3.60000000000000142E0	2.54999999999999982E9	-1.37158626757157465E2
3.60000000000000142E0	2.56000000000000005E9	-1.38087291026063186E2
3.60000000000000142E0	2.56999999999999984E9	-1.38875749784475344E2
3.60000000000000142E0	2.58000000000000007E9	-1.39553102229526860E2
3.60000000000000142E0	2.58999999999999986E9	-1.40140730124000701E2
3.60000000000000142E0	2.60000000000000009E9	-1.40655225574351794E2
3.60000000000000142E0	2.61000000000000032E9	-1.41109802786076521E2
3.60000000000000142E0	2.62000000000000011E9	-1.41515114045690882E2
3.60000000000000142E0	2.62999999999999989E9	-1.41879796024840976E2
3.60000000000000142E0	2.63999999999999968E9	-1.42210871604041822E2
3.60000000000000142E0	2.64999999999999991E9	-1.42514061713040308E2
3.60000000000000142E0	2.66000000000000014E9	-1.42794032878942945E2
3.60000000000000142E0	2.66999999999999993E9	-1.43054596222749586E2
3.60000000000000142E0	2.68000000000000016E9	-1.43298868315884786E2
3.60000000000000142E0	2.68999999999999995E9	-1.43529401119672650E2
3.60000000000000142E0	2.70000000000000018E9	-1.43748287278425790E2

var_c	indep(index, 1)	plot_vs(pnmx, noisefreq)[15, ::]
3.70000000000000151E0	2.29999999999999982E9	-1.43188903976726856E2
3.70000000000000151E0	2.31000000000000005E9	-1.42954808868269900E2
3.70000000000000151E0	2.31999999999999984E9	-1.42705909119361474E2
3.70000000000000151E0	2.33000000000000007E9	-1.42439463142623746E2
3.70000000000000151E0	2.33999999999999986E9	-1.42152112388606189E2
3.70000000000000151E0	2.35000000000000009E9	-1.41839734633817427E2
3.70000000000000151E0	2.36000000000000032E9	-1.41497260364221988E2
3.70000000000000151E0	2.37000000000000011E9	-1.41118441664916139E2
3.70000000000000151E0	2.37999999999999989E9	-1.40695559463170339E2
3.70000000000000151E0	2.38999999999999968E9	-1.40219046580288165E2
3.70000000000000151E0	2.39999999999999991E9	-1.39676987314815904E2
3.70000000000000151E0	2.41000000000000014E9	-1.39054413521287001E2
3.70000000000000151E0	2.41999999999999993E9	-1.38332208980202664E2
3.70000000000000151E0	2.43000000000000016E9	-1.37485125024877330E2
3.70000000000000151E0	2.43999999999999995E9	-1.36477474998611581E2
3.70000000000000151E0	2.45000000000000018E9	-1.35252110359085442E2
3.70000000000000151E0	2.45999999999999996E9	-1.33698837024222472E2
3.70000000000000151E0	2.46999999999999975E9	-1.31561943915578183E2
3.70000000000000151E0	2.47999999999999998E9	-1.28237717591906342E2
3.70000000000000151E0	2.48999999999999977E9	-1.23477027043697496E2
3.70000000000000151E0	2.50000000000000000E9	-1.26368652384515290E2
3.70000000000000151E0	2.51000000000000023E9	-1.30506361344998312E2
3.70000000000000151E0	2.52000000000000002E9	-1.33076830154250314E2
3.70000000000000151E0	2.53000000000000025E9	-1.34850947497017826E2
3.70000000000000151E0	2.54000000000000004E9	-1.36211154918084310E2
3.70000000000000151E0	2.54999999999999982E9	-1.37314029017577277E2
3.70000000000000151E0	2.56000000000000005E9	-1.38233777130516655E2
3.70000000000000151E0	2.56999999999999984E9	-1.39013353471325685E2
3.70000000000000151E0	2.58000000000000007E9	-1.39681835997635395E2
3.70000000000000151E0	2.58999999999999986E9	-1.40260804438616593E2
3.70000000000000151E0	2.60000000000000009E9	-1.40767035350774372E2
3.70000000000000151E0	2.61000000000000032E9	-1.41213864049976179E2
3.70000000000000151E0	2.62000000000000011E9	-1.41612004176132311E2
3.70000000000000151E0	2.62999999999999989E9	-1.41970108904953674E2
3.70000000000000151E0	2.63999999999999968E9	-1.42295188094902647E2
3.70000000000000151E0	2.64999999999999991E9	-1.42592931684185187E2
3.70000000000000151E0	2.66000000000000014E9	-1.42867965660015317E2
3.70000000000000151E0	2.66999999999999993E9	-1.43124056616581474E2
3.70000000000000151E0	2.68000000000000016E9	-1.43364276154958881E2
3.70000000000000151E0	2.68999999999999995E9	-1.43591132963669810E2
3.70000000000000151E0	2.70000000000000018E9	-1.43806679355598521E2

var_c	indep(index, 1)	plot_vs(pnmx, noisefreq)[16, ::]
3.80000000000000160E0	2.29999999999999982E9	-1.43199623990398406E2
3.80000000000000160E0	2.31000000000000005E9	-1.42966374445224220E2
3.80000000000000160E0	2.31999999999999984E9	-1.42718197300499416E2
3.80000000000000160E0	2.33000000000000007E9	-1.42452284182038502E2
3.80000000000000160E0	2.33999999999999986E9	-1.42165185404906924E2
3.80000000000000160E0	2.35000000000000009E9	-1.41852654401951694E2
3.80000000000000160E0	2.36000000000000032E9	-1.41509451989848323E2
3.80000000000000160E0	2.37000000000000011E9	-1.41129098438309386E2
3.80000000000000160E0	2.37999999999999989E9	-1.40703557520007849E2
3.80000000000000160E0	2.38999999999999968E9	-1.40222826707207515E2
3.80000000000000160E0	2.39999999999999991E9	-1.39674390293218664E2
3.80000000000000160E0	2.41000000000000014E9	-1.39042447805590852E2
3.80000000000000160E0	2.41999999999999993E9	-1.38306714996277647E2
3.80000000000000160E0	2.43000000000000016E9	-1.37440265393478245E2
3.80000000000000160E0	2.43999999999999995E9	-1.36404882447616460E2
3.80000000000000160E0	2.45000000000000018E9	-1.35139183121217976E2
3.80000000000000160E0	2.45999999999999996E9	-1.33524490923216010E2
3.80000000000000160E0	2.46999999999999975E9	-1.31285139641596338E2
3.80000000000000160E0	2.47999999999999998E9	-1.27790469375662585E2
3.80000000000000160E0	2.48999999999999977E9	-1.21938274244094247E2
3.80000000000000160E0	2.50000000000000000E9	-1.26845082948284582E2
3.80000000000000160E0	2.51000000000000023E9	-1.30800709816655614E2
3.80000000000000160E0	2.52000000000000002E9	-1.33282451611830899E2
3.80000000000000160E0	2.53000000000000025E9	-1.35024123708429356E2
3.80000000000000160E0	2.54000000000000004E9	-1.36369694186981949E2
3.80000000000000160E0	2.54999999999999982E9	-1.37462529418535806E2
3.80000000000000160E0	2.56000000000000005E9	-1.38373120582596365E2
3.80000000000000160E0	2.56999999999999984E9	-1.39143653893707486E2
3.80000000000000160E0	2.58000000000000007E9	-1.39803239771505394E2
3.80000000000000160E0	2.58999999999999986E9	-1.40373639102808845E2
3.80000000000000160E0	2.60000000000000009E9	-1.40871780811866598E2
3.80000000000000160E0	2.61000000000000032E9	-1.41311091827341828E2
3.80000000000000160E0	2.62000000000000011E9	-1.41702323459098034E2
3.80000000000000160E0	2.62999999999999989E9	-1.42054128344529751E2
3.80000000000000160E0	2.63999999999999968E9	-1.42373491286337761E2
3.80000000000000160E0	2.64999999999999991E9	-1.42666063385752695E2
3.80000000000000160E0	2.66000000000000014E9	-1.42936425016780033E2
3.80000000000000160E0	2.66999999999999993E9	-1.43188295384758679E2
3.80000000000000160E0	2.68000000000000016E9	-1.43424699610095585E2
3.80000000000000160E0	2.68999999999999995E9	-1.43648102621488594E2
3.80000000000000160E0	2.70000000000000018E9	-1.43860516491253687E2

var_c	indep(index, 1)	plot_vs(pnmx, noisefreq)[17, ::]
3.90000000000000169E0	2.29999999999999982E9	-1.43209088110669969E2
3.90000000000000169E0	2.31000000000000005E9	-1.42976652915313762E2
3.90000000000000169E0	2.31999999999999984E9	-1.42729174258521185E2
3.90000000000000169E0	2.33000000000000007E9	-1.42463779641622534E2
3.90000000000000169E0	2.33999999999999986E9	-1.42176931425235620E2
3.90000000000000169E0	2.35000000000000009E9	-1.41864262634959060E2
3.90000000000000169E0	2.36000000000000032E9	-1.41520369006549540E2
3.90000000000000169E0	2.37000000000000011E9	-1.41138544336579397E2
3.90000000000000169E0	2.37999999999999989E9	-1.40710440821134486E2
3.90000000000000169E0	2.38999999999999968E9	-1.40225626302372697E2
3.90000000000000169E0	2.39999999999999991E9	-1.39670989274264801E2
3.90000000000000169E0	2.41000000000000014E9	-1.39029898145281372E2
3.90000000000000169E0	2.41999999999999993E9	-1.38280894393959342E2
3.90000000000000169E0	2.43000000000000016E9	-1.37395355336803360E2
3.90000000000000169E0	2.43999999999999995E9	-1.36332491373429199E2
3.90000000000000169E0	2.45000000000000018E9	-1.35026601822911685E2
3.90000000000000169E0	2.45999999999999996E9	-1.33350360225464692E2
3.90000000000000169E0	2.46999999999999975E9	-1.31008011670594393E2
3.90000000000000169E0	2.47999999999999998E9	-1.27350019775370704E2
3.90000000000000169E0	2.48999999999999977E9	-1.04258128796909122E2
3.90000000000000169E0	2.50000000000000000E9	-1.27281591369164859E2
3.90000000000000169E0	2.51000000000000023E9	-1.31070439226480095E2
3.90000000000000169E0	2.52000000000000002E9	-1.33476552055980546E2
3.90000000000000169E0	2.53000000000000025E9	-1.35189905592513826E2
3.90000000000000169E0	2.54000000000000004E9	-1.36521680922062161E2
3.90000000000000169E0	2.54999999999999982E9	-1.37604414500142580E2
3.90000000000000169E0	2.56000000000000005E9	-1.38505664015971486E2
3.90000000000000169E0	2.56999999999999984E9	-1.39267061310779350E2
3.90000000000000169E0	2.58000000000000007E9	-1.39917779586085489E2
3.90000000000000169E0	2.58999999999999986E9	-1.40479739097308176E2
3.90000000000000169E0	2.60000000000000009E9	-1.40969991051668786E2
3.90000000000000169E0	2.61000000000000032E9	-1.41402026962266625E2
3.90000000000000169E0	2.62000000000000011E9	-1.41786615412409378E2
3.90000000000000169E0	2.62999999999999989E9	-1.42132393776238652E2
3.90000000000000169E0	2.63999999999999968E9	-1.42446312018451282E2
3.90000000000000169E0	2.64999999999999991E9	-1.42733975928007539E2
3.90000000000000169E0	2.66000000000000014E9	-1.42999916520737824E2
3.90000000000000169E0	2.66999999999999993E9	-1.43247803482977321E2
3.90000000000000169E0	2.68000000000000016E9	-1.43480614571929088E2
3.90000000000000169E0	2.68999999999999995E9	-1.43700770888637486E2
3.90000000000000169E0	2.70000000000000018E9	-1.43910244619938799E2

var_c	indep(index, 1)	plot_vs(pnmx, noisefreq)[18, ::]
4.00000000000000178E0	2.29999999999999982E9	-1.43217429979550981E2
4.00000000000000178E0	2.31000000000000005E9	-1.42985778300474586E2
4.00000000000000178E0	2.31999999999999984E9	-1.42738973817192116E2
4.00000000000000178E0	2.33000000000000007E9	-1.42474082334596419E2
4.00000000000000178E0	2.33999999999999986E9	-1.42187481421429962E2
4.00000000000000178E0	2.35000000000000009E9	-1.41874687487531093E2
4.00000000000000178E0	2.36000000000000032E9	-1.41530135728388062E2
4.00000000000000178E0	2.37000000000000011E9	-1.41146898697945122E2
4.00000000000000178E0	2.37999999999999989E9	-1.40716322946629147E2
4.00000000000000178E0	2.38999999999999968E9	-1.40227552375020448E2
4.00000000000000178E0	2.39999999999999991E9	-1.39666885060137580E2
4.00000000000000178E0	2.41000000000000014E9	-1.39016860221786098E2
4.00000000000000178E0	2.41999999999999993E9	-1.38254841037148135E2
4.00000000000000178E0	2.43000000000000016E9	-1.37350491590741308E2
4.00000000000000178E0	2.43999999999999995E9	-1.36260411810471238E2
4.00000000000000178E0	2.45000000000000018E9	-1.34914505992207800E2
4.00000000000000178E0	2.45999999999999996E9	-1.33176648680704046E2
4.00000000000000178E0	2.46999999999999975E9	-1.30731000892426241E2
4.00000000000000178E0	2.47999999999999998E9	-1.26919387393504057E2
4.00000000000000178E0	2.48999999999999977E9	-1.20482167157609643E2
4.00000000000000178E0	2.50000000000000000E9	-1.27681137546015999E2
4.00000000000000178E0	2.51000000000000023E9	-1.31319371915676641E2
4.00000000000000178E0	2.52000000000000002E9	-1.33660560551743735E2
4.00000000000000178E0	2.53000000000000025E9	-1.35348815387304078E2
4.00000000000000178E0	2.54000000000000004E9	-1.36667401743586137E2
4.00000000000000178E0	2.54999999999999982E9	-1.37739964392419223E2
4.00000000000000178E0	2.56000000000000005E9	-1.38631742177250628E2
4.00000000000000178E0	2.56999999999999984E9	-1.39383968952799253E2
4.00000000000000178E0	2.58000000000000007E9	-1.40025894085297908E2
4.00000000000000178E0	2.58999999999999986E9	-1.40579573616196174E2
4.00000000000000178E0	2.60000000000000009E9	-1.41062152397503882E2
4.00000000000000178E0	2.61000000000000032E9	-1.41487162628245677E2
4.00000000000000178E0	2.62000000000000011E9	-1.41865372298564951E2
4.00000000000000178E0	2.62999999999999989E9	-1.42205391214751087E2
4.00000000000000178E0	2.63999999999999968E9	-1.42514126375756733E2
4.00000000000000178E0	2.64999999999999991E9	-1.42797133227556494E2
4.00000000000000178E0	2.66000000000000014E9	-1.43058890536520633E2
4.00000000000000178E0	2.66999999999999993E9	-1.43303017061095428E2
4.00000000000000178E0	2.68000000000000016E9	-1.43532442817988448E2
4.00000000000000178E0	2.68999999999999995E9	-1.43749545280030544E2
4.00000000000000178E0	2.70000000000000018E9	-1.43956257437981550E2

var_c	indep(index, 1)	plot_vs(pnmx, noisefreq)[19, ::]
4.10000000000000142E0	2.29999999999999982E9	-1.43224766550544680E2
4.10000000000000142E0	2.31000000000000005E9	-1.42993868065488128E2
4.10000000000000142E0	2.31999999999999984E9	-1.42747713328557202E2
4.10000000000000142E0	2.33000000000000007E9	-1.42483308910341266E2
4.10000000000000142E0	2.33999999999999986E9	-1.42196950534592714E2
4.10000000000000142E0	2.35000000000000009E9	-1.41884041631985780E2
4.10000000000000142E0	2.36000000000000032E9	-1.41538861327139065E2
4.10000000000000142E0	2.37000000000000011E9	-1.41154266209098256E2
4.10000000000000142E0	2.37999999999999989E9	-1.40721303062605729E2
4.10000000000000142E0	2.38999999999999968E9	-1.40228698161525678E2
4.10000000000000142E0	2.39999999999999991E9	-1.39662164671656286E2
4.10000000000000142E0	2.41000000000000014E9	-1.39003415749459380E2
4.10000000000000142E0	2.41999999999999993E9	-1.38228634004071904E2
4.10000000000000142E0	2.43000000000000016E9	-1.37305756283038782E2
4.10000000000000142E0	2.43999999999999995E9	-1.36188736920606424E2
4.10000000000000142E0	2.45000000000000018E9	-1.34803015148925698E2
4.10000000000000142E0	2.45999999999999996E9	-1.33003537784120640E2
4.10000000000000142E0	2.46999999999999975E9	-1.30454531444602506E2
4.10000000000000142E0	2.47999999999999998E9	-1.26501722004708395E2
4.10000000000000142E0	2.48999999999999977E9	-1.22758619955276949E2
4.10000000000000142E0	2.50000000000000000E9	-1.28047239496838094E2
4.10000000000000142E0	2.51000000000000023E9	-1.31550588023473414E2
4.10000000000000142E0	2.52000000000000002E9	-1.33835610086560353E2
4.10000000000000142E0	2.53000000000000025E9	-1.35501285689493378E2
4.10000000000000142E0	2.54000000000000004E9	-1.36807122189446151E2
4.10000000000000142E0	2.54999999999999982E9	-1.37869453716581747E2
4.10000000000000142E0	2.56000000000000005E9	-1.38751680568183078E2
4.10000000000000142E0	2.56999999999999984E9	-1.39494751894617197E2
4.10000000000000142E0	2.58000000000000007E9	-1.40127995461699539E2
4.10000000000000142E0	2.58999999999999986E9	-1.40673578009971889E2
4.10000000000000142E0	2.60000000000000009E9	-1.41148711792740933E2
4.10000000000000142E0	2.61000000000000032E9	-1.41566948550221272E2
4.10000000000000142E0	2.62000000000000011E9	-1.41939040349845702E2
4.10000000000000142E0	2.62999999999999989E9	-1.42273559114627046E2
4.10000000000000142E0	2.63999999999999968E9	-1.42577362133794194E2
4.10000000000000142E0	2.64999999999999991E9	-1.42855950666087450E2
4.10000000000000142E0	2.66000000000000014E9	-1.43113749123536738E2
4.10000000000000142E0	2.66999999999999993E9	-1.43354324497754848E2
4.10000000000000142E0	2.68000000000000016E9	-1.43580559116987527E2
4.10000000000000142E0	2.68999999999999995E9	-1.43794787285441172E2
4.10000000000000142E0	2.70000000000000018E9	-1.43998903537138956E2

var_c	indep(index, 1)	plot_vs(pnmx, noisefreq)[20, ::]
4.20000000000000107E0	2.29999999999999982E9	-1.43231200483602494E2
4.20000000000000107E0	2.31000000000000005E9	-1.43001025472996979E2
4.20000000000000107E0	2.31999999999999984E9	-1.42755496211337229E2
4.20000000000000107E0	2.33000000000000007E9	-1.42491562254119453E2
4.20000000000000107E0	2.33999999999999986E9	-1.42205440356403767E2
4.20000000000000107E0	2.35000000000000009E9	-1.41892424526980210E2
4.20000000000000107E0	2.36000000000000032E9	-1.41546642212944995E2
4.20000000000000107E0	2.37000000000000011E9	-1.41160739178056827E2
4.20000000000000107E0	2.37999999999999989E9	-1.40725468462724201E2
4.20000000000000107E0	2.38999999999999968E9	-1.40229145077453587E2
4.20000000000000107E0	2.39999999999999991E9	-1.39656903351631967E2
4.20000000000000107E0	2.41000000000000014E9	-1.38989634884062752E2
4.20000000000000107E0	2.41999999999999993E9	-1.38202340369547350E2
4.20000000000000107E0	2.43000000000000016E9	-1.37261218137191943E2
4.20000000000000107E0	2.43999999999999995E9	-1.36117545350101410E2
4.20000000000000107E0	2.45000000000000018E9	-1.34692231735385759E2
4.20000000000000107E0	2.45999999999999996E9	-1.32831187822945251E2
4.20000000000000107E0	2.46999999999999975E9	-1.30179011791413091E2
4.20000000000000107E0	2.47999999999999998E9	-1.26100196875503889E2
4.20000000000000107E0	2.48999999999999977E9	-1.23489887688244893E2
4.20000000000000107E0	2.50000000000000000E9	-1.28383485637660799E2
4.20000000000000107E0	2.51000000000000023E9	-1.31766579354444335E2
4.20000000000000107E0	2.52000000000000002E9	-1.34002607840869814E2
4.20000000000000107E0	2.53000000000000025E9	-1.35647682628329047E2
4.20000000000000107E0	2.54000000000000004E9	-1.36941093452774121E2
4.20000000000000107E0	2.54999999999999982E9	-1.37993150888813543E2
4.20000000000000107E0	2.56000000000000005E9	-1.38865794180667490E2
4.20000000000000107E0	2.56999999999999984E9	-1.39599767058015622E2
4.20000000000000107E0	2.58000000000000007E9	-1.40224469879410707E2
4.20000000000000107E0	2.58999999999999986E9	-1.40762155661917099E2
4.20000000000000107E0	2.60000000000000009E9	-1.41230079887848969E2
4.20000000000000107E0	2.61000000000000032E9	-1.41641795135251947E2
4.20000000000000107E0	2.62000000000000011E9	-1.42008024580862902E2
4.20000000000000107E0	2.62999999999999989E9	-1.42337293507088503E2
4.20000000000000107E0	2.63999999999999968E9	-1.42636404277708140E2
4.20000000000000107E0	2.64999999999999991E9	-1.42910800829411411E2
4.20000000000000107E0	2.66000000000000014E9	-1.43164851950587080E2
4.20000000000000107E0	2.66999999999999993E9	-1.43402072463494190E2
4.20000000000000107E0	2.68000000000000016E9	-1.43625297263424923E2
4.20000000000000107E0	2.68999999999999995E9	-1.43836818222858764E2
4.20000000000000107E0	2.70000000000000018E9	-1.44038492364030701E2

var_c	indep(index, 1)	plot_vs(pnmx, noisefreq)[21, ::]
4.30000000000000071E0	2.29999999999999982E9	-1.43236822328291113E2
4.30000000000000071E0	2.31000000000000005E9	-1.43007341744698802E2
4.30000000000000071E0	2.31999999999999984E9	-1.42762413902802288E2
4.30000000000000071E0	2.33000000000000007E9	-1.42498933462686606E2
4.30000000000000071E0	2.33999999999999986E9	-1.42213040936246626E2
4.30000000000000071E0	2.35000000000000009E9	-1.41899924381670095E2
4.30000000000000071E0	2.36000000000000032E9	-1.41553563777015468E2
4.30000000000000071E0	2.37000000000000011E9	-1.41166399251811781E2
4.30000000000000071E0	2.37999999999999989E9	-1.40728895989292502E2
4.30000000000000071E0	2.38999999999999968E9	-1.40228964543000290E2
4.30000000000000071E0	2.39999999999999991E9	-1.39651166817862937E2
4.30000000000000071E0	2.41000000000000014E9	-1.38975577896922742E2
4.30000000000000071E0	2.41999999999999993E9	-1.38176017248719951E2
4.30000000000000071E0	2.43000000000000016E9	-1.37216934735853013E2
4.30000000000000071E0	2.43999999999999995E9	-1.36046903056173329E2
4.30000000000000071E0	2.45000000000000018E9	-1.34582243701608384E2
4.30000000000000071E0	2.45999999999999996E9	-1.32659740939359416E2
4.30000000000000071E0	2.46999999999999975E9	-1.29904842088104333E2
4.30000000000000071E0	2.47999999999999998E9	-1.25717825648756309E2
4.30000000000000071E0	2.48999999999999977E9	-1.23942397061372622E2
4.30000000000000071E0	2.50000000000000000E9	-1.28693281447044461E2
4.30000000000000071E0	2.51000000000000023E9	-1.31969369876272857E2
4.30000000000000071E0	2.52000000000000002E9	-1.34162289466341300E2
4.30000000000000071E0	2.53000000000000025E9	-1.35788323882575956E2
4.30000000000000071E0	2.54000000000000004E9	-1.37069554355529233E2
4.30000000000000071E0	2.54999999999999982E9	-1.38111318043828701E2
4.30000000000000071E0	2.56000000000000005E9	-1.38974386325715438E2
4.30000000000000071E0	2.56999999999999984E9	-1.39699352666342125E2
4.30000000000000071E0	2.58000000000000007E9	-1.40315678878600547E2
4.30000000000000071E0	2.58999999999999986E9	-1.40845680281175833E2
4.30000000000000071E0	2.60000000000000009E9	-1.41306633938382720E2
4.30000000000000071E0	2.61000000000000032E9	-1.41712077127911806E2
4.30000000000000071E0	2.62000000000000011E9	-1.42072692821818580E2
4.30000000000000071E0	2.62999999999999989E9	-1.42396952657178599E2
4.30000000000000071E0	2.63999999999999968E9	-1.42691599706871242E2
4.30000000000000071E0	2.64999999999999991E9	-1.42962018593895368E2
4.30000000000000071E0	2.66000000000000014E9	-1.43212521406109317E2
4.30000000000000071E0	2.66999999999999993E9	-1.43446570951159025E2
4.30000000000000071E0	2.68000000000000016E9	-1.43666955255806039E2
4.30000000000000071E0	2.68999999999999995E9	-1.43875924522487475E2
4.30000000000000071E0	2.70000000000000018E9	-1.44075299295804427E2

var_c	indep(index, 1)	plot_vs(pnmx, noisefreq)[22, ::]
4.40000000000000036E0	2.29999999999999982E9	-1.43241712121863429E2
4.40000000000000036E0	2.31000000000000005E9	-1.43012897707297149E2
4.40000000000000036E0	2.31999999999999984E9	-1.42768547527438061E2
4.40000000000000036E0	2.33000000000000007E9	-1.42505503471777173E2
4.40000000000000036E0	2.33999999999999986E9	-1.42219832416806935E2
4.40000000000000036E0	2.35000000000000009E9	-1.41906619741281292E2
4.40000000000000036E0	2.36000000000000032E9	-1.41559702120933695E2
4.40000000000000036E0	2.37000000000000011E9	-1.41171319053422728E2
4.40000000000000036E0	2.37999999999999989E9	-1.40731653953276070E2
4.40000000000000036E0	2.38999999999999968E9	-1.40228219513039631E2
4.40000000000000036E0	2.39999999999999991E9	-1.39645012471175534E2
4.40000000000000036E0	2.41000000000000014E9	-1.38961296892142538E2
4.40000000000000036E0	2.41999999999999993E9	-1.38149712911097611E2
4.40000000000000036E0	2.43000000000000016E9	-1.37172955117771433E2
4.40000000000000036E0	2.43999999999999995E9	-1.35976865957318682E2
4.40000000000000036E0	2.45000000000000018E9	-1.34473126032921853E2
4.40000000000000036E0	2.45999999999999996E9	-1.32489323871942721E2
4.40000000000000036E0	2.46999999999999975E9	-1.29632413110800959E2
4.40000000000000036E0	2.47999999999999998E9	-1.25357171182149196E2
4.40000000000000036E0	2.48999999999999977E9	-1.24317308346042599E2
4.40000000000000036E0	2.50000000000000000E9	-1.28979725735086914E2
4.40000000000000036E0	2.51000000000000023E9	-1.32160611839476205E2
4.40000000000000036E0	2.52000000000000002E9	-1.34315258263893389E2
4.40000000000000036E0	2.53000000000000025E9	-1.35923490892198595E2
4.40000000000000036E0	2.54000000000000004E9	-1.37192735009387223E2
4.40000000000000036E0	2.54999999999999982E9	-1.38224210303109829E2
4.40000000000000036E0	2.56000000000000005E9	-1.39077748385177635E2
4.40000000000000036E0	2.56999999999999984E9	-1.39793828587226732E2
4.40000000000000036E0	2.58000000000000007E9	-1.40401960112321156E2
4.40000000000000036E0	2.58999999999999986E9	-1.40924497671033366E2
4.40000000000000036E0	2.60000000000000009E9	-1.41378720731560126E2
4.40000000000000036E0	2.61000000000000032E9	-1.41778136881411188E2
4.40000000000000036E0	2.62000000000000011E9	-1.42133379608732802E2
4.40000000000000036E0	2.62999999999999989E9	-1.42452860957261618E2
4.40000000000000036E0	2.63999999999999968E9	-1.42743261677478905E2
4.40000000000000036E0	2.64999999999999991E9	-1.43009905293327400E2
4.40000000000000036E0	2.66000000000000014E9	-1.43257047032608509E2
4.40000000000000036E0	2.66999999999999993E9	-1.43488097866845021E2
4.40000000000000036E0	2.68000000000000016E9	-1.43705799677489554E2
4.40000000000000036E0	2.68999999999999995E9	-1.43912362040353647E2
4.40000000000000036E0	2.70000000000000018E9	-1.44109570011464894E2

var_c	indep(index, 1)	plot_vs(pnmx, noisefreq)[23, ::]
4.50000000000000000E0	2.29999999999999982E9	-1.43245940890006085E2
4.50000000000000000E0	2.31000000000000005E9	-1.43017765184963208E2
4.50000000000000000E0	2.31999999999999984E9	-1.42773969377993160E2
4.50000000000000000E0	2.33000000000000007E9	-1.42511344515628680E2
4.50000000000000000E0	2.33999999999999986E9	-1.42225886333819918E2
4.50000000000000000E0	2.35000000000000009E9	-1.41912580733184934E2
4.50000000000000000E0	2.36000000000000032E9	-1.41565125115778123E2
4.50000000000000000E0	2.37000000000000011E9	-1.41175563335215348E2
4.50000000000000000E0	2.37999999999999989E9	-1.40733803045777250E2
4.50000000000000000E0	2.38999999999999968E9	-1.40226965830484440E2
4.50000000000000000E0	2.39999999999999991E9	-1.39638490564688778E2
4.50000000000000000E0	2.41000000000000014E9	-1.38946836913673333E2
4.50000000000000000E0	2.41999999999999993E9	-1.38123468644376812E2
4.50000000000000000E0	2.43000000000000016E9	-1.37129319573069841E2
4.50000000000000000E0	2.43999999999999995E9	-1.35907480199968855E2
4.50000000000000000E0	2.45000000000000018E9	-1.34364942617120375E2
4.50000000000000000E0	2.45999999999999996E9	-1.32320048479404617E2
4.50000000000000000E0	2.46999999999999975E9	-1.29362107960224937E2
4.50000000000000000E0	2.47999999999999998E9	-1.25019876392338825E2
4.50000000000000000E0	2.48999999999999977E9	-1.24662439647001744E2
4.50000000000000000E0	2.50000000000000000E9	-1.29245576145624552E2
4.50000000000000000E0	2.51000000000000023E9	-1.32341658917429372E2
4.50000000000000000E0	2.52000000000000002E9	-1.34462016587911770E2
4.50000000000000000E0	2.53000000000000025E9	-1.36053436889880897E2
4.50000000000000000E0	2.54000000000000004E9	-1.37310857171636136E2
4.50000000000000000E0	2.54999999999999982E9	-1.38332074940399341E2
4.50000000000000000E0	2.56000000000000005E9	-1.39176158942000994E2
4.50000000000000000E0	2.56999999999999984E9	-1.39883496926202389E2
4.50000000000000000E0	2.58000000000000007E9	-1.40483628869619936E2
4.50000000000000000E0	2.58999999999999986E9	-1.40998928035719584E2
4.50000000000000000E0	2.60000000000000009E9	-1.41446658890225141E2
4.50000000000000000E0	2.61000000000000032E9	-1.41840287286992561E2
4.50000000000000000E0	2.62000000000000011E9	-1.42190389266487083E2
4.50000000000000000E0	2.62999999999999989E9	-1.42505312677598650E2
4.50000000000000000E0	2.63999999999999968E9	-1.42791673345681858E2
4.50000000000000000E0	2.64999999999999991E9	-1.43054732841602261E2
4.50000000000000000E0	2.66000000000000014E9	-1.43298689368475740E2
4.50000000000000000E0	2.66999999999999993E9	-1.43526902766907050E2
4.50000000000000000E0	2.68000000000000016E9	-1.43742069576601983E2
4.50000000000000000E0	2.68999999999999995E9	-1.43946359838046334E2
4.50000000000000000E0	2.70000000000000018E9	-1.44141524195715598E2

var_c	indep(index, 1)	plot_vs(pnmx, noisefreq)[24, ::]
4.59999999999999964E0	2.29999999999999982E9	-1.43249571893333494E2
4.59999999999999964E0	2.31000000000000005E9	-1.43022008232509168E2
4.59999999999999964E0	2.31999999999999984E9	-1.42778743992986046E2
4.59999999999999964E0	2.33000000000000007E9	-1.42516521168641419E2
4.59999999999999964E0	2.33999999999999986E9	-1.42231266748822605E2
4.59999999999999964E0	2.35000000000000009E9	-1.41917870263064527E2
4.59999999999999964E0	2.36000000000000032E9	-1.41569893691894122E2
4.59999999999999964E0	2.37000000000000011E9	-1.41179190177752423E2
4.59999999999999964E0	2.37999999999999989E9	-1.40735397404605922E2
4.59999999999999964E0	2.38999999999999968E9	-1.40225253151260643E2
4.59999999999999964E0	2.39999999999999991E9	-1.39631645542928351E2
4.59999999999999964E0	2.41000000000000014E9	-1.38932237046793206E2
4.59999999999999964E0	2.41999999999999993E9	-1.38097319573461919E2
4.59999999999999964E0	2.43000000000000016E9	-1.37086062233511874E2
4.59999999999999964E0	2.43999999999999995E9	-1.35838784789888556E2
4.59999999999999964E0	2.45000000000000018E9	-1.34257747949484285E2
4.59999999999999964E0	2.45999999999999996E9	-1.32152015849719051E2
4.59999999999999964E0	2.46999999999999975E9	-1.29094306239345924E2
4.59999999999999964E0	2.47999999999999998E9	-1.24705883058124423E2
4.59999999999999964E0	2.48999999999999977E9	-1.24990761629411939E2
4.59999999999999964E0	2.50000000000000000E9	-1.29493252223218080E2
4.59999999999999964E0	2.51000000000000023E9	-1.32513628413984419E2
4.59999999999999964E0	2.52000000000000002E9	-1.34602986036123751E2
4.59999999999999964E0	2.53000000000000025E9	-1.36178395016322074E2
4.59999999999999964E0	2.54000000000000004E9	-1.37424135388858071E2
4.59999999999999964E0	2.54999999999999982E9	-1.38435151241010646E2
4.59999999999999964E0	2.56000000000000005E9	-1.39269884140758138E2
4.59999999999999964E0	2.56999999999999984E9	-1.39968642124656784E2
4.59999999999999964E0	2.58000000000000007E9	-1.40560979061149038E2
4.59999999999999964E0	2.58999999999999986E9	-1.41069267436844936E2
4.59999999999999964E0	2.60000000000000009E9	-1.41510741403944662E2
4.59999999999999964E0	2.61000000000000032E9	-1.41898814672294171E2
4.59999999999999964E0	2.62000000000000011E9	-1.42243999208728500E2
4.59999999999999964E0	2.62999999999999989E9	-1.42554574991454297E2
4.59999999999999964E0	2.63999999999999968E9	-1.42837091064964117E2
4.59999999999999964E0	2.64999999999999991E9	-1.43096746667958952E2
4.59999999999999964E0	2.66000000000000014E9	-1.43337683256617465E2
4.59999999999999964E0	2.66999999999999993E9	-1.43563210187270696E2
4.59999999999999964E0	2.68000000000000016E9	-1.43775979738178838E2
4.59999999999999964E0	2.68999999999999995E9	-1.43978123461116669E2
4.59999999999999964E0	2.70000000000000018E9	-1.44171358721559995E2

var_c	indep(index, 1)	plot_vs(pnmx, noisefreq)[25, ::]
4.69999999999999929E0	2.29999999999999982E9	-1.43252661491020694E2
4.69999999999999929E0	2.31000000000000005E9	-1.43025684132127706E2
4.69999999999999929E0	2.31999999999999984E9	-1.42782929191616392E2
4.69999999999999929E0	2.33000000000000007E9	-1.42521091370239739E2
4.69999999999999929E0	2.33999999999999986E9	-1.42236031192661838E2
4.69999999999999929E0	2.35000000000000009E9	-1.41922544842488674E2
4.69999999999999929E0	2.36000000000000032E9	-1.41574062640262643E2
4.69999999999999929E0	2.37000000000000011E9	-1.41182251751457777E2
4.69999999999999929E0	2.37999999999999989E9	-1.40736485802103539E2
4.69999999999999929E0	2.38999999999999968E9	-1.40223125568612139E2
4.69999999999999929E0	2.39999999999999991E9	-1.39624516449420066E2
4.69999999999999929E0	2.41000000000000014E9	-1.38917531444236797E2
4.69999999999999929E0	2.41999999999999993E9	-1.38071295389568371E2
4.69999999999999929E0	2.43000000000000016E9	-1.37043211276061783E2
4.69999999999999929E0	2.43999999999999995E9	-1.35770811695638649E2
4.69999999999999929E0	2.45000000000000018E9	-1.34151587779766812E2
4.69999999999999929E0	2.45999999999999996E9	-1.31985314741867477E2
4.69999999999999929E0	2.46999999999999975E9	-1.28829382438651452E2
4.69999999999999929E0	2.47999999999999998E9	-1.24411987682856506E2
4.69999999999999929E0	2.48999999999999977E9	-1.25305573031280293E2
4.69999999999999929E0	2.50000000000000000E9	-1.29724856128683830E2
4.69999999999999929E0	2.51000000000000023E9	-1.32677446752130335E2
4.69999999999999929E0	2.52000000000000002E9	-1.34738528893444287E2
4.69999999999999929E0	2.53000000000000025E9	-1.36298580869706942E2
4.69999999999999929E0	2.54000000000000004E9	-1.37532777510293114E2
4.69999999999999929E0	2.54999999999999982E9	-1.38533669962570416E2
4.69999999999999929E0	2.56000000000000005E9	-1.39359176952428898E2
4.69999999999999929E0	2.56999999999999984E9	-1.40049531696799323E2
4.69999999999999929E0	2.58000000000000007E9	-1.40634284698982936E2
4.69999999999999929E0	2.58999999999999986E9	-1.41135789901767450E2
4.69999999999999929E0	2.60000000000000009E9	-1.41571237786229376E2
4.69999999999999929E0	2.61000000000000032E9	-1.41953981106124694E2
4.69999999999999929E0	2.62000000000000011E9	-1.42294462409648981E2
4.69999999999999929E0	2.62999999999999989E9	-1.42600890763715737E2
4.69999999999999929E0	2.63999999999999968E9	-1.42879747417064551E2
4.69999999999999929E0	2.64999999999999991E9	-1.43136168965671207E2
4.69999999999999929E0	2.66000000000000014E9	-1.43374240751321058E2
4.69999999999999929E0	2.66999999999999993E9	-1.43597222570368532E2
4.69999999999999929E0	2.68000000000000016E9	-1.43807723504620566E2
4.69999999999999929E0	2.68999999999999995E9	-1.44007837676102812E2
4.69999999999999929E0	2.70000000000000018E9	-1.44199250377355614E2

var_c	indep(index, 1)	plot_vs(pnmx, noisefreq)[26, ::]
4.79999999999999893E0	2.29999999999999982E9	-1.43255260184800481E2
4.79999999999999893E0	2.31000000000000005E9	-1.43028844210338857E2
4.79999999999999893E0	2.31999999999999984E9	-1.42786576856867731E2
4.79999999999999893E0	2.33000000000000007E9	-1.42525107228448999E2
4.79999999999999893E0	2.33999999999999986E9	-1.42240231608730738E2
4.79999999999999893E0	2.35000000000000009E9	-1.41926655475078545E2
4.79999999999999893E0	2.36000000000000032E9	-1.41577681343995421E2
4.79999999999999893E0	2.37000000000000011E9	-1.41184795003012953E2
4.79999999999999893E0	2.37999999999999989E9	-1.40737111908637424E2
4.79999999999999893E0	2.38999999999999968E9	-1.40220622684590124E2
4.79999999999999893E0	2.39999999999999991E9	-1.39617138129522966E2
4.79999999999999893E0	2.41000000000000014E9	-1.38902749619897414E2
4.79999999999999893E0	2.41999999999999993E9	-1.38045421389283018E2
4.79999999999999893E0	2.43000000000000016E9	-1.37000790243784398E2
4.79999999999999893E0	2.43999999999999995E9	-1.35703586941860155E2
4.79999999999999893E0	2.45000000000000018E9	-1.34046500956409065E2
4.79999999999999893E0	2.45999999999999996E9	-1.31820024294869187E2
4.79999999999999893E0	2.46999999999999975E9	-1.28567708345176301E2
4.79999999999999893E0	2.47999999999999998E9	-1.24128837985503293E2
4.79999999999999893E0	2.48999999999999977E9	-1.25607410795519536E2
4.79999999999999893E0	2.50000000000000000E9	-1.29942207480105809E2
4.79999999999999893E0	2.51000000000000023E9	-1.32833887009470919E2
4.79999999999999893E0	2.52000000000000002E9	-1.34868958918225323E2
4.79999999999999893E0	2.53000000000000025E9	-1.36414197546894456E2
4.79999999999999893E0	2.54000000000000004E9	-1.37636984092126835E2
4.79999999999999893E0	2.54999999999999982E9	-1.38627852894823045E2
4.79999999999999893E0	2.56000000000000005E9	-1.39444278006638211E2
4.79999999999999893E0	2.56999999999999984E9	-1.40126417166858119E2
4.79999999999999893E0	2.58000000000000007E9	-1.40703800916053190E2
4.79999999999999893E0	2.58999999999999986E9	-1.41198748849504052E2
4.79999999999999893E0	2.60000000000000009E9	-1.41628396093022446E2
4.79999999999999893E0	2.61000000000000032E9	-1.42006026827220677E2
4.79999999999999893E0	2.62000000000000011E9	-1.42342009773821965E2
4.79999999999999893E0	2.62999999999999989E9	-1.42644481140229740E2
4.79999999999999893E0	2.63999999999999968E9	-1.42919853443070322E2
4.79999999999999893E0	2.64999999999999991E9	-1.43173201007621453E2
4.79999999999999893E0	2.66000000000000014E9	-1.43408553700224917E2
4.79999999999999893E0	2.66999999999999993E9	-1.43629122756463623E2
4.79999999999999893E0	2.68000000000000016E9	-1.43837475211824239E2
4.79999999999999893E0	2.68999999999999995E9	-1.44035668976883868E2
4.79999999999999893E0	2.70000000000000018E9	-1.44225358290022454E2

var_c	indep(index, 1)	plot_vs(pnmx, noisefreq)[27, ::]
4.89999999999999858E0	2.29999999999999982E9	-1.43257413241571263E2
4.89999999999999858E0	2.31000000000000005E9	-1.43031534591802822E2
4.89999999999999858E0	2.31999999999999984E9	-1.42789733776452610E2
4.89999999999999858E0	2.33000000000000007E9	-1.42528615793641555E2
4.89999999999999858E0	2.33999999999999986E9	-1.42243914730031484E2
4.89999999999999858E0	2.35000000000000009E9	-1.41930248259582936E2
4.89999999999999858E0	2.36000000000000032E9	-1.41580794536153620E2
4.89999999999999858E0	2.37000000000000011E9	-1.41186862533135127E2
4.89999999999999858E0	2.37999999999999989E9	-1.40737315150252695E2
4.89999999999999858E0	2.38999999999999968E9	-1.40217780109472168E2
4.89999999999999858E0	2.39999999999999991E9	-1.39609541429103334E2
4.89999999999999858E0	2.41000000000000014E9	-1.38887917459907206E2
4.89999999999999858E0	2.41999999999999993E9	-1.38019719045140254E2
4.89999999999999858E0	2.43000000000000016E9	-1.36958817791609100E2
4.89999999999999858E0	2.43999999999999995E9	-1.35637131652618392E2
4.89999999999999858E0	2.45000000000000018E9	-1.33942518615895634E2
4.89999999999999858E0	2.45999999999999996E9	-1.31656214908255387E2
4.89999999999999858E0	2.46999999999999975E9	-1.28309652145309716E2
4.89999999999999858E0	2.47999999999999998E9	-1.23833776373235205E2
4.89999999999999858E0	2.48999999999999977E9	-1.25896190309889100E2
4.89999999999999858E0	2.50000000000000000E9	-1.30146874713420635E2
4.89999999999999858E0	2.51000000000000023E9	-1.32983599459894419E2
4.89999999999999858E0	2.52000000000000002E9	-1.34994550939265467E2
4.89999999999999858E0	2.53000000000000025E9	-1.36525436846606896E2
4.89999999999999858E0	2.54000000000000004E9	-1.37736949734785386E2
4.89999999999999858E0	2.54999999999999982E9	-1.38717912788083364E2
4.89999999999999858E0	2.56000000000000005E9	-1.39525414979173989E2
4.89999999999999858E0	2.56999999999999984E9	-1.40199534367447387E2
4.89999999999999858E0	2.58000000000000007E9	-1.40769765349223697E2
4.89999999999999858E0	2.58999999999999986E9	-1.41258378848169253E2
4.89999999999999858E0	2.60000000000000009E9	-1.41682444679652475E2
4.89999999999999858E0	2.61000000000000032E9	-1.42055172014689468E2
4.89999999999999858E0	2.62000000000000011E9	-1.42386852461696911E2
4.89999999999999858E0	2.62999999999999989E9	-1.42685547624518794E2
4.89999999999999858E0	2.63999999999999968E9	-1.42957601166828252E2
4.89999999999999858E0	2.64999999999999991E9	-1.43208025478792389E2
4.89999999999999858E0	2.66000000000000014E9	-1.43440795883241679E2
4.89999999999999858E0	2.66999999999999993E9	-1.43659076171660494E2
4.89999999999999858E0	2.68000000000000016E9	-1.43865392453652552E2
4.89999999999999858E0	2.68999999999999995E9	-1.44061767611089286E2
4.89999999999999858E0	2.70000000000000018E9	-1.44249825928366371E2

var_c	indep(index, 1)	plot_vs(pnmx, noisefreq)[28, ::]
4.99999999999999822E0	2.29999999999999982E9	-1.43259161336059471E2
4.99999999999999822E0	2.31000000000000005E9	-1.43033796840982919E2
4.99999999999999822E0	2.31999999999999984E9	-1.42792442076412796E2
4.99999999999999822E0	2.33000000000000007E9	-1.42531659500535479E2
4.99999999999999822E0	2.33999999999999986E9	-1.42247123021359245E2
4.99999999999999822E0	2.35000000000000009E9	-1.41933365034850234E2
4.99999999999999822E0	2.36000000000000032E9	-1.41583442736953868E2
4.99999999999999822E0	2.37000000000000011E9	-1.41188492782182240E2
4.99999999999999822E0	2.37999999999999989E9	-1.40737131240941382E2
4.99999999999999822E0	2.38999999999999968E9	-1.40214629655463230E2
4.99999999999999822E0	2.39999999999999991E9	-1.39601753704497855E2
4.99999999999999822E0	2.41000000000000014E9	-1.38873057708038106E2
4.99999999999999822E0	2.41999999999999993E9	-1.37994206457219559E2
4.99999999999999822E0	2.43000000000000016E9	-1.36917309554826305E2
4.99999999999999822E0	2.43999999999999995E9	-1.35571462508064711E2
4.99999999999999822E0	2.45000000000000018E9	-1.33839667713801336E2
4.99999999999999822E0	2.45999999999999996E9	-1.31493949589250159E2
4.99999999999999822E0	2.46999999999999975E9	-1.28055578818429483E2
4.99999999999999822E0	2.47999999999999998E9	-1.23471111775036024E2
4.99999999999999822E0	2.48999999999999977E9	-1.26171862966186699E2
4.99999999999999822E0	2.50000000000000000E9	-1.30340210222860042E2
4.99999999999999822E0	2.51000000000000023E9	-1.33127133574521728E2
4.99999999999999822E0	2.52000000000000002E9	-1.35115551942790169E2
4.99999999999999822E0	2.53000000000000025E9	-1.36632480864631933E2
4.99999999999999822E0	2.54000000000000004E9	-1.37832861681673968E2
4.99999999999999822E0	2.54999999999999982E9	-1.38804053406040317E2
4.99999999999999822E0	2.56000000000000005E9	-1.39602803890501859E2
4.99999999999999822E0	2.56999999999999984E9	-1.40269104666092859E2
4.99999999999999822E0	2.58000000000000007E9	-1.40832399187707202E2
4.99999999999999822E0	2.58999999999999986E9	-1.41314897024012631E2
4.99999999999999822E0	2.60000000000000009E9	-1.41733593876768782E2
4.99999999999999822E0	2.61000000000000032E9	-1.42101618845401023E2
4.99999999999999822E0	2.62000000000000011E9	-1.42429183615987931E2
4.99999999999999822E0	2.62999999999999989E9	-1.42724274194498313E2
4.99999999999999822E0	2.63999999999999968E9	-1.42993165416794143E2
4.99999999999999822E0	2.64999999999999991E9	-1.43240808437456368E2
4.99999999999999822E0	2.66000000000000014E9	-1.43471125035399472E2
4.99999999999999822E0	2.66999999999999993E9	-1.43687232705732892E2
4.99999999999999822E0	2.68000000000000016E9	-1.43891617840915598E2
4.99999999999999822E0	2.68999999999999995E9	-1.44086269428405522E2
4.99999999999999822E0	2.70000000000000018E9	-1.44272782910478803E2

var_c	indep(index, 1)	plot_vs(pnmx, noisefreq)[29, ::]
5.09999999999999787E0	2.29999999999999982E9	-1.43260541090883686E2
5.09999999999999787E0	2.31000000000000005E9	-1.43035668461212806E2
5.09999999999999787E0	2.31999999999999984E9	-1.42794739952336269E2
5.09999999999999787E0	2.33000000000000007E9	-1.42534276895784773E2
5.09999999999999787E0	2.33999999999999986E9	-1.42249894882721950E2
5.09999999999999787E0	2.35000000000000009E9	-1.41936043686166835E2
5.09999999999999787E0	2.36000000000000032E9	-1.41585662760505926E2
5.09999999999999787E0	2.37000000000000011E9	-1.41189720842506228E2
5.09999999999999787E0	2.37999999999999989E9	-1.40736592586347964E2
5.09999999999999787E0	2.38999999999999968E9	-1.40211200320367113E2
5.09999999999999787E0	2.39999999999999991E9	-1.39593799690625420E2
5.09999999999999787E0	2.41000000000000014E9	-1.38858190011317606E2
5.09999999999999787E0	2.41999999999999993E9	-1.37968898882687840E2
5.09999999999999787E0	2.43000000000000016E9	-1.36876277701332327E2
5.09999999999999787E0	2.43999999999999995E9	-1.35506592522570513E2
5.09999999999999787E0	2.45000000000000018E9	-1.33737969090745734E2
5.09999999999999787E0	2.45999999999999996E9	-1.31333283271237633E2
5.09999999999999787E0	2.46999999999999975E9	-1.27805848484859896E2
5.09999999999999787E0	2.47999999999999998E9	-1.22887947985280510E2
5.09999999999999787E0	2.48999999999999977E9	-1.26434577277933968E2
5.09999999999999787E0	2.50000000000000000E9	-1.30523377157332354E2
5.09999999999999787E0	2.51000000000000023E9	-1.33264959795486959E2
5.09999999999999787E0	2.52000000000000002E9	-1.35232182935975631E2
5.09999999999999787E0	2.53000000000000025E9	-1.36735503790644652E2
5.09999999999999787E0	2.54000000000000004E9	-1.37924900664649175E2
5.09999999999999787E0	2.54999999999999982E9	-1.38886469220172581E2
5.09999999999999787E0	2.56000000000000005E9	-1.39676648668000469E2
5.09999999999999787E0	2.56999999999999984E9	-1.40335335501601111E2
5.09999999999999787E0	2.58000000000000007E9	-1.40891908437716795E2
5.09999999999999787E0	2.58999999999999986E9	-1.41368504326589806E2
5.09999999999999787E0	2.60000000000000009E9	-1.41782037636761915E2
5.09999999999999787E0	2.61000000000000032E9	-1.42145553007801628E2
5.09999999999999787E0	2.62000000000000011E9	-1.42469180136741413E2
5.09999999999999787E0	2.62999999999999989E9	-1.42760828883804636E2
5.09999999999999787E0	2.63999999999999968E9	-1.43026705618590255E2
5.09999999999999787E0	2.64999999999999991E9	-1.43271701048971289E2
5.09999999999999787E0	2.66000000000000014E9	-1.43499684539981676E2
5.09999999999999787E0	2.66999999999999993E9	-1.43713728460879464E2
5.09999999999999787E0	2.68000000000000016E9	-1.43916280726549917E2
5.09999999999999787E0	2.68999999999999995E9	-1.44109297527249725E2
5.09999999999999787E0	2.70000000000000018E9	-1.44294346544288343E2

var_c	indep(index, 1)	plot_vs(pnmx, noisefreq)[30, ::]
5.19999999999999751E0	2.29999999999999982E9	-1.43261585607394526E2
5.19999999999999751E0	2.31000000000000005E9	-1.43037183325827444E2
5.19999999999999751E0	2.31999999999999984E9	-1.42796661922402857E2
5.19999999999999751E0	2.33000000000000007E9	-1.42536502888985939E2
5.19999999999999751E0	2.33999999999999986E9	-1.42252265349639617E2
5.19999999999999751E0	2.35000000000000009E9	-1.41938318758708459E2
5.19999999999999751E0	2.36000000000000032E9	-1.41587488222348190E2
5.19999999999999751E0	2.37000000000000011E9	-1.41190578549915302E2
5.19999999999999751E0	2.37999999999999989E9	-1.40735728559183682E2
5.19999999999999751E0	2.38999999999999968E9	-1.40207518192829861E2
5.19999999999999751E0	2.39999999999999991E9	-1.39585701335537093E2
5.19999999999999751E0	2.41000000000000014E9	-1.38843331842299844E2
5.19999999999999751E0	2.41999999999999993E9	-1.37943809160079578E2
5.19999999999999751E0	2.43000000000000016E9	-1.36835731902928215E2
5.19999999999999751E0	2.43999999999999995E9	-1.35442531156315527E2
5.19999999999999751E0	2.45000000000000018E9	-1.33637439532485169E2
5.19999999999999751E0	2.45999999999999996E9	-1.31174265871812890E2
5.19999999999999751E0	2.46999999999999975E9	-1.27560815422642015E2
5.19999999999999751E0	2.47999999999999998E9	-1.21580262182473309E2
5.19999999999999751E0	2.48999999999999977E9	-1.26684679360111341E2
5.19999999999999751E0	2.50000000000000000E9	-1.30697380227607773E2
5.19999999999999751E0	2.51000000000000023E9	-1.33397480921292888E2
5.19999999999999751E0	2.52000000000000002E9	-1.35344645967200394E2
5.19999999999999751E0	2.53000000000000025E9	-1.36834672747401331E2
5.19999999999999751E0	2.54000000000000004E9	-1.38013240618461253E2
5.19999999999999751E0	2.54999999999999982E9	-1.38965346078078000E2
5.19999999999999751E0	2.56000000000000005E9	-1.39747141962798205E2
5.19999999999999751E0	2.56999999999999984E9	-1.40398421219238356E2
5.19999999999999751E0	2.58000000000000007E9	-1.40948484699702847E2
5.19999999999999751E0	2.58999999999999986E9	-1.41419387016981912E2
5.19999999999999751E0	2.60000000000000009E9	-1.41827954876377649E2
5.19999999999999751E0	2.61000000000000032E9	-1.42187145252519653E2
5.19999999999999751E0	2.62000000000000011E9	-1.42507004221478617E2
5.19999999999999751E0	2.62999999999999989E9	-1.42795365482034864E2
5.19999999999999751E0	2.63999999999999968E9	-1.43058367329146741E2
5.19999999999999751E0	2.64999999999999991E9	-1.43300841131192991E2
5.19999999999999751E0	2.66000000000000014E9	-1.43526604876649522E2
5.19999999999999751E0	2.66999999999999993E9	-1.43738687175391666E2
5.19999999999999751E0	2.68000000000000016E9	-1.43939498548445366E2
5.19999999999999751E0	2.68999999999999995E9	-1.44130963580447258E2
5.19999999999999751E0	2.70000000000000018E9	-1.44314623192836566E2

var_c	indep(index, 1)	plot_vs(pnmx, noisefreq)[31, ::]
5.29999999999999716E0	2.29999999999999982E9	-1.43262324731117485E2
5.29999999999999716E0	2.31000000000000005E9	-1.43038372201859909E2
5.29999999999999716E0	2.31999999999999984E9	-1.42798239370343882E2
5.29999999999999716E0	2.33000000000000007E9	-1.42538369274534094E2
5.29999999999999716E0	2.33999999999999986E9	-1.42254266259658579E2
5.29999999999999716E0	2.35000000000000009E9	-1.41940221819639345E2
5.29999999999999716E0	2.36000000000000032E9	-1.41588949709567258E2
5.29999999999999716E0	2.37000000000000011E9	-1.41191095027792568E2
5.29999999999999716E0	2.37999999999999989E9	-1.40734565958721913E2
5.29999999999999716E0	2.38999999999999968E9	-1.40203606938867043E2
5.29999999999999716E0	2.39999999999999991E9	-1.39577478351220008E2
5.29999999999999716E0	2.41000000000000014E9	-1.38828498320864702E2
5.29999999999999716E0	2.41999999999999993E9	-1.37918947843450246E2
5.29999999999999716E0	2.43000000000000016E9	-1.36795679041404639E2
5.29999999999999716E0	2.43999999999999995E9	-1.35379284966572966E2
5.29999999999999716E0	2.45000000000000018E9	-1.33538091163268513E2
5.29999999999999716E0	2.45999999999999996E9	-1.31016940569943374E2
5.29999999999999716E0	2.46999999999999975E9	-1.27320827157481897E2
5.29999999999999716E0	2.47999999999999998E9	-1.17397094890085607E2
5.29999999999999716E0	2.48999999999999977E9	-1.26922669006738786E2
5.29999999999999716E0	2.50000000000000000E9	-1.30863085715684546E2
5.29999999999999716E0	2.51000000000000023E9	-1.33525047569717925E2
5.29999999999999716E0	2.52000000000000002E9	-1.35453127695234388E2
5.29999999999999716E0	2.53000000000000025E9	-1.36930147084492626E2
5.29999999999999716E0	2.54000000000000004E9	-1.38098048652777328E2
5.29999999999999716E0	2.54999999999999982E9	-1.39040860402509492E2
5.29999999999999716E0	2.56000000000000005E9	-1.39814465694152146E2
5.29999999999999716E0	2.56999999999999984E9	-1.40458543686083681E2
5.29999999999999716E0	2.58000000000000007E9	-1.41002306436019098E2
5.29999999999999716E0	2.58999999999999986E9	-1.41467717492112710E2
5.29999999999999716E0	2.60000000000000009E9	-1.41871510814089374E2
5.29999999999999716E0	2.61000000000000032E9	-1.42226552609096579E2
5.29999999999999716E0	2.62000000000000011E9	-1.42542804833671366E2
5.29999999999999716E0	2.62999999999999989E9	-1.42828024799604014E2
5.29999999999999716E0	2.63999999999999968E9	-1.43088283671126382E2
5.29999999999999716E0	2.64999999999999991E9	-1.43328354426175908E2
5.29999999999999716E0	2.66000000000000014E9	-1.43552005073405087E2
5.29999999999999716E0	2.66999999999999993E9	-1.43762221507894394E2
5.29999999999999716E0	2.68000000000000016E9	-1.43961378174747123E2
5.29999999999999716E0	2.68999999999999995E9	-1.44151369116712491E2
5.29999999999999716E0	2.70000000000000018E9	-1.44333709470547200E2

var_c	indep(index, 1)	plot_vs(pnmx, noisefreq)[32, ::]
5.39999999999999680E0	2.29999999999999982E9	-1.43262785556343930E2
5.39999999999999680E0	2.31000000000000005E9	-1.43039262917360954E2
5.39999999999999680E0	2.31999999999999984E9	-1.42799500825593340E2
5.39999999999999680E0	2.33000000000000007E9	-1.42539904997813838E2
5.39999999999999680E0	2.33999999999999986E9	-1.42255926645019137E2
5.39999999999999680E0	2.35000000000000009E9	-1.41941781628696950E2
5.39999999999999680E0	2.36000000000000032E9	-1.41590075254753134E2
5.39999999999999680E0	2.37000000000000011E9	-1.41191296880121842E2
5.39999999999999680E0	2.37999999999999989E9	-1.40733129382632804E2
5.39999999999999680E0	2.38999999999999968E9	-1.40199488050824472E2
5.39999999999999680E0	2.39999999999999991E9	-1.39569148480381489E2
5.39999999999999680E0	2.41000000000000014E9	-1.38813702844180353E2
5.39999999999999680E0	2.41999999999999993E9	-1.37894323749974079E2
5.39999999999999680E0	2.43000000000000016E9	-1.36756124364968579E2
5.39999999999999680E0	2.43999999999999995E9	-1.35316858543432406E2
5.39999999999999680E0	2.45000000000000018E9	-1.33439934446127806E2
5.39999999999999680E0	2.45999999999999996E9	-1.30861346237313003E2
5.39999999999999680E0	2.46999999999999975E9	-1.27086219715301474E2
5.39999999999999680E0	2.47999999999999998E9	-9.88546348983202527E1
5.39999999999999680E0	2.48999999999999977E9	-1.27149140818976880E2
5.39999999999999680E0	2.50000000000000000E9	-1.31021243851993363E2
5.39999999999999680E0	2.51000000000000023E9	-1.33647965759621790E2
5.39999999999999680E0	2.52000000000000002E9	-1.35557800637830650E2
5.39999999999999680E0	2.53000000000000025E9	-1.37022080650173672E2
5.39999999999999680E0	2.54000000000000004E9	-1.38179485010744929E2
5.39999999999999680E0	2.54999999999999982E9	-1.39113180488455823E2
5.39999999999999680E0	2.56000000000000005E9	-1.39878791278434367E2
5.39999999999999680E0	2.56999999999999984E9	-1.40515873457088358E2
5.39999999999999680E0	2.58000000000000007E9	-1.41053539871961209E2
5.39999999999999680E0	2.58999999999999986E9	-1.41513655782031744E2
5.39999999999999680E0	2.60000000000000009E9	-1.41912857863040021E2
5.39999999999999680E0	2.61000000000000032E9	-1.42263919901841085E2
5.39999999999999680E0	2.62000000000000011E9	-1.42576718735870256E2
5.39999999999999680E0	2.62999999999999989E9	-1.42858935982807855E2
5.39999999999999680E0	2.63999999999999968E9	-1.43116576438601473E2
5.39999999999999680E0	2.64999999999999991E9	-1.43354355952530788E2
5.39999999999999680E0	2.66000000000000014E9	-1.43575993715035333E2
5.39999999999999680E0	2.66999999999999993E9	-1.43784434239985393E2
5.39999999999999680E0	2.68000000000000016E9	-1.43982016999395879E2
5.39999999999999680E0	2.68999999999999995E9	-1.44170606548198887E2
5.39999999999999680E0	2.70000000000000018E9	-1.44351693247366830E2

var_c	indep(index, 1)	plot_vs(pnmx, noisefreq)[33, ::]
5.49999999999999645E0	2.29999999999999982E9	-1.43262992633645125E2
5.49999999999999645E0	2.31000000000000005E9	-1.43039880854378909E2
5.49999999999999645E0	2.31999999999999984E9	-1.42800472281487978E2
5.49999999999999645E0	2.33000000000000007E9	-1.42541136460072937E2
5.49999999999999645E0	2.33999999999999986E9	-1.42257273127158501E2
5.49999999999999645E0	2.35000000000000009E9	-1.41943024547397556E2
5.49999999999999645E0	2.36000000000000032E9	-1.41590890557137250E2
5.49999999999999645E0	2.37000000000000011E9	-1.41191208549916247E2
5.49999999999999645E0	2.37999999999999989E9	-1.40731440998046597E2
5.49999999999999645E0	2.38999999999999968E9	-1.40195181193986440E2
5.49999999999999645E0	2.39999999999999991E9	-1.39560727800195306E2
5.49999999999999645E0	2.41000000000000014E9	-1.38798957019584135E2
5.49999999999999645E0	2.41999999999999993E9	-1.37869944006844802E2
5.49999999999999645E0	2.43000000000000016E9	-1.36717071196560847E2
5.49999999999999645E0	2.43999999999999995E9	-1.35255253571740708E2
5.49999999999999645E0	2.45000000000000018E9	-1.33342974599998887E2
5.49999999999999645E0	2.45999999999999996E9	-1.30707517217303648E2
5.49999999999999645E0	2.46999999999999975E9	-1.26857318838277799E2
5.49999999999999645E0	2.47999999999999998E9	-1.17995469789763963E2
5.49999999999999645E0	2.48999999999999977E9	-1.27364743168258721E2
5.49999999999999645E0	2.50000000000000000E9	-1.31172505116055271E2
5.49999999999999645E0	2.51000000000000023E9	-1.33766505509906564E2
5.49999999999999645E0	2.52000000000000002E9	-1.35658826625808193E2
5.49999999999999645E0	2.53000000000000025E9	-1.37110620824904528E2
5.49999999999999645E0	2.54000000000000004E9	-1.38257703521384956E2
5.49999999999999645E0	2.54999999999999982E9	-1.39182466024112839E2
5.49999999999999645E0	2.56000000000000005E9	-1.39940280105933446E2
5.49999999999999645E0	2.56999999999999984E9	-1.40570570023825203E2
5.49999999999999645E0	2.58000000000000007E9	-1.41102339689401335E2
5.49999999999999645E0	2.58999999999999986E9	-1.41557350100582879E2
5.49999999999999645E0	2.60000000000000009E9	-1.41952137152639413E2
5.49999999999999645E0	2.61000000000000032E9	-1.42299380456067981E2
5.49999999999999645E0	2.62000000000000011E9	-1.42608871812373161E2
5.49999999999999645E0	2.62999999999999989E9	-1.42888217588150557E2
5.49999999999999645E0	2.63999999999999968E9	-1.43143357365119184E2
5.49999999999999645E0	2.64999999999999991E9	-1.43378950987127096E2
5.49999999999999645E0	2.66000000000000014E9	-1.43598670163007713E2
5.49999999999999645E0	2.66999999999999993E9	-1.43805419229371156E2
5.49999999999999645E0	2.68000000000000016E9	-1.44001503837600398E2
5.49999999999999645E0	2.68999999999999995E9	-1.44188760144039296E2
5.49999999999999645E0	2.70000000000000018E9	-1.44368654604821423E2

var_c	indep(index, 1)	plot_vs(pnmx, noisefreq)[34, ::]
5.59999999999999609E0	2.29999999999999982E9	-1.43262968260132939E2
5.59999999999999609E0	2.31000000000000005E9	-1.43040249055481694E2
5.59999999999999609E0	2.31999999999999984E9	-1.42801177391677592E2
5.59999999999999609E0	2.33000000000000007E9	-1.42542087811037943E2
5.59999999999999609E0	2.33999999999999986E9	-1.42258330062875782E2
5.59999999999999609E0	2.35000000000000009E9	-1.41943974760298719E2
5.59999999999999609E0	2.36000000000000032E9	-1.41591419150904407E2
5.59999999999999609E0	2.37000000000000011E9	-1.41190852361390706E2
5.59999999999999609E0	2.37999999999999989E9	-1.40729521590756179E2
5.59999999999999609E0	2.38999999999999968E9	-1.40190704252344855E2
5.59999999999999609E0	2.39999999999999991E9	-1.39552230655054754E2
5.59999999999999609E0	2.41000000000000014E9	-1.38784271140853011E2
5.59999999999999609E0	2.41999999999999993E9	-1.37845814491340701E2
5.59999999999999609E0	2.43000000000000016E9	-1.36678521389518948E2
5.59999999999999609E0	2.43999999999999995E9	-1.35194469927877625E2
5.59999999999999609E0	2.45000000000000018E9	-1.33247215923890638E2
5.59999999999999609E0	2.45999999999999996E9	-1.30555482510353227E2
5.59999999999999609E0	2.46999999999999975E9	-1.26634429852683850E2
5.59999999999999609E0	2.47999999999999998E9	-1.21149782257949790E2
5.59999999999999609E0	2.48999999999999977E9	-1.27570143922557055E2
5.59999999999999609E0	2.50000000000000000E9	-1.31317435358032353E2
5.59999999999999609E0	2.51000000000000023E9	-1.33880907416413830E2
5.59999999999999609E0	2.52000000000000002E9	-1.35756357412319151E2
5.59999999999999609E0	2.53000000000000025E9	-1.37195909373734293E2
5.59999999999999609E0	2.54000000000000004E9	-1.38332851196476758E2
5.59999999999999609E0	2.54999999999999982E9	-1.39248868737760878E2
5.59999999999999609E0	2.56000000000000005E9	-1.39999084576511690E2
5.59999999999999609E0	2.56999999999999984E9	-1.40622782658728585E2
5.59999999999999609E0	2.58000000000000007E9	-1.41148850187749475E2
5.59999999999999609E0	2.58999999999999986E9	-1.41598938236280558E2
5.59999999999999609E0	2.60000000000000009E9	-1.41989479087356996E2
5.59999999999999609E0	2.61000000000000032E9	-1.42333057425913889E2
5.59999999999999609E0	2.62000000000000011E9	-1.42639379951939604E2
5.59999999999999609E0	2.62999999999999989E9	-1.42915978618957640E2
5.59999999999999609E0	2.63999999999999968E9	-1.43168728898170095E2
5.59999999999999609E0	2.64999999999999991E9	-1.43402235994655824E2
5.59999999999999609E0	2.66000000000000014E9	-1.43620125324116055E2
5.59999999999999609E0	2.66999999999999993E9	-1.43825262312277258E2
5.59999999999999609E0	2.68000000000000016E9	-1.44019919905809735E2
5.59999999999999609E0	2.68999999999999995E9	-1.44205906859173649E2
5.59999999999999609E0	2.70000000000000018E9	-1.44384666643187920E2

var_c	indep(index, 1)	plot_vs(pnmx, noisefreq)[35, ::]
5.69999999999999574E0	2.29999999999999982E9	-1.43262732721344621E2
5.69999999999999574E0	2.31000000000000005E9	-1.43040388554080322E2
5.69999999999999574E0	2.31999999999999984E9	-1.42801637867534659E2
5.69999999999999574E0	2.33000000000000007E9	-1.42542781201648894E2
5.69999999999999574E0	2.33999999999999986E9	-1.42259119663826294E2
5.69999999999999574E0	2.35000000000000009E9	-1.41944654443180163E2
5.69999999999999574E0	2.36000000000000032E9	-1.41591682687006482E2
5.69999999999999574E0	2.37000000000000011E9	-1.41190248919552164E2
5.69999999999999574E0	2.37999999999999989E9	-1.40727389827863436E2
5.69999999999999574E0	2.38999999999999968E9	-1.40186073571664549E2
5.69999999999999574E0	2.39999999999999991E9	-1.39543670094572203E2
5.69999999999999574E0	2.41000000000000014E9	-1.38769654229584738E2
5.69999999999999574E0	2.41999999999999993E9	-1.37821939566013274E2
5.69999999999999574E0	2.43000000000000016E9	-1.36640475805472361E2
5.69999999999999574E0	2.43999999999999995E9	-1.35134506409442245E2
5.69999999999999574E0	2.45000000000000018E9	-1.33152658745415864E2
5.69999999999999574E0	2.45999999999999996E9	-1.30405268792881546E2
5.69999999999999574E0	2.46999999999999975E9	-1.26417839342383931E2
5.69999999999999574E0	2.47999999999999998E9	-1.22320738580482469E2
5.69999999999999574E0	2.48999999999999977E9	-1.27766006072385774E2
5.69999999999999574E0	2.50000000000000000E9	-1.31456528502736458E2
5.69999999999999574E0	2.51000000000000023E9	-1.33991386651342070E2
5.69999999999999574E0	2.52000000000000002E9	-1.35850536439080649E2
5.69999999999999574E0	2.53000000000000025E9	-1.37278082402419388E2
5.69999999999999574E0	2.54000000000000004E9	-1.38405068709774914E2
5.69999999999999574E0	2.54999999999999982E9	-1.39312532184610371E2
5.69999999999999574E0	2.56000000000000005E9	-1.40055347893913251E2
5.69999999999999574E0	2.56999999999999984E9	-1.40672651256420478E2
5.69999999999999574E0	2.58000000000000007E9	-1.41193205658222176E2
5.69999999999999574E0	2.58999999999999986E9	-1.41638547932982961E2
5.69999999999999574E0	2.60000000000000009E9	-1.42025004528850851E2
5.69999999999999574E0	2.61000000000000032E9	-1.42365064471698344E2
5.69999999999999574E0	2.62000000000000011E9	-1.42668349906942216E2
5.69999999999999574E0	2.62999999999999989E9	-1.42942319335412771E2
5.69999999999999574E0	2.63999999999999968E9	-1.43192785230966901E2
5.69999999999999574E0	2.64999999999999991E9	-1.43424299506767139E2
5.69999999999999574E0	2.66000000000000014E9	-1.43640442586909356E2
5.69999999999999574E0	2.66999999999999993E9	-1.43844042160378249E2
5.69999999999999574E0	2.68000000000000016E9	-1.44037339543796938E2
5.69999999999999574E0	2.68999999999999995E9	-1.44222117094531455E2
5.69999999999999574E0	2.70000000000000018E9	-1.44399796143862180E2

var_c	indep(index, 1)	plot_vs(pnmx, noisefreq)[36, ::]
5.79999999999999538E0	2.29999999999999982E9	-1.43262304492667791E2
5.79999999999999538E0	2.31000000000000005E9	-1.43040318563202451E2
5.79999999999999538E0	2.31999999999999984E9	-1.42801873491374809E2
5.79999999999999538E0	2.33000000000000007E9	-1.42543236817580721E2
5.79999999999999538E0	2.33999999999999986E9	-1.42259662505336304E2
5.79999999999999538E0	2.35000000000000009E9	-1.41945084024672452E2
5.79999999999999538E0	2.36000000000000032E9	-1.41591701058377084E2
5.79999999999999538E0	2.37000000000000011E9	-1.41189417143279994E2
5.79999999999999538E0	2.37999999999999989E9	-1.40725063128295713E2
5.79999999999999538E0	2.38999999999999968E9	-1.40181304047027422E2
5.79999999999999538E0	2.39999999999999991E9	-1.39535057956525921E2
5.79999999999999538E0	2.41000000000000014E9	-1.38755114156881887E2
5.79999999999999538E0	2.41999999999999993E9	-1.37798322898260550E2
5.79999999999999538E0	2.43000000000000016E9	-1.36602933221035472E2
5.79999999999999538E0	2.43999999999999995E9	-1.35075359561731489E2
5.79999999999999538E0	2.45000000000000018E9	-1.33059302990807371E2
5.79999999999999538E0	2.45999999999999996E9	-1.30256898284504197E2
5.79999999999999538E0	2.46999999999999975E9	-1.26207807168815478E2
5.79999999999999538E0	2.47999999999999998E9	-1.22908691373137380E2
5.79999999999999538E0	2.48999999999999977E9	-1.27952971096841006E2
5.79999999999999538E0	2.50000000000000000E9	-1.31590217402105769E2
5.79999999999999538E0	2.51000000000000023E9	-1.34098138353332907E2
5.79999999999999538E0	2.52000000000000002E9	-1.35941499629119611E2
5.79999999999999538E0	2.53000000000000025E9	-1.37357270531600251E2
5.79999999999999538E0	2.54000000000000004E9	-1.38474490521178772E2
5.79999999999999538E0	2.54999999999999982E9	-1.39373592631996646E2
5.79999999999999538E0	2.56000000000000005E9	-1.40109205017863769E2
5.79999999999999538E0	2.56999999999999984E9	-1.40720306750860935E2
5.79999999999999538E0	2.58000000000000007E9	-1.41235531490102550E2
5.79999999999999538E0	2.58999999999999986E9	-1.41676297948776297E2
5.79999999999999538E0	2.60000000000000009E9	-1.42058825353683038E2
5.79999999999999538E0	2.61000000000000032E9	-1.42395506748084388E2
5.79999999999999538E0	2.62000000000000011E9	-1.42695880303371037E2
5.79999999999999538E0	2.62999999999999989E9	-1.42967332103695144E2
5.79999999999999538E0	2.63999999999999968E9	-1.43215613020388166E2
5.79999999999999538E0	2.64999999999999991E9	-1.43445222890829127E2
5.79999999999999538E0	2.66000000000000014E9	-1.43659698479879161E2
5.79999999999999538E0	2.66999999999999993E9	-1.43861830852373096E2
5.79999999999999538E0	2.68000000000000016E9	-1.44053830835268237E2
5.79999999999999538E0	2.68999999999999995E9	-1.44237455275368620E2
5.79999999999999538E0	2.70000000000000018E9	-1.44414104231810714E2

var_c	indep(index, 1)	plot_vs(pnmx, noisefreq)[37, ::]
5.89999999999999503E0	2.29999999999999982E9	-1.43261700450705076E2
5.89999999999999503E0	2.31000000000000005E9	-1.43040056627305989E2
5.89999999999999503E0	2.31999999999999984E9	-1.42801902398438552E2
5.89999999999999503E0	2.33000000000000007E9	-1.42543473301607726E2
5.89999999999999503E0	2.33999999999999986E9	-1.42259977374026825E2
5.89999999999999503E0	2.35000000000000009E9	-1.41945282241464210E2
5.89999999999999503E0	2.36000000000000032E9	-1.41591492659501728E2
5.89999999999999503E0	2.37000000000000011E9	-1.41188374532604288E2
5.89999999999999503E0	2.37999999999999989E9	-1.40722557410038140E2
5.89999999999999503E0	2.38999999999999968E9	-1.40176409493495013E2
5.89999999999999503E0	2.39999999999999991E9	-1.39526404886155686E2
5.89999999999999503E0	2.41000000000000014E9	-1.38740657705050774E2
5.89999999999999503E0	2.41999999999999993E9	-1.37774966826662926E2
5.89999999999999503E0	2.43000000000000016E9	-1.36565892543084155E2
5.89999999999999503E0	2.43999999999999995E9	-1.35017025456896334E2
5.89999999999999503E0	2.45000000000000018E9	-1.32967145265325537E2
5.89999999999999503E0	2.45999999999999996E9	-1.30110390262114106E2
5.89999999999999503E0	2.46999999999999975E9	-1.26004563089999455E2
5.89999999999999503E0	2.47999999999999998E9	-1.23275972283494450E2
5.89999999999999503E0	2.48999999999999977E9	-1.28131649087396537E2
5.89999999999999503E0	2.50000000000000000E9	-1.31718882488896005E2
5.89999999999999503E0	2.51000000000000023E9	-1.34201340061933272E2
5.89999999999999503E0	2.52000000000000002E9	-1.36029376666747526E2
5.89999999999999503E0	2.53000000000000025E9	-1.37433599006729823E2
5.89999999999999503E0	2.54000000000000004E9	-1.38541244577309786E2
5.89999999999999503E0	2.54999999999999982E9	-1.39432179316319527E2
5.89999999999999503E0	2.56000000000000005E9	-1.40160782790387151E2
5.89999999999999503E0	2.56999999999999984E9	-1.40765871778189555E2
5.89999999999999503E0	2.58000000000000007E9	-1.41275944479063553E2
5.89999999999999503E0	2.58999999999999986E9	-1.41712298724854824E2
5.89999999999999503E0	2.60000000000000009E9	-1.42091045332237842E2
5.89999999999999503E0	2.61000000000000032E9	-1.42424481449695239E2
5.89999999999999503E0	2.62000000000000011E9	-1.42722062073147149E2
5.89999999999999503E0	2.62999999999999989E9	-1.42991102101877265E2
5.89999999999999503E0	2.63999999999999968E9	-1.43237292052526621E2
5.89999999999999503E0	2.64999999999999991E9	-1.43465081021062035E2
5.89999999999999503E0	2.66000000000000014E9	-1.43677963306018297E2
5.89999999999999503E0	2.66999999999999993E9	-1.43878694652388184E2
5.89999999999999503E0	2.68000000000000016E9	-1.44069456299839294E2
5.89999999999999503E0	2.68999999999999995E9	-1.44251980548174918E2
5.89999999999999503E0	2.70000000000000018E9	-1.44427646958032452E2

var_c	indep(index, 1)	plot_vs(pnmx, noisefreq)[38, ::]
5.99999999999999467E0	2.29999999999999982E9	-1.43260935947498824E2
5.99999999999999467E0	2.31000000000000005E9	-1.43039618791958989E2
5.99999999999999467E0	2.31999999999999984E9	-1.42801741241335978E2
5.99999999999999467E0	2.33000000000000007E9	-1.42543507704368144E2
5.99999999999999467E0	2.33999999999999986E9	-1.42260081611763711E2
5.99999999999999467E0	2.35000000000000009E9	-1.41945266457456731E2
5.99999999999999467E0	2.36000000000000032E9	-1.41591074443419029E2
5.99999999999999467E0	2.37000000000000011E9	-1.41187137132352802E2
5.99999999999999467E0	2.37999999999999989E9	-1.40719887350947626E2
5.99999999999999467E0	2.38999999999999968E9	-1.40171402446446192E2
5.99999999999999467E0	2.39999999999999991E9	-1.39517720595813532E2
5.99999999999999467E0	2.41000000000000014E9	-1.38726290948305819E2
5.99999999999999467E0	2.41999999999999993E9	-1.37751873288371596E2
5.99999999999999467E0	2.43000000000000016E9	-1.36529350858499354E2
5.99999999999999467E0	2.43999999999999995E9	-1.34959498504214426E2
5.99999999999999467E0	2.45000000000000018E9	-1.32876181148008454E2
5.99999999999999467E0	2.45999999999999996E9	-1.29965762307214128E2
5.99999999999999467E0	2.46999999999999975E9	-1.25808295240405488E2
5.99999999999999467E0	2.47999999999999998E9	-1.23545192017246253E2
5.99999999999999467E0	2.48999999999999977E9	-1.28302613276494348E2
5.99999999999999467E0	2.50000000000000000E9	-1.31842860882414969E2
5.99999999999999467E0	2.51000000000000023E9	-1.34301153787830896E2
5.99999999999999467E0	2.52000000000000002E9	-1.36114290504763358E2
5.99999999999999467E0	2.53000000000000025E9	-1.37507188122700796E2
5.99999999999999467E0	2.54000000000000004E9	-1.38605453399560097E2
5.99999999999999467E0	2.54999999999999982E9	-1.39488414343893941E2
5.99999999999999467E0	2.56000000000000005E9	-1.40210200876327007E2
5.99999999999999467E0	2.56999999999999984E9	-1.40809461099753674E2
5.99999999999999467E0	2.58000000000000007E9	-1.41314553647729380E2
5.99999999999999467E0	2.58999999999999986E9	-1.41746653043707171E2
5.99999999999999467E0	2.60000000000000009E9	-1.42121760780784001E2
5.99999999999999467E0	2.61000000000000032E9	-1.42452078672861693E2
5.99999999999999467E0	2.62000000000000011E9	-1.42746979443533673E2
5.99999999999999467E0	2.62999999999999989E9	-1.43013707987944749E2
5.99999999999999467E0	2.63999999999999968E9	-1.43257895869754415E2
5.99999999999999467E0	2.64999999999999991E9	-1.43483942784128438E2
5.99999999999999467E0	2.66000000000000014E9	-1.43695301840793421E2
5.99999999999999467E0	2.66999999999999993E9	-1.43894694423323166E2
5.99999999999999467E0	2.68000000000000016E9	-1.44084273362157900E2
5.99999999999999467E0	2.68999999999999995E9	-1.44265747195604876E2
5.99999999999999467E0	2.70000000000000018E9	-1.44440475757032472E2

var_c	indep(index, 1)	plot_vs(pnmx, noisefreq)[39, ::]
6.09999999999999432E0	2.29999999999999982E9	-1.43260025099783328E2
6.09999999999999432E0	2.31000000000000005E9	-1.43039019792574562E2
6.09999999999999432E0	2.31999999999999984E9	-1.42801405287878591E2
6.09999999999999432E0	2.33000000000000007E9	-1.42543355750957623E2
6.09999999999999432E0	2.33999999999999986E9	-1.42259991151837362E2
6.09999999999999432E0	2.35000000000000009E9	-1.41945052613654599E2
6.09999999999999432E0	2.36000000000000032E9	-1.41590462077802792E2
6.09999999999999432E0	2.37000000000000011E9	-1.41185719850024149E2
6.09999999999999432E0	2.37999999999999989E9	-1.40717066520678213E2
6.09999999999999432E0	2.38999999999999968E9	-1.40166294419542004E2
6.09999999999999432E0	2.39999999999999991E9	-1.39509013852783381E2
6.09999999999999432E0	2.41000000000000014E9	-1.38712019095690953E2
6.09999999999999432E0	2.41999999999999993E9	-1.37729043320998046E2
6.09999999999999432E0	2.43000000000000016E9	-1.36493305239906038E2
6.09999999999999432E0	2.43999999999999995E9	-1.34902772519148817E2
6.09999999999999432E0	2.45000000000000018E9	-1.32786404877607600E2
6.09999999999999432E0	2.45999999999999996E9	-1.29823027677835823E2
6.09999999999999432E0	2.46999999999999975E9	-1.25619149689461618E2
6.09999999999999432E0	2.47999999999999998E9	-1.23765640927861909E2
6.09999999999999432E0	2.48999999999999977E9	-1.28466396867051569E2
6.09999999999999432E0	2.50000000000000000E9	-1.31962449729337772E2
6.09999999999999432E0	2.51000000000000023E9	-1.34397729795697018E2
6.09999999999999432E0	2.52000000000000002E9	-1.36196359090043617E2
6.09999999999999432E0	2.53000000000000025E9	-1.37578153356876198E2
6.09999999999999432E0	2.54000000000000004E9	-1.38667233342426899E2
6.09999999999999432E0	2.54999999999999982E9	-1.39542413536925780E2
6.09999999999999432E0	2.56000000000000005E9	-1.40257571740173459E2
6.09999999999999432E0	2.56999999999999984E9	-1.40851182463009361E2
6.09999999999999432E0	2.58000000000000007E9	-1.41351460857732891E2
6.09999999999999432E0	2.58999999999999986E9	-1.41779456397832382E2
6.09999999999999432E0	2.60000000000000009E9	-1.42151061116453592E2
6.09999999999999432E0	2.61000000000000032E9	-1.42478381877170968E2
6.09999999999999432E0	2.62000000000000011E9	-1.42770710229294817E2
6.09999999999999432E0	2.62999999999999989E9	-1.43035222427553155E2
6.09999999999999432E0	2.63999999999999968E9	-1.43277492411034246E2
6.09999999999999432E0	2.64999999999999991E9	-1.43501871801638603E2
6.09999999999999432E0	2.66000000000000014E9	-1.43711773668585319E2
6.09999999999999432E0	2.66999999999999993E9	-1.43909886278791288E2
6.09999999999999432E0	2.68000000000000016E9	-1.44098334868020395E2
6.09999999999999432E0	2.68999999999999995E9	-1.44278805112301489E2
6.09999999999999432E0	2.70000000000000018E9	-1.44452637877743539E2

var_c	indep(index, 1)	plot_vs(pnmx, noisefreq)[40, ::]
6.19999999999999396E0	2.29999999999999982E9	-1.43258980728890828E2
6.19999999999999396E0	2.31000000000000005E9	-1.43038273100004965E2
6.19999999999999396E0	2.31999999999999984E9	-1.42800908612726452E2
6.19999999999999396E0	2.33000000000000007E9	-1.42543031891587058E2
6.19999999999999396E0	2.33999999999999986E9	-1.42259720788387334E2
6.19999999999999396E0	2.35000000000000009E9	-1.41944655472562054E2
6.19999999999999396E0	2.36000000000000032E9	-1.41589670007439850E2
6.19999999999999396E0	2.37000000000000011E9	-1.41184136516670300E2
6.19999999999999396E0	2.37999999999999989E9	-1.40714107455861592E2
6.19999999999999396E0	2.38999999999999968E9	-1.40161096166478805E2
6.19999999999999396E0	2.39999999999999991E9	-1.39500292660735092E2
6.19999999999999396E0	2.41000000000000014E9	-1.38697846816727743E2
6.19999999999999396E0	2.41999999999999993E9	-1.37706477202390221E2
6.19999999999999396E0	2.43000000000000016E9	-1.36457751871150745E2
6.19999999999999396E0	2.43999999999999995E9	-1.34846840627304032E2
6.19999999999999396E0	2.45000000000000018E9	-1.32697809233192410E2
6.19999999999999396E0	2.45999999999999996E9	-1.29682199120156016E2
6.19999999999999396E0	2.46999999999999975E9	-1.25437212728731584E2
6.19999999999999396E0	2.47999999999999998E9	-1.23959596338406119E2
6.19999999999999396E0	2.48999999999999977E9	-1.28623494052812459E2
6.19999999999999396E0	2.50000000000000000E9	-1.32077916228484815E2
6.19999999999999396E0	2.51000000000000023E9	-1.34491207364736409E2
6.19999999999999396E0	2.52000000000000002E9	-1.36275694559488780E2
6.19999999999999396E0	2.53000000000000025E9	-1.37646604933602612E2
6.19999999999999396E0	2.54000000000000004E9	-1.38726695209929241E2
6.19999999999999396E0	2.54999999999999982E9	-1.39594286167462700E2
6.19999999999999396E0	2.56000000000000005E9	-1.40303001166975272E2
6.19999999999999396E0	2.56999999999999984E9	-1.40891136607893142E2
6.19999999999999396E0	2.58000000000000007E9	-1.41386761165269315E2
6.19999999999999396E0	2.58999999999999986E9	-1.41810797987653592E2
6.19999999999999396E0	2.60000000000000009E9	-1.42179029517569222E2
6.19999999999999396E0	2.61000000000000032E9	-1.42503468498321806E2
6.19999999999999396E0	2.62000000000000011E9	-1.42793326560436684E2
6.19999999999999396E0	2.62999999999999989E9	-1.43055712648852085E2
6.19999999999999396E0	2.63999999999999968E9	-1.43296144432947736E2
6.19999999999999396E0	2.64999999999999991E9	-1.43518926730416885E2
6.19999999999999396E0	2.66000000000000014E9	-1.43727433843500396E2
6.19999999999999396E0	2.66999999999999993E9	-1.43924321891108375E2
6.19999999999999396E0	2.68000000000000016E9	-1.44111689488592765E2
6.19999999999999396E0	2.68999999999999995E9	-1.44291200284183141E2
6.19999999999999396E0	2.70000000000000018E9	-1.44464176831432844E2

var_c	indep(index, 1)	plot_vs(pnmx, noisefreq)[41, ::]
6.29999999999999361E0	2.29999999999999982E9	-1.43257814658820104E2
6.29999999999999361E0	2.31000000000000005E9	-1.43037391100869171E2
6.29999999999999361E0	2.31999999999999984E9	-1.42800264054173565E2
6.29999999999999361E0	2.33000000000000007E9	-1.42542549503231331E2
6.29999999999999361E0	2.33999999999999986E9	-1.42259284101075645E2
6.29999999999999361E0	2.35000000000000009E9	-1.41944088705270666E2
6.29999999999999361E0	2.36000000000000032E9	-1.41588711609943130E2
6.29999999999999361E0	2.37000000000000011E9	-1.41182399736857600E2
6.29999999999999361E0	2.37999999999999989E9	-1.40711021795880065E2
6.29999999999999361E0	2.38999999999999968E9	-1.40155817402106431E2
6.29999999999999361E0	2.39999999999999991E9	-1.39491564306566662E2
6.29999999999999361E0	2.41000000000000014E9	-1.38683777840253519E2
6.29999999999999361E0	2.41999999999999993E9	-1.37684175172887935E2
6.29999999999999361E0	2.43000000000000016E9	-1.36422686354282008E2
6.29999999999999361E0	2.43999999999999995E9	-1.34791694412901197E2
6.29999999999999361E0	2.45000000000000018E9	-1.32610386119314461E2
6.29999999999999361E0	2.45999999999999996E9	-1.29543285263456665E2
6.29999999999999361E0	2.46999999999999975E9	-1.25262508036473874E2
6.29999999999999361E0	2.47999999999999998E9	-1.24137966049931148E2
6.29999999999999361E0	2.48999999999999977E9	-1.28774358622170304E2
6.29999999999999361E0	2.50000000000000000E9	-1.32189497157896141E2
6.29999999999999361E0	2.51000000000000023E9	-1.34581716361412984E2
6.29999999999999361E0	2.52000000000000002E9	-1.36352404794324800E2
6.29999999999999361E0	2.53000000000000025E9	-1.37712648625170009E2
6.29999999999999361E0	2.54000000000000004E9	-1.38783944964941730E2
6.29999999999999361E0	2.54999999999999982E9	-1.39644135866000840E2
6.29999999999999361E0	2.56000000000000005E9	-1.40346588973939213E2
6.29999999999999361E0	2.56999999999999984E9	-1.40929418139822249E2
6.29999999999999361E0	2.58000000000000007E9	-1.41420543426965217E2
6.29999999999999361E0	2.58999999999999986E9	-1.41840760716454861E2
6.29999999999999361E0	2.60000000000000009E9	-1.42205743167040355E2
6.29999999999999361E0	2.61000000000000032E9	-1.42527410404687815E2
6.29999999999999361E0	2.62000000000000011E9	-1.42814895310876055E2
6.29999999999999361E0	2.62999999999999989E9	-1.43075240898449740E2
6.29999999999999361E0	2.63999999999999968E9	-1.43313909961256591E2
6.29999999999999361E0	2.64999999999999991E9	-1.43535161826830282E2
6.29999999999999361E0	2.66000000000000014E9	-1.43742333153613489E2
6.29999999999999361E0	2.66999999999999993E9	-1.43938048946122366E2
6.29999999999999361E0	2.68000000000000016E9	-1.44124382144369667E2
6.29999999999999361E0	2.68999999999999995E9	-1.44302975075751760E2
6.29999999999999361E0	2.70000000000000018E9	-1.44475132699131348E2

var_c	indep(index, 1)	plot_vs(pnmx, noisefreq)[42, ::]
6.39999999999999325E0	2.29999999999999982E9	-1.43256537685897856E2
6.39999999999999325E0	2.31000000000000005E9	-1.43036385205168703E2
6.39999999999999325E0	2.31999999999999984E9	-1.42799483574176245E2
6.39999999999999325E0	2.33000000000000007E9	-1.42541920837050951E2
6.39999999999999325E0	2.33999999999999986E9	-1.42258693587742657E2
6.39999999999999325E0	2.35000000000000009E9	-1.41943364912462000E2
6.39999999999999325E0	2.36000000000000032E9	-1.41587599346768855E2
6.39999999999999325E0	2.37000000000000011E9	-1.41180521549396243E2
6.39999999999999325E0	2.37999999999999989E9	-1.40707820214713553E2
6.39999999999999325E0	2.38999999999999968E9	-1.40150467208299823E2
6.39999999999999325E0	2.39999999999999991E9	-1.39482835308669584E2
6.39999999999999325E0	2.41000000000000014E9	-1.38669815565070520E2
6.39999999999999325E0	2.41999999999999993E9	-1.37662136099904875E2
6.39999999999999325E0	2.43000000000000016E9	-1.36388103836594654E2
6.39999999999999325E0	2.43999999999999995E9	-1.34737326047103867E2
6.39999999999999325E0	2.45000000000000018E9	-1.32524125976493767E2
6.39999999999999325E0	2.45999999999999996E9	-1.29406294757985019E2
6.39999999999999325E0	2.46999999999999975E9	-1.25094978615425956E2
6.39999999999999325E0	2.47999999999999998E9	-1.24306384854214969E2
6.39999999999999325E0	2.48999999999999977E9	-1.28919407339214764E2
6.39999999999999325E0	2.50000000000000000E9	-1.32297407297105218E2
6.39999999999999325E0	2.51000000000000023E9	-1.34669378124854200E2
6.39999999999999325E0	2.52000000000000002E9	-1.36426592748760012E2
6.39999999999999325E0	2.53000000000000025E9	-1.37776385760680808E2
6.39999999999999325E0	2.54000000000000004E9	-1.38839082755744547E2
6.39999999999999325E0	2.54999999999999982E9	-1.39692060791643402E2
6.39999999999999325E0	2.56000000000000005E9	-1.40388428858471404E2
6.39999999999999325E0	2.56999999999999984E9	-1.40966115783605850E2
6.39999999999999325E0	2.58000000000000007E9	-1.41452890734580028E2
6.39999999999999325E0	2.58999999999999986E9	-1.41869422123225952E2
6.39999999999999325E0	2.60000000000000009E9	-1.42231274167546839E2
6.39999999999999325E0	2.61000000000000032E9	-1.42550274457593273E2
6.39999999999999325E0	2.62000000000000011E9	-1.42835478569713215E2
6.39999999999999325E0	2.62999999999999989E9	-1.43093864898195644E2
6.39999999999999325E0	2.63999999999999968E9	-1.43330842758329213E2
6.39999999999999325E0	2.64999999999999991E9	-1.43550627273859055E2
6.39999999999999325E0	2.66000000000000014E9	-1.43756518567611868E2
6.39999999999999325E0	2.66999999999999993E9	-1.43951111531085973E2
6.39999999999999325E0	2.68000000000000016E9	-1.44136454258261426E2
6.39999999999999325E0	2.68999999999999995E9	-1.44314168580564739E2
6.39999999999999325E0	2.70000000000000018E9	-1.44485542445496651E2

var_c	indep(index, 1)	plot_vs(pnmx, noisefreq)[43, ::]
6.49999999999999289E0	2.29999999999999982E9	-1.43255159705813240E2
6.49999999999999289E0	2.31000000000000005E9	-1.43035265846392057E2
6.49999999999999289E0	2.31999999999999984E9	-1.42798578092384965E2
6.49999999999999289E0	2.33000000000000007E9	-1.42541157290520504E2
6.49999999999999289E0	2.33999999999999986E9	-1.42257960978211284E2
6.49999999999999289E0	2.35000000000000009E9	-1.41942495827343018E2
6.49999999999999289E0	2.36000000000000032E9	-1.41586344657364238E2
6.49999999999999289E0	2.37000000000000011E9	-1.41178512723858818E2
6.49999999999999289E0	2.37999999999999989E9	-1.40704512695777129E2
6.49999999999999289E0	2.38999999999999968E9	-1.40145053956540311E2
6.49999999999999289E0	2.39999999999999991E9	-1.39474111706587811E2
6.49999999999999289E0	2.41000000000000014E9	-1.38655963011136274E2
6.49999999999999289E0	2.41999999999999993E9	-1.37640359291640624E2
6.49999999999999289E0	2.43000000000000016E9	-1.36353998962611089E2
6.49999999999999289E0	2.43999999999999995E9	-1.34683726503207035E2
6.49999999999999289E0	2.45000000000000018E9	-1.32439018856525825E2
6.49999999999999289E0	2.45999999999999996E9	-1.29271233097585880E2
6.49999999999999289E0	2.46999999999999975E9	-1.24934470355555138E2
6.49999999999999289E0	2.47999999999999998E9	-1.24467870758754717E2
6.49999999999999289E0	2.48999999999999977E9	-1.29059021682615005E2
6.49999999999999289E0	2.50000000000000000E9	-1.32401839916786868E2
6.49999999999999289E0	2.51000000000000023E9	-1.34754306975302396E2
6.49999999999999289E0	2.52000000000000002E9	-1.36498357377427681E2
6.49999999999999289E0	2.53000000000000025E9	-1.37837913258528699E2
6.49999999999999289E0	2.54000000000000004E9	-1.38892204454880952E2
6.49999999999999289E0	2.54999999999999982E9	-1.39738153382902608E2
6.49999999999999289E0	2.56000000000000005E9	-1.40428609222969358E2
6.49999999999999289E0	2.56999999999999984E9	-1.41001312635523135E2
6.49999999999999289E0	2.58000000000000007E9	-1.41483880866572176E2
6.49999999999999289E0	2.58999999999999986E9	-1.41896854379450632E2
6.49999999999999289E0	2.60000000000000009E9	-1.42255689449898370E2
6.49999999999999289E0	2.61000000000000032E9	-1.42572122813376434E2
6.49999999999999289E0	2.62000000000000011E9	-1.42855133891424746E2
6.49999999999999289E0	2.62999999999999989E9	-1.43111638133971164E2
6.49999999999999289E0	2.63999999999999968E9	-1.43346992664238027E2
6.49999999999999289E0	2.64999999999999991E9	-1.43565369535898846E2
6.49999999999999289E0	2.66000000000000014E9	-1.43770033536337905E2
6.49999999999999289E0	2.66999999999999993E9	-1.43963550386158046E2
6.49999999999999289E0	2.68000000000000016E9	-1.44147944172245324E2
6.49999999999999289E0	2.68999999999999995E9	-1.44324816913604703E2
6.49999999999999289E0	2.70000000000000018E9	-1.44495440204599213E2

var_c	indep(index, 1)	plot_vs(pnmx, noisefreq)[44, ::]
6.59999999999999254E0	2.29999999999999982E9	-1.43253690222045504E2
6.59999999999999254E0	2.31000000000000005E9	-1.43034043093763796E2
6.59999999999999254E0	2.31999999999999984E9	-1.42797558153108883E2
6.59999999999999254E0	2.33000000000000007E9	-1.42540269788936436E2
6.59999999999999254E0	2.33999999999999986E9	-1.42257097426678736E2
6.59999999999999254E0	2.35000000000000009E9	-1.41941492824279059E2
6.59999999999999254E0	2.36000000000000032E9	-1.41584958800457850E2
6.59999999999999254E0	2.37000000000000011E9	-1.41176384099006791E2
6.59999999999999254E0	2.37999999999999989E9	-1.40701109044052108E2
6.59999999999999254E0	2.38999999999999968E9	-1.40139585900016073E2
6.59999999999999254E0	2.39999999999999991E9	-1.39465399784775501E2
6.59999999999999254E0	2.41000000000000014E9	-1.38642223207622761E2
6.59999999999999254E0	2.41999999999999993E9	-1.37618844230894699E2
6.59999999999999254E0	2.43000000000000016E9	-1.36320367316603241E2
6.59999999999999254E0	2.43999999999999995E9	-1.34630886964412744E2
6.59999999999999254E0	2.45000000000000018E9	-1.32355054907042513E2
6.59999999999999254E0	2.45999999999999996E9	-1.29138104618781258E2
6.59999999999999254E0	2.46999999999999975E9	-1.24780710462881750E2
6.59999999999999254E0	2.47999999999999998E9	-1.24624072910057793E2
6.59999999999999254E0	2.48999999999999977E9	-1.29193549596532820E2
6.59999999999999254E0	2.50000000000000000E9	-1.32502972266303187E2
6.59999999999999254E0	2.51000000000000023E9	-1.34836612227609520E2
6.59999999999999254E0	2.52000000000000002E9	-1.36567794002422604E2
6.59999999999999254E0	2.53000000000000025E9	-1.37897324610945615E2
6.59999999999999254E0	2.54000000000000004E9	-1.38943401610529427E2
6.59999999999999254E0	2.54999999999999982E9	-1.39782502231973882E2
6.59999999999999254E0	2.56000000000000005E9	-1.40467213935966240E2
6.59999999999999254E0	2.56999999999999984E9	-1.41035087581658836E2
6.59999999999999254E0	2.58000000000000007E9	-1.41513587158728549E2
6.59999999999999254E0	2.58999999999999986E9	-1.41923125625645463E2
6.59999999999999254E0	2.60000000000000009E9	-1.42279052146445428E2
6.59999999999999254E0	2.61000000000000032E9	-1.42593013747630826E2
6.59999999999999254E0	2.62000000000000011E9	-1.42873915387733397E2
6.59999999999999254E0	2.62999999999999989E9	-1.43128610781976806E2
6.59999999999999254E0	2.63999999999999968E9	-1.43362406265708131E2
6.59999999999999254E0	2.64999999999999991E9	-1.43579432064274259E2
6.59999999999999254E0	2.66000000000000014E9	-1.43782918669860083E2
6.59999999999999254E0	2.66999999999999993E9	-1.43975403559508908E2
6.59999999999999254E0	2.68000000000000016E9	-1.44158887633705346E2
6.59999999999999254E0	2.68999999999999995E9	-1.44334953788361608E2
6.59999999999999254E0	2.70000000000000018E9	-1.44504857808463161E2

var_c	indep(index, 1)	plot_vs(pnmx, noisefreq)[45, ::]
6.69999999999999218E0	2.29999999999999982E9	-1.43252136830670151E2
6.69999999999999218E0	2.31000000000000005E9	-1.43032724930734334E2
6.69999999999999218E0	2.31999999999999984E9	-1.42796432197150880E2
6.69999999999999218E0	2.33000000000000007E9	-1.42539267136587622E2
6.69999999999999218E0	2.33999999999999986E9	-1.42256112017801684E2
6.69999999999999218E0	2.35000000000000009E9	-1.41940364891806015E2
6.69999999999999218E0	2.36000000000000032E9	-1.41583450653402165E2
6.69999999999999218E0	2.37000000000000011E9	-1.41174143922808315E2
6.69999999999999218E0	2.37999999999999989E9	-1.40697616565877093E2
6.69999999999999218E0	2.38999999999999968E9	-1.40134068782696253E2
6.69999999999999218E0	2.39999999999999991E9	-1.39456702913440389E2
6.69999999999999218E0	2.41000000000000014E9	-1.38628596723836450E2
6.69999999999999218E0	2.41999999999999993E9	-1.37597587807371413E2
6.69999999999999218E0	2.43000000000000016E9	-1.36287201580721518E2
6.69999999999999218E0	2.43999999999999995E9	-1.34578796774536524E2
6.69999999999999218E0	2.45000000000000018E9	-1.32272220831982046E2
6.69999999999999218E0	2.45999999999999996E9	-1.29006911862417195E2
6.69999999999999218E0	2.46999999999999975E9	-1.24633283632416347E2
6.69999999999999218E0	2.47999999999999998E9	-1.24775907328281233E2
6.69999999999999218E0	2.48999999999999977E9	-1.29323308273297966E2
6.69999999999999218E0	2.50000000000000000E9	-1.32600962416539625E2
6.69999999999999218E0	2.51000000000000023E9	-1.34916392964796161E2
6.69999999999999218E0	2.52000000000000002E9	-1.36634991367454051E2
6.69999999999999218E0	2.53000000000000025E9	-1.37954706266850069E2
6.69999999999999218E0	2.54000000000000004E9	-1.38992758882454170E2
6.69999999999999218E0	2.54999999999999982E9	-1.39825188561790159E2
6.69999999999999218E0	2.56000000000000005E9	-1.40504320057963561E2
6.69999999999999218E0	2.56999999999999984E9	-1.41067512478393331E2
6.69999999999999218E0	2.58000000000000007E9	-1.41542076471975053E2
6.69999999999999218E0	2.58999999999999986E9	-1.41948297768684983E2
6.69999999999999218E0	2.60000000000000009E9	-1.42301419412098928E2
6.69999999999999218E0	2.61000000000000032E9	-1.42613000163920844E2
6.69999999999999218E0	2.62000000000000011E9	-1.42891871956415795E2
6.69999999999999218E0	2.62999999999999989E9	-1.43144828194224050E2
6.69999999999999218E0	2.63999999999999968E9	-1.43377125736299682E2
6.69999999999999218E0	2.64999999999999991E9	-1.43592854164677419E2
6.69999999999999218E0	2.66000000000000014E9	-1.43795210662496697E2
6.69999999999999218E0	2.66999999999999993E9	-1.43986705434087026E2
6.69999999999999218E0	2.68000000000000016E9	-1.44169316924232160E2
6.69999999999999218E0	2.68999999999999995E9	-1.44344609584172479E2
6.69999999999999218E0	2.70000000000000018E9	-1.44513823953295839E2

var_c	indep(index, 1)	plot_vs(pnmx, noisefreq)[46, ::]
6.79999999999999183E0	2.29999999999999982E9	-1.43250507626017054E2
6.79999999999999183E0	2.31000000000000005E9	-1.43031320044327570E2
6.79999999999999183E0	2.31999999999999984E9	-1.42795209320871908E2
6.79999999999999183E0	2.33000000000000007E9	-1.42538158817049276E2
6.79999999999999183E0	2.33999999999999986E9	-1.42255014442711891E2
6.79999999999999183E0	2.35000000000000009E9	-1.41939121871769536E2
6.79999999999999183E0	2.36000000000000032E9	-1.41581829901838985E2
6.79999999999999183E0	2.37000000000000011E9	-1.41171801577755129E2
6.79999999999999183E0	2.37999999999999989E9	-1.40694043889161802E2
6.79999999999999183E0	2.38999999999999968E9	-1.40128510034708809E2
6.79999999999999183E0	2.39999999999999991E9	-1.39448026339378073E2
6.79999999999999183E0	2.41000000000000014E9	-1.38615086163184431E2
6.79999999999999183E0	2.41999999999999993E9	-1.37576588797456201E2
6.79999999999999183E0	2.43000000000000016E9	-1.36254495996247238E2
6.79999999999999183E0	2.43999999999999995E9	-1.34527446206103507E2
6.79999999999999183E0	2.45000000000000018E9	-1.32190505875576836E2
6.79999999999999183E0	2.45999999999999996E9	-1.28877656504580251E2
6.79999999999999183E0	2.46999999999999975E9	-1.24491583020674690E2
6.79999999999999183E0	2.47999999999999998E9	-1.24923882693716681E2
6.79999999999999183E0	2.48999999999999977E9	-1.29448588204492832E2
6.79999999999999183E0	2.50000000000000000E9	-1.32695957879022286E2
6.79999999999999183E0	2.51000000000000023E9	-1.34993747500208050E2
6.79999999999999183E0	2.52000000000000002E9	-1.36700037595424573E2
6.79999999999999183E0	2.53000000000000025E9	-1.38010144125401379E2
6.79999999999999183E0	2.54000000000000004E9	-1.39040359449102668E2
6.79999999999999183E0	2.54999999999999982E9	-1.39866291650365637E2
6.79999999999999183E0	2.56000000000000005E9	-1.40540002105776307E2
6.79999999999999183E0	2.56999999999999984E9	-1.41098656997680649E2
6.79999999999999183E0	2.58000000000000007E9	-1.41569413386264564E2
6.79999999999999183E0	2.58999999999999986E9	-1.41972430419623263E2
6.79999999999999183E0	2.60000000000000009E9	-1.42322846282072990E2
6.79999999999999183E0	2.61000000000000032E9	-1.42632132899981023E2
6.79999999999999183E0	2.62000000000000011E9	-1.42909050523229775E2
6.79999999999999183E0	2.62999999999999989E9	-1.43160333848106203E2
6.79999999999999183E0	2.63999999999999968E9	-1.43391191376667737E2
6.79999999999999183E0	2.64999999999999991E9	-1.43605673315884408E2
6.79999999999999183E0	2.66000000000000014E9	-1.43806944526556846E2
6.79999999999999183E0	2.66999999999999993E9	-1.43997488771391358E2
6.79999999999999183E0	2.68000000000000016E9	-1.44179262803925257E2
6.79999999999999183E0	2.68999999999999995E9	-1.44353813264217523E2
6.79999999999999183E0	2.70000000000000018E9	-1.44522366011298864E2

var_c	indep(index, 1)	plot_vs(pnmx, noisefreq)[47, ::]
6.89999999999999147E0	2.29999999999999982E9	-1.43248809661212784E2
6.89999999999999147E0	2.31000000000000005E9	-1.43029835945297235E2
6.89999999999999147E0	2.31999999999999984E9	-1.42793897510423595E2
6.89999999999999147E0	2.33000000000000007E9	-1.42536953102263153E2
6.89999999999999147E0	2.33999999999999986E9	-1.42253813306748578E2
6.89999999999999147E0	2.35000000000000009E9	-1.41937772588719002E2
6.89999999999999147E0	2.36000000000000032E9	-1.41580105218184871E2
6.89999999999999147E0	2.37000000000000011E9	-1.41169365324382490E2
6.89999999999999147E0	2.37999999999999989E9	-1.40690398307330655E2
6.89999999999999147E0	2.38999999999999968E9	-1.40122915558701178E2
6.89999999999999147E0	2.39999999999999991E9	-1.39439374470105948E2
6.89999999999999147E0	2.41000000000000014E9	-1.38601692871644566E2
6.89999999999999147E0	2.41999999999999993E9	-1.37555845072690430E2
6.89999999999999147E0	2.43000000000000016E9	-1.36222245109286066E2
6.89999999999999147E0	2.43999999999999995E9	-1.34476825833020586E2
6.89999999999999147E0	2.45000000000000018E9	-1.32109897256425479E2
6.89999999999999147E0	2.45999999999999996E9	-1.28750336817018129E2
6.89999999999999147E0	2.46999999999999975E9	-1.24354760919082619E2
6.89999999999999147E0	2.47999999999999998E9	-1.25068286197385303E2
6.89999999999999147E0	2.48999999999999977E9	-1.29569654067716189E2
6.89999999999999147E0	2.50000000000000000E9	-1.32788094241671173E2
6.89999999999999147E0	2.51000000000000023E9	-1.35068767887617680E2
6.89999999999999147E0	2.52000000000000002E9	-1.36763015802187526E2
6.89999999999999147E0	2.53000000000000025E9	-1.38063718640165511E2
6.89999999999999147E0	2.54000000000000004E9	-1.39086281242475596E2
6.89999999999999147E0	2.54999999999999982E9	-1.39905885832413079E2
6.89999999999999147E0	2.56000000000000005E9	-1.40574329781098117E2
6.89999999999999147E0	2.56999999999999984E9	-1.41128585923362415E2
6.89999999999999147E0	2.58000000000000007E9	-1.41595657717091372E2
6.89999999999999147E0	2.58999999999999986E9	-1.41995578721829618E2
6.89999999999999147E0	2.60000000000000009E9	-1.42343383545542146E2
6.89999999999999147E0	2.61000000000000032E9	-1.42650458764706056E2
6.89999999999999147E0	2.62000000000000011E9	-1.42925494417654364E2
6.89999999999999147E0	2.62999999999999989E9	-1.43175167750067045E2
6.89999999999999147E0	2.63999999999999968E9	-1.43404640358095148E2
6.89999999999999147E0	2.64999999999999991E9	-1.43617924083461568E2
6.89999999999999147E0	2.66000000000000014E9	-1.43818152487435169E2
6.89999999999999147E0	2.66999999999999993E9	-1.44007783738167161E2
6.89999999999999147E0	2.68000000000000016E9	-1.44188753597618891E2
6.89999999999999147E0	2.68999999999999995E9	-1.44362591475257629E2
6.89999999999999147E0	2.70000000000000018E9	-1.44530509076141156E2

var_c	indep(index, 1)	plot_vs(pnmx, noisefreq)[48, ::]
6.99999999999999112E0	2.29999999999999982E9	-1.43247049508921775E2
6.99999999999999112E0	2.31000000000000005E9	-1.43028279596568408E2
6.99999999999999112E0	2.31999999999999984E9	-1.42792504121150299E2
6.99999999999999112E0	2.33000000000000007E9	-1.42535657807671390E2
6.99999999999999112E0	2.33999999999999986E9	-1.42252516581599164E2
6.99999999999999112E0	2.35000000000000009E9	-1.41936324951552173E2
6.99999999999999112E0	2.36000000000000032E9	-1.41578284539782362E2
6.99999999999999112E0	2.37000000000000011E9	-1.41166842743504395E2
6.99999999999999112E0	2.37999999999999989E9	-1.40686686826185259E2
6.99999999999999112E0	2.38999999999999968E9	-1.40117291044967884E2
6.99999999999999112E0	2.39999999999999991E9	-1.39430750732541453E2
6.99999999999999112E0	2.41000000000000014E9	-1.38588417869913316E2
6.99999999999999112E0	2.41999999999999993E9	-1.37535354587103131E2
6.99999999999999112E0	2.43000000000000016E9	-1.36190441914022253E2
6.99999999999999112E0	2.43999999999999995E9	-1.34426924443970397E2
6.99999999999999112E0	2.45000000000000018E9	-1.32030382500293975E2
6.99999999999999112E0	2.45999999999999996E9	-1.28624953978577250E2
6.99999999999999112E0	2.46999999999999975E9	-1.24221644182076618E2
6.99999999999999112E0	2.47999999999999998E9	-1.25209285405494786E2
6.99999999999999112E0	2.48999999999999977E9	-1.29686747168675387E2
6.99999999999999112E0	2.50000000000000000E9	-1.32877496826040664E2
6.99999999999999112E0	2.51000000000000023E9	-1.35141541387827524E2
6.99999999999999112E0	2.52000000000000002E9	-1.36824006118399000E2
6.99999999999999112E0	2.53000000000000025E9	-1.38115507457638675E2
6.99999999999999112E0	2.54000000000000004E9	-1.39130598556613849E2
6.99999999999999112E0	2.54999999999999982E9	-1.39944041166955868E2
6.99999999999999112E0	2.56000000000000005E9	-1.40607368718143522E2
6.99999999999999112E0	2.56999999999999984E9	-1.41157360090391792E2
6.99999999999999112E0	2.58000000000000007E9	-1.41620865662687123E2
6.99999999999999112E0	2.58999999999999986E9	-1.42017794446334134E2
6.99999999999999112E0	2.60000000000000009E9	-1.42363078858064362E2
6.99999999999999112E0	2.61000000000000032E9	-1.42668021557137581E2
6.99999999999999112E0	2.62000000000000011E9	-1.42941243954523234E2
6.99999999999999112E0	2.62999999999999989E9	-1.43189367211412089E2
6.99999999999999112E0	2.63999999999999968E9	-1.43417507243836839E2
6.99999999999999112E0	2.64999999999999991E9	-1.43629638621283862E2
6.99999999999999112E0	2.66000000000000014E9	-1.43828864547012691E2
6.99999999999999112E0	2.66999999999999993E9	-1.44017618361816102E2
6.99999999999999112E0	2.68000000000000016E9	-1.44197815567462828E2
6.99999999999999112E0	2.68999999999999995E9	-1.44370968936783872E2
6.99999999999999112E0	2.70000000000000018E9	-1.44538276477220373E2

var_c	indep(index, 1)	plot_vs(pnmx, noisefreq)[49, ::]
7.09999999999999076E0	2.29999999999999982E9	-1.43245233132105798E2
7.09999999999999076E0	2.31000000000000005E9	-1.43026657449748340E2
7.09999999999999076E0	2.31999999999999984E9	-1.42791035991689808E2
7.09999999999999076E0	2.33000000000000007E9	-1.42534279996893387E2
7.09999999999999076E0	2.33999999999999986E9	-1.42251131669476116E2
7.09999999999999076E0	2.35000000000000009E9	-1.41934786632919296E2
7.09999999999999076E0	2.36000000000000032E9	-1.41576375367062601E2
7.09999999999999076E0	2.37000000000000011E9	-1.41164240851474321E2
7.09999999999999076E0	2.37999999999999989E9	-1.40682915822013488E2
7.09999999999999076E0	2.38999999999999968E9	-1.40111641765201500E2
7.09999999999999076E0	2.39999999999999991E9	-1.39422158691880638E2
7.09999999999999076E0	2.41000000000000014E9	-1.38575262170446400E2
7.09999999999999076E0	2.41999999999999993E9	-1.37515114554194229E2
7.09999999999999076E0	2.43000000000000016E9	-1.36159080413455946E2
7.09999999999999076E0	2.43999999999999995E9	-1.34377732239607650E2
7.09999999999999076E0	2.45000000000000018E9	-1.31951948054546708E2
7.09999999999999076E0	2.45999999999999996E9	-1.28501502981188453E2
7.09999999999999076E0	2.46999999999999975E9	-1.24090615567746676E2
7.09999999999999076E0	2.47999999999999998E9	-1.25346981437583826E2
7.09999999999999076E0	2.48999999999999977E9	-1.29800089923802164E2
7.09999999999999076E0	2.50000000000000000E9	-1.32964281335068191E2
7.09999999999999076E0	2.51000000000000023E9	-1.35212152210436298E2
7.09999999999999076E0	2.52000000000000002E9	-1.36883084752574113E2
7.09999999999999076E0	2.53000000000000025E9	-1.38165584253615870E2
7.09999999999999076E0	2.54000000000000004E9	-1.39173381768781002E2
7.09999999999999076E0	2.54999999999999982E9	-1.39980824369431556E2
7.09999999999999076E0	2.56000000000000005E9	-1.40639180839035505E2
7.09999999999999076E0	2.56999999999999984E9	-1.41185036788104412E2
7.09999999999999076E0	2.58000000000000007E9	-1.41645089913416244E2
7.09999999999999076E0	2.58999999999999986E9	-1.42039126083357248E2
7.09999999999999076E0	2.60000000000000009E9	-1.42381976722285564E2
7.09999999999999076E0	2.61000000000000032E9	-1.42684862210958663E2
7.09999999999999076E0	2.62000000000000011E9	-1.42956336850373389E2
7.09999999999999076E0	2.62999999999999989E9	-1.43202967085381916E2
7.09999999999999076E0	2.63999999999999968E9	-1.43429824277818962E2
7.09999999999999076E0	2.64999999999999991E9	-1.43640846872360495E2
7.09999999999999076E0	2.66000000000000014E9	-1.43839108574968089E2
7.09999999999999076E0	2.66999999999999993E9	-1.44027018723575306E2
7.09999999999999076E0	2.68000000000000016E9	-1.44206473187253548E2
7.09999999999999076E0	2.68999999999999995E9	-1.44378968646311190E2
7.09999999999999076E0	2.70000000000000018E9	-1.44545689895321172E2

var_c	indep(index, 1)	plot_vs(pnmx, noisefreq)[50, ::]
7.19999999999999041E0	2.29999999999999982E9	-1.43243366088128243E2
7.19999999999999041E0	2.31000000000000005E9	-1.43024975420024925E2
7.19999999999999041E0	2.31999999999999984E9	-1.42789499384050100E2
7.19999999999999041E0	2.33000000000000007E9	-1.42532826364131138E2
7.19999999999999041E0	2.33999999999999986E9	-1.42249665447064499E2
7.19999999999999041E0	2.35000000000000009E9	-1.41933164545811819E2
7.19999999999999041E0	2.36000000000000032E9	-1.41574384510580265E2
7.19999999999999041E0	2.37000000000000011E9	-1.41161566341285405E2
7.19999999999999041E0	2.37999999999999989E9	-1.40679091050308158E2
7.19999999999999041E0	2.38999999999999968E9	-1.40105972429424663E2
7.19999999999999041E0	2.39999999999999991E9	-1.39413601371375018E2
7.19999999999999041E0	2.41000000000000014E9	-1.38562226166187430E2
7.19999999999999041E0	2.41999999999999993E9	-1.37495122437552952E2
7.19999999999999041E0	2.43000000000000016E9	-1.36128154011415203E2
7.19999999999999041E0	2.43999999999999995E9	-1.34329238464009570E2
7.19999999999999041E0	2.45000000000000018E9	-1.31874581171393901E2
7.19999999999999041E0	2.45999999999999996E9	-1.28379982451252261E2
7.19999999999999041E0	2.46999999999999975E9	-1.23959434915936351E2
7.19999999999999041E0	2.47999999999999998E9	-1.25481446496274773E2
7.19999999999999041E0	2.48999999999999977E9	-1.29909883138071258E2
7.19999999999999041E0	2.50000000000000000E9	-1.33048556004308161E2
7.19999999999999041E0	2.51000000000000023E9	-1.35280679315304964E2
7.19999999999999041E0	2.52000000000000002E9	-1.36940325583206257E2
7.19999999999999041E0	2.53000000000000025E9	-1.38214019224071860E2
7.19999999999999041E0	2.54000000000000004E9	-1.39214697912802476E2
7.19999999999999041E0	2.54999999999999982E9	-1.40016298093335401E2
7.19999999999999041E0	2.56000000000000005E9	-1.40669824661748821E2
7.19999999999999041E0	2.56999999999999984E9	-1.41211669835670639E2
7.19999999999999041E0	2.58000000000000007E9	-1.41668380107798075E2
7.19999999999999041E0	2.58999999999999986E9	-1.42059618951100552E2
7.19999999999999041E0	2.60000000000000009E9	-1.42400118727439673E2
7.19999999999999041E0	2.61000000000000032E9	-1.42701019015905883E2
7.19999999999999041E0	2.62000000000000011E9	-1.42970808358936186E2
7.19999999999999041E0	2.62999999999999989E9	-1.43215999832306329E2
7.19999999999999041E0	2.63999999999999968E9	-1.43441621549048337E2
7.19999999999999041E0	2.64999999999999991E9	-1.43651576773623790E2
7.19999999999999041E0	2.66000000000000014E9	-1.43848910615436587E2
7.19999999999999041E0	2.66999999999999993E9	-1.44036009131075526E2
7.19999999999999041E0	2.68000000000000016E9	-1.44214749210410731E2
7.19999999999999041E0	2.68999999999999995E9	-1.44386611995204062E2
7.19999999999999041E0	2.70000000000000018E9	-1.44552769496506572E2

var_c	indep(index, 1)	plot_vs(pnmx, noisefreq)[51, ::]
7.29999999999999005E0	2.29999999999999982E9	-1.43241453471362146E2
7.29999999999999005E0	2.31000000000000005E9	-1.43023239040871930E2
7.29999999999999005E0	2.31999999999999984E9	-1.42787900256958555E2
7.29999999999999005E0	2.33000000000000007E9	-1.42531303051617719E2
7.29999999999999005E0	2.33999999999999986E9	-1.42248124330761638E2
7.29999999999999005E0	2.35000000000000009E9	-1.41931465199648033E2
7.29999999999999005E0	2.36000000000000032E9	-1.41572318582702228E2
7.29999999999999005E0	2.37000000000000011E9	-1.41158825313280589E2
7.29999999999999005E0	2.37999999999999989E9	-1.40675218226847587E2
7.29999999999999005E0	2.38999999999999968E9	-1.40100287520273925E2
7.29999999999999005E0	2.39999999999999991E9	-1.39405081668470565E2
7.29999999999999005E0	2.41000000000000014E9	-1.38549310725317087E2
7.29999999999999005E0	2.41999999999999993E9	-1.37475375708280056E2
7.29999999999999005E0	2.43000000000000016E9	-1.36097655985863453E2
7.29999999999999005E0	2.43999999999999995E9	-1.34281432504087750E2
7.29999999999999005E0	2.45000000000000018E9	-1.31798267939900215E2
7.29999999999999005E0	2.45999999999999996E9	-1.28260384759145052E2
7.29999999999999005E0	2.46999999999999975E9	-1.23824952161409874E2
7.29999999999999005E0	2.47999999999999998E9	-1.25612738440966765E2
7.29999999999999005E0	2.48999999999999977E9	-1.30016313739823675E2
7.29999999999999005E0	2.50000000000000000E9	-1.33130421559932910E2
7.29999999999999005E0	2.51000000000000023E9	-1.35347199405808527E2
7.29999999999999005E0	2.52000000000000002E9	-1.36995798849027572E2
7.29999999999999005E0	2.53000000000000025E9	-1.38260879779235157E2
7.29999999999999005E0	2.54000000000000004E9	-1.39254610839279569E2
7.29999999999999005E0	2.54999999999999982E9	-1.40050521981084253E2
7.29999999999999005E0	2.56000000000000005E9	-1.40699355263657577E2
7.29999999999999005E0	2.56999999999999984E9	-1.41237310137664496E2
7.29999999999999005E0	2.58000000000000007E9	-1.41690782674361482E2
7.29999999999999005E0	2.58999999999999986E9	-1.42079315694182018E2
7.29999999999999005E0	2.60000000000000009E9	-1.42417543995330975E2
7.29999999999999005E0	2.61000000000000032E9	-1.42716527743795552E2
7.29999999999999005E0	2.62000000000000011E9	-1.42984691370947892E2
7.29999999999999005E0	2.62999999999999989E9	-1.43228495859038385E2
7.29999999999999005E0	2.63999999999999968E9	-1.43452927153376009E2
7.29999999999999005E0	2.64999999999999991E9	-1.43661854381885146E2
7.29999999999999005E0	2.66000000000000014E9	-1.43858294900162775E2
7.29999999999999005E0	2.66999999999999993E9	-1.44044612221712831E2
7.29999999999999005E0	2.68000000000000016E9	-1.44222664861419925E2
7.29999999999999005E0	2.68999999999999995E9	-1.44393918914657404E2
7.29999999999999005E0	2.70000000000000018E9	-1.44559534080927898E2

var_c	indep(index, 1)	plot_vs(pnmx, noisefreq)[52, ::]
7.39999999999998970E0	2.29999999999999982E9	-1.43239500026744548E2
7.39999999999998970E0	2.31000000000000005E9	-1.43021453376371754E2
7.39999999999998970E0	2.31999999999999984E9	-1.42786243962582970E2
7.39999999999998970E0	2.33000000000000007E9	-1.42529715838499316E2
7.39999999999998970E0	2.33999999999999986E9	-1.42246514269510316E2
7.39999999999998970E0	2.35000000000000009E9	-1.41929694675676843E2
7.39999999999998970E0	2.36000000000000032E9	-1.41570183430256447E2
7.39999999999998970E0	2.37000000000000011E9	-1.41156023612373605E2
7.39999999999998970E0	2.37999999999999989E9	-1.40671302442464419E2
7.39999999999998970E0	2.38999999999999968E9	-1.40094591263956447E2
7.39999999999998970E0	2.39999999999999991E9	-1.39396602023360527E2
7.39999999999998970E0	2.41000000000000014E9	-1.38536515707577057E2
7.39999999999998970E0	2.41999999999999993E9	-1.37455871240280669E2
7.39999999999998970E0	2.43000000000000016E9	-1.36067579858929966E2
7.39999999999998970E0	2.43999999999999995E9	-1.34234303649898301E2
7.39999999999998970E0	2.45000000000000018E9	-1.31722994517145975E2
7.39999999999998970E0	2.45999999999999996E9	-1.28142706901742587E2
7.39999999999998970E0	2.46999999999999975E9	-1.23682665519419954E2
7.39999999999998970E0	2.47999999999999998E9	-1.25740911710712688E2
7.39999999999998970E0	2.48999999999999977E9	-1.30119551025525793E2
7.39999999999998970E0	2.50000000000000000E9	-1.33209972600023918E2
7.39999999999998970E0	2.51000000000000023E9	-1.35411785640451510E2
7.39999999999998970E0	2.52000000000000002E9	-1.37049571663708347E2
7.39999999999998970E0	2.53000000000000025E9	-1.38306229634167388E2
7.39999999999998970E0	2.54000000000000004E9	-1.39293180921077253E2
7.39999999999998970E0	2.54999999999999982E9	-1.40083552501665132E2
7.39999999999998970E0	2.56000000000000005E9	-1.40727824813784030E2
7.39999999999998970E0	2.56999999999999984E9	-1.41262005481509001E2
7.39999999999998970E0	2.58000000000000007E9	-1.41712341376230921E2
7.39999999999998970E0	2.58999999999999986E9	-1.42098256415526447E2
7.39999999999998970E0	2.60000000000000009E9	-1.42434289123351898E2
7.39999999999998970E0	2.61000000000000032E9	-1.42731422015733700E2
7.39999999999998970E0	2.62000000000000011E9	-1.42998016758519908E2
7.39999999999998970E0	2.62999999999999989E9	-1.43240483572198984E2
7.39999999999998970E0	2.63999999999999968E9	-1.43463767372273843E2
7.39999999999998970E0	2.64999999999999991E9	-1.43671704047809534E2
7.39999999999998970E0	2.66000000000000014E9	-1.43867284087768521E2
7.39999999999998970E0	2.66999999999999993E9	-1.44052849163270791E2
7.39999999999998970E0	2.68000000000000016E9	-1.44230239943625094E2
7.39999999999998970E0	2.68999999999999995E9	-1.44400908011199980E2
7.39999999999998970E0	2.70000000000000018E9	-1.44566001147306333E2

var_c	indep(index, 1)	plot_vs(pnmx, noisefreq)[53, ::]
7.49999999999998934E0	2.29999999999999982E9	-1.43237510056089601E2
7.49999999999998934E0	2.31000000000000005E9	-1.43019623107891825E2
7.49999999999998934E0	2.31999999999999984E9	-1.42784535591343342E2
7.49999999999998934E0	2.33000000000000007E9	-1.42528070022467546E2
7.49999999999998934E0	2.33999999999999986E9	-1.42244840786302640E2
7.49999999999998934E0	2.35000000000000009E9	-1.41927858720813815E2
7.49999999999998934E0	2.36000000000000032E9	-1.41567984855573492E2
7.49999999999998934E0	2.37000000000000011E9	-1.41153166510417227E2
7.49999999999998934E0	2.37999999999999989E9	-1.40667348568600126E2
7.49999999999998934E0	2.38999999999999968E9	-1.40088887335170509E2
7.49999999999998934E0	2.39999999999999991E9	-1.39388164732528752E2
7.49999999999998934E0	2.41000000000000014E9	-1.38523841341219578E2
7.49999999999998934E0	2.41999999999999993E9	-1.37436606351305768E2
7.49999999999998934E0	2.43000000000000016E9	-1.36037918664591428E2
7.49999999999998934E0	2.43999999999999995E9	-1.34187841095403115E2
7.49999999999998934E0	2.45000000000000018E9	-1.31648746935983607E2
7.49999999999998934E0	2.45999999999999996E9	-1.28026940984005422E2
7.49999999999998934E0	2.46999999999999975E9	-1.23525987129028048E2
7.49999999999998934E0	2.47999999999999998E9	-1.25866022626628293E2
7.49999999999998934E0	2.48999999999999977E9	-1.30219751890358526E2
7.49999999999998934E0	2.50000000000000000E9	-1.33287298406551846E2
7.49999999999998934E0	2.51000000000000023E9	-1.35474507444196313E2
7.49999999999998934E0	2.52000000000000002E9	-1.37101708899072650E2
7.49999999999998934E0	2.53000000000000025E9	-1.38350130820988260E2
7.49999999999998934E0	2.54000000000000004E9	-1.39330465671800963E2
7.49999999999998934E0	2.54999999999999982E9	-1.40115443013270680E2
7.49999999999998934E0	2.56000000000000005E9	-1.40755282462679832E2
7.49999999999998934E0	2.56999999999999984E9	-1.41285800902063330E2
7.49999999999998934E0	2.58000000000000007E9	-1.41733097526793772E2
7.49999999999998934E0	2.58999999999999986E9	-1.42116478672753610E2
7.49999999999998934E0	2.60000000000000009E9	-1.42450388423377872E2
7.49999999999998934E0	2.61000000000000032E9	-1.42745733262015362E2
7.49999999999998934E0	2.62000000000000011E9	-1.43010813367296330E2
7.49999999999998934E0	2.62999999999999989E9	-1.43251989510865152E2
7.49999999999998934E0	2.63999999999999968E9	-1.43474166706930251E2
7.49999999999998934E0	2.64999999999999991E9	-1.43681148507223266E2
7.49999999999998934E0	2.66000000000000014E9	-1.43875899342541702E2
7.49999999999998934E0	2.66999999999999993E9	-1.44060739659135062E2
7.49999999999998934E0	2.68000000000000016E9	-1.44237492931841116E2
7.49999999999998934E0	2.68999999999999995E9	-1.44407596630226709E2
7.49999999999998934E0	2.70000000000000018E9	-1.44572187021618914E2

var_c	indep(index, 1)	plot_vs(pnmx, noisefreq)[54, ::]
7.59999999999998899E0	2.29999999999999982E9	-1.43235487606999867E2
7.59999999999998899E0	2.31000000000000005E9	-1.43017752637240481E2
7.59999999999998899E0	2.31999999999999984E9	-1.42782779778176261E2
7.59999999999998899E0	2.33000000000000007E9	-1.42526370531943769E2
7.59999999999998899E0	2.33999999999999986E9	-1.42243109116467137E2
7.59999999999998899E0	2.35000000000000009E9	-1.41925962428335284E2
7.59999999999998899E0	2.36000000000000032E9	-1.41565727999488811E2
7.59999999999998899E0	2.37000000000000011E9	-1.41150259069512640E2
7.59999999999998899E0	2.37999999999999989E9	-1.40663361055538272E2
7.59999999999998899E0	2.38999999999999968E9	-1.40083179347421427E2
7.59999999999998899E0	2.39999999999999991E9	-1.39379772008017655E2
7.59999999999998899E0	2.41000000000000014E9	-1.38511287644292946E2
7.59999999999998899E0	2.41999999999999993E9	-1.37417577963423176E2
7.59999999999998899E0	2.43000000000000016E9	-1.36008666170094550E2
7.59999999999998899E0	2.43999999999999995E9	-1.34142034596765702E2
7.59999999999998899E0	2.45000000000000018E9	-1.31575511269510304E2
7.59999999999998899E0	2.45999999999999996E9	-1.27913079118512840E2
7.59999999999998899E0	2.46999999999999975E9	-1.23345029316211030E2
7.59999999999998899E0	2.47999999999999998E9	-1.25988130327306536E2
7.59999999999998899E0	2.48999999999999977E9	-1.30317061543047630E2
7.59999999999998899E0	2.50000000000000000E9	-1.33362482353020662E2
7.59999999999998899E0	2.51000000000000023E9	-1.35535432097914899E2
7.59999999999998899E0	2.52000000000000002E9	-1.37152272614087245E2
7.59999999999998899E0	2.53000000000000025E9	-1.38392641120069526E2
7.59999999999998899E0	2.54000000000000004E9	-1.39366520007656858E2
7.59999999999998899E0	2.54999999999999982E9	-1.40146244342079407E2
7.59999999999998899E0	2.56000000000000005E9	-1.40781774701981588E2
7.59999999999998899E0	2.56999999999999984E9	-1.41308738853182136E2
7.59999999999998899E0	2.58000000000000007E9	-1.41753089783742903E2
7.59999999999998899E0	2.58999999999999986E9	-1.42134017752053188E2
7.59999999999998899E0	2.60000000000000009E9	-1.42465874188505603E2
7.59999999999998899E0	2.61000000000000032E9	-1.42759490963136559E2
7.59999999999998899E0	2.62000000000000011E9	-1.43023108275119282E2
7.59999999999998899E0	2.62999999999999989E9	-1.43263038621541594E2
7.59999999999998899E0	2.63999999999999968E9	-1.43484148136582057E2
7.59999999999998899E0	2.64999999999999991E9	-1.43690209070448272E2
7.59999999999998899E0	2.66000000000000014E9	-1.43884160435220787E2
7.59999999999998899E0	2.66999999999999993E9	-1.44068302208475307E2
7.59999999999998899E0	2.68000000000000016E9	-1.44244441093309161E2
7.59999999999998899E0	2.68999999999999995E9	-1.44414000967262446E2
7.59999999999998899E0	2.70000000000000018E9	-1.44578106967577380E2

var_c	indep(index, 1)	plot_vs(pnmx, noisefreq)[55, ::]
7.69999999999998863E0	2.29999999999999982E9	-1.43233436354095178E2
7.69999999999998863E0	2.31000000000000005E9	-1.43015845980947320E2
7.69999999999998863E0	2.31999999999999984E9	-1.42780980871844920E2
7.69999999999998863E0	2.33000000000000007E9	-1.42524622016293456E2
7.69999999999998863E0	2.33999999999999986E9	-1.42241324000708147E2
7.69999999999998863E0	2.35000000000000009E9	-1.41924010930488409E2
7.69999999999998863E0	2.36000000000000032E9	-1.41563417769904509E2
7.69999999999998863E0	2.37000000000000011E9	-1.41147305939481127E2
7.69999999999998863E0	2.37999999999999989E9	-1.40659344004695930E2
7.69999999999998863E0	2.38999999999999968E9	-1.40077470599241005E2
7.69999999999998863E0	2.39999999999999991E9	-1.39371425590980236E2
7.69999999999998863E0	2.41000000000000014E9	-1.38498854410216166E2
7.69999999999998863E0	2.41999999999999993E9	-1.37398783116282130E2
7.69999999999998863E0	2.43000000000000016E9	-1.35979815503534995E2
7.69999999999998863E0	2.43999999999999995E9	-1.34096873226081792E2
7.69999999999998863E0	2.45000000000000018E9	-1.31503274033792938E2
7.69999999999998863E0	2.45999999999999996E9	-1.27801113556240153E2
7.69999999999998863E0	2.46999999999999975E9	-1.23124491612265574E2
7.69999999999998863E0	2.47999999999999998E9	-1.26107298672113566E2
7.69999999999998863E0	2.48999999999999977E9	-1.30411612822866751E2
7.69999999999998863E0	2.50000000000000000E9	-1.33435604674197394E2
7.69999999999998863E0	2.51000000000000023E9	-1.35594623616573440E2
7.69999999999998863E0	2.52000000000000002E9	-1.37201322050214114E2
7.69999999999998863E0	2.53000000000000025E9	-1.38433816441108659E2
7.69999999999998863E0	2.54000000000000004E9	-1.39401395727158972E2
7.69999999999998863E0	2.54999999999999982E9	-1.40176004245524455E2
7.69999999999998863E0	2.56000000000000005E9	-1.40807345531077543E2
7.69999999999998863E0	2.56999999999999984E9	-1.41330859538152454E2
7.69999999999998863E0	2.58000000000000007E9	-1.41772354646092547E2
7.69999999999998863E0	2.58999999999999986E9	-1.42150906956977030E2
7.69999999999998863E0	2.60000000000000009E9	-1.42480776729045333E2
7.69999999999998863E0	2.61000000000000032E9	-1.42772722823422105E2
7.69999999999998863E0	2.62000000000000011E9	-1.43034926849035537E2
7.69999999999998863E0	2.62999999999999989E9	-1.43273654232242764E2
7.69999999999998863E0	2.63999999999999968E9	-1.43493733237851639E2
7.69999999999998863E0	2.64999999999999991E9	-1.43698905665374310E2
7.69999999999998863E0	2.66000000000000014E9	-1.43892085917775847E2
7.69999999999998863E0	2.66999999999999993E9	-1.44075554028187547E2
7.69999999999998863E0	2.68000000000000016E9	-1.44251100544996080E2
7.69999999999998863E0	2.68999999999999995E9	-1.44420136172441671E2
7.69999999999998863E0	2.70000000000000018E9	-1.44583775235919121E2

var_c	indep(index, 1)	plot_vs(pnmx, noisefreq)[56, ::]
7.79999999999998828E0	2.29999999999999982E9	-1.43231359782020706E2
7.79999999999998828E0	2.31000000000000005E9	-1.43013906872311525E2
7.79999999999998828E0	2.31999999999999984E9	-1.42779142912961521E2
7.79999999999998828E0	2.33000000000000007E9	-1.42522828760679610E2
7.79999999999998828E0	2.33999999999999986E9	-1.42239489942165531E2
7.79999999999998828E0	2.35000000000000009E9	-1.41922008694483703E2
7.79999999999998828E0	2.36000000000000032E9	-1.41561058779074678E2
7.79999999999998828E0	2.37000000000000011E9	-1.41144311546741741E2
7.79999999999998828E0	2.37999999999999989E9	-1.40655301245906617E2
7.79999999999998828E0	2.38999999999999968E9	-1.40071764140216226E2
7.79999999999998828E0	2.39999999999999991E9	-1.39363127360018857E2
7.79999999999998828E0	2.41000000000000014E9	-1.38486541244862482E2
7.79999999999998828E0	2.41999999999999993E9	-1.37380218712717150E2
7.79999999999998828E0	2.43000000000000016E9	-1.35951360342871408E2
7.79999999999998828E0	2.43999999999999995E9	-1.34052346189213156E2
7.79999999999998828E0	2.45000000000000018E9	-1.31432020505942804E2
7.79999999999998828E0	2.45999999999999996E9	-1.27691034208788623E2
7.79999999999998828E0	2.46999999999999975E9	-1.22839902722798167E2
7.79999999999998828E0	2.47999999999999998E9	-1.26223597371287877E2
7.79999999999998828E0	2.48999999999999977E9	-1.30503529048194378E2
7.79999999999998828E0	2.50000000000000000E9	-1.33506739249947559E2
7.79999999999998828E0	2.51000000000000023E9	-1.35652144011946141E2
7.79999999999998828E0	2.52000000000000002E9	-1.37248913928254046E2
7.79999999999998828E0	2.53000000000000025E9	-1.38473710494679336E2
7.79999999999998828E0	2.54000000000000004E9	-1.39435142369736087E2
7.79999999999998828E0	2.54999999999999982E9	-1.40204768424539927E2
7.79999999999998828E0	2.56000000000000005E9	-1.40832036552643358E2
7.79999999999998828E0	2.56999999999999984E9	-1.41352200755383373E2
7.79999999999998828E0	2.58000000000000007E9	-1.41790926532671846E2
7.79999999999998828E0	2.58999999999999986E9	-1.42167177550878909E2
7.79999999999998828E0	2.60000000000000009E9	-1.42495124537555706E2
7.79999999999998828E0	2.61000000000000032E9	-1.42785454885804164E2
7.79999999999998828E0	2.62000000000000011E9	-1.43046292918107043E2
7.79999999999998828E0	2.62999999999999989E9	-1.43283858193906810E2
7.79999999999998828E0	2.63999999999999968E9	-1.43502942164815184E2
7.79999999999998828E0	2.64999999999999991E9	-1.43707256957658469E2
7.79999999999998828E0	2.66000000000000014E9	-1.43899693120310701E2
7.79999999999998828E0	2.66999999999999993E9	-1.44082511321189166E2
7.79999999999998828E0	2.68000000000000016E9	-1.44257486441920446E2
7.79999999999998828E0	2.68999999999999995E9	-1.44426016424069670E2
7.79999999999998828E0	2.70000000000000018E9	-1.44589205164592771E2

var_c	indep(index, 1)	plot_vs(pnmx, noisefreq)[57, ::]
7.89999999999998792E0	2.29999999999999982E9	-1.43229261007752884E2
7.89999999999998792E0	2.31000000000000005E9	-1.43011938789509396E2
7.89999999999998792E0	2.31999999999999984E9	-1.42777269668384110E2
7.89999999999998792E0	2.33000000000000007E9	-1.42520994702382242E2
7.89999999999998792E0	2.33999999999999986E9	-1.42237611172492362E2
7.89999999999998792E0	2.35000000000000009E9	-1.41919960047960192E2
7.89999999999998792E0	2.36000000000000032E9	-1.41558655279782242E2
7.89999999999998792E0	2.37000000000000011E9	-1.41141279826699662E2
7.89999999999998792E0	2.37999999999999989E9	-1.40651236597339757E2
7.89999999999998792E0	2.38999999999999968E9	-1.40066062711996775E2
7.89999999999998792E0	2.39999999999999991E9	-1.39354878572481300E2
7.89999999999998792E0	2.41000000000000014E9	-1.38474347818400423E2
7.89999999999998792E0	2.41999999999999993E9	-1.37361881711151779E2
7.89999999999998792E0	2.43000000000000016E9	-1.35923293867371453E2
7.89999999999998792E0	2.43999999999999995E9	-1.34008443414204481E2
7.89999999999998792E0	2.45000000000000018E9	-1.31361736793741923E2
7.89999999999998792E0	2.45999999999999996E9	-1.27582831321267798E2
7.89999999999998792E0	2.46999999999999975E9	-1.22450684385514874E2
7.89999999999998792E0	2.47999999999999998E9	-1.26337095160418511E2
7.89999999999998792E0	2.48999999999999977E9	-1.30592925686602368E2
7.89999999999998792E0	2.50000000000000000E9	-1.33575958195855238E2
7.89999999999998792E0	2.51000000000000023E9	-1.35708051675676034E2
7.89999999999998792E0	2.52000000000000002E9	-1.37295102929114177E2
7.89999999999998792E0	2.53000000000000025E9	-1.38512373580876336E2
7.89999999999998792E0	2.54000000000000004E9	-1.39467806896693425E2
7.89999999999998792E0	2.54999999999999982E9	-1.40232579852755546E2
7.89999999999998792E0	2.56000000000000005E9	-1.40855887111796529E2
7.89999999999998792E0	2.56999999999999984E9	-1.41372798300162605E2
7.89999999999998792E0	2.58000000000000007E9	-1.41808837918367536E2
7.89999999999998792E0	2.58999999999999986E9	-1.42182859016312668E2
7.89999999999998792E0	2.60000000000000009E9	-1.42508944487395839E2
7.89999999999998792E0	2.61000000000000032E9	-1.42797711600124622E2
7.89999999999998792E0	2.62000000000000011E9	-1.43057228889883126E2
7.89999999999998792E0	2.62999999999999989E9	-1.43293671104685982E2
7.89999999999998792E0	2.63999999999999968E9	-1.43511793871564119E2
7.89999999999998792E0	2.64999999999999991E9	-1.43715280485780328E2
7.89999999999998792E0	2.66000000000000014E9	-1.43906998284875454E2
7.89999999999998792E0	2.66999999999999993E9	-1.44089189207815704E2
7.89999999999998792E0	2.68000000000000016E9	-1.44263612929354257E2
7.89999999999998792E0	2.68999999999999995E9	-1.44431654991864233E2
7.89999999999998792E0	2.70000000000000018E9	-1.44594409220889331E2

var_c	indep(index, 1)	plot_vs(pnmx, noisefreq)[58, ::]
7.99999999999998757E0	2.29999999999999982E9	-1.43227142979979982E2
7.99999999999998757E0	2.31000000000000005E9	-1.43009944917961507E2
7.99999999999998757E0	2.31999999999999984E9	-1.42775364580763009E2
7.99999999999998757E0	2.33000000000000007E9	-1.42519123660479008E2
7.99999999999998757E0	2.33999999999999986E9	-1.42235691550143639E2
7.99999999999998757E0	2.35000000000000009E9	-1.41917869067869828E2
7.99999999999998757E0	2.36000000000000032E9	-1.41556211280374145E2
7.99999999999998757E0	2.37000000000000011E9	-1.41138214739063472E2
7.99999999999998757E0	2.37999999999999989E9	-1.40647153371983968E2
7.99999999999998757E0	2.38999999999999968E9	-1.40060368992373352E2
7.99999999999998757E0	2.39999999999999991E9	-1.39346680766062092E2
7.99999999999998757E0	2.41000000000000014E9	-1.38462273730347674E2
7.99999999999998757E0	2.41999999999999993E9	-1.37343768943878120E2
7.99999999999998757E0	2.43000000000000016E9	-1.35895609445353527E2
7.99999999999998757E0	2.43999999999999995E9	-1.33965153915016666E2
7.99999999999998757E0	2.45000000000000018E9	-1.31292409580162217E2
7.99999999999998757E0	2.45999999999999996E9	-1.27476494614688707E2
7.99999999999998757E0	2.46999999999999975E9	-1.21886940494400542E2
7.99999999999998757E0	2.47999999999999998E9	-1.26447867512331968E2
7.99999999999998757E0	2.48999999999999977E9	-1.30679908024092128E2
7.99999999999998757E0	2.50000000000000000E9	-1.33643328971242825E2
7.99999999999998757E0	2.51000000000000023E9	-1.35762404041160556E2
7.99999999999998757E0	2.52000000000000002E9	-1.37339941104072860E2
7.99999999999998757E0	2.53000000000000025E9	-1.38549854596065902E2
7.99999999999998757E0	2.54000000000000004E9	-1.39499434252078913E2
7.99999999999998757E0	2.54999999999999982E9	-1.40259479658007491E2
7.99999999999998757E0	2.56000000000000005E9	-1.40878934394816224E2
7.99999999999998757E0	2.56999999999999984E9	-1.41392685816495645E2
7.99999999999998757E0	2.58000000000000007E9	-1.41826119422161634E2
7.99999999999998757E0	2.58999999999999986E9	-1.42197979094467875E2
7.99999999999998757E0	2.60000000000000009E9	-1.42522261661060656E2
7.99999999999998757E0	2.61000000000000032E9	-1.42809515928086594E2
7.99999999999998757E0	2.62000000000000011E9	-1.43067755747907599E2
7.99999999999998757E0	2.62999999999999989E9	-1.43303112235906505E2
7.99999999999998757E0	2.63999999999999968E9	-1.43520306109204121E2
7.99999999999998757E0	2.64999999999999991E9	-1.43722992676826311E2
7.99999999999998757E0	2.66000000000000014E9	-1.43914016685418855E2
7.99999999999998757E0	2.66999999999999993E9	-1.44095601901374271E2
7.99999999999998757E0	2.68000000000000016E9	-1.44269493264707793E2
7.99999999999998757E0	2.68999999999999995E9	-1.44437064331721343E2
7.99999999999998757E0	2.70000000000000018E9	-1.44599399112350158E2

var_c	indep(index, 1)	plot_vs(pnmx, noisefreq)[59, ::]
8.09999999999998721E0	2.29999999999999982E9	-1.43225008377513108E2
8.09999999999998721E0	2.31000000000000005E9	-1.43007928269844964E2
8.09999999999998721E0	2.31999999999999984E9	-1.42773430907651333E2
8.09999999999998721E0	2.33000000000000007E9	-1.42517219015408436E2
8.09999999999998721E0	2.33999999999999986E9	-1.42233734739007023E2
8.09999999999998721E0	2.35000000000000009E9	-1.41915739417309616E2
8.09999999999998721E0	2.36000000000000032E9	-1.41553730518903409E2
8.09999999999998721E0	2.37000000000000011E9	-1.41135119831459210E2
8.09999999999998721E0	2.37999999999999989E9	-1.40643054594868633E2
8.09999999999998721E0	2.38999999999999968E9	-1.40054685407190216E2
8.09999999999998721E0	2.39999999999999991E9	-1.39338535161805677E2
8.09999999999998721E0	2.41000000000000014E9	-1.38450317983927573E2
8.09999999999998721E0	2.41999999999999993E9	-1.37325877284872266E2
8.09999999999998721E0	2.43000000000000016E9	-1.35868301169853067E2
8.09999999999998721E0	2.43999999999999995E9	-1.33922468470416156E2
8.09999999999998721E0	2.45000000000000018E9	-1.31224024133853390E2
8.09999999999998721E0	2.45999999999999996E9	-1.27372010991640572E2
8.09999999999998721E0	2.46999999999999975E9	-1.21023229648205377E2
8.09999999999998721E0	2.47999999999999998E9	-1.26555989566812555E2
8.09999999999998721E0	2.48999999999999977E9	-1.30764576384600084E2
8.09999999999998721E0	2.50000000000000000E9	-1.33708915975418052E2
8.09999999999998721E0	2.51000000000000023E9	-1.35815254684392217E2
8.09999999999998721E0	2.52000000000000002E9	-1.37383478699797013E2
8.09999999999998721E0	2.53000000000000025E9	-1.38586199607813909E2
8.09999999999998721E0	2.54000000000000004E9	-1.39530066956925181E2
8.09999999999998721E0	2.54999999999999982E9	-1.40285506562209439E2
8.09999999999998721E0	2.56000000000000005E9	-1.40901213728629915E2
8.09999999999998721E0	2.56999999999999984E9	-1.41411895457446479E2
8.09999999999998721E0	2.58000000000000007E9	-1.41842799897408978E2
8.09999999999998721E0	2.58999999999999986E9	-1.42212563968884309E2
8.09999999999998721E0	2.60000000000000009E9	-1.42535099984491920E2
8.09999999999998721E0	2.61000000000000032E9	-1.42820889593651157E2
8.09999999999998721E0	2.62000000000000011E9	-1.43077893304063042E2
8.09999999999998721E0	2.62999999999999989E9	-1.43312199761539927E2
8.09999999999998721E0	2.63999999999999968E9	-1.43528495614256379E2
8.09999999999998721E0	2.64999999999999991E9	-1.43730408954342526E2
8.09999999999998721E0	2.66000000000000014E9	-1.43920762630698151E2
8.09999999999998721E0	2.66999999999999993E9	-1.44101762735339523E2
8.09999999999998721E0	2.68000000000000016E9	-1.44275139897196558E2
8.09999999999998721E0	2.68999999999999995E9	-1.44442256065096553E2
8.09999999999998721E0	2.70000000000000018E9	-1.44604185792850215E2

var_c	indep(index, 1)	plot_vs(pnmx, noisefreq)[60, ::]
8.19999999999998685E0	2.29999999999999982E9	-1.43222859723934270E2
8.19999999999998685E0	2.31000000000000005E9	-1.43005891599114632E2
8.19999999999998685E0	2.31999999999999984E9	-1.42771471649586523E2
8.19999999999998685E0	2.33000000000000007E9	-1.42515284023926792E2
8.19999999999998685E0	2.33999999999999986E9	-1.42231744125875870E2
8.19999999999998685E0	2.35000000000000009E9	-1.41913574635826700E2
8.19999999999998685E0	2.36000000000000032E9	-1.41551216468259700E2
8.19999999999998685E0	2.37000000000000011E9	-1.41131998311382856E2
8.19999999999998685E0	2.37999999999999989E9	-1.40638943365492208E2
8.19999999999998685E0	2.38999999999999968E9	-1.40049014170263941E2
8.19999999999998685E0	2.39999999999999991E9	-1.39330442756521933E2
8.19999999999998685E0	2.41000000000000014E9	-1.38438480593304747E2
8.19999999999998685E0	2.41999999999999993E9	-1.37308203463470835E2
8.19999999999998685E0	2.43000000000000016E9	-1.35841361995311360E2
8.19999999999998685E0	2.43999999999999995E9	-1.33880375563705400E2
8.19999999999998685E0	2.45000000000000018E9	-1.31156566686834086E2
8.19999999999998685E0	2.45999999999999996E9	-1.27269369295008916E2
8.19999999999998685E0	2.46999999999999975E9	-1.19623169405555041E2
8.19999999999998685E0	2.47999999999999998E9	-1.26661536944871322E2
8.19999999999998685E0	2.48999999999999977E9	-1.30847023060515300E2
8.19999999999998685E0	2.50000000000000000E9	-1.33772780766034449E2
8.19999999999998685E0	2.51000000000000023E9	-1.35866656444353340E2
8.19999999999998685E0	2.52000000000000002E9	-1.37425763557350877E2
8.19999999999998685E0	2.53000000000000025E9	-1.38621453002934514E2
8.19999999999998685E0	2.54000000000000004E9	-1.39559745415702952E2
8.19999999999998685E0	2.54999999999999982E9	-1.40310697496942849E2
8.19999999999998685E0	2.56000000000000005E9	-1.40922758416621052E2
8.19999999999998685E0	2.56999999999999984E9	-1.41430457241424024E2
8.19999999999998685E0	2.58000000000000007E9	-1.41858906675441343E2
8.19999999999998685E0	2.58999999999999986E9	-1.42226638434757824E2
8.19999999999998685E0	2.60000000000000009E9	-1.42547481795723918E2
8.19999999999998685E0	2.61000000000000032E9	-1.42831852904430678E2
8.19999999999998685E0	2.62000000000000011E9	-1.43087660152984086E2
8.19999999999998685E0	2.62999999999999989E9	-1.43320950698610394E2
8.19999999999998685E0	2.63999999999999968E9	-1.43536378073751969E2
8.19999999999998685E0	2.64999999999999991E9	-1.43737543833362902E2
8.19999999999998685E0	2.66000000000000014E9	-1.43927249577285066E2
8.19999999999998685E0	2.66999999999999993E9	-1.44107684211554954E2
8.19999999999998685E0	2.68000000000000016E9	-1.44280564525077937E2
8.19999999999998685E0	2.68999999999999995E9	-1.44447241187387476E2
8.19999999999998685E0	2.70000000000000018E9	-1.44608779548184962E2

var_c	indep(index, 1)	plot_vs(pnmx, noisefreq)[61, ::]
8.29999999999998650E0	2.29999999999999982E9	-1.43220699328255785E2
8.29999999999998650E0	2.31000000000000005E9	-1.43003837450517368E2
8.29999999999998650E0	2.31999999999999984E9	-1.42769489591152965E2
8.29999999999998650E0	2.33000000000000007E9	-1.42513321698465711E2
8.29999999999998650E0	2.33999999999999986E9	-1.42229722935389269E2
8.29999999999998650E0	2.35000000000000009E9	-1.41911377975672570E2
8.29999999999998650E0	2.36000000000000032E9	-1.41548672492216143E2
8.29999999999998650E0	2.37000000000000011E9	-1.41128853466721726E2
8.29999999999998650E0	2.37999999999999989E9	-1.40634822433876594E2
8.29999999999998650E0	2.38999999999999968E9	-1.40043357381463407E2
8.29999999999998650E0	2.39999999999999991E9	-1.39322404595616267E2
8.29999999999998650E0	2.41000000000000014E9	-1.38426760315350816E2
8.29999999999998650E0	2.41999999999999993E9	-1.37290744842719770E2
8.29999999999998650E0	2.43000000000000016E9	-1.35814786005778010E2
8.29999999999998650E0	2.43999999999999995E9	-1.33838866328074513E2
8.29999999999998650E0	2.45000000000000018E9	-1.31090023418255441E2
8.29999999999998650E0	2.45999999999999996E9	-1.27168555988271059E2
8.29999999999998650E0	2.46999999999999975E9	-1.17203550284028912E2
8.29999999999998650E0	2.47999999999999998E9	-1.26764586642146759E2
8.29999999999998650E0	2.48999999999999977E9	-1.30927335015220647E2
8.29999999999998650E0	2.50000000000000000E9	-1.33834982208052966E2
8.29999999999998650E0	2.51000000000000023E9	-1.35916659711013876E2
8.29999999999998650E0	2.52000000000000002E9	-1.37466841585147770E2
8.29999999999998650E0	2.53000000000000025E9	-1.38655657036019209E2
8.29999999999998650E0	2.54000000000000004E9	-1.39588508347255336E2
8.29999999999998650E0	2.54999999999999982E9	-1.40335087475041975E2
8.29999999999998650E0	2.56000000000000005E9	-1.40943600248026213E2
8.29999999999998650E0	2.56999999999999984E9	-1.41448399831559035E2
8.29999999999998650E0	2.58000000000000007E9	-1.41874465564099994E2
8.29999999999998650E0	2.58999999999999986E9	-1.42240225693255029E2
8.29999999999998650E0	2.60000000000000009E9	-1.42559428226114915E2
8.29999999999998650E0	2.61000000000000032E9	-1.42842425160005071E2
8.29999999999998650E0	2.62000000000000011E9	-1.43097073886700299E2
8.29999999999998650E0	2.62999999999999989E9	-1.43329381175465853E2
8.29999999999998650E0	2.63999999999999968E9	-1.43543968274348588E2
8.29999999999998650E0	2.64999999999999991E9	-1.43744410961045244E2
8.29999999999998650E0	2.66000000000000014E9	-1.43933490153975008E2
8.29999999999998650E0	2.66999999999999993E9	-1.44113378100358291E2
8.29999999999998650E0	2.68000000000000016E9	-1.44285778117516128E2
8.29999999999998650E0	2.68999999999999995E9	-1.44452029944682847E2
8.29999999999998650E0	2.70000000000000018E9	-1.44613190036740713E2

var_c	indep(index, 1)	plot_vs(pnmx, noisefreq)[62, ::]
8.39999999999998614E0	2.29999999999999982E9	-1.43218529336879019E2
8.39999999999998614E0	2.31000000000000005E9	-1.43001768208849667E2
8.39999999999998614E0	2.31999999999999984E9	-1.42767487381988079E2
8.39999999999998614E0	2.33000000000000007E9	-1.42511334843113668E2
8.39999999999998614E0	2.33999999999999986E9	-1.42227674047990527E2
8.39999999999998614E0	2.35000000000000009E9	-1.41909152525253535E2
8.39999999999998614E0	2.36000000000000032E9	-1.41546101533892332E2
8.39999999999998614E0	2.37000000000000011E9	-1.41125688127521820E2
8.39999999999998614E0	2.37999999999999989E9	-1.40630694220417252E2
8.39999999999998614E0	2.38999999999999968E9	-1.40037716793884082E2
8.39999999999998614E0	2.39999999999999991E9	-1.39314421411485601E2
8.39999999999998614E0	2.41000000000000014E9	-1.38415156518868132E2
8.39999999999998614E0	2.41999999999999993E9	-1.37273497883055273E2
8.39999999999998614E0	2.43000000000000016E9	-1.35788566818677281E2
8.39999999999998614E0	2.43999999999999995E9	-1.33797929674721705E2
8.39999999999998614E0	2.45000000000000018E9	-1.31024380985605315E2
8.39999999999998614E0	2.45999999999999996E9	-1.27069556621838986E2
8.39999999999998614E0	2.46999999999999975E9	-1.12531455724250828E2
8.39999999999998614E0	2.47999999999999998E9	-1.26865214193608744E2
8.39999999999998614E0	2.48999999999999977E9	-1.31005593679414956E2
8.39999999999998614E0	2.50000000000000000E9	-1.33895576633488700E2
8.39999999999998614E0	2.51000000000000023E9	-1.35965312013599271E2
8.39999999999998614E0	2.52000000000000002E9	-1.37506756733203539E2
8.39999999999998614E0	2.53000000000000025E9	-1.38688852097401027E2
8.39999999999998614E0	2.54000000000000004E9	-1.39616392581445270E2
8.39999999999998614E0	2.54999999999999982E9	-1.40358709887431021E2
8.39999999999998614E0	2.56000000000000005E9	-1.40963769240384762E2
8.39999999999998614E0	2.56999999999999984E9	-1.41465750223729225E2
8.39999999999998614E0	2.58000000000000007E9	-1.41889500929620693E2
8.39999999999998614E0	2.58999999999999986E9	-1.42253347788611562E2
8.39999999999998614E0	2.60000000000000009E9	-1.42570959259076591E2
8.39999999999998614E0	2.61000000000000032E9	-1.42852624398785322E2
8.39999999999998614E0	2.62000000000000011E9	-1.43106150999224835E2
8.39999999999998614E0	2.62999999999999989E9	-1.43337506290252126E2
8.39999999999998614E0	2.63999999999999968E9	-1.43551280104227397E2
8.39999999999998614E0	2.64999999999999991E9	-1.43751023193970395E2
8.39999999999998614E0	2.66000000000000014E9	-1.43939496268921663E2
8.39999999999998614E0	2.66999999999999993E9	-1.44118855460602302E2
8.39999999999998614E0	2.68000000000000016E9	-1.44290791000893304E2
8.39999999999998614E0	2.68999999999999995E9	-1.44456632008582031E2
8.39999999999998614E0	2.70000000000000018E9	-1.44617426342779853E2

var_c	indep(index, 1)	plot_vs(pnmx, noisefreq)[63, ::]
8.49999999999998579E0	2.29999999999999982E9	-1.43216351705760969E2
8.49999999999998579E0	2.31000000000000005E9	-1.42999686084948285E2
8.49999999999998579E0	2.31999999999999984E9	-1.42765467394275980E2
8.49999999999998579E0	2.33000000000000007E9	-1.42509326085060306E2
8.49999999999998579E0	2.33999999999999986E9	-1.42225600314218736E2
8.49999999999998579E0	2.35000000000000009E9	-1.41906901125894391E2
8.49999999999998579E0	2.36000000000000032E9	-1.41543506555170784E2
8.49999999999998579E0	2.37000000000000011E9	-1.41122504974951912E2
8.49999999999998579E0	2.37999999999999989E9	-1.40626561249702986E2
8.49999999999998579E0	2.38999999999999968E9	-1.40032094280846908E2
8.49999999999998579E0	2.39999999999999991E9	-1.39306494064694464E2
8.49999999999998579E0	2.41000000000000014E9	-1.38403668401766389E2
8.49999999999998579E0	2.41999999999999993E9	-1.37256459647918061E2
8.49999999999998579E0	2.43000000000000016E9	-1.35762698427962047E2
8.49999999999998579E0	2.43999999999999995E9	-1.33757556015753676E2
8.49999999999998579E0	2.45000000000000018E9	-1.30959625565910232E2
8.49999999999998579E0	2.45999999999999996E9	-1.26972357857644136E2
8.49999999999998579E0	2.46999999999999975E9	-9.77905599991521157E1
8.49999999999998579E0	2.47999999999999998E9	-1.26963494506672681E2
8.49999999999998579E0	2.48999999999999977E9	-1.31081875172597262E2
8.49999999999998579E0	2.50000000000000000E9	-1.33954617815935872E2
8.49999999999998579E0	2.51000000000000023E9	-1.36012660332152491E2
8.49999999999998579E0	2.52000000000000002E9	-1.37545551148794276E2
8.49999999999998579E0	2.53000000000000025E9	-1.38721076572845203E2
8.49999999999998579E0	2.54000000000000004E9	-1.39643432946218171E2
8.49999999999998579E0	2.54999999999999982E9	-1.40381596100342532E2
8.49999999999998579E0	2.56000000000000005E9	-1.40983293770581963E2
8.49999999999998579E0	2.56999999999999984E9	-1.41482534039741248E2
8.49999999999998579E0	2.58000000000000007E9	-1.41904035833950060E2
8.49999999999998579E0	2.58999999999999986E9	-1.42266025561482734E2
8.49999999999998579E0	2.60000000000000009E9	-1.42582093697677581E2
8.49999999999998579E0	2.61000000000000032E9	-1.42862467786124747E2
8.49999999999998579E0	2.62000000000000011E9	-1.43114907097346888E2
8.49999999999998579E0	2.62999999999999989E9	-1.43345340296374468E2
8.49999999999998579E0	2.63999999999999968E9	-1.43558326706383022E2
8.49999999999998579E0	2.64999999999999991E9	-1.43757392584772847E2
8.49999999999998579E0	2.66000000000000014E9	-1.43945279128132997E2
8.49999999999998579E0	2.66999999999999993E9	-1.44124126718887458E2
8.49999999999998579E0	2.68000000000000016E9	-1.44295612882620827E2
8.49999999999998579E0	2.68999999999999995E9	-1.44461056487640516E2
8.49999999999998579E0	2.70000000000000018E9	-1.44621496981805153E2

var_c	indep(index, 1)	plot_vs(pnmx, noisefreq)[64, ::]
8.59999999999998543E0	2.29999999999999982E9	-1.43214168244267004E2
8.59999999999998543E0	2.31000000000000005E9	-1.42997593109398657E2
8.59999999999998543E0	2.31999999999999984E9	-1.42763431914680261E2
8.59999999999998543E0	2.33000000000000007E9	-1.42507297823712009E2
8.59999999999998543E0	2.33999999999999986E9	-1.42223504311110571E2
8.59999999999998543E0	2.35000000000000009E9	-1.41904626503689335E2
8.59999999999998543E0	2.36000000000000032E9	-1.41540890134346387E2
8.59999999999998543E0	2.37000000000000011E9	-1.41119306614773499E2
8.59999999999998543E0	2.37999999999999989E9	-1.40622425686645491E2
8.59999999999998543E0	2.38999999999999968E9	-1.40026491387073371E2
8.59999999999998543E0	2.39999999999999991E9	-1.39298623093467211E2
8.59999999999998543E0	2.41000000000000014E9	-1.38392295091646256E2
8.59999999999998543E0	2.41999999999999993E9	-1.37239626775971679E2
8.59999999999998543E0	2.43000000000000016E9	-1.35737174768678548E2
8.59999999999998543E0	2.43999999999999995E9	-1.33717736182679969E2
8.59999999999998543E0	2.45000000000000018E9	-1.30895743560087618E2
8.59999999999998543E0	2.45999999999999996E9	-1.26876943688334931E2
8.59999999999998543E0	2.46999999999999975E9	-1.08393930293277818E2
8.59999999999998543E0	2.47999999999999998E9	-1.27059501182204526E2
8.59999999999998543E0	2.48999999999999977E9	-1.31156252156321873E2
8.59999999999998543E0	2.50000000000000000E9	-1.34012156472244159E2
8.59999999999998543E0	2.51000000000000023E9	-1.36058748837904853E2
8.59999999999998543E0	2.52000000000000002E9	-1.37583265537532240E2
8.59999999999998543E0	2.53000000000000025E9	-1.38752367568572721E2
8.59999999999998543E0	2.54000000000000004E9	-1.39669663015354728E2
8.59999999999998543E0	2.54999999999999982E9	-1.40403776405292002E2
8.59999999999998543E0	2.56000000000000005E9	-1.41002201010086137E2
8.59999999999998543E0	2.56999999999999984E9	-1.41498775687682743E2
8.59999999999998543E0	2.58000000000000007E9	-1.41918092118856798E2
8.59999999999998543E0	2.58999999999999986E9	-1.42278278702265881E2
8.59999999999998543E0	2.60000000000000009E9	-1.42592849313350079E2
8.59999999999998543E0	2.61000000000000032E9	-1.42871971450721102E2
8.59999999999998543E0	2.62000000000000011E9	-1.43123356834395343E2
8.59999999999998543E0	2.62999999999999989E9	-1.43352896690233722E2
8.59999999999998543E0	2.63999999999999968E9	-1.43565120440030225E2
8.59999999999998543E0	2.64999999999999991E9	-1.43763530558424746E2
8.59999999999998543E0	2.66000000000000014E9	-1.43950849258533498E2
8.59999999999998543E0	2.66999999999999993E9	-1.44129201653435457E2
8.59999999999998543E0	2.68000000000000016E9	-1.44300252901124826E2
8.59999999999998543E0	2.68999999999999995E9	-1.44465311906585292E2
8.59999999999998543E0	2.70000000000000018E9	-1.44625409987886577E2

var_c	indep(index, 1)	plot_vs(pnmx, noisefreq)[65, ::]
8.69999999999998508E0	2.29999999999999982E9	-1.43211980705926822E2
8.69999999999998508E0	2.31000000000000005E9	-1.42995491205802194E2
8.69999999999998508E0	2.31999999999999984E9	-1.42761383004137921E2
8.69999999999998508E0	2.33000000000000007E9	-1.42505252395516258E2
8.69999999999998508E0	2.33999999999999986E9	-1.42221388392333181E2
8.69999999999998508E0	2.35000000000000009E9	-1.41902331106197677E2
8.69999999999998508E0	2.36000000000000032E9	-1.41538254897164384E2
8.69999999999998508E0	2.37000000000000011E9	-1.41116095457653357E2
8.69999999999998508E0	2.37999999999999989E9	-1.40618289494564697E2
8.69999999999998508E0	2.38999999999999968E9	-1.40020909821573269E2
8.69999999999998508E0	2.39999999999999991E9	-1.39290809120961856E2
8.69999999999998508E0	2.41000000000000014E9	-1.38381035613331926E2
8.69999999999998508E0	2.41999999999999993E9	-1.37222996795053165E2
8.69999999999998508E0	2.43000000000000016E9	-1.35711989438183545E2
8.69999999999998508E0	2.43999999999999995E9	-1.33678459922115911E2
8.69999999999998508E0	2.45000000000000018E9	-1.30832721439350297E2
8.69999999999998508E0	2.45999999999999996E9	-1.26783298811864542E2
8.69999999999998508E0	2.46999999999999975E9	-1.14867074147686443E2
8.69999999999998508E0	2.47999999999999998E9	-1.27153304398149958E2
8.69999999999998508E0	2.48999999999999977E9	-1.31228792006676298E2
8.69999999999998508E0	2.50000000000000000E9	-1.34068243010668242E2
8.69999999999998508E0	2.51000000000000023E9	-1.36103620180343987E2
8.69999999999998508E0	2.52000000000000002E9	-1.37619938700229905E2
8.69999999999998508E0	2.53000000000000025E9	-1.38782760024420604E2
8.69999999999998508E0	2.54000000000000004E9	-1.39695114347931337E2
8.69999999999998508E0	2.54999999999999982E9	-1.40425279332063058E2
8.69999999999998508E0	2.56000000000000005E9	-1.41020516435145371E2
8.69999999999998508E0	2.56999999999999984E9	-1.41514498040390424E2
8.69999999999998508E0	2.58000000000000007E9	-1.41931690425138446E2
8.69999999999998508E0	2.58999999999999986E9	-1.42290125865119199E2
8.69999999999998508E0	2.60000000000000009E9	-1.42603243013923908E2
8.69999999999998508E0	2.61000000000000032E9	-1.42881150634202170E2
8.69999999999998508E0	2.62000000000000011E9	-1.43131514152442385E2
8.69999999999998508E0	2.62999999999999989E9	-1.43360188132068034E2
8.69999999999998508E0	2.63999999999999968E9	-1.43571672907057635E2
8.69999999999998508E0	2.64999999999999991E9	-1.43769447857964994E2
8.69999999999998508E0	2.66000000000000014E9	-1.43956216637810486E2
8.69999999999998508E0	2.66999999999999993E9	-1.44134089514467489E2
8.69999999999998508E0	2.68000000000000016E9	-1.44304719694233308E2
8.69999999999998508E0	2.68999999999999995E9	-1.44469406346521323E2
8.69999999999998508E0	2.70000000000000018E9	-1.44629172929859973E2

var_c	indep(index, 1)	plot_vs(pnmx, noisefreq)[66, ::]
8.79999999999998472E0	2.29999999999999982E9	-1.43209790594001563E2
8.79999999999998472E0	2.31000000000000005E9	-1.42993382108036782E2
8.79999999999998472E0	2.31999999999999984E9	-1.42759322669060928E2
8.79999999999998472E0	2.33000000000000007E9	-1.42503191840575982E2
8.79999999999998472E0	2.33999999999999986E9	-1.42219254904618819E2
8.79999999999998472E0	2.35000000000000009E9	-1.41900017311621496E2
8.79999999999998472E0	2.36000000000000032E9	-1.41535603090574535E2
8.79999999999998472E0	2.37000000000000011E9	-1.41112873644111936E2
8.79999999999998472E0	2.37999999999999989E9	-1.40614154808973613E2
8.79999999999998472E0	2.38999999999999968E9	-1.40015350734052024E2
8.79999999999998472E0	2.39999999999999991E9	-1.39283052535890195E2
8.79999999999998472E0	2.41000000000000014E9	-1.38369889057654705E2
8.79999999999998472E0	2.41999999999999993E9	-1.37206566100995131E2
8.79999999999998472E0	2.43000000000000016E9	-1.35687137322877382E2
8.79999999999998472E0	2.43999999999999995E9	-1.33639718228071169E2
8.79999999999998472E0	2.45000000000000018E9	-1.30770546756515893E2
8.79999999999998472E0	2.45999999999999996E9	-1.26691406124915451E2
8.79999999999998472E0	2.46999999999999975E9	-1.17833832079155654E2
8.79999999999998472E0	2.47999999999999998E9	-1.27244976204823090E2
8.79999999999998472E0	2.48999999999999977E9	-1.31299559424615064E2
8.79999999999998472E0	2.50000000000000000E9	-1.34122924226650331E2
8.79999999999998472E0	2.51000000000000023E9	-1.36147315740814934E2
8.79999999999998472E0	2.52000000000000002E9	-1.37655607385906320E2
8.79999999999998472E0	2.53000000000000025E9	-1.38812287706461146E2
8.79999999999998472E0	2.54000000000000004E9	-1.39719817400717661E2
8.79999999999998472E0	2.54999999999999982E9	-1.40446132044527539E2
8.79999999999998472E0	2.56000000000000005E9	-1.41038264626082199E2
8.79999999999998472E0	2.56999999999999984E9	-1.41529722971512117E2
8.79999999999998472E0	2.58000000000000007E9	-1.41944850393993205E2
8.79999999999998472E0	2.58999999999999986E9	-1.42301584526980207E2
8.79999999999998472E0	2.60000000000000009E9	-1.42613290619027655E2
8.79999999999998472E0	2.61000000000000032E9	-1.42890019784832378E2
8.79999999999998472E0	2.62000000000000011E9	-1.43139392158416512E2
8.79999999999998472E0	2.62999999999999989E9	-1.43367226620208177E2
8.79999999999998472E0	2.63999999999999968E9	-1.43577995164674865E2
8.79999999999998472E0	2.64999999999999991E9	-1.43775154596576682E2
8.79999999999998472E0	2.66000000000000014E9	-1.43961390631037278E2
8.79999999999998472E0	2.66999999999999993E9	-1.44138799011711005E2
8.79999999999998472E0	2.68000000000000016E9	-1.44309021345357369E2
8.79999999999998472E0	2.68999999999999995E9	-1.44473347385034900E2
8.79999999999998472E0	2.70000000000000018E9	-1.44632792918193820E2

var_c	indep(index, 1)	plot_vs(pnmx, noisefreq)[67, ::]
8.89999999999998437E0	2.29999999999999982E9	-1.43207599369127592E2
8.89999999999998437E0	2.31000000000000005E9	-1.42991267476355355E2
8.89999999999998437E0	2.31999999999999984E9	-1.42757252651798350E2
8.89999999999998437E0	2.33000000000000007E9	-1.42501118214475575E2
8.89999999999998437E0	2.33999999999999986E9	-1.42217105952733358E2
8.89999999999998437E0	2.35000000000000009E9	-1.41897687331142808E2
8.89999999999998437E0	2.36000000000000032E9	-1.41532936952856936E2
8.89999999999998437E0	2.37000000000000011E9	-1.41109643263096651E2
8.89999999999998437E0	2.37999999999999989E9	-1.40610023326097178E2
8.89999999999998437E0	2.38999999999999968E9	-1.40009815512621461E2
8.89999999999998437E0	2.39999999999999991E9	-1.39275353651256983E2
8.89999999999998437E0	2.41000000000000014E9	-1.38358854361186867E2
8.89999999999998437E0	2.41999999999999993E9	-1.37190332065043807E2
8.89999999999998437E0	2.43000000000000016E9	-1.35662611884981832E2
8.89999999999998437E0	2.43999999999999995E9	-1.33601501844016290E2
8.89999999999998437E0	2.45000000000000018E9	-1.30709205744180457E2
8.89999999999998437E0	2.45999999999999996E9	-1.26601248932950505E2
8.89999999999998437E0	2.46999999999999975E9	-1.19514901856287969E2
8.89999999999998437E0	2.47999999999999998E9	-1.27334582443124189E2
8.89999999999998437E0	2.48999999999999977E9	-1.31368615833663349E2
8.89999999999998437E0	2.50000000000000000E9	-1.34176245483826539E2
8.89999999999998437E0	2.51000000000000023E9	-1.36189875114040904E2
8.89999999999998437E0	2.52000000000000002E9	-1.37690307567456749E2
8.89999999999998437E0	2.53000000000000025E9	-1.38840982521126932E2
8.89999999999998437E0	2.54000000000000004E9	-1.39743800898850123E2
8.89999999999998437E0	2.54999999999999982E9	-1.40466360487710906E2
8.89999999999998437E0	2.56000000000000005E9	-1.41055468542034279E2
8.89999999999998437E0	2.56999999999999984E9	-1.41544471205385958E2
8.89999999999998437E0	2.58000000000000007E9	-1.41957590606625916E2
8.89999999999998437E0	2.58999999999999986E9	-1.42312671584530981E2
8.89999999999998437E0	2.60000000000000009E9	-1.42623007229030208E2
8.89999999999998437E0	2.61000000000000032E9	-1.42898592492345289E2
8.89999999999998437E0	2.62000000000000011E9	-1.43147003258578964E2
8.89999999999998437E0	2.62999999999999989E9	-1.43374023475346579E2
8.89999999999998437E0	2.63999999999999968E9	-1.43584097568616142E2
8.89999999999998437E0	2.64999999999999991E9	-1.43780660382204362E2
8.89999999999998437E0	2.66000000000000014E9	-1.43966380076686096E2
8.89999999999998437E0	2.66999999999999993E9	-1.44143338359950324E2
8.89999999999998437E0	2.68000000000000016E9	-1.44313165537661048E2
8.89999999999998437E0	2.68999999999999995E9	-1.44477142185936547E2
8.89999999999998437E0	2.70000000000000018E9	-1.44636276673279807E2

var_c	indep(index, 1)	plot_vs(pnmx, noisefreq)[68, ::]
8.99999999999998401E0	2.29999999999999982E9	-1.43205408393976219E2
8.99999999999998401E0	2.31000000000000005E9	-1.42989148795067922E2
8.99999999999998401E0	2.31999999999999984E9	-1.42755174695258469E2
8.99999999999998401E0	2.33000000000000007E9	-1.42499033330529179E2
8.99999999999998401E0	2.33999999999999986E9	-1.42214943421174000E2
8.99999999999998401E0	2.35000000000000009E9	-1.41895343153613673E2
8.99999999999998401E0	2.36000000000000032E9	-1.41530258496341799E2
8.99999999999998401E0	2.37000000000000011E9	-1.41106406425031183E2
8.99999999999998401E0	2.37999999999999989E9	-1.40605896758877580E2
8.99999999999998401E0	2.38999999999999968E9	-1.40004305259937722E2
8.99999999999998401E0	2.39999999999999991E9	-1.39267712985612158E2
8.99999999999998401E0	2.41000000000000014E9	-1.38347930648185935E2
8.99999999999998401E0	2.41999999999999993E9	-1.37174291217176525E2
8.99999999999998401E0	2.43000000000000016E9	-1.35638407618578194E2
8.99999999999998401E0	2.43999999999999995E9	-1.33563801068409815E2
8.99999999999998401E0	2.45000000000000018E9	-1.30648685367699224E2
8.99999999999998401E0	2.45999999999999996E9	-1.26512809555640726E2
8.99999999999998401E0	2.46999999999999975E9	-1.20563566325039839E2
8.99999999999998401E0	2.47999999999999998E9	-1.27422189185214640E2
8.99999999999998401E0	2.48999999999999977E9	-1.31436017468624078E2
8.99999999999998401E0	2.50000000000000000E9	-1.34228250847201558E2
8.99999999999998401E0	2.51000000000000023E9	-1.36231336213258380E2
8.99999999999998401E0	2.52000000000000002E9	-1.37724073126808921E2
8.99999999999998401E0	2.53000000000000025E9	-1.38868875424490068E2
8.99999999999998401E0	2.54000000000000004E9	-1.39767092571134310E2
8.99999999999998401E0	2.54999999999999982E9	-1.40485989282190182E2
8.99999999999998401E0	2.56000000000000005E9	-1.41072150256932738E2
8.99999999999998401E0	2.56999999999999984E9	-1.41558762412891492E2
8.99999999999998401E0	2.58000000000000007E9	-1.41969928664172196E2
8.99999999999998401E0	2.58999999999999986E9	-1.42323402671654753E2
8.99999999999998401E0	2.60000000000000009E9	-1.42632407089197666E2
8.99999999999998401E0	2.61000000000000032E9	-1.42906881699370447E2
8.99999999999998401E0	2.62000000000000011E9	-1.43154359152790134E2
8.99999999999998401E0	2.62999999999999989E9	-1.43380589420698357E2
8.99999999999998401E0	2.63999999999999968E9	-1.43589989981315069E2
8.99999999999998401E0	2.64999999999999991E9	-1.43785974230025837E2
8.99999999999998401E0	2.66000000000000014E9	-1.43971193353674165E2
8.99999999999998401E0	2.66999999999999993E9	-1.44147715350687755E2
8.99999999999998401E0	2.68000000000000016E9	-1.44317159495769598E2
8.99999999999998401E0	2.68999999999999995E9	-1.44480797509344683E2
8.99999999999998401E0	2.70000000000000018E9	-1.44639630542533215E2

var_c	indep(index, 1)	plot_vs(pnmx, noisefreq)[69, ::]
9.09999999999998366E0	2.29999999999999982E9	-1.43203218860622061E2
9.09999999999998366E0	2.31000000000000005E9	-1.42987027511189568E2
9.09999999999998366E0	2.31999999999999984E9	-1.42753090372804303E2
9.09999999999998366E0	2.33000000000000007E9	-1.42496938919527638E2
9.09999999999998366E0	2.33999999999999986E9	-1.42212769216750701E2
9.09999999999998366E0	2.35000000000000009E9	-1.41892986752705919E2
9.09999999999998366E0	2.36000000000000032E9	-1.41527569802441144E2
9.09999999999998366E0	2.37000000000000011E9	-1.41103164832546679E2
9.09999999999998366E0	2.37999999999999989E9	-1.40601776559707647E2
9.09999999999998366E0	2.38999999999999968E9	-1.39998821125499040E2
9.09999999999998366E0	2.39999999999999991E9	-1.39260130715809338E2
9.09999999999998366E0	2.41000000000000014E9	-1.38337116630433643E2
9.09999999999998366E0	2.41999999999999993E9	-1.37158440952090310E2
9.09999999999998366E0	2.43000000000000016E9	-1.35614519106440889E2
9.09999999999998366E0	2.43999999999999995E9	-1.33526607521622753E2
9.09999999999998366E0	2.45000000000000018E9	-1.30588973390427543E2
9.09999999999998366E0	2.45999999999999996E9	-1.26426069489330861E2
9.09999999999998366E0	2.46999999999999975E9	-1.21262252437060103E2
9.09999999999998366E0	2.47999999999999998E9	-1.27507858760214132E2
9.09999999999998366E0	2.48999999999999977E9	-1.31501821399327712E2
9.09999999999998366E0	2.50000000000000000E9	-1.34278981969142230E2
9.09999999999998366E0	2.51000000000000023E9	-1.36271735088739154E2
9.09999999999998366E0	2.52000000000000002E9	-1.37756936840353750E2
9.09999999999998366E0	2.53000000000000025E9	-1.38895995810270234E2
9.09999999999998366E0	2.54000000000000004E9	-1.39789718644800631E2
9.09999999999998366E0	2.54999999999999982E9	-1.40505041815084053E2
9.09999999999998366E0	2.56000000000000005E9	-1.41088330802106965E2
9.09999999999998366E0	2.56999999999999984E9	-1.41572615310451289E2
9.09999999999998366E0	2.58000000000000007E9	-1.41981881269487187E2
9.09999999999998366E0	2.58999999999999986E9	-1.42333792918027591E2
9.09999999999998366E0	2.60000000000000009E9	-1.42641503729371921E2
9.09999999999998366E0	2.61000000000000032E9	-1.42914899571892451E2
9.09999999999998366E0	2.62000000000000011E9	-1.43161470979535577E2
9.09999999999998366E0	2.62999999999999989E9	-1.43386934598735261E2
9.09999999999998366E0	2.63999999999999968E9	-1.43595681642136452E2
9.09999999999998366E0	2.64999999999999991E9	-1.43791104728289598E2
9.09999999999998366E0	2.66000000000000014E9	-1.43975838346906215E2
9.09999999999998366E0	2.66999999999999993E9	-1.44151937273369901E2
9.09999999999998366E0	2.68000000000000016E9	-1.44321010031000774E2
9.09999999999998366E0	2.68999999999999995E9	-1.44484319731535948E2
9.09999999999998366E0	2.70000000000000018E9	-1.44642860473311186E2

var_c	indep(index, 1)	plot_vs(pnmx, noisefreq)[70, ::]
9.19999999999998330E0	2.29999999999999982E9	-1.43201031906524689E2
9.19999999999998330E0	2.31000000000000005E9	-1.42984904862509010E2
9.19999999999998330E0	2.31999999999999984E9	-1.42751001123619692E2
9.19999999999998330E0	2.33000000000000007E9	-1.42494836587771756E2
9.19999999999998330E0	2.33999999999999986E9	-1.42210585081996554E2
9.19999999999998330E0	2.35000000000000009E9	-1.41890619883815328E2
9.19999999999998330E0	2.36000000000000032E9	-1.41524872491183329E2
9.19999999999998330E0	2.37000000000000011E9	-1.41099920158770642E2
9.19999999999998330E0	2.37999999999999989E9	-1.40597664326246896E2
9.19999999999998330E0	2.38999999999999968E9	-1.39993363991378916E2
9.19999999999998330E0	2.39999999999999991E9	-1.39252606910713905E2
9.19999999999998330E0	2.41000000000000014E9	-1.38326411604106569E2
9.19999999999998330E0	2.41999999999999993E9	-1.37142778713952507E2
9.19999999999998330E0	2.43000000000000016E9	-1.35590940384541137E2
9.19999999999998330E0	2.43999999999999995E9	-1.33489911757504420E2
9.19999999999998330E0	2.45000000000000018E9	-1.30530057426373647E2
9.19999999999998330E0	2.45999999999999996E9	-1.26341010083955485E2
9.19999999999998330E0	2.46999999999999975E9	-1.21753067782946411E2
9.19999999999998330E0	2.47999999999999998E9	-1.27591652052364490E2
9.19999999999998330E0	2.48999999999999977E9	-1.31566078007803822E2
9.19999999999998330E0	2.50000000000000000E9	-1.34328479561727976E2
9.19999999999998330E0	2.51000000000000023E9	-1.36311107701283563E2
9.19999999999998330E0	2.52000000000000002E9	-1.37788930601581261E2
9.19999999999998330E0	2.53000000000000025E9	-1.38922371776752929E2
9.19999999999998330E0	2.54000000000000004E9	-1.39811704181287455E2
9.19999999999998330E0	2.54999999999999982E9	-1.40523540603653707E2
9.19999999999998330E0	2.56000000000000005E9	-1.41104029908433359E2
9.19999999999998330E0	2.56999999999999984E9	-1.41586047604200282E2
9.19999999999998330E0	2.58000000000000007E9	-1.41993464247334034E2
9.19999999999998330E0	2.58999999999999986E9	-1.42343856452712703E2
9.19999999999998330E0	2.60000000000000009E9	-1.42650309937941921E2
9.19999999999998330E0	2.61000000000000032E9	-1.42922657761936867E2
9.19999999999998330E0	2.62000000000000011E9	-1.43168349222935487E2
9.19999999999998330E0	2.62999999999999989E9	-1.43393068552996006E2
9.19999999999998330E0	2.63999999999999968E9	-1.43601181354194596E2
9.19999999999998330E0	2.64999999999999991E9	-1.43796059910535057E2
9.19999999999998330E0	2.66000000000000014E9	-1.43980322549163064E2
9.19999999999998330E0	2.66999999999999993E9	-1.44156011059926881E2
9.19999999999998330E0	2.68000000000000016E9	-1.44324723621851714E2
9.19999999999998330E0	2.68999999999999995E9	-1.44487714873662632E2
9.19999999999998330E0	2.70000000000000018E9	-1.44645972145176893E2

var_c	indep(index, 1)	plot_vs(pnmx, noisefreq)[71, ::]
9.29999999999998295E0	2.29999999999999982E9	-1.43198848596507622E2
9.29999999999998295E0	2.31000000000000005E9	-1.42982782120829421E2
9.29999999999998295E0	2.31999999999999984E9	-1.42748908311168732E2
9.29999999999998295E0	2.33000000000000007E9	-1.42492727850470868E2
9.29999999999998295E0	2.33999999999999986E9	-1.42208392614804957E2
9.29999999999998295E0	2.35000000000000009E9	-1.41888244317318080E2
9.29999999999998295E0	2.36000000000000032E9	-1.41522168327005216E2
9.29999999999998295E0	2.37000000000000011E9	-1.41096674066475369E2
9.29999999999998295E0	2.37999999999999989E9	-1.40593561344343754E2
9.29999999999998295E0	2.38999999999999968E9	-1.39987934818807824E2
9.29999999999998295E0	2.39999999999999991E9	-1.39245141875376155E2
9.29999999999998295E0	2.41000000000000014E9	-1.38315814185840336E2
9.29999999999998295E0	2.41999999999999993E9	-1.37127300872411828E2
9.29999999999998295E0	2.43000000000000016E9	-1.35567666621027882E2
9.29999999999998295E0	2.43999999999999995E9	-1.33453705456253902E2
9.29999999999998295E0	2.45000000000000018E9	-1.30471923919004573E2
9.29999999999998295E0	2.45999999999999996E9	-1.26257610931565800E2
9.29999999999998295E0	2.46999999999999975E9	-1.22113779736533279E2
9.29999999999998295E0	2.47999999999999998E9	-1.27673627843320725E2
9.29999999999998295E0	2.48999999999999977E9	-1.31628838173491447E2
9.29999999999998295E0	2.50000000000000000E9	-1.34376782042946230E2
9.29999999999998295E0	2.51000000000000023E9	-1.36349487203982234E2
9.29999999999998295E0	2.52000000000000002E9	-1.37820083819291272E2
9.29999999999998295E0	2.53000000000000025E9	-1.38948030153706026E2
9.29999999999998295E0	2.54000000000000004E9	-1.39833073225122217E2
9.29999999999998295E0	2.54999999999999982E9	-1.40541506789010207E2
9.29999999999998295E0	2.56000000000000005E9	-1.41119266693353573E2
9.29999999999998295E0	2.56999999999999984E9	-1.41599076165352966E2
9.29999999999998295E0	2.58000000000000007E9	-1.42004692749854544E2
9.29999999999998295E0	2.58999999999999986E9	-1.42353606835385227E2
9.29999999999998295E0	2.60000000000000009E9	-1.42658837837561192E2
9.29999999999998295E0	2.61000000000000032E9	-1.42930167198863955E2
9.29999999999998295E0	2.62000000000000011E9	-1.43175003870831530E2
9.29999999999998295E0	2.62999999999999989E9	-1.43399000415855693E2
9.29999999999998295E0	2.63999999999999968E9	-1.43606497430074098E2
9.29999999999998295E0	2.64999999999999991E9	-1.43800847466990289E2
9.29999999999998295E0	2.66000000000000014E9	-1.43984653023966191E2
9.29999999999998295E0	2.66999999999999993E9	-1.44159943296590898E2
9.29999999999998295E0	2.68000000000000016E9	-1.44328306351614422E2
9.29999999999998295E0	2.68999999999999995E9	-1.44490988653129482E2
9.29999999999998295E0	2.70000000000000018E9	-1.44648970878824801E2

var_c	indep(index, 1)	plot_vs(pnmx, noisefreq)[72, ::]
9.39999999999998259E0	2.29999999999999982E9	-1.43196669872080862E2
9.39999999999998259E0	2.31000000000000005E9	-1.42980660378294533E2
9.39999999999998259E0	2.31999999999999984E9	-1.42746813242747406E2
9.39999999999998259E0	2.33000000000000007E9	-1.42490614064802523E2
9.39999999999998259E0	2.33999999999999986E9	-1.42206193277428894E2
9.39999999999998259E0	2.35000000000000009E9	-1.41885861568175531E2
9.39999999999998259E0	2.36000000000000032E9	-1.41519458875360105E2
9.39999999999998259E0	2.37000000000000011E9	-1.41093427943831529E2
9.39999999999998259E0	2.37999999999999989E9	-1.40589468849042931E2
9.39999999999998259E0	2.38999999999999968E9	-1.39982534444811413E2
9.39999999999998259E0	2.39999999999999991E9	-1.39237735482720604E2
9.39999999999998259E0	2.41000000000000014E9	-1.38305323385097134E2
9.39999999999998259E0	2.41999999999999993E9	-1.37112004989592107E2
9.39999999999998259E0	2.43000000000000016E9	-1.35544691807952455E2
9.39999999999998259E0	2.43999999999999995E9	-1.33417979733217651E2
9.39999999999998259E0	2.45000000000000018E9	-1.30414561470111634E2
9.39999999999998259E0	2.45999999999999996E9	-1.26175854488175898E2
9.39999999999998259E0	2.46999999999999975E9	-1.22389569923021968E2
9.39999999999998259E0	2.47999999999999998E9	-1.27753841167998505E2
9.39999999999998259E0	2.48999999999999977E9	-1.31690148505463811E2
9.39999999999998259E0	2.50000000000000000E9	-1.34423927340366278E2
9.39999999999998259E0	2.51000000000000023E9	-1.36386906372786609E2
9.39999999999998259E0	2.52000000000000002E9	-1.37850425667107968E2
9.39999999999998259E0	2.53000000000000025E9	-1.38972996708569285E2
9.39999999999998259E0	2.54000000000000004E9	-1.39853848625173893E2
9.39999999999998259E0	2.54999999999999982E9	-1.40558960706656877E2
9.39999999999998259E0	2.56000000000000005E9	-1.41134059096250586E2
9.39999999999998259E0	2.56999999999999984E9	-1.41611717030328599E2
9.39999999999998259E0	2.58000000000000007E9	-1.42015580986694490E2
9.39999999999998259E0	2.58999999999999986E9	-1.42363056876805461E2
9.39999999999998259E0	2.60000000000000009E9	-1.42667098983009555E2
9.39999999999998259E0	2.61000000000000032E9	-1.42937438303578324E2
9.39999999999998259E0	2.62000000000000011E9	-1.43181444347415021E2
9.39999999999998259E0	2.62999999999999989E9	-1.43404738765827355E2
9.39999999999998259E0	2.63999999999999968E9	-1.43611637787581636E2
9.39999999999998259E0	2.64999999999999991E9	-1.43805474607793071E2
9.39999999999998259E0	2.66000000000000014E9	-1.43988836441305734E2
9.39999999999998259E0	2.66999999999999993E9	-1.44163740169980592E2
9.39999999999998259E0	2.68000000000000016E9	-1.44331763986188366E2
9.39999999999998259E0	2.68999999999999995E9	-1.44494146438956195E2
9.39999999999998259E0	2.70000000000000018E9	-1.44651861731977682E2

var_c	indep(index, 1)	plot_vs(pnmx, noisefreq)[73, ::]
9.49999999999998224E0	2.29999999999999982E9	-1.43194496659620318E2
9.49999999999998224E0	2.31000000000000005E9	-1.42978540681493582E2
9.49999999999998224E0	2.31999999999999984E9	-1.42744717017318745E2
9.49999999999998224E0	2.33000000000000007E9	-1.42488496585865887E2
9.49999999999998224E0	2.33999999999999986E9	-1.42203988538816151E2
9.49999999999998224E0	2.35000000000000009E9	-1.41883473076479194E2
9.49999999999998224E0	2.36000000000000032E9	-1.41516745672841004E2
9.49999999999998224E0	2.37000000000000011E9	-1.41090183286041460E2
9.49999999999998224E0	2.37999999999999989E9	-1.40585388023904478E2
9.49999999999998224E0	2.38999999999999968E9	-1.39977163474490340E2
9.49999999999998224E0	2.39999999999999991E9	-1.39230387998145022E2
9.49999999999998224E0	2.41000000000000014E9	-1.38294938162311443E2
9.49999999999998224E0	2.41999999999999993E9	-1.37096888200796974E2
9.49999999999998224E0	2.43000000000000016E9	-1.35522011381125029E2
9.49999999999998224E0	2.43999999999999995E9	-1.33382727040737703E2
9.49999999999998224E0	2.45000000000000018E9	-1.30357957798477364E2
9.49999999999998224E0	2.45999999999999996E9	-1.26095717435957200E2
9.49999999999998224E0	2.46999999999999975E9	-1.22607935626907483E2
9.49999999999998224E0	2.47999999999999998E9	-1.27832347137819524E2
9.49999999999998224E0	2.48999999999999977E9	-1.31750055576001435E2
9.49999999999998224E0	2.50000000000000000E9	-1.34469951086179784E2
9.49999999999998224E0	2.51000000000000023E9	-1.36423396355192961E2
9.49999999999998224E0	2.52000000000000002E9	-1.37879984065952366E2
9.49999999999998224E0	2.53000000000000025E9	-1.38997295985310920E2
9.49999999999998224E0	2.54000000000000004E9	-1.39874052204714272E2
9.49999999999998224E0	2.54999999999999982E9	-1.40575921876972765E2
9.49999999999998224E0	2.56000000000000005E9	-1.41148424306228759E2
9.49999999999998224E0	2.56999999999999984E9	-1.41623985510210981E2
9.49999999999998224E0	2.58000000000000007E9	-1.42026142688877477E2
9.49999999999998224E0	2.58999999999999986E9	-1.42372218731991151E2
9.49999999999998224E0	2.60000000000000009E9	-1.42675104282161813E2
9.49999999999998224E0	2.61000000000000032E9	-1.42944480943452668E2
9.49999999999998224E0	2.62000000000000011E9	-1.43187679600249806E2
9.49999999999998224E0	2.62999999999999989E9	-1.43410291767625653E2
9.49999999999998224E0	2.63999999999999968E9	-1.43616609835994735E2
9.49999999999998224E0	2.64999999999999991E9	-1.43809948233193263E2
9.49999999999998224E0	2.66000000000000014E9	-1.43992879144456176E2
9.49999999999998224E0	2.66999999999999993E9	-1.44167407542398718E2
9.49999999999998224E0	2.68000000000000016E9	-1.44335102005871940E2
9.49999999999998224E0	2.68999999999999995E9	-1.44497193334735341E2
9.49999999999998224E0	2.70000000000000018E9	-1.44654649484915265E2

var_c	indep(index, 1)	plot_vs(pnmx, noisefreq)[74, ::]
9.59999999999998188E0	2.29999999999999982E9	-1.43192329728996737E2
9.59999999999998188E0	2.31000000000000005E9	-1.42976423965257937E2
9.59999999999998188E0	2.31999999999999984E9	-1.42742620814324317E2
9.59999999999998188E0	2.33000000000000007E9	-1.42486376618946431E2
9.59999999999998188E0	2.33999999999999986E9	-1.42201779742876555E2
9.59999999999998188E0	2.35000000000000009E9	-1.41881080269446569E2
9.59999999999998188E0	2.36000000000000032E9	-1.41514030003292501E2
9.59999999999998188E0	2.37000000000000011E9	-1.41086941393480081E2
9.59999999999998188E0	2.37999999999999989E9	-1.40581320000468457E2
9.59999999999998188E0	2.38999999999999968E9	-1.39971822663600176E2
9.59999999999998188E0	2.39999999999999991E9	-1.39223099268385897E2
9.59999999999998188E0	2.41000000000000014E9	-1.38284657421163537E2
9.59999999999998188E0	2.41999999999999993E9	-1.37081947840667340E2
9.59999999999998188E0	2.43000000000000016E9	-1.35499619865094822E2
9.59999999999998188E0	2.43999999999999995E9	-1.33347937723182119E2
9.59999999999998188E0	2.45000000000000018E9	-1.30302100475380667E2
9.59999999999998188E0	2.45999999999999996E9	-1.26017179826522741E2
9.59999999999998188E0	2.46999999999999975E9	-1.22786294229471249E2
9.59999999999998188E0	2.47999999999999998E9	-1.27909196881032794E2
9.59999999999998188E0	2.48999999999999977E9	-1.31808601612888721E2
9.59999999999998188E0	2.50000000000000000E9	-1.34514887764023383E2
9.59999999999998188E0	2.51000000000000023E9	-1.36458987211201466E2
9.59999999999998188E0	2.52000000000000002E9	-1.37908785473392670E2
9.59999999999998188E0	2.53000000000000025E9	-1.39020951813762084E2
9.59999999999998188E0	2.54000000000000004E9	-1.39893704892097004E2
9.59999999999998188E0	2.54999999999999982E9	-1.40592408627659426E2
9.59999999999998188E0	2.56000000000000005E9	-1.41162378717312964E2
9.59999999999998188E0	2.56999999999999984E9	-1.41635896164819242E2
9.59999999999998188E0	2.58000000000000007E9	-1.42036390672111335E2
9.59999999999998188E0	2.58999999999999986E9	-1.42381103974017864E2
9.59999999999998188E0	2.60000000000000009E9	-1.42682864154337352E2
9.59999999999998188E0	2.61000000000000032E9	-1.42951304452160555E2
9.59999999999998188E0	2.62000000000000011E9	-1.43193718149557436E2
9.59999999999998188E0	2.62999999999999989E9	-1.43415667133814151E2
9.59999999999998188E0	2.63999999999999968E9	-1.43621420690109947E2
9.59999999999998188E0	2.64999999999999991E9	-1.43814274826993538E2
9.59999999999998188E0	2.66000000000000014E9	-1.43996787149435024E2
9.59999999999998188E0	2.66999999999999993E9	-1.44170950990846580E2
9.59999999999998188E0	2.68000000000000016E9	-1.44338325578646076E2
9.59999999999998188E0	2.68999999999999995E9	-1.44500134177939854E2
9.59999999999998188E0	2.70000000000000018E9	-1.44657338627179355E2

var_c	indep(index, 1)	plot_vs(pnmx, noisefreq)[75, ::]
9.69999999999998153E0	2.29999999999999982E9	-1.43190169882823026E2
9.69999999999998153E0	2.31000000000000005E9	-1.42974311165166013E2
9.69999999999998153E0	2.31999999999999984E9	-1.42740525611608193E2
9.69999999999998153E0	2.33000000000000007E9	-1.42484255237275792E2
9.69999999999998153E0	2.33999999999999986E9	-1.42199568005992316E2
9.69999999999998153E0	2.35000000000000009E9	-1.41878684422305446E2
9.69999999999998153E0	2.36000000000000032E9	-1.41511313213360346E2
9.69999999999998153E0	2.37000000000000011E9	-1.41083703388279158E2
9.69999999999998153E0	2.37999999999999989E9	-1.40577265725844036E2
9.69999999999998153E0	2.38999999999999968E9	-1.39966512772406126E2
9.69999999999998153E0	2.39999999999999991E9	-1.39215869160044337E2
9.69999999999998153E0	2.41000000000000014E9	-1.38274479803921424E2
9.69999999999998153E0	2.41999999999999993E9	-1.37067181151879014E2
9.69999999999998153E0	2.43000000000000016E9	-1.35477512103417919E2
9.69999999999998153E0	2.43999999999999995E9	-1.33313605152157488E2
9.69999999999998153E0	2.45000000000000018E9	-1.30246978827503135E2
9.69999999999998153E0	2.45999999999999996E9	-1.25940220754876675E2
9.69999999999998153E0	2.46999999999999975E9	-1.22936048887517968E2
9.69999999999998153E0	2.47999999999999998E9	-1.27984438540863277E2
9.69999999999998153E0	2.48999999999999977E9	-1.31865829435923088E2
9.69999999999998153E0	2.50000000000000000E9	-1.34558771177038738E2
9.69999999999998153E0	2.51000000000000023E9	-1.36493708121353063E2
9.69999999999998153E0	2.52000000000000002E9	-1.37936855287631821E2
9.69999999999998153E0	2.53000000000000025E9	-1.39043986534166675E2
9.69999999999998153E0	2.54000000000000004E9	-1.39912826612163199E2
9.69999999999998153E0	2.54999999999999982E9	-1.40608438722266449E2
9.69999999999998153E0	2.56000000000000005E9	-1.41175937956142716E2
9.69999999999998153E0	2.56999999999999984E9	-1.41647462757368148E2
9.69999999999998153E0	2.58000000000000007E9	-1.42046337365442854E2
9.69999999999998153E0	2.58999999999999986E9	-1.42389723640547028E2
9.69999999999998153E0	2.60000000000000009E9	-1.42690388460558681E2
9.69999999999998153E0	2.61000000000000032E9	-1.42957917770104226E2
9.69999999999998153E0	2.62000000000000011E9	-1.43199568003093747E2
9.69999999999998153E0	2.62999999999999989E9	-1.43420872243095698E2
9.69999999999998153E0	2.63999999999999968E9	-1.43626077048020506E2
9.69999999999998153E0	2.64999999999999991E9	-1.43818460552606409E2
9.69999999999998153E0	2.66000000000000014E9	-1.44000566143194142E2
9.69999999999998153E0	2.66999999999999993E9	-1.44174375784239284E2
9.69999999999998153E0	2.68000000000000016E9	-1.44341439610422873E2
9.69999999999998153E0	2.68999999999999995E9	-1.44502973532437307E2
9.69999999999998153E0	2.70000000000000018E9	-1.44659933471788982E2

var_c	indep(index, 1)	plot_vs(pnmx, noisefreq)[76, ::]
9.79999999999998117E0	2.29999999999999982E9	-1.43188017800097178E2
9.79999999999998117E0	2.31000000000000005E9	-1.42972203050106872E2
9.79999999999998117E0	2.31999999999999984E9	-1.42738432334816312E2
9.79999999999998117E0	2.33000000000000007E9	-1.42482133575731629E2
9.79999999999998117E0	2.33999999999999986E9	-1.42197354562781531E2
9.79999999999998117E0	2.35000000000000009E9	-1.41876286745466929E2
9.79999999999998117E0	2.36000000000000032E9	-1.41508596514109453E2
9.79999999999998117E0	2.37000000000000011E9	-1.41080470498750743E2
9.79999999999998117E0	2.37999999999999989E9	-1.40573226189379930E2
9.79999999999998117E0	2.38999999999999968E9	-1.39961234066253004E2
9.79999999999998117E0	2.39999999999999991E9	-1.39208697647132973E2
9.79999999999998117E0	2.41000000000000014E9	-1.38264404429620424E2
9.79999999999998117E0	2.41999999999999993E9	-1.37052585337546362E2
9.79999999999998117E0	2.43000000000000016E9	-1.35455683433803564E2
9.79999999999998117E0	2.43999999999999995E9	-1.33279720388134471E2
9.79999999999998117E0	2.45000000000000018E9	-1.30192580127511470E2
9.79999999999998117E0	2.45999999999999996E9	-1.25864815468771596E2
9.79999999999998117E0	2.46999999999999975E9	-1.23064890278459260E2
9.79999999999998117E0	2.47999999999999998E9	-1.28058122247502792E2
9.79999999999998117E0	2.48999999999999977E9	-1.31921778256772515E2
9.79999999999998117E0	2.50000000000000000E9	-1.34601633204698179E2
9.79999999999998117E0	2.51000000000000023E9	-1.36527586566028880E2
9.79999999999998117E0	2.52000000000000002E9	-1.37964218387395654E2
9.79999999999998117E0	2.53000000000000025E9	-1.39066421889905567E2
9.79999999999998117E0	2.54000000000000004E9	-1.39931436308867307E2
9.79999999999998117E0	2.54999999999999982E9	-1.40624028911896115E2
9.79999999999998117E0	2.56000000000000005E9	-1.41189116863423836E2
9.79999999999998117E0	2.56999999999999984E9	-1.41658698487162171E2
9.79999999999998117E0	2.58000000000000007E9	-1.42055994406874420E2
9.79999999999998117E0	2.58999999999999986E9	-1.42398088110773813E2
9.79999999999998117E0	2.60000000000000009E9	-1.42697686597551621E2
9.79999999999998117E0	2.61000000000000032E9	-1.42964329399058987E2
9.79999999999998117E0	2.62000000000000011E9	-1.43205236880783060E2
9.79999999999998117E0	2.62999999999999989E9	-1.43425914045368663E2
9.79999999999998117E0	2.63999999999999968E9	-1.43630585307106284E2
9.79999999999998117E0	2.64999999999999991E9	-1.43822511288677846E2
9.79999999999998117E0	2.66000000000000014E9	-1.44004221538305699E2
9.79999999999998117E0	2.66999999999999993E9	-1.44177686935478500E2
9.79999999999998117E0	2.68000000000000016E9	-1.44344448749101950E2
9.79999999999998117E0	2.68999999999999995E9	-1.44505715752875230E2
9.79999999999998117E0	2.70000000000000018E9	-1.44662438076982824E2

var_c	indep(index, 1)	plot_vs(pnmx, noisefreq)[77, ::]
9.89999999999998082E0	2.29999999999999982E9	-1.43185874098578725E2
9.89999999999998082E0	2.31000000000000005E9	-1.42970100427800961E2
9.89999999999998082E0	2.31999999999999984E9	-1.42736341914942644E2
9.89999999999998082E0	2.33000000000000007E9	-1.42480012591727490E2
9.89999999999998082E0	2.33999999999999986E9	-1.42195140478459003E2
9.89999999999998082E0	2.35000000000000009E9	-1.41873888403790183E2
9.89999999999998082E0	2.36000000000000032E9	-1.41505880999057365E2
9.89999999999998082E0	2.37000000000000011E9	-1.41077243716208089E2
9.89999999999998082E0	2.37999999999999989E9	-1.40569202127727944E2
9.89999999999998082E0	2.38999999999999968E9	-1.39955987297319906E2
9.89999999999998082E0	2.39999999999999991E9	-1.39201584760178010E2
9.89999999999998082E0	2.41000000000000014E9	-1.38254430217933155E2
9.89999999999998082E0	2.41999999999999993E9	-1.37038157602544564E2
9.89999999999998082E0	2.43000000000000016E9	-1.35434128781263463E2
9.89999999999998082E0	2.43999999999999995E9	-1.33246275395460656E2
9.89999999999998082E0	2.45000000000000018E9	-1.30138893871775596E2
9.89999999999998082E0	2.45999999999999996E9	-1.25790944277009809E2
9.89999999999998082E0	2.46999999999999975E9	-1.23178133512049270E2
9.89999999999998082E0	2.47999999999999998E9	-1.28130291338448465E2
9.89999999999998082E0	2.48999999999999977E9	-1.31976486298576789E2
9.89999999999998082E0	2.50000000000000000E9	-1.34643504829750027E2
9.89999999999998082E0	2.51000000000000023E9	-1.36560649730728212E2
9.89999999999998082E0	2.52000000000000002E9	-1.37990898070610557E2
9.89999999999998082E0	2.53000000000000025E9	-1.39088278506180529E2
9.89999999999998082E0	2.54000000000000004E9	-1.39949552494268148E2
9.89999999999998082E0	2.54999999999999982E9	-1.40639195194943523E2
9.89999999999998082E0	2.56000000000000005E9	-1.41201929622833178E2
9.89999999999998082E0	2.56999999999999984E9	-1.41669615972055962E2
9.89999999999998082E0	2.58000000000000007E9	-1.42065373018908003E2
9.89999999999998082E0	2.58999999999999986E9	-1.42406207467871626E2
9.89999999999998082E0	2.60000000000000009E9	-1.42704767489122397E2
9.89999999999998082E0	2.61000000000000032E9	-1.42970547301677819E2
9.89999999999998082E0	2.62000000000000011E9	-1.43210732051302747E2
9.89999999999998082E0	2.62999999999999989E9	-1.43430799188237224E2
9.89999999999998082E0	2.63999999999999968E9	-1.43634951503090957E2
9.89999999999998082E0	2.64999999999999991E9	-1.43826432582182617E2
9.89999999999998082E0	2.66000000000000014E9	-1.44007758435698507E2
9.89999999999998082E0	2.66999999999999993E9	-1.44180889159021919E2
9.89999999999998082E0	2.68000000000000016E9	-1.44347357393461273E2
9.89999999999998082E0	2.68999999999999995E9	-1.44508364927128063E2
9.89999999999998082E0	2.70000000000000018E9	-1.44664856279402909E2

var_c	indep(index, 1)	plot_vs(pnmx, noisefreq)[78, ::]
9.99999999999998046E0	2.29999999999999982E9	-1.43183739393199438E2
9.99999999999998046E0	2.31000000000000005E9	-1.42968003986356029E2
9.99999999999998046E0	2.31999999999999984E9	-1.42734255092423545E2
9.99999999999998046E0	2.33000000000000007E9	-1.42477893213751172E2
9.99999999999998046E0	2.33999999999999986E9	-1.42192926719535029E2
9.99999999999998046E0	2.35000000000000009E9	-1.41871490308915460E2
9.99999999999998046E0	2.36000000000000032E9	-1.41503167799771368E2
9.99999999999998046E0	2.37000000000000011E9	-1.41074024047226909E2
9.99999999999998046E0	2.37999999999999989E9	-1.40565194484207723E2
9.99999999999998046E0	2.38999999999999968E9	-1.39950772734606721E2
9.99999999999998046E0	2.39999999999999991E9	-1.39194530116706128E2
9.99999999999998046E0	2.41000000000000014E9	-1.38244555896377408E2
9.99999999999998046E0	2.41999999999999993E9	-1.37023895783118599E2
9.99999999999998046E0	2.43000000000000016E9	-1.35412843381883707E2
9.99999999999998046E0	2.43999999999999995E9	-1.33213263973802887E2
9.99999999999998046E0	2.45000000000000018E9	-1.30085907849797300E2
9.99999999999998046E0	2.45999999999999996E9	-1.25718582435862047E2
9.99999999999998046E0	2.46999999999999975E9	-1.23279535611027402E2
9.99999999999998046E0	2.47999999999999998E9	-1.28200990611275611E2
9.99999999999998046E0	2.48999999999999977E9	-1.32029990465030433E2
9.99999999999998046E0	2.50000000000000000E9	-1.34684415947353786E2
9.99999999999998046E0	2.51000000000000023E9	-1.36592923048523063E2
9.99999999999998046E0	2.52000000000000002E9	-1.38016916787657573E2
9.99999999999998046E0	2.53000000000000025E9	-1.39109576529222911E2
9.99999999999998046E0	2.54000000000000004E9	-1.39967192623758563E2
9.99999999999998046E0	2.54999999999999982E9	-1.40653953216367800E2
9.99999999999998046E0	2.56000000000000005E9	-1.41214389896155268E2
9.99999999999998046E0	2.56999999999999984E9	-1.41680227180814167E2
9.99999999999998046E0	2.58000000000000007E9	-1.42074483792762041E2
9.99999999999998046E0	2.58999999999999986E9	-1.42414091107257645E2
9.99999999999998046E0	2.60000000000000009E9	-1.42711639612716934E2
9.99999999999998046E0	2.61000000000000032E9	-1.42976579153179473E2
9.99999999999998046E0	2.62000000000000011E9	-1.43216060412240465E2
9.99999999999998046E0	2.62999999999999989E9	-1.43435533931119896E2
9.99999999999998046E0	2.63999999999999968E9	-1.43639181383768166E2
9.99999999999998046E0	2.64999999999999991E9	-1.43830229708634816E2
9.99999999999998046E0	2.66000000000000014E9	-1.44011181735153970E2
9.99999999999998046E0	2.66999999999999993E9	-1.44183987008131531E2
9.99999999999998046E0	2.68000000000000016E9	-1.44350169755446389E2
9.99999999999998046E0	2.68999999999999995E9	-1.44510924988008993E2
9.99999999999998046E0	2.70000000000000018E9	-1.44667191734109979E2

var_c	indep(index, 1)	plot_vs(pnmx, noisefreq)[79, ::]
1.00999999999999801E1	2.29999999999999982E9	-1.43181614205824870E2
1.00999999999999801E1	2.31000000000000005E9	-1.42965914322068355E2
1.00999999999999801E1	2.31999999999999984E9	-1.42732172716407946E2
1.00999999999999801E1	2.33000000000000007E9	-1.42475776293177847E2
1.00999999999999801E1	2.33999999999999986E9	-1.42190714260316575E2
1.00999999999999801E1	2.35000000000000009E9	-1.41869093650464229E2
1.00999999999999801E1	2.36000000000000032E9	-1.41500457843636074E2
1.00999999999999801E1	2.37000000000000011E9	-1.41070812381515687E2
1.00999999999999801E1	2.37999999999999989E9	-1.40561203896350539E2
1.00999999999999801E1	2.38999999999999968E9	-1.39945590994320246E2
1.00999999999999801E1	2.39999999999999991E9	-1.39187533543299735E2
1.00999999999999801E1	2.41000000000000014E9	-1.38234780301171201E2
1.00999999999999801E1	2.41999999999999993E9	-1.37009796938713069E2
1.00999999999999801E1	2.43000000000000016E9	-1.35391822666444694E2
1.00999999999999801E1	2.43999999999999995E9	-1.33180676616821647E2
1.00999999999999801E1	2.45000000000000018E9	-1.30033611930706394E2
1.00999999999999801E1	2.45999999999999996E9	-1.25647706069077736E2
1.00999999999999801E1	2.46999999999999975E9	-1.23371803919041545E2
1.00999999999999801E1	2.47999999999999998E9	-1.28270261935736585E2
1.00999999999999801E1	2.48999999999999977E9	-1.32082326362520863E2
1.00999999999999801E1	2.50000000000000000E9	-1.34724395671476493E2
1.00999999999999801E1	2.51000000000000023E9	-1.36624431568594895E2
1.00999999999999801E1	2.52000000000000002E9	-1.38042296611664828E2
1.00999999999999801E1	2.53000000000000025E9	-1.39130334643468023E2
1.00999999999999801E1	2.54000000000000004E9	-1.39984373174385435E2
1.00999999999999801E1	2.54999999999999982E9	-1.40668317372816931E2
1.00999999999999801E1	2.56000000000000005E9	-1.41226510498093094E2
1.00999999999999801E1	2.56999999999999984E9	-1.41690543487369069E2
1.00999999999999801E1	2.58000000000000007E9	-1.42083336908296576E2
1.00999999999999801E1	2.58999999999999986E9	-1.42421748077769394E2
1.00999999999999801E1	2.60000000000000009E9	-1.42718311090132977E2
1.00999999999999801E1	2.61000000000000032E9	-1.42982432262780068E2
1.00999999999999801E1	2.62000000000000011E9	-1.43221228583985583E2
1.00999999999999801E1	2.62999999999999989E9	-1.43440124287660864E2
1.00999999999999801E1	2.63999999999999968E9	-1.43643280430015130E2
1.00999999999999801E1	2.64999999999999991E9	-1.43833907714054066E2
1.00999999999999801E1	2.66000000000000014E9	-1.44014496038580786E2
1.00999999999999801E1	2.66999999999999993E9	-1.44186984718031797E2
1.00999999999999801E1	2.68000000000000016E9	-1.44352889773313620E2
1.00999999999999801E1	2.68999999999999995E9	-1.44513399621195870E2
1.00999999999999801E1	2.70000000000000018E9	-1.44669447908741700E2

var_c	indep(index, 1)	plot_vs(pnmx, noisefreq)[80, ::]
1.01999999999999802E1	2.29999999999999982E9	-1.43179498998945953E2
1.01999999999999802E1	2.31000000000000005E9	-1.42963832114272638E2
1.01999999999999802E1	2.31999999999999984E9	-1.42730095416333769E2
1.01999999999999802E1	2.33000000000000007E9	-1.42473662631482223E2
1.01999999999999802E1	2.33999999999999986E9	-1.42188503939397792E2
1.01999999999999802E1	2.35000000000000009E9	-1.41866699204364921E2
1.01999999999999802E1	2.36000000000000032E9	-1.41497752083073358E2
1.01999999999999802E1	2.37000000000000011E9	-1.41067609626429968E2
1.01999999999999802E1	2.37999999999999989E9	-1.40557231111768921E2
1.01999999999999802E1	2.38999999999999968E9	-1.39940442027947820E2
1.01999999999999802E1	2.39999999999999991E9	-1.39180594926510293E2
1.01999999999999802E1	2.41000000000000014E9	-1.38225102379133435E2
1.01999999999999802E1	2.41999999999999993E9	-1.36995858691944039E2
1.01999999999999802E1	2.43000000000000016E9	-1.35371062034635825E2
1.01999999999999802E1	2.43999999999999995E9	-1.33148507138709449E2
1.01999999999999802E1	2.45000000000000018E9	-1.29981994838052284E2
1.01999999999999802E1	2.45999999999999996E9	-1.25578291360670757E2
1.01999999999999802E1	2.46999999999999975E9	-1.23456922925138501E2
1.01999999999999802E1	2.47999999999999998E9	-1.28338144707623303E2
1.01999999999999802E1	2.48999999999999977E9	-1.32133527609762735E2
1.01999999999999802E1	2.50000000000000000E9	-1.34763471234908683E2
1.01999999999999802E1	2.51000000000000023E9	-1.36655199295061980E2
1.01999999999999802E1	2.52000000000000002E9	-1.38067058239024854E2
1.01999999999999802E1	2.53000000000000025E9	-1.39150571308628623E2
1.01999999999999802E1	2.54000000000000004E9	-1.40001110400318995E2
1.01999999999999802E1	2.54999999999999982E9	-1.40682301909492757E2
1.01999999999999802E1	2.56000000000000005E9	-1.41238303814406074E2
1.01999999999999802E1	2.56999999999999984E9	-1.41700575836856379E2
1.01999999999999802E1	2.58000000000000007E9	-1.42091941949884082E2
1.01999999999999802E1	2.58999999999999986E9	-1.42429186980463096E2
1.01999999999999802E1	2.60000000000000009E9	-1.42724789601663860E2
1.01999999999999802E1	2.61000000000000032E9	-1.42988113526333760E2
1.01999999999999802E1	2.62000000000000011E9	-1.43226242836000806E2
1.01999999999999802E1	2.62999999999999989E9	-1.43444575935817875E2
1.01999999999999802E1	2.63999999999999968E9	-1.43647253842329437E2
1.01999999999999802E1	2.64999999999999991E9	-1.43837471308754816E2
1.01999999999999802E1	2.66000000000000014E9	-1.44017705732196788E2
1.01999999999999802E1	2.66999999999999993E9	-1.44189886400195499E2
1.01999999999999802E1	2.68000000000000016E9	-1.44355521275003484E2
1.01999999999999802E1	2.68999999999999995E9	-1.44515792344293370E2
1.01999999999999802E1	2.70000000000000018E9	-1.44671628094552851E2

var_c	indep(index, 1)	plot_vs(pnmx, noisefreq)[81, ::]
1.02999999999999803E1	2.29999999999999982E9	-1.43177394250358558E2
1.02999999999999803E1	2.31000000000000005E9	-1.42961757870490347E2
1.02999999999999803E1	2.31999999999999984E9	-1.42728023872490128E2
1.02999999999999803E1	2.33000000000000007E9	-1.42471552924317324E2
1.02999999999999803E1	2.33999999999999986E9	-1.42186296632578690E2
1.02999999999999803E1	2.35000000000000009E9	-1.41864307882308993E2
1.02999999999999803E1	2.36000000000000032E9	-1.41495051337419508E2
1.02999999999999803E1	2.37000000000000011E9	-1.41064416564917683E2
1.02999999999999803E1	2.37999999999999989E9	-1.40553276765519364E2
1.02999999999999803E1	2.38999999999999968E9	-1.39935326627628420E2
1.02999999999999803E1	2.39999999999999991E9	-1.39173714144015181E2
1.02999999999999803E1	2.41000000000000014E9	-1.38215521077967440E2
1.02999999999999803E1	2.41999999999999993E9	-1.36982078689024567E2
1.02999999999999803E1	2.43000000000000016E9	-1.35350556943230393E2
1.02999999999999803E1	2.43999999999999995E9	-1.33116747858374596E2
1.02999999999999803E1	2.45000000000000018E9	-1.29931045846283544E2
1.02999999999999803E1	2.45999999999999996E9	-1.25510313140251162E2
1.02999999999999803E1	2.46999999999999975E9	-1.23536367469583452E2
1.02999999999999803E1	2.47999999999999998E9	-1.28404678412128526E2
1.02999999999999803E1	2.48999999999999977E9	-1.32183626729799886E2
1.02999999999999803E1	2.50000000000000000E9	-1.34801670032457777E2
1.02999999999999803E1	2.51000000000000023E9	-1.36685249044189128E2
1.02999999999999803E1	2.52000000000000002E9	-1.38091221560151389E2
1.02999999999999803E1	2.53000000000000025E9	-1.39170303975716902E2
1.02999999999999803E1	2.54000000000000004E9	-1.40017419247322894E2
1.02999999999999803E1	2.54999999999999982E9	-1.40695920054851231E2
1.02999999999999803E1	2.56000000000000005E9	-1.41249781627010873E2
1.02999999999999803E1	2.56999999999999984E9	-1.41710334600287147E2
1.02999999999999803E1	2.58000000000000007E9	-1.42100308236432982E2
1.02999999999999803E1	2.58999999999999986E9	-1.42436416077089545E2
1.02999999999999803E1	2.60000000000000009E9	-1.42731082496294048E2
1.02999999999999803E1	2.61000000000000032E9	-1.42993629591649607E2
1.02999999999999803E1	2.62000000000000011E9	-1.43231109077262353E2
1.02999999999999803E1	2.62999999999999989E9	-1.43448894311514463E2
1.02999999999999803E1	2.63999999999999968E9	-1.43651106563846342E2
1.02999999999999803E1	2.64999999999999991E9	-1.43840925104243866E2
1.02999999999999803E1	2.66000000000000014E9	-1.44020815023019733E2
1.02999999999999803E1	2.66999999999999993E9	-1.44192695881407174E2
1.02999999999999803E1	2.68000000000000016E9	-1.44358067805114931E2
1.02999999999999803E1	2.68999999999999995E9	-1.44518106518793843E2
1.02999999999999803E1	2.70000000000000018E9	-1.44673735409897875E2

var_c	indep(index, 1)	plot_vs(pnmx, noisefreq)[82, ::]
1.03999999999999782E1	2.29999999999999982E9	-1.43175300369959535E2
1.03999999999999782E1	2.31000000000000005E9	-1.42959692104642544E2
1.03999999999999782E1	2.31999999999999984E9	-1.42725958683849252E2
1.03999999999999782E1	2.33000000000000007E9	-1.42469447918741854E2
1.03999999999999782E1	2.33999999999999986E9	-1.42184093013948187E2
1.03999999999999782E1	2.35000000000000009E9	-1.41861920447640744E2
1.03999999999999782E1	2.36000000000000032E9	-1.41492356494350457E2
1.03999999999999782E1	2.37000000000000011E9	-1.41061233883606185E2
1.03999999999999782E1	2.37999999999999989E9	-1.40549341365693059E2
1.03999999999999782E1	2.38999999999999968E9	-1.39930244539111470E2
1.03999999999999782E1	2.39999999999999991E9	-1.39166890545408473E2
1.03999999999999782E1	2.41000000000000014E9	-1.38206035048127140E2
1.03999999999999782E1	2.41999999999999993E9	-1.36968454013455232E2
1.03999999999999782E1	2.43000000000000016E9	-1.35330303102503069E2
1.03999999999999782E1	2.43999999999999995E9	-1.33085392073779163E2
1.03999999999999782E1	2.45000000000000018E9	-1.29880754180386804E2
1.03999999999999782E1	2.45999999999999996E9	-1.25443745774555815E2
1.03999999999999782E1	2.46999999999999975E9	-1.23611249907156884E2
1.03999999999999782E1	2.47999999999999998E9	-1.28469899797199405E2
1.03999999999999782E1	2.48999999999999977E9	-1.32232655464821702E2
1.03999999999999782E1	2.50000000000000000E9	-1.34839017523372551E2
1.03999999999999782E1	2.51000000000000023E9	-1.36714602783839845E2
1.03999999999999782E1	2.52000000000000002E9	-1.38114806133014878E2
1.03999999999999782E1	2.53000000000000025E9	-1.39189549467951923E2
1.03999999999999782E1	2.54000000000000004E9	-1.40033314907425788E2
1.03999999999999782E1	2.54999999999999982E9	-1.40709184808279231E2
1.03999999999999782E1	2.56000000000000005E9	-1.41260955307280622E2
1.03999999999999782E1	2.56999999999999984E9	-1.41719829823756016E2
1.03999999999999782E1	2.58000000000000007E9	-1.42108444558502489E2
1.03999999999999782E1	2.58999999999999986E9	-1.42443443123786517E2
1.03999999999999782E1	2.60000000000000009E9	-1.42737196742944028E2
1.03999999999999782E1	2.61000000000000032E9	-1.42998986686770446E2
1.03999999999999782E1	2.62000000000000011E9	-1.43235833043438587E2
1.03999999999999782E1	2.62999999999999989E9	-1.43453084569509826E2
1.03999999999999782E1	2.63999999999999968E9	-1.43654843290834666E2
1.03999999999999782E1	2.64999999999999991E9	-1.43844273382388188E2
1.03999999999999782E1	2.66000000000000014E9	-1.44023827888736378E2
1.03999999999999782E1	2.66999999999999993E9	-1.44195416853894143E2
1.03999999999999782E1	2.68000000000000016E9	-1.44360532805107877E2
1.03999999999999782E1	2.68999999999999995E9	-1.44520345315973886E2
1.03999999999999782E1	2.70000000000000018E9	-1.44675772831260585E2

var_c	indep(index, 1)	plot_vs(pnmx, noisefreq)[83, ::]
1.04999999999999782E1	2.29999999999999982E9	-1.43173217699879318E2
1.04999999999999782E1	2.31000000000000005E9	-1.42957635280937256E2
1.04999999999999782E1	2.31999999999999984E9	-1.42723900419996341E2
1.04999999999999782E1	2.33000000000000007E9	-1.42467348195798094E2
1.04999999999999782E1	2.33999999999999986E9	-1.42181893838326134E2
1.04999999999999782E1	2.35000000000000009E9	-1.41859537749191755E2
1.04999999999999782E1	2.36000000000000032E9	-1.41489668159856397E2
1.04999999999999782E1	2.37000000000000011E9	-1.41058062287548980E2
1.04999999999999782E1	2.37999999999999989E9	-1.40545425406974078E2
1.04999999999999782E1	2.38999999999999968E9	-1.39925196492577109E2
1.04999999999999782E1	2.39999999999999991E9	-1.39160124095228466E2
1.04999999999999782E1	2.41000000000000014E9	-1.38196643405781150E2
1.04999999999999782E1	2.41999999999999993E9	-1.36954982804722825E2
1.04999999999999782E1	2.43000000000000016E9	-1.35310295899782851E2
1.04999999999999782E1	2.43999999999999995E9	-1.33054432422325464E2
1.04999999999999782E1	2.45000000000000018E9	-1.29831110312861386E2
1.04999999999999782E1	2.45999999999999996E9	-1.25378564920796443E2
1.04999999999999782E1	2.46999999999999975E9	-1.23682417341516038E2
1.04999999999999782E1	2.47999999999999998E9	-1.28533844741377035E2
1.04999999999999782E1	2.48999999999999977E9	-1.32280644301093675E2
1.04999999999999782E1	2.50000000000000000E9	-1.34875538903582459E2
1.04999999999999782E1	2.51000000000000023E9	-1.36743282365983321E2
1.04999999999999782E1	2.52000000000000002E9	-1.38137830192145117E2
1.04999999999999782E1	2.53000000000000025E9	-1.39208323937541723E2
1.04999999999999782E1	2.54000000000000004E9	-1.40048810926665279E2
1.04999999999999782E1	2.54999999999999982E9	-1.40722108593181328E2
1.04999999999999782E1	2.56000000000000005E9	-1.41271835500544629E2
1.04999999999999782E1	2.56999999999999984E9	-1.41729070892192888E2
1.04999999999999782E1	2.58000000000000007E9	-1.42116359274396364E2
1.04999999999999782E1	2.58999999999999986E9	-1.42450275585523256E2
1.04999999999999782E1	2.60000000000000009E9	-1.42743139092245652E2
1.04999999999999782E1	2.61000000000000032E9	-1.43004190866515191E2
1.04999999999999782E1	2.62000000000000011E9	-1.43240420132206436E2
1.04999999999999782E1	2.62999999999999989E9	-1.43457151623203716E2
1.04999999999999782E1	2.63999999999999968E9	-1.43658468537791717E2
1.04999999999999782E1	2.64999999999999991E9	-1.43847520239620263E2
1.04999999999999782E1	2.66000000000000014E9	-1.44026748098146351E2
1.04999999999999782E1	2.66999999999999993E9	-1.44198052826010104E2
1.04999999999999782E1	2.68000000000000016E9	-1.44362919507425191E2
1.04999999999999782E1	2.68999999999999995E9	-1.44522511760421790E2
1.04999999999999782E1	2.70000000000000018E9	-1.44677743192267916E2

var_c	indep(index, 1)	plot_vs(pnmx, noisefreq)[84, ::]
1.05999999999999783E1	2.29999999999999982E9	-1.43171146620433043E2
1.05999999999999783E1	2.31000000000000005E9	-1.42955587830555642E2
1.05999999999999783E1	2.31999999999999984E9	-1.42721849560014302E2
1.05999999999999783E1	2.33000000000000007E9	-1.42465254416962916E2
1.05999999999999783E1	2.33999999999999986E9	-1.42179699777763657E2
1.05999999999999783E1	2.35000000000000009E9	-1.41857160361339996E2
1.05999999999999783E1	2.36000000000000032E9	-1.41486987152131904E2
1.05999999999999783E1	2.37000000000000011E9	-1.41054902449348041E2
1.05999999999999783E1	2.37999999999999989E9	-1.40541529515619823E2
1.05999999999999783E1	2.38999999999999968E9	-1.39920182262575232E2
1.05999999999999783E1	2.39999999999999991E9	-1.39153414467001002E2
1.05999999999999783E1	2.41000000000000014E9	-1.38187344950744273E2
1.05999999999999783E1	2.41999999999999993E9	-1.36941662260288521E2
1.05999999999999783E1	2.43000000000000016E9	-1.35290531383578627E2
1.05999999999999783E1	2.43999999999999995E9	-1.33023862700424678E2
1.05999999999999783E1	2.45000000000000018E9	-1.29782103115416403E2
1.05999999999999783E1	2.45999999999999996E9	-1.25314744333980221E2
1.05999999999999783E1	2.46999999999999975E9	-1.23750524538593587E2
1.05999999999999783E1	2.47999999999999998E9	-1.28596547792659122E2
1.05999999999999783E1	2.48999999999999977E9	-1.32327622397579647E2
1.05999999999999783E1	2.50000000000000000E9	-1.34911258165267078E2
1.05999999999999783E1	2.51000000000000023E9	-1.36771308319546314E2
1.05999999999999783E1	2.52000000000000002E9	-1.38160311714800654E2
1.05999999999999783E1	2.53000000000000025E9	-1.39226642751212459E2
1.05999999999999783E1	2.54000000000000004E9	-1.40063921173977457E2
1.05999999999999783E1	2.54999999999999982E9	-1.40734702767983832E2
1.05999999999999783E1	2.56000000000000005E9	-1.41282432668005375E2
1.05999999999999783E1	2.56999999999999984E9	-1.41738066997534329E2
1.05999999999999783E1	2.58000000000000007E9	-1.42124060389464724E2
1.05999999999999783E1	2.58999999999999986E9	-1.42456920658415287E2
1.05999999999999783E1	2.60000000000000009E9	-1.42748915831741496E2
1.05999999999999783E1	2.61000000000000032E9	-1.43009247784254256E2
1.05999999999999783E1	2.62000000000000011E9	-1.43244875496702351E2
1.05999999999999783E1	2.62999999999999989E9	-1.43461100170611866E2
1.05999999999999783E1	2.63999999999999968E9	-1.43661986564636690E2
1.05999999999999783E1	2.64999999999999991E9	-1.43850669621737670E2
1.05999999999999783E1	2.66000000000000014E9	-1.44029579258580087E2
1.05999999999999783E1	2.66999999999999993E9	-1.44200607127563485E2
1.05999999999999783E1	2.68000000000000016E9	-1.44365231009440853E2
1.05999999999999783E1	2.68999999999999995E9	-1.44524608731002369E2
1.05999999999999783E1	2.70000000000000018E9	-1.44679649165845681E2

var_c	indep(index, 1)	plot_vs(pnmx, noisefreq)[85, ::]
1.06999999999999784E1	2.29999999999999982E9	-1.43169087394890737E2
1.06999999999999784E1	2.31000000000000005E9	-1.42953550129209872E2
1.06999999999999784E1	2.31999999999999984E9	-1.42719806611116917E2
1.06999999999999784E1	2.33000000000000007E9	-1.42463167115646216E2
1.06999999999999784E1	2.33999999999999986E9	-1.42177511421104774E2
1.06999999999999784E1	2.35000000000000009E9	-1.41854788993625247E2
1.06999999999999784E1	2.36000000000000032E9	-1.41484314095445196E2
1.06999999999999784E1	2.37000000000000011E9	-1.41051755048349703E2
1.06999999999999784E1	2.37999999999999989E9	-1.40537654040339421E2
1.06999999999999784E1	2.38999999999999968E9	-1.39915202386714310E2
1.06999999999999784E1	2.39999999999999991E9	-1.39146761401566010E2
1.06999999999999784E1	2.41000000000000014E9	-1.38178138561060670E2
1.06999999999999784E1	2.41999999999999993E9	-1.36928490480197729E2
1.06999999999999784E1	2.43000000000000016E9	-1.35271005282366774E2
1.06999999999999784E1	2.43999999999999995E9	-1.32993675491103480E2
1.06999999999999784E1	2.45000000000000018E9	-1.29733722485694014E2
1.06999999999999784E1	2.45999999999999996E9	-1.25252254861662338E2
1.06999999999999784E1	2.46999999999999975E9	-1.23816079152372693E2
1.06999999999999784E1	2.47999999999999998E9	-1.28658040723616973E2
1.06999999999999784E1	2.48999999999999977E9	-1.32373618034945895E2
1.06999999999999784E1	2.50000000000000000E9	-1.34946198545201712E2
1.06999999999999784E1	2.51000000000000023E9	-1.36798700112063720E2
1.06999999999999784E1	2.52000000000000002E9	-1.38182267736675013E2
1.06999999999999784E1	2.53000000000000025E9	-1.39244520735368504E2
1.06999999999999784E1	2.54000000000000004E9	-1.40078658339538609E2
1.06999999999999784E1	2.54999999999999982E9	-1.40746978914722010E2
1.06999999999999784E1	2.56000000000000005E9	-1.41292756575923018E2
1.06999999999999784E1	2.56999999999999984E9	-1.41746826635695422E2
1.06999999999999784E1	2.58000000000000007E9	-1.42131555588012715E2
1.06999999999999784E1	2.58999999999999986E9	-1.42463385118101771E2
1.06999999999999784E1	2.60000000000000009E9	-1.42754533079183776E2
1.06999999999999784E1	2.61000000000000032E9	-1.43014162964538971E2
1.06999999999999784E1	2.62000000000000011E9	-1.43249204097309457E2
1.06999999999999784E1	2.62999999999999989E9	-1.43464934658488552E2
1.06999999999999784E1	2.63999999999999968E9	-1.43665401444190111E2
1.06999999999999784E1	2.64999999999999991E9	-1.43853725247503550E2
1.06999999999999784E1	2.66000000000000014E9	-1.44032324812745749E2
1.06999999999999784E1	2.66999999999999993E9	-1.44203082915495062E2
1.06999999999999784E1	2.68000000000000016E9	-1.44367470257756492E2
1.06999999999999784E1	2.68999999999999995E9	-1.44526638966196308E2
1.06999999999999784E1	2.70000000000000018E9	-1.44681493325442334E2

var_c	indep(index, 1)	plot_vs(pnmx, noisefreq)[86, ::]
1.07999999999999785E1	2.29999999999999982E9	-1.43167040287024405E2
1.07999999999999785E1	2.31000000000000005E9	-1.42951522544586629E2
1.07999999999999785E1	2.31999999999999984E9	-1.42717771987999753E2
1.07999999999999785E1	2.33000000000000007E9	-1.42461086783439494E2
1.07999999999999785E1	2.33999999999999986E9	-1.42175329344633417E2
1.07999999999999785E1	2.35000000000000009E9	-1.41852424250692222E2
1.07999999999999785E1	2.36000000000000032E9	-1.41481649633939210E2
1.07999999999999785E1	2.37000000000000011E9	-1.41048620325757557E2
1.07999999999999785E1	2.37999999999999989E9	-1.40533799402446280E2
1.07999999999999785E1	2.38999999999999968E9	-1.39910256683040979E2
1.07999999999999785E1	2.39999999999999991E9	-1.39140164368120112E2
1.07999999999999785E1	2.41000000000000014E9	-1.38169022935967578E2
1.07999999999999785E1	2.41999999999999993E9	-1.36915464794449582E2
1.07999999999999785E1	2.43000000000000016E9	-1.35251713664284923E2
1.07999999999999785E1	2.43999999999999995E9	-1.32963864517232233E2
1.07999999999999785E1	2.45000000000000018E9	-1.29685959128093820E2
1.07999999999999785E1	2.45999999999999996E9	-1.25191071181383640E2
1.07999999999999785E1	2.46999999999999975E9	-1.23879477965907969E2
1.07999999999999785E1	2.47999999999999998E9	-1.28718355867907763E2
1.07999999999999785E1	2.48999999999999977E9	-1.32418657997146405E2
1.07999999999999785E1	2.50000000000000000E9	-1.34980382657647446E2
1.07999999999999785E1	2.51000000000000023E9	-1.36825477166795961E2
1.07999999999999785E1	2.52000000000000002E9	-1.38203714910531406E2
1.07999999999999785E1	2.53000000000000025E9	-1.39261972311311299E2
1.07999999999999785E1	2.54000000000000004E9	-1.40093034963758578E2
1.07999999999999785E1	2.54999999999999982E9	-1.40758947846720361E2
1.07999999999999785E1	2.56000000000000005E9	-1.41302816648703766E2
1.07999999999999785E1	2.56999999999999984E9	-1.41755358239064888E2
1.07999999999999785E1	2.58000000000000007E9	-1.42138852247342085E2
1.07999999999999785E1	2.58999999999999986E9	-1.42469675464587286E2
1.07999999999999785E1	2.60000000000000009E9	-1.42759996604170314E2
1.07999999999999785E1	2.61000000000000032E9	-1.43018941584476766E2
1.07999999999999785E1	2.62000000000000011E9	-1.43253410594992658E2
1.07999999999999785E1	2.62999999999999989E9	-1.43468659370735985E2
1.07999999999999785E1	2.63999999999999968E9	-1.43668717075110752E2
1.07999999999999785E1	2.64999999999999991E9	-1.43856690673463050E2
1.07999999999999785E1	2.66000000000000014E9	-1.44034988018741972E2
1.07999999999999785E1	2.66999999999999993E9	-1.44205483217742381E2
1.07999999999999785E1	2.68000000000000016E9	-1.44369640062375226E2
1.07999999999999785E1	2.68999999999999995E9	-1.44528605070662231E2
1.07999999999999785E1	2.70000000000000018E9	-1.44683278106829172E2

var_c	indep(index, 1)	plot_vs(pnmx, noisefreq)[87, ::]
1.08999999999999764E1	2.29999999999999982E9	-1.43165005568884252E2
1.08999999999999764E1	2.31000000000000005E9	-1.42949505430808488E2
1.08999999999999764E1	2.31999999999999984E9	-1.42715746134181054E2
1.08999999999999764E1	2.33000000000000007E9	-1.42459013890744557E2
1.08999999999999764E1	2.33999999999999986E9	-1.42173154075282571E2
1.08999999999999764E1	2.35000000000000009E9	-1.41850066679118703E2
1.08999999999999764E1	2.36000000000000032E9	-1.41478994187858942E2
1.08999999999999764E1	2.37000000000000011E9	-1.41045499093001037E2
1.08999999999999764E1	2.37999999999999989E9	-1.40529965951177704E2
1.08999999999999764E1	2.38999999999999968E9	-1.39905345468644726E2
1.08999999999999764E1	2.39999999999999991E9	-1.39133623180642552E2
1.08999999999999764E1	2.41000000000000014E9	-1.38159997510909527E2
1.08999999999999764E1	2.41999999999999993E9	-1.36902583171669834E2
1.08999999999999764E1	2.43000000000000016E9	-1.35232652228228756E2
1.08999999999999764E1	2.43999999999999995E9	-1.32934423255189427E2
1.08999999999999764E1	2.45000000000000018E9	-1.29638803320677543E2
1.08999999999999764E1	2.45999999999999996E9	-1.25131165250255560E2
1.08999999999999764E1	2.46999999999999975E9	-1.23941038674111415E2
1.08999999999999764E1	2.47999999999999998E9	-1.28777524809734190E2
1.08999999999999764E1	2.48999999999999977E9	-1.32462769183464646E2
1.08999999999999764E1	2.50000000000000000E9	-1.35013832420924351E2
1.08999999999999764E1	2.51000000000000023E9	-1.36851657777444480E2
1.08999999999999764E1	2.52000000000000002E9	-1.38224668802727946E2
1.08999999999999764E1	2.53000000000000025E9	-1.39279011040358935E2
1.08999999999999764E1	2.54000000000000004E9	-1.40107062698452056E2
1.08999999999999764E1	2.54999999999999982E9	-1.40770619762744542E2
1.08999999999999764E1	2.56000000000000005E9	-1.41312622022978518E2
1.08999999999999764E1	2.56999999999999984E9	-1.41763669727518971E2
1.08999999999999764E1	2.58000000000000007E9	-1.42145957291373248E2
1.08999999999999764E1	2.58999999999999986E9	-1.42475797910352453E2
1.08999999999999764E1	2.60000000000000009E9	-1.42765312004418155E2
1.08999999999999764E1	2.61000000000000032E9	-1.43023588566165594E2
1.08999999999999764E1	2.62000000000000011E9	-1.43257499501522179E2
1.08999999999999764E1	2.62999999999999989E9	-1.43472278344911741E2
1.08999999999999764E1	2.63999999999999968E9	-1.43671937136418637E2
1.08999999999999764E1	2.64999999999999991E9	-1.43859569296416123E2
1.08999999999999764E1	2.66000000000000014E9	-1.44037572027733174E2
1.08999999999999764E1	2.66999999999999993E9	-1.44207810939568359E2
1.08999999999999764E1	2.68000000000000016E9	-1.44371743078557979E2
1.08999999999999764E1	2.68999999999999995E9	-1.44530509559149567E2
1.08999999999999764E1	2.70000000000000018E9	-1.44685005815723655E2

var_c	indep(index, 1)	plot_vs(pnmx, noisefreq)[88, ::]
1.09999999999999765E1	2.29999999999999982E9	-1.43162983446940983E2
1.09999999999999765E1	2.31000000000000005E9	-1.42947499036999859E2
1.09999999999999765E1	2.31999999999999984E9	-1.42713729399164313E2
1.09999999999999765E1	2.33000000000000007E9	-1.42456948888266544E2
1.09999999999999765E1	2.33999999999999986E9	-1.42170986086838647E2
1.09999999999999765E1	2.35000000000000009E9	-1.41847716825375403E2
1.09999999999999765E1	2.36000000000000032E9	-1.41476348499712690E2
1.09999999999999765E1	2.37000000000000011E9	-1.41042391723431937E2
1.09999999999999765E1	2.37999999999999989E9	-1.40526154018061677E2
1.09999999999999765E1	2.38999999999999968E9	-1.39900468652872356E2
1.09999999999999765E1	2.39999999999999991E9	-1.39127137400935341E2
1.09999999999999765E1	2.41000000000000014E9	-1.38151060759344890E2
1.09999999999999765E1	2.41999999999999993E9	-1.36889843319390048E2
1.09999999999999765E1	2.43000000000000016E9	-1.35213817654683854E2
1.09999999999999765E1	2.43999999999999995E9	-1.32905345562596611E2
1.09999999999999765E1	2.45000000000000018E9	-1.29592245030957742E2
1.09999999999999765E1	2.45999999999999996E9	-1.25072508809132876E2
1.09999999999999765E1	2.46999999999999975E9	-1.24001009941391871E2
1.09999999999999765E1	2.47999999999999998E9	-1.28835576391089335E2
1.09999999999999765E1	2.48999999999999977E9	-1.32505977013425169E2
1.09999999999999765E1	2.50000000000000000E9	-1.35046567827441599E2
1.09999999999999765E1	2.51000000000000023E9	-1.36877259780777605E2
1.09999999999999765E1	2.52000000000000002E9	-1.38245144804052944E2
1.09999999999999765E1	2.53000000000000025E9	-1.39295650195070442E2
1.09999999999999765E1	2.54000000000000004E9	-1.40120753287228217E2
1.09999999999999765E1	2.54999999999999982E9	-1.40782004673067473E2
1.09999999999999765E1	2.56000000000000005E9	-1.41322181292732463E2
1.09999999999999765E1	2.56999999999999984E9	-1.41771768721429181E2
1.09999999999999765E1	2.58000000000000007E9	-1.42152877495375529E2
1.09999999999999765E1	2.58999999999999986E9	-1.42481758423388150E2
1.09999999999999765E1	2.60000000000000009E9	-1.42770484540769704E2
1.09999999999999765E1	2.61000000000000032E9	-1.43028108747909033E2
1.09999999999999765E1	2.62000000000000011E9	-1.43261475086937340E2
1.09999999999999765E1	2.62999999999999989E9	-1.43475795510745407E2
1.09999999999999765E1	2.63999999999999968E9	-1.43675065186302930E2
1.09999999999999765E1	2.64999999999999991E9	-1.43862364362006945E2
1.09999999999999765E1	2.66000000000000014E9	-1.44040079786504460E2
1.09999999999999765E1	2.66999999999999993E9	-1.44210068811530845E2
1.09999999999999765E1	2.68000000000000016E9	-1.44373781862174355E2
1.09999999999999765E1	2.68999999999999995E9	-1.44532354769491844E2
1.09999999999999765E1	2.70000000000000018E9	-1.44686678690704618E2

var_c	indep(index, 1)	plot_vs(pnmx, noisefreq)[89, ::]
1.10999999999999766E1	2.29999999999999982E9	-1.43160974162427124E2
1.10999999999999766E1	2.31000000000000005E9	-1.42945503644825278E2
1.10999999999999766E1	2.31999999999999984E9	-1.42711722124796170E2
1.10999999999999766E1	2.33000000000000007E9	-1.42454892203317107E2
1.10999999999999766E1	2.33999999999999986E9	-1.42168825890797068E2
1.10999999999999766E1	2.35000000000000009E9	-1.41845375200395152E2
1.10999999999999766E1	2.36000000000000032E9	-1.41473712821899333E2
1.10999999999999766E1	2.37000000000000011E9	-1.41039298597591811E2
1.10999999999999766E1	2.37999999999999989E9	-1.40522363984674326E2
1.10999999999999766E1	2.38999999999999968E9	-1.39895626306397913E2
1.10999999999999766E1	2.39999999999999991E9	-1.39120706606186206E2
1.10999999999999766E1	2.41000000000000014E9	-1.38142211838532214E2
1.10999999999999766E1	2.41999999999999993E9	-1.36877243263993842E2
1.10999999999999766E1	2.43000000000000016E9	-1.35195205329120993E2
1.10999999999999766E1	2.43999999999999995E9	-1.32876624810296162E2
1.10999999999999766E1	2.45000000000000018E9	-1.29546275636438857E2
1.10999999999999766E1	2.45999999999999996E9	-1.25015073124091680E2
1.10999999999999766E1	2.46999999999999975E9	-1.24059593376396404E2
1.10999999999999766E1	2.47999999999999998E9	-1.28892538269829338E2
1.10999999999999766E1	2.48999999999999977E9	-1.32548305398614108E2
1.10999999999999766E1	2.50000000000000000E9	-1.35078610019893941E2
1.10999999999999766E1	2.51000000000000023E9	-1.36902300079278372E2
1.10999999999999766E1	2.52000000000000002E9	-1.38265157478313716E2
1.10999999999999766E1	2.53000000000000025E9	-1.39311902248700981E2
1.10999999999999766E1	2.54000000000000004E9	-1.40134117373072753E2
1.10999999999999766E1	2.54999999999999982E9	-1.40793111974162510E2
1.10999999999999766E1	2.56000000000000005E9	-1.41331502813144239E2
1.10999999999999766E1	2.56999999999999984E9	-1.41779662413452345E2
1.10999999999999766E1	2.58000000000000007E9	-1.42159619244448443E2
1.10999999999999766E1	2.58999999999999986E9	-1.42487562626140329E2
1.10999999999999766E1	2.60000000000000009E9	-1.42775519283407171E2
1.10999999999999766E1	2.61000000000000032E9	-1.43032506642208412E2
1.10999999999999766E1	2.62000000000000011E9	-1.43265341431879412E2
1.10999999999999766E1	2.62999999999999989E9	-1.43479214527529231E2
1.10999999999999766E1	2.63999999999999968E9	-1.43678104604699497E2
1.10999999999999766E1	2.64999999999999991E9	-1.43865078961530335E2
1.10999999999999766E1	2.66000000000000014E9	-1.44042514168603519E2
1.10999999999999766E1	2.66999999999999993E9	-1.44212259469622728E2
1.10999999999999766E1	2.68000000000000016E9	-1.44375758863107073E2
1.10999999999999766E1	2.68999999999999995E9	-1.44534142978615932E2
1.10999999999999766E1	2.70000000000000018E9	-1.44688298811144400E2

var_c	indep(index, 1)	plot_vs(pnmx, noisefreq)[90, ::]
1.11999999999999766E1	2.29999999999999982E9	-1.43158977836829626E2
1.11999999999999766E1	2.31000000000000005E9	-1.42943519543821562E2
1.11999999999999766E1	2.31999999999999984E9	-1.42709724631284773E2
1.11999999999999766E1	2.33000000000000007E9	-1.42452844204900653E2
1.11999999999999766E1	2.33999999999999986E9	-1.42166673879148364E2
1.11999999999999766E1	2.35000000000000009E9	-1.41843042210492687E2
1.11999999999999766E1	2.36000000000000032E9	-1.41471087756993796E2
1.11999999999999766E1	2.37000000000000011E9	-1.41036220196864592E2
1.11999999999999766E1	2.37999999999999989E9	-1.40518596024636078E2
1.11999999999999766E1	2.38999999999999968E9	-1.39890818475043544E2
1.11999999999999766E1	2.39999999999999991E9	-1.39114330559982413E2
1.11999999999999766E1	2.41000000000000014E9	-1.38133449554765919E2
1.11999999999999766E1	2.41999999999999993E9	-1.36864780525400009E2
1.11999999999999766E1	2.43000000000000016E9	-1.35176812056461326E2
1.11999999999999766E1	2.43999999999999995E9	-1.32848255383951019E2
1.11999999999999766E1	2.45000000000000018E9	-1.29500885149185341E2
1.11999999999999766E1	2.45999999999999996E9	-1.24958827852657017E2
1.11999999999999766E1	2.46999999999999975E9	-1.24116949818122091E2
1.11999999999999766E1	2.47999999999999998E9	-1.28948438623478756E2
1.11999999999999766E1	2.48999999999999977E9	-1.32589778416871562E2
1.11999999999999766E1	2.50000000000000000E9	-1.35109978388771634E2
1.11999999999999766E1	2.51000000000000023E9	-1.36926795452363703E2
1.11999999999999766E1	2.52000000000000002E9	-1.38284721285862622E2
1.11999999999999766E1	2.53000000000000025E9	-1.39327779597214096E2
1.11999999999999766E1	2.54000000000000004E9	-1.40147165641273164E2
1.11999999999999766E1	2.54999999999999982E9	-1.40803950961241275E2
1.11999999999999766E1	2.56000000000000005E9	-1.41340594452342039E2
1.11999999999999766E1	2.56999999999999984E9	-1.41787357832263905E2
1.11999999999999766E1	2.58000000000000007E9	-1.42166188679369432E2
1.11999999999999766E1	2.58999999999999986E9	-1.42493216026777869E2
1.11999999999999766E1	2.60000000000000009E9	-1.42780421086852471E2
1.11999999999999766E1	2.61000000000000032E9	-1.43036786577653419E2
1.11999999999999766E1	2.62000000000000011E9	-1.43269102477939381E2
1.11999999999999766E1	2.62999999999999989E9	-1.43482538963396755E2
1.11999999999999766E1	2.63999999999999968E9	-1.43681058608532242E2
1.11999999999999766E1	2.64999999999999991E9	-1.43867716026969683E2
1.11999999999999766E1	2.66000000000000014E9	-1.44044877864833776E2
1.11999999999999766E1	2.66999999999999993E9	-1.44214385406500911E2
1.11999999999999766E1	2.68000000000000016E9	-1.44377676377896114E2
1.11999999999999766E1	2.68999999999999995E9	-1.44535876334455793E2
1.11999999999999766E1	2.70000000000000018E9	-1.44689868220386186E2

var_c	indep(index, 1)	plot_vs(pnmx, noisefreq)[91, ::]
1.12999999999999767E1	2.29999999999999982E9	-1.43156994646603586E2
1.12999999999999767E1	2.31000000000000005E9	-1.42941546923559026E2
1.12999999999999767E1	2.31999999999999984E9	-1.42707737172863403E2
1.12999999999999767E1	2.33000000000000007E9	-1.42450805182413465E2
1.12999999999999767E1	2.33999999999999986E9	-1.42164530472681228E2
1.12999999999999767E1	2.35000000000000009E9	-1.41840718309443581E2
1.12999999999999767E1	2.36000000000000032E9	-1.41468473690584373E2
1.12999999999999767E1	2.37000000000000011E9	-1.41033156811390414E2
1.12999999999999767E1	2.37999999999999989E9	-1.40514850442991301E2
1.12999999999999767E1	2.38999999999999968E9	-1.39886045231272993E2
1.12999999999999767E1	2.39999999999999991E9	-1.39108008698624586E2
1.12999999999999767E1	2.41000000000000014E9	-1.38124772622718361E2
1.12999999999999767E1	2.41999999999999993E9	-1.36852453375455374E2
1.12999999999999767E1	2.43000000000000016E9	-1.35158634191945737E2
1.12999999999999767E1	2.43999999999999995E9	-1.32820231473706452E2
1.12999999999999767E1	2.45000000000000018E9	-1.29456064868260134E2
1.12999999999999767E1	2.45999999999999996E9	-1.24903744702205821E2
1.12999999999999767E1	2.46999999999999975E9	-1.24173210555177205E2
1.12999999999999767E1	2.47999999999999998E9	-1.29003304588885936E2
1.12999999999999767E1	2.48999999999999977E9	-1.32630418999119359E2
1.12999999999999767E1	2.50000000000000000E9	-1.35140691452309381E2
1.12999999999999767E1	2.51000000000000023E9	-1.36950762015766681E2
1.12999999999999767E1	2.52000000000000002E9	-1.38303849515861321E2
1.12999999999999767E1	2.53000000000000025E9	-1.39343293791558320E2
1.12999999999999767E1	2.54000000000000004E9	-1.40159908009451462E2
1.12999999999999767E1	2.54999999999999982E9	-1.40814530227373269E2
1.12999999999999767E1	2.56000000000000005E9	-1.41349463849337020E2
1.12999999999999767E1	2.56999999999999984E9	-1.41794861670261940E2
1.12999999999999767E1	2.58000000000000007E9	-1.42172591642088486E2
1.12999999999999767E1	2.58999999999999986E9	-1.42498723737431199E2
1.12999999999999767E1	2.60000000000000009E9	-1.42785194557957840E2
1.12999999999999767E1	2.61000000000000032E9	-1.43040952688772816E2
1.12999999999999767E1	2.62000000000000011E9	-1.43272761918974001E2
1.12999999999999767E1	2.62999999999999989E9	-1.43485772200735906E2
1.12999999999999767E1	2.63999999999999968E9	-1.43683930256512271E2
1.12999999999999767E1	2.64999999999999991E9	-1.43870278402477481E2
1.12999999999999767E1	2.66000000000000014E9	-1.44047173445340304E2
1.12999999999999767E1	2.66999999999999993E9	-1.44216449023347582E2
1.12999999999999767E1	2.68000000000000016E9	-1.44379536626701110E2
1.12999999999999767E1	2.68999999999999995E9	-1.44537556907091158E2
1.12999999999999767E1	2.70000000000000018E9	-1.44691388816775057E2

var_c	indep(index, 1)	plot_vs(pnmx, noisefreq)[92, ::]
1.13999999999999746E1	2.29999999999999982E9	-1.43155024710932999E2
1.13999999999999746E1	2.31000000000000005E9	-1.42939585952376347E2
1.13999999999999746E1	2.31999999999999984E9	-1.42705760045652186E2
1.13999999999999746E1	2.33000000000000007E9	-1.42448775497777924E2
1.13999999999999746E1	2.33999999999999986E9	-1.42162395976690537E2
1.13999999999999746E1	2.35000000000000009E9	-1.41838403847105887E2
1.13999999999999746E1	2.36000000000000032E9	-1.41465870997157595E2
1.13999999999999746E1	2.37000000000000011E9	-1.41030108813513055E2
1.13999999999999746E1	2.37999999999999989E9	-1.40511127298378447E2
1.13999999999999746E1	2.38999999999999968E9	-1.39881306613273226E2
1.13999999999999746E1	2.39999999999999991E9	-1.39101740711952049E2
1.13999999999999746E1	2.41000000000000014E9	-1.38116180628919771E2
1.13999999999999746E1	2.41999999999999993E9	-1.36840259338193038E2
1.13999999999999746E1	2.43000000000000016E9	-1.35140667753513299E2
1.13999999999999746E1	2.43999999999999995E9	-1.32792546548724255E2
1.13999999999999746E1	2.45000000000000018E9	-1.29411805654328593E2
1.13999999999999746E1	2.45999999999999996E9	-1.24849792004130000E2
1.13999999999999746E1	2.46999999999999975E9	-1.24228482861256784E2
1.13999999999999746E1	2.47999999999999998E9	-1.29057160481528799E2
1.13999999999999746E1	2.48999999999999977E9	-1.32670249443410992E2
1.13999999999999746E1	2.50000000000000000E9	-1.35170768162535038E2
1.13999999999999746E1	2.51000000000000023E9	-1.36974214871803035E2
1.13999999999999746E1	2.52000000000000002E9	-1.38322555097535949E2
1.13999999999999746E1	2.53000000000000025E9	-1.39358455950848659E2
1.13999999999999746E1	2.54000000000000004E9	-1.40172354438267344E2
1.13999999999999746E1	2.54999999999999982E9	-1.40824858228798488E2
1.13999999999999746E1	2.56000000000000005E9	-1.41358118422963974E2
1.13999999999999746E1	2.56999999999999984E9	-1.41802180288082669E2
1.13999999999999746E1	2.58000000000000007E9	-1.42178833761931034E2
1.13999999999999746E1	2.58999999999999986E9	-1.42504090829790409E2
1.13999999999999746E1	2.60000000000000009E9	-1.42789844134945332E2
1.13999999999999746E1	2.61000000000000032E9	-1.43045008959434661E2
1.13999999999999746E1	2.62000000000000011E9	-1.43276323399957706E2
1.13999999999999746E1	2.62999999999999989E9	-1.43488917475493460E2
1.13999999999999746E1	2.63999999999999968E9	-1.43686722550677826E2
1.13999999999999746E1	2.64999999999999991E9	-1.43872768771946768E2
1.13999999999999746E1	2.66000000000000014E9	-1.44049403442397450E2
1.13999999999999746E1	2.66999999999999993E9	-1.44218452596689017E2
1.13999999999999746E1	2.68000000000000016E9	-1.44381341731717927E2
1.13999999999999746E1	2.68999999999999995E9	-1.44539186658909902E2
1.13999999999999746E1	2.70000000000000018E9	-1.44692862441689618E2

var_c	indep(index, 1)	plot_vs(pnmx, noisefreq)[93, ::]
1.14999999999999747E1	2.29999999999999982E9	-1.43153068139895989E2
1.14999999999999747E1	2.31000000000000005E9	-1.42937636894335007E2
1.14999999999999747E1	2.31999999999999984E9	-1.42703793474325269E2
1.14999999999999747E1	2.33000000000000007E9	-1.42446755489615962E2
1.14999999999999747E1	2.33999999999999986E9	-1.42160270745902606E2
1.14999999999999747E1	2.35000000000000009E9	-1.41836099216443134E2
1.14999999999999747E1	2.36000000000000032E9	-1.41463279995440661E2
1.14999999999999747E1	2.37000000000000011E9	-1.41027076483332903E2
1.14999999999999747E1	2.37999999999999989E9	-1.40507426923340795E2
1.14999999999999747E1	2.38999999999999968E9	-1.39876602402342298E2
1.14999999999999747E1	2.39999999999999991E9	-1.39095526159474447E2
1.14999999999999747E1	2.41000000000000014E9	-1.38107671834569912E2
1.14999999999999747E1	2.41999999999999993E9	-1.36828196824328563E2
1.14999999999999747E1	2.43000000000000016E9	-1.35122909451640361E2
1.14999999999999747E1	2.43999999999999995E9	-1.32765195570105687E2
1.14999999999999747E1	2.45000000000000018E9	-1.29368099528830482E2
1.14999999999999747E1	2.45999999999999996E9	-1.24796939138422180E2
1.14999999999999747E1	2.46999999999999975E9	-1.24282852274486233E2
1.14999999999999747E1	2.47999999999999998E9	-1.29110031598571973E2
1.14999999999999747E1	2.48999999999999977E9	-1.32709291050700129E2
1.14999999999999747E1	2.50000000000000000E9	-1.35200225208261093E2
1.14999999999999747E1	2.51000000000000023E9	-1.36997168692928040E2
1.14999999999999747E1	2.52000000000000002E9	-1.38340851152645472E2
1.14999999999999747E1	2.53000000000000025E9	-1.39373276968739246E2
1.14999999999999747E1	2.54000000000000004E9	-1.40184514015059802E2
1.14999999999999747E1	2.54999999999999982E9	-1.40834943038021887E2
1.14999999999999747E1	2.56000000000000005E9	-1.41366565060841332E2
1.14999999999999747E1	2.56999999999999984E9	-1.41809319774577380E2
1.14999999999999747E1	2.58000000000000007E9	-1.42184920480078780E2
1.14999999999999747E1	2.58999999999999986E9	-1.42509322019241269E2
1.14999999999999747E1	2.60000000000000009E9	-1.42794374145362646E2
1.14999999999999747E1	2.61000000000000032E9	-1.43048959225938210E2
1.14999999999999747E1	2.62000000000000011E9	-1.43279790278197838E2
1.14999999999999747E1	2.62999999999999989E9	-1.43491977895001477E2
1.14999999999999747E1	2.63999999999999968E9	-1.43689438255660806E2
1.14999999999999747E1	2.64999999999999991E9	-1.43875189706545648E2
1.14999999999999747E1	2.66000000000000014E9	-1.44051570176992838E2
1.14999999999999747E1	2.66999999999999993E9	-1.44220398308652475E2
1.14999999999999747E1	2.68000000000000016E9	-1.44383093708229526E2
1.14999999999999747E1	2.68999999999999995E9	-1.44540767460376429E2
1.14999999999999747E1	2.70000000000000018E9	-1.44694290840251627E2

var_c	indep(index, 1)	plot_vs(pnmx, noisefreq)[94, ::]
1.15999999999999748E1	2.29999999999999982E9	-1.43151125069266705E2
1.15999999999999748E1	2.31000000000000005E9	-1.42935699801909522E2
1.15999999999999748E1	2.31999999999999984E9	-1.42701837680600763E2
1.15999999999999748E1	2.33000000000000007E9	-1.42444745340271250E2
1.15999999999999748E1	2.33999999999999986E9	-1.42158155119181129E2
1.15999999999999748E1	2.35000000000000009E9	-1.41833804724147394E2
1.15999999999999748E1	2.36000000000000032E9	-1.41460701128155764E2
1.15999999999999748E1	2.37000000000000011E9	-1.41024060153267294E2
1.15999999999999748E1	2.37999999999999989E9	-1.40503749474003103E2
1.15999999999999748E1	2.38999999999999968E9	-1.39871932637945950E2
1.15999999999999748E1	2.39999999999999991E9	-1.39089364596004161E2
1.15999999999999748E1	2.41000000000000014E9	-1.38099245529870229E2
1.15999999999999748E1	2.41999999999999993E9	-1.36816263549748696E2
1.15999999999999748E1	2.43000000000000016E9	-1.35105355923672876E2
1.15999999999999748E1	2.43999999999999995E9	-1.32738172652155528E2
1.15999999999999748E1	2.45000000000000018E9	-1.29324936774204757E2
1.15999999999999748E1	2.45999999999999996E9	-1.24745154163702554E2
1.15999999999999748E1	2.46999999999999975E9	-1.24336392695777254E2
1.15999999999999748E1	2.47999999999999998E9	-1.29161941958494375E2
1.15999999999999748E1	2.48999999999999977E9	-1.32747564847842003E2
1.15999999999999748E1	2.50000000000000000E9	-1.35229080638786359E2
1.15999999999999748E1	2.51000000000000023E9	-1.37019638099490737E2
1.15999999999999748E1	2.52000000000000002E9	-1.38358749405166637E2
1.15999999999999748E1	2.53000000000000025E9	-1.39387767454979294E2
1.15999999999999748E1	2.54000000000000004E9	-1.40196395801784734E2
1.15999999999999748E1	2.54999999999999982E9	-1.40844792521664131E2
1.15999999999999748E1	2.56000000000000005E9	-1.41374810554227937E2
1.15999999999999748E1	2.56999999999999984E9	-1.41816286077264975E2
1.15999999999999748E1	2.58000000000000007E9	-1.42190856954496692E2
1.15999999999999748E1	2.58999999999999986E9	-1.42514421939442792E2
1.15999999999999748E1	2.60000000000000009E9	-1.42798788544881594E2
1.15999999999999748E1	2.61000000000000032E9	-1.43052807087762202E2
1.15999999999999748E1	2.62000000000000011E9	-1.43283165832849413E2
1.15999999999999748E1	2.62999999999999989E9	-1.43494956406181906E2
1.15999999999999748E1	2.63999999999999968E9	-1.43692080111488707E2
1.15999999999999748E1	2.64999999999999991E9	-1.43877543672121488E2
1.15999999999999748E1	2.66000000000000014E9	-1.44053675923830404E2
1.15999999999999748E1	2.66999999999999993E9	-1.44222288247104347E2
1.15999999999999748E1	2.68000000000000016E9	-1.44384794490965374E2
1.15999999999999748E1	2.68999999999999995E9	-1.44542301117539007E2
1.15999999999999748E1	2.70000000000000018E9	-1.44695675696254256E2

var_c	indep(index, 1)	plot_vs(pnmx, noisefreq)[95, ::]
1.16999999999999749E1	2.29999999999999982E9	-1.43149195550790820E2
1.16999999999999749E1	2.31000000000000005E9	-1.42933774900092159E2
1.16999999999999749E1	2.31999999999999984E9	-1.42699892860999467E2
1.16999999999999749E1	2.33000000000000007E9	-1.42442745351026678E2
1.16999999999999749E1	2.33999999999999986E9	-1.42156049371273863E2
1.16999999999999749E1	2.35000000000000009E9	-1.41831520777066133E2
1.16999999999999749E1	2.36000000000000032E9	-1.41458134498231169E2
1.16999999999999749E1	2.37000000000000011E9	-1.41021059941979598E2
1.16999999999999749E1	2.37999999999999989E9	-1.40500095118729118E2
1.16999999999999749E1	2.38999999999999968E9	-1.39867297272286528E2
1.16999999999999749E1	2.39999999999999991E9	-1.39083255501091640E2
1.16999999999999749E1	2.41000000000000014E9	-1.38090900913138959E2
1.16999999999999749E1	2.41999999999999993E9	-1.36804457711512595E2
1.16999999999999749E1	2.43000000000000016E9	-1.35088003750648267E2
1.16999999999999749E1	2.43999999999999995E9	-1.32711472478932735E2
1.16999999999999749E1	2.45000000000000018E9	-1.29282309950993524E2
1.16999999999999749E1	2.45999999999999996E9	-1.24694404473753884E2
1.16999999999999749E1	2.46999999999999975E9	-1.24389162445212920E2
1.16999999999999749E1	2.47999999999999998E9	-1.29212914442498850E2
1.16999999999999749E1	2.48999999999999977E9	-1.32785090310932175E2
1.16999999999999749E1	2.50000000000000000E9	-1.35257350307590607E2
1.16999999999999749E1	2.51000000000000023E9	-1.37041636660099231E2
1.16999999999999749E1	2.52000000000000002E9	-1.38376261877777385E2
1.16999999999999749E1	2.53000000000000025E9	-1.39401937182461300E2
1.16999999999999749E1	2.54000000000000004E9	-1.40208008226572645E2
1.16999999999999749E1	2.54999999999999982E9	-1.40854413886736385E2
1.16999999999999749E1	2.56000000000000005E9	-1.41382861353615574E2
1.16999999999999749E1	2.56999999999999984E9	-1.41823084901120877E2
1.16999999999999749E1	2.58000000000000007E9	-1.42196648116037183E2
1.16999999999999749E1	2.58999999999999986E9	-1.42519394919888831E2
1.16999999999999749E1	2.60000000000000009E9	-1.42803091290147566E2
1.16999999999999749E1	2.61000000000000032E9	-1.43056555990527667E2
1.16999999999999749E1	2.62000000000000011E9	-1.43286453253146639E2
1.16999999999999749E1	2.62999999999999989E9	-1.43497855846092404E2
1.16999999999999749E1	2.63999999999999968E9	-1.43694650640102628E2
1.16999999999999749E1	2.64999999999999991E9	-1.43879833028398751E2
1.16999999999999749E1	2.66000000000000014E9	-1.44055722834419608E2
1.16999999999999749E1	2.66999999999999993E9	-1.44224124401833764E2
1.16999999999999749E1	2.68000000000000016E9	-1.44386445929300145E2
1.16999999999999749E1	2.68999999999999995E9	-1.44543789348488527E2
1.16999999999999749E1	2.70000000000000018E9	-1.44697018582469883E2

var_c	indep(index, 1)	plot_vs(pnmx, noisefreq)[96, ::]
1.17999999999999750E1	2.29999999999999982E9	-1.43147279631011171E2
1.17999999999999750E1	2.31000000000000005E9	-1.42931862280358457E2
1.17999999999999750E1	2.31999999999999984E9	-1.42697959213146341E2
1.17999999999999750E1	2.33000000000000007E9	-1.42440755720775591E2
1.17999999999999750E1	2.33999999999999986E9	-1.42153953738697902E2
1.17999999999999750E1	2.35000000000000009E9	-1.41829247469401820E2
1.17999999999999750E1	2.36000000000000032E9	-1.41455580557551786E2
1.17999999999999750E1	2.37000000000000011E9	-1.41018076330181685E2
1.17999999999999750E1	2.37999999999999989E9	-1.40496463856051945E2
1.17999999999999750E1	2.38999999999999968E9	-1.39862696078032256E2
1.17999999999999750E1	2.39999999999999991E9	-1.39077198551848080E2
1.17999999999999750E1	2.41000000000000014E9	-1.38082636657662761E2
1.17999999999999750E1	2.41999999999999993E9	-1.36792777221859185E2
1.17999999999999750E1	2.43000000000000016E9	-1.35070849324493558E2
1.17999999999999750E1	2.43999999999999995E9	-1.32685089818944379E2
1.17999999999999750E1	2.45000000000000018E9	-1.29240209099191961E2
1.17999999999999750E1	2.45999999999999996E9	-1.24644658170153777E2
1.17999999999999750E1	2.46999999999999975E9	-1.24441210063054042E2
1.17999999999999750E1	2.47999999999999998E9	-1.29262972144869481E2
1.17999999999999750E1	2.48999999999999977E9	-1.32821887715238884E2
1.17999999999999750E1	2.50000000000000000E9	-1.35285050677297480E2
1.17999999999999750E1	2.51000000000000023E9	-1.37063177897753441E2
1.17999999999999750E1	2.52000000000000002E9	-1.38393399735111489E2
1.17999999999999750E1	2.53000000000000025E9	-1.39415795938765763E2
1.17999999999999750E1	2.54000000000000004E9	-1.40219359792308884E2
1.17999999999999750E1	2.54999999999999982E9	-1.40863814390161179E2
1.17999999999999750E1	2.56000000000000005E9	-1.41390723709976429E2
1.17999999999999750E1	2.56999999999999984E9	-1.41829721500903760E2
1.17999999999999750E1	2.58000000000000007E9	-1.42202298772800217E2
1.17999999999999750E1	2.58999999999999986E9	-1.42524245159293583E2
1.17999999999999750E1	2.60000000000000009E9	-1.42807286087246199E2
1.17999999999999750E1	2.61000000000000032E9	-1.43060209386520221E2
1.17999999999999750E1	2.62000000000000011E9	-1.43289655459531429E2
1.17999999999999750E1	2.62999999999999989E9	-1.43500678929416048E2
1.17999999999999750E1	2.63999999999999968E9	-1.43697152391644023E2
1.17999999999999750E1	2.64999999999999991E9	-1.43882060041884996E2
1.17999999999999750E1	2.66000000000000014E9	-1.44057713021404088E2
1.17999999999999750E1	2.66999999999999993E9	-1.44225908696278449E2
1.17999999999999750E1	2.68000000000000016E9	-1.44388049769295934E2
1.17999999999999750E1	2.68999999999999995E9	-1.44545233763884995E2
1.17999999999999750E1	2.70000000000000018E9	-1.44698321058652968E2

var_c	indep(index, 1)	plot_vs(pnmx, noisefreq)[97, ::]
1.18999999999999728E1	2.29999999999999982E9	-1.43145377429097675E2
1.18999999999999728E1	2.31000000000000005E9	-1.42929962049233561E2
1.18999999999999728E1	2.31999999999999984E9	-1.42696036845819174E2
1.18999999999999728E1	2.33000000000000007E9	-1.42438776675578960E2
1.18999999999999728E1	2.33999999999999986E9	-1.42151868532080661E2
1.18999999999999728E1	2.35000000000000009E9	-1.41826985199746169E2
1.18999999999999728E1	2.36000000000000032E9	-1.41453039536494507E2
1.18999999999999728E1	2.37000000000000011E9	-1.41015109329974053E2
1.18999999999999728E1	2.37999999999999989E9	-1.40492855905760017E2
1.18999999999999728E1	2.38999999999999968E9	-1.39858129148555688E2
1.18999999999999728E1	2.39999999999999991E9	-1.39071193405266236E2
1.18999999999999728E1	2.41000000000000014E9	-1.38074451850695512E2
1.18999999999999728E1	2.41999999999999993E9	-1.36781220513541002E2
1.18999999999999728E1	2.43000000000000016E9	-1.35053889727378440E2
1.18999999999999728E1	2.43999999999999995E9	-1.32659018214182489E2
1.18999999999999728E1	2.45000000000000018E9	-1.29198628411231375E2
1.18999999999999728E1	2.45999999999999996E9	-1.24595880553200034E2
1.18999999999999728E1	2.46999999999999975E9	-1.24492577575789798E2
1.18999999999999728E1	2.47999999999999998E9	-1.29312135761076918E2
1.18999999999999728E1	2.48999999999999977E9	-1.32857975416671392E2
1.18999999999999728E1	2.50000000000000000E9	-1.35312196468582746E2
1.18999999999999728E1	2.51000000000000023E9	-1.37084274327012245E2
1.18999999999999728E1	2.52000000000000002E9	-1.38410173634002009E2
1.18999999999999728E1	2.53000000000000025E9	-1.39429353007127244E2
1.18999999999999728E1	2.54000000000000004E9	-1.40230458444324491E2
1.18999999999999728E1	2.54999999999999982E9	-1.40873000903912615E2
1.18999999999999728E1	2.56000000000000005E9	-1.41398403455390254E2
1.18999999999999728E1	2.56999999999999984E9	-1.41836201168038878E2
1.18999999999999728E1	2.58000000000000007E9	-1.42207813412150785E2
1.18999999999999728E1	2.58999999999999986E9	-1.42528976715626388E2
1.18999999999999728E1	2.60000000000000009E9	-1.42811376527732503E2
1.18999999999999728E1	2.61000000000000032E9	-1.43063770353977771E2
1.18999999999999728E1	2.62000000000000011E9	-1.43292775436736353E2
1.18999999999999728E1	2.62999999999999989E9	-1.43503428290146728E2
1.18999999999999728E1	2.63999999999999968E9	-1.43699587644344118E2
1.18999999999999728E1	2.64999999999999991E9	-1.43884226862566633E2
1.18999999999999728E1	2.66000000000000014E9	-1.44059648414285890E2
1.18999999999999728E1	2.66999999999999993E9	-1.44227642945824552E2
1.18999999999999728E1	2.68000000000000016E9	-1.44389607734014680E2
1.18999999999999728E1	2.68999999999999995E9	-1.44546635965866188E2
1.18999999999999728E1	2.70000000000000018E9	-1.44699584565767347E2

var_c	indep(index, 1)	plot_vs(pnmx, noisefreq)[98, ::]
1.19999999999999729E1	2.29999999999999982E9	-1.43143488955433296E2
1.19999999999999729E1	2.31000000000000005E9	-1.42928074266785110E2
1.19999999999999729E1	2.31999999999999984E9	-1.42694125949385331E2
1.19999999999999729E1	2.33000000000000007E9	-1.42436808372232560E2
1.19999999999999729E1	2.33999999999999986E9	-1.42149793835359795E2
1.19999999999999729E1	2.35000000000000009E9	-1.41824734191137058E2
1.19999999999999729E1	2.36000000000000032E9	-1.41450511638257925E2
1.19999999999999729E1	2.37000000000000011E9	-1.41012159109120061E2
1.19999999999999729E1	2.37999999999999989E9	-1.40489271328106713E2
1.19999999999999729E1	2.38999999999999968E9	-1.39853596267734082E2
1.19999999999999729E1	2.39999999999999991E9	-1.39065239289775233E2
1.19999999999999729E1	2.41000000000000014E9	-1.38066345443706040E2
1.19999999999999729E1	2.41999999999999993E9	-1.36769785489079299E2
1.19999999999999729E1	2.43000000000000016E9	-1.35037121369423541E2
1.19999999999999729E1	2.43999999999999995E9	-1.32633253949807783E2
1.19999999999999729E1	2.45000000000000018E9	-1.29157558275691375E2
1.19999999999999729E1	2.45999999999999996E9	-1.24548037883058482E2
1.19999999999999729E1	2.46999999999999975E9	-1.24543299371948413E2
1.19999999999999729E1	2.47999999999999998E9	-1.29360427215333162E2
1.19999999999999729E1	2.48999999999999977E9	-1.32893371817588424E2
1.19999999999999729E1	2.50000000000000000E9	-1.35338803073739733E2
1.19999999999999729E1	2.51000000000000023E9	-1.37104939012253002E2
1.19999999999999729E1	2.52000000000000002E9	-1.38426594478724296E2
1.19999999999999729E1	2.53000000000000025E9	-1.39442617105470501E2
1.19999999999999729E1	2.54000000000000004E9	-1.40241311773696675E2
1.19999999999999729E1	2.54999999999999982E9	-1.40881980020640141E2
1.19999999999999729E1	2.56000000000000005E9	-1.41405906451164443E2
1.19999999999999729E1	2.56999999999999984E9	-1.41842528932578382E2
1.19999999999999729E1	2.58000000000000007E9	-1.42213196457806923E2
1.19999999999999729E1	2.58999999999999986E9	-1.42533593446711437E2
1.19999999999999729E1	2.60000000000000009E9	-1.42815366051771897E2
1.19999999999999729E1	2.61000000000000032E9	-1.43067242048571552E2
1.19999999999999729E1	2.62000000000000011E9	-1.43295815842981478E2
1.19999999999999729E1	2.62999999999999989E9	-1.43506106385746879E2
1.19999999999999729E1	2.63999999999999968E9	-1.43701958727545831E2
1.19999999999999729E1	2.64999999999999991E9	-1.43886335542752453E2
1.19999999999999729E1	2.66000000000000014E9	-1.44061530934374438E2
1.19999999999999729E1	2.66999999999999993E9	-1.44229328901813103E2
1.19999999999999729E1	2.68000000000000016E9	-1.44391121401561451E2
1.19999999999999729E1	2.68999999999999995E9	-1.44547997444198772E2
1.19999999999999729E1	2.70000000000000018E9	-1.44700810504943478E2

var_c	indep(index, 1)	plot_vs(pnmx, noisefreq)[99, ::]
1.20999999999999730E1	2.29999999999999982E9	-1.43141614214163759E2
1.20999999999999730E1	2.31000000000000005E9	-1.42926199090673878E2
1.20999999999999730E1	2.31999999999999984E9	-1.42692226630060448E2
1.20999999999999730E1	2.33000000000000007E9	-1.42434850999053086E2
1.20999999999999730E1	2.33999999999999986E9	-1.42147730009210282E2
1.20999999999999730E1	2.35000000000000009E9	-1.41822494644834007E2
1.20999999999999730E1	2.36000000000000032E9	-1.41447997032887507E2
1.20999999999999730E1	2.37000000000000011E9	-1.41009225934325189E2
1.20999999999999730E1	2.37999999999999989E9	-1.40485710169581535E2
1.20999999999999730E1	2.38999999999999968E9	-1.39849097320427984E2
1.20999999999999730E1	2.39999999999999991E9	-1.39059336263884736E2
1.20999999999999730E1	2.41000000000000014E9	-1.38058316560906991E2
1.20999999999999730E1	2.41999999999999993E9	-1.36758470380301222E2
1.20999999999999730E1	2.43000000000000016E9	-1.35020541619053014E2
1.20999999999999730E1	2.43999999999999995E9	-1.32607791185834101E2
1.20999999999999730E1	2.45000000000000018E9	-1.29116990551493416E2
1.20999999999999730E1	2.45999999999999996E9	-1.24501092970263616E2
1.20999999999999730E1	2.46999999999999975E9	-1.24593403310953521E2
1.20999999999999730E1	2.47999999999999998E9	-1.29407867051129921E2
1.20999999999999730E1	2.48999999999999977E9	-1.32928094691677123E2
1.20999999999999730E1	2.50000000000000000E9	-1.35364884953570708E2
1.20999999999999730E1	2.51000000000000023E9	-1.37125183513677151E2
1.20999999999999730E1	2.52000000000000002E9	-1.38442672210538786E2
1.20999999999999730E1	2.53000000000000025E9	-1.39455597139416865E2
1.20999999999999730E1	2.54000000000000004E9	-1.40251927113009467E2
1.20999999999999730E1	2.54999999999999982E9	-1.40890758141609740E2
1.20999999999999730E1	2.56000000000000005E9	-1.41413238145389775E2
1.20999999999999730E1	2.56999999999999984E9	-1.41848709572169329E2
1.20999999999999730E1	2.58000000000000007E9	-1.42218452166418730E2
1.20999999999999730E1	2.58999999999999986E9	-1.42538099035889632E2
1.20999999999999730E1	2.60000000000000009E9	-1.42819257923145670E2
1.20999999999999730E1	2.61000000000000032E9	-1.43070627377644310E2
1.20999999999999730E1	2.62000000000000011E9	-1.43298779357169126E2
1.20999999999999730E1	2.62999999999999989E9	-1.43508715602653214E2
1.20999999999999730E1	2.63999999999999968E9	-1.43704267800105123E2
1.20999999999999730E1	2.64999999999999991E9	-1.43888388112292143E2
1.20999999999999730E1	2.66000000000000014E9	-1.44063362417859597E2
1.20999999999999730E1	2.66999999999999993E9	-1.44230968239141966E2
1.20999999999999730E1	2.68000000000000016E9	-1.44392592361417704E2
1.20999999999999730E1	2.68999999999999995E9	-1.44549319629749151E2
1.20999999999999730E1	2.70000000000000018E9	-1.44702000219239779E2

var_c	indep(index, 1)	plot_vs(pnmx, noisefreq)[100, ::]
1.21999999999999997E1	2.29999999999999982E9	-1.43139753233211131E2
1.21999999999999997E1	2.31000000000000005E9	-1.42924336510073191E2
1.21999999999999997E1	2.31999999999999984E9	-1.42690339014440282E2
1.21999999999999997E1	2.33000000000000007E9	-1.42432904698183282E2
1.21999999999999997E1	2.33999999999999986E9	-1.42145677138262760E2
1.21999999999999997E1	2.35000000000000009E9	-1.41820266786770555E2
1.21999999999999997E1	2.36000000000000032E9	-1.41445495954483302E2
1.21999999999999997E1	2.37000000000000011E9	-1.41006309940868091E2
1.21999999999999997E1	2.37999999999999989E9	-1.40482172468197652E2
1.21999999999999997E1	2.38999999999999968E9	-1.39844632194503160E2
1.21999999999999997E1	2.39999999999999991E9	-1.39053483508779108E2
1.21999999999999997E1	2.41000000000000014E9	-1.38050364193424402E2
1.21999999999999997E1	2.41999999999999993E9	-1.36747273298633787E2
1.21999999999999997E1	2.43000000000000016E9	-1.35004147443870126E2
1.21999999999999997E1	2.43999999999999995E9	-1.32582625788956476E2
1.21999999999999997E1	2.45000000000000018E9	-1.29076918990033818E2
1.21999999999999997E1	2.45999999999999996E9	-1.24455010942746513E2
1.21999999999999997E1	2.46999999999999975E9	-1.24642915096672713E2
1.21999999999999997E1	2.47999999999999998E9	-1.29454473801894876E2
1.21999999999999997E1	2.48999999999999977E9	-1.32962160811262042E2
1.21999999999999997E1	2.50000000000000000E9	-1.35390455887915850E2
1.21999999999999997E1	2.51000000000000023E9	-1.37145019403470814E2
1.21999999999999997E1	2.52000000000000002E9	-1.38458416710160792E2
1.21999999999999997E1	2.53000000000000025E9	-1.39468301148716356E2
1.21999999999999997E1	2.54000000000000004E9	-1.40262311608543433E2
1.21999999999999997E1	2.54999999999999982E9	-1.40899341307814607E2
1.21999999999999997E1	2.56000000000000005E9	-1.41420403797639471E2
1.21999999999999997E1	2.56999999999999984E9	-1.41854747629797240E2
1.21999999999999997E1	2.58000000000000007E9	-1.42223584495044375E2
1.21999999999999997E1	2.58999999999999986E9	-1.42542497085978592E2
1.21999999999999997E1	2.60000000000000009E9	-1.42823055357645590E2
1.21999999999999997E1	2.61000000000000032E9	-1.43073929172643188E2
1.21999999999999997E1	2.62000000000000011E9	-1.43301668525572445E2
1.21999999999999997E1	2.62999999999999989E9	-1.43511258270904474E2
1.21999999999999997E1	2.63999999999999968E9	-1.43706516922149530E2
1.21999999999999997E1	2.64999999999999991E9	-1.43890386414393534E2
1.21999999999999997E1	2.66000000000000014E9	-1.44065144598198636E2
1.21999999999999997E1	2.66999999999999993E9	-1.44232562564144984E2
1.21999999999999997E1	2.68000000000000016E9	-1.44394022065209038E2
1.21999999999999997E1	2.68999999999999995E9	-1.44550603902411257E2
1.21999999999999997E1	2.70000000000000018E9	-1.44703154985405469E2


