	HB.var_c
0	2.20000000000000018E0
1	2.30000000000000027E0
2	2.40000000000000036E0
3	2.50000000000000044E0
4	2.60000000000000053E0
5	2.70000000000000062E0
6	2.80000000000000071E0
7	2.90000000000000080E0
8	3.00000000000000089E0
9	3.10000000000000098E0
10	3.20000000000000107E0
11	3.30000000000000115E0
12	3.40000000000000124E0
13	3.50000000000000133E0
14	3.60000000000000142E0
15	3.70000000000000151E0
16	3.80000000000000160E0
17	3.90000000000000169E0
18	4.00000000000000178E0
19	4.10000000000000142E0
20	4.20000000000000107E0
21	4.30000000000000071E0
22	4.40000000000000036E0
23	4.50000000000000000E0
24	4.59999999999999964E0
25	4.69999999999999929E0
26	4.79999999999999893E0
27	4.89999999999999858E0
28	4.99999999999999822E0
29	5.09999999999999787E0
30	5.19999999999999751E0
31	5.29999999999999716E0
32	5.39999999999999680E0
33	5.49999999999999645E0
34	5.59999999999999609E0
35	5.69999999999999574E0
36	5.79999999999999538E0
37	5.89999999999999503E0
38	5.99999999999999467E0
39	6.09999999999999432E0
40	6.19999999999999396E0
41	6.29999999999999361E0
42	6.39999999999999325E0
43	6.49999999999999289E0
44	6.59999999999999254E0
45	6.69999999999999218E0
46	6.79999999999999183E0
47	6.89999999999999147E0
48	6.99999999999999112E0
49	7.09999999999999076E0
50	7.19999999999999041E0
51	7.29999999999999005E0
52	7.39999999999998970E0
53	7.49999999999998934E0
54	7.59999999999998899E0
55	7.69999999999998863E0
56	7.79999999999998828E0
57	7.89999999999998792E0
58	7.99999999999998757E0
59	8.09999999999998721E0
60	8.19999999999998685E0
61	8.29999999999998650E0
62	8.39999999999998614E0
63	8.49999999999998579E0
64	8.59999999999998543E0
65	8.69999999999998508E0
66	8.79999999999998472E0
67	8.89999999999998437E0
68	8.99999999999998401E0
69	9.09999999999998366E0
70	9.19999999999998330E0
71	9.29999999999998295E0
72	9.39999999999998259E0
73	9.49999999999998224E0
74	9.59999999999998188E0
75	9.69999999999998153E0
76	9.79999999999998117E0
77	9.89999999999998082E0
78	9.99999999999998046E0
79	1.00999999999999801E1
80	1.01999999999999802E1
81	1.02999999999999803E1
82	1.03999999999999782E1
83	1.04999999999999782E1
84	1.05999999999999783E1
85	1.06999999999999784E1
86	1.07999999999999785E1
87	1.08999999999999764E1
88	1.09999999999999765E1
89	1.10999999999999766E1
90	1.11999999999999766E1
91	1.12999999999999767E1
92	1.13999999999999746E1
93	1.14999999999999747E1
94	1.15999999999999748E1
95	1.16999999999999749E1
96	1.17999999999999750E1
97	1.18999999999999728E1
98	1.19999999999999729E1
99	1.20999999999999730E1
100	1.21999999999999731E1
101	1.22999999999999732E1
102	1.23999999999999710E1
103	1.24999999999999711E1
104	1.25999999999999712E1
105	1.26999999999999713E1
106	1.27999999999999714E1
107	1.28999999999999693E1
108	1.29999999999999694E1
109	1.30999999999999694E1
110	1.31999999999999695E1
111	1.32999999999999696E1
112	1.33999999999999675E1
113	1.34999999999999676E1
114	1.35999999999999677E1
115	1.36999999999999678E1
116	1.37999999999999678E1
117	1.38999999999999657E1
118	1.39999999999999658E1
119	1.40999999999999659E1
120	1.41999999999999660E1
121	1.42999999999999661E1
122	1.43999999999999639E1
123	1.44999999999999640E1
124	1.45999999999999641E1
125	1.46999999999999642E1
126	1.47999999999999643E1
127	1.48999999999999622E1
128	1.49999999999999623E1
129	1.50999999999999623E1
130	1.51999999999999624E1
131	1.52999999999999625E1
132	1.53999999999999604E1
133	1.54999999999999605E1
134	1.55999999999999606E1
135	1.56999999999999607E1
136	1.57999999999999607E1
137	1.58999999999999586E1
138	1.59999999999999587E1
139	1.60999999999999588E1
140	1.61999999999999611E1
141	1.62999999999999612E1
142	1.63999999999999635E1
143	1.64999999999999636E1
144	1.65999999999999659E1
145	1.66999999999999682E1
146	1.67999999999999683E1
147	1.68999999999999706E1
148	1.69999999999999707E1
149	1.70999999999999730E1
150	1.71999999999999753E1
151	1.72999999999999754E1
152	1.73999999999999777E1
153	1.74999999999999778E1
154	1.75999999999999801E1
155	1.76999999999999824E1
156	1.77999999999999825E1
157	1.78999999999999848E1
158	1.79999999999999849E1
159	1.80999999999999872E1
160	1.81999999999999895E1
161	1.82999999999999896E1
162	1.83999999999999919E1
163	1.84999999999999920E1
164	1.85999999999999943E1
165	1.86999999999999966E1
166	1.87999999999999967E1
167	1.88999999999999990E1
168	1.89999999999999991E1
169	1.91000000000000014E1
170	1.92000000000000037E1
171	1.93000000000000038E1
172	1.94000000000000061E1
173	1.95000000000000062E1
174	1.96000000000000085E1
175	1.97000000000000108E1
176	1.98000000000000109E1
177	1.99000000000000132E1
178	2.00000000000000133E1
179	2.01000000000000156E1
180	2.02000000000000179E1
181	2.03000000000000203E1
182	2.04000000000000181E1
183	2.05000000000000204E1
184	2.06000000000000227E1
185	2.07000000000000250E1
186	2.08000000000000274E1
187	2.09000000000000252E1
188	2.10000000000000275E1
189	2.11000000000000298E1
190	2.12000000000000322E1
191	2.13000000000000345E1
192	2.14000000000000323E1
193	2.15000000000000346E1
194	2.16000000000000369E1
195	2.17000000000000393E1
196	2.18000000000000416E1
197	2.19000000000000394E1
198	2.20000000000000417E1
199	2.21000000000000441E1
200	2.21999999999999975E1


var_c	harmindex	freq[0, ::]
2.20000000000000018E0	0	0.00000000000000000E0
2.20000000000000018E0	1	2.51671627163056710E9
2.20000000000000018E0	2	5.03343254326113421E9
2.20000000000000018E0	3	7.55014881489170087E9
2.20000000000000018E0	4	1.00668650865222675E10
2.20000000000000018E0	5	1.25835813581528355E10
2.20000000000000018E0	6	1.51002976297834013E10
2.20000000000000018E0	7	1.76170139014139693E10
2.20000000000000018E0	8	2.01337301730445351E10
2.20000000000000018E0	9	2.26504464446751097E10
2.20000000000000018E0	10	2.51671627163056710E10

var_c	harmindex	freq[1, ::]
2.30000000000000027E0	0	0.00000000000000000E0
2.30000000000000027E0	1	2.51415837846639700E9
2.30000000000000027E0	2	5.02831675693279401E9
2.30000000000000027E0	3	7.54247513539919190E9
2.30000000000000027E0	4	1.00566335138655871E10
2.30000000000000027E0	5	1.25707918923319850E10
2.30000000000000027E0	6	1.50849502707983829E10
2.30000000000000027E0	7	1.75991086492647808E10
2.30000000000000027E0	8	2.01132670277311743E10
2.30000000000000027E0	9	2.26274254061975810E10
2.30000000000000027E0	10	2.51415837846639700E10

var_c	harmindex	freq[2, ::]
2.40000000000000036E0	0	0.00000000000000000E0
2.40000000000000036E0	1	2.51179513411275579E9
2.40000000000000036E0	2	5.02359026822551158E9
2.40000000000000036E0	3	7.53538540233826826E9
2.40000000000000036E0	4	1.00471805364510236E10
2.40000000000000036E0	5	1.25589756705637789E10
2.40000000000000036E0	6	1.50707708046765365E10
2.40000000000000036E0	7	1.75825659387892896E10
2.40000000000000036E0	8	2.00943610729020472E10
2.40000000000000036E0	9	2.26061562070148003E10
2.40000000000000036E0	10	2.51179513411275579E10

var_c	harmindex	freq[3, ::]
2.50000000000000044E0	0	0.00000000000000000E0
2.50000000000000044E0	1	2.50960513472413016E9
2.50000000000000044E0	2	5.01921026944826032E9
2.50000000000000044E0	3	7.52881540417238870E9
2.50000000000000044E0	4	1.00384205388965198E10
2.50000000000000044E0	5	1.25480256736206508E10
2.50000000000000044E0	6	1.50576308083447774E10
2.50000000000000044E0	7	1.75672359430689129E10
2.50000000000000044E0	8	2.00768410777930395E10
2.50000000000000044E0	9	2.25864462125171794E10
2.50000000000000044E0	10	2.50960513472413016E10

var_c	harmindex	freq[4, ::]
2.60000000000000053E0	0	0.00000000000000000E0
2.60000000000000053E0	1	2.50757000852085810E9
2.60000000000000053E0	2	5.01514001704171619E9
2.60000000000000053E0	3	7.52271002556257606E9
2.60000000000000053E0	4	1.00302800340834319E10
2.60000000000000053E0	5	1.25378500426042905E10
2.60000000000000053E0	6	1.50454200511251512E10
2.60000000000000053E0	7	1.75529900596460076E10
2.60000000000000053E0	8	2.00605600681668639E10
2.60000000000000053E0	9	2.25681300766877291E10
2.60000000000000053E0	10	2.50757000852085810E10

var_c	harmindex	freq[5, ::]
2.70000000000000062E0	0	0.00000000000000000E0
2.70000000000000062E0	1	2.50567389210079217E9
2.70000000000000062E0	2	5.01134778420158433E9
2.70000000000000062E0	3	7.51702167630237739E9
2.70000000000000062E0	4	1.00226955684031682E10
2.70000000000000062E0	5	1.25283694605039608E10
2.70000000000000062E0	6	1.50340433526047557E10
2.70000000000000062E0	7	1.75397172447055527E10
2.70000000000000062E0	8	2.00453911368063364E10
2.70000000000000062E0	9	2.25510650289071313E10
2.70000000000000062E0	10	2.50567389210079217E10

var_c	harmindex	freq[6, ::]
2.80000000000000071E0	0	0.00000000000000000E0
2.80000000000000071E0	1	2.50390301655982039E9
2.80000000000000071E0	2	5.00780603311964079E9
2.80000000000000071E0	3	7.51170904967946296E9
2.80000000000000071E0	4	1.00156120662392811E10
2.80000000000000071E0	5	1.25195150827991020E10
2.80000000000000071E0	6	1.50234180993589250E10
2.80000000000000071E0	7	1.75273211159187481E10
2.80000000000000071E0	8	2.00312241324785623E10
2.80000000000000071E0	9	2.25351271490383809E10
2.80000000000000071E0	10	2.50390301655982039E10

var_c	harmindex	freq[7, ::]
2.90000000000000080E0	0	0.00000000000000000E0
2.90000000000000080E0	1	2.50224537292417271E9
2.90000000000000080E0	2	5.00449074584834541E9
2.90000000000000080E0	3	7.50673611877251723E9
2.90000000000000080E0	4	1.00089814916966913E10
2.90000000000000080E0	5	1.25112268646208635E10
2.90000000000000080E0	6	1.50134722375450336E10
2.90000000000000080E0	7	1.75157176104692058E10
2.90000000000000080E0	8	2.00179629833933825E10
2.90000000000000080E0	9	2.25202083563175526E10
2.90000000000000080E0	10	2.50224537292417271E10

var_c	harmindex	freq[8, ::]
3.00000000000000089E0	0	0.00000000000000000E0
3.00000000000000089E0	1	2.50069043971481664E9
3.00000000000000089E0	2	5.00138087942963327E9
3.00000000000000089E0	3	7.50207131914445036E9
3.00000000000000089E0	4	1.00027617588592665E10
3.00000000000000089E0	5	1.25034521985740832E10
3.00000000000000089E0	6	1.50041426382888998E10
3.00000000000000089E0	7	1.75048330780037142E10
3.00000000000000089E0	8	2.00055235177185331E10
3.00000000000000089E0	9	2.25062139574333475E10
3.00000000000000089E0	10	2.50069043971481664E10

var_c	harmindex	freq[9, ::]
3.10000000000000098E0	0	0.00000000000000000E0
3.10000000000000098E0	1	2.49922895959264224E9
3.10000000000000098E0	2	4.99845791918528448E9
3.10000000000000098E0	3	7.49768687877792672E9
3.10000000000000098E0	4	9.99691583837056896E9
3.10000000000000098E0	5	1.24961447979632112E10
3.10000000000000098E0	6	1.49953737575558543E10
3.10000000000000098E0	7	1.74946027171484952E10
3.10000000000000098E0	8	1.99938316767411384E10
3.10000000000000098E0	9	2.24930606363337793E10
3.10000000000000098E0	10	2.49922895959264224E10

var_c	harmindex	freq[10, ::]
3.20000000000000107E0	0	0.00000000000000000E0
3.20000000000000107E0	1	2.49785275506773807E9
3.20000000000000107E0	2	4.99570551013547615E9
3.20000000000000107E0	3	7.49355826520321244E9
3.20000000000000107E0	4	9.99141102027095229E9
3.20000000000000107E0	5	1.24892637753386904E10
3.20000000000000107E0	6	1.49871165304064258E10
3.20000000000000107E0	7	1.74849692854741678E10
3.20000000000000107E0	8	1.99828220405419055E10
3.20000000000000107E0	9	2.24806747956096453E10
3.20000000000000107E0	10	2.49785275506773807E10

var_c	harmindex	freq[11, ::]
3.30000000000000115E0	0	0.00000000000000000E0
3.30000000000000115E0	1	2.49655457553220028E9
3.30000000000000115E0	2	4.99310915106440056E9
3.30000000000000115E0	3	7.48966372659660085E9
3.30000000000000115E0	4	9.98621830212880113E9
3.30000000000000115E0	5	1.24827728776610014E10
3.30000000000000115E0	6	1.49793274531932008E10
3.30000000000000115E0	7	1.74758820287254002E10
3.30000000000000115E0	8	1.99724366042576018E10
3.30000000000000115E0	9	2.24689911797897990E10
3.30000000000000115E0	10	2.49655457553220028E10

var_c	harmindex	freq[12, ::]
3.40000000000000124E0	0	0.00000000000000000E0
3.40000000000000124E0	1	2.49532796957465797E9
3.40000000000000124E0	2	4.99065593914931593E9
3.40000000000000124E0	3	7.48598390872397523E9
3.40000000000000124E0	4	9.98131187829863187E9
3.40000000000000124E0	5	1.24766398478732898E10
3.40000000000000124E0	6	1.49719678174479509E10
3.40000000000000124E0	7	1.74672957870226075E10
3.40000000000000124E0	8	1.99626237565972642E10
3.40000000000000124E0	9	2.24579517261719186E10
3.40000000000000124E0	10	2.49532796957465797E10

var_c	harmindex	freq[13, ::]
3.50000000000000133E0	0	0.00000000000000000E0
3.50000000000000133E0	1	2.49416717783412789E9
3.50000000000000133E0	2	4.98833435566825578E9
3.50000000000000133E0	3	7.48250153350238367E9
3.50000000000000133E0	4	9.97666871133651156E9
3.50000000000000133E0	5	1.24708358891706395E10
3.50000000000000133E0	6	1.49650030670047673E10
3.50000000000000133E0	7	1.74591702448389019E10
3.50000000000000133E0	8	1.99533374226730231E10
3.50000000000000133E0	9	2.24475046005071510E10
3.50000000000000133E0	10	2.49416717783412789E10

var_c	harmindex	freq[14, ::]
3.60000000000000142E0	0	0.00000000000000000E0
3.60000000000000142E0	1	2.49306704263959933E9
3.60000000000000142E0	2	4.98613408527919866E9
3.60000000000000142E0	3	7.47920112791879710E9
3.60000000000000142E0	4	9.97226817055839732E9
3.60000000000000142E0	5	1.24653352131979966E10
3.60000000000000142E0	6	1.49584022558375951E10
3.60000000000000142E0	7	1.74514692984771891E10
3.60000000000000142E0	8	1.99445363411167942E10
3.60000000000000142E0	9	2.24376033837563904E10
3.60000000000000142E0	10	2.49306704263959933E10

var_c	harmindex	freq[15, ::]
3.70000000000000151E0	0	0.00000000000000000E0
3.70000000000000151E0	1	2.49202293144558729E9
3.70000000000000151E0	2	4.98404586289117457E9
3.70000000000000151E0	3	7.47606879433676141E9
3.70000000000000151E0	4	9.96809172578234914E9
3.70000000000000151E0	5	1.24601146572279320E10
3.70000000000000151E0	6	1.49521375886735219E10
3.70000000000000151E0	7	1.74441605201191052E10
3.70000000000000151E0	8	1.99361834515646974E10
3.70000000000000151E0	9	2.24282063830102851E10
3.70000000000000151E0	10	2.49202293144558640E10

var_c	harmindex	freq[16, ::]
3.80000000000000160E0	0	0.00000000000000000E0
3.80000000000000160E0	1	2.49103067166759384E9
3.80000000000000160E0	2	4.98206134333518769E9
3.80000000000000160E0	3	7.47309201500278153E9
3.80000000000000160E0	4	9.96412268667037537E9
3.80000000000000160E0	5	1.24551533583379692E10
3.80000000000000160E0	6	1.49461840300055626E10
3.80000000000000160E0	7	1.74372147016731605E10
3.80000000000000160E0	8	1.99282453733407516E10
3.80000000000000160E0	9	2.24192760450083384E10
3.80000000000000160E0	10	2.49103067166759384E10

var_c	harmindex	freq[17, ::]
3.90000000000000169E0	0	0.00000000000000000E0
3.90000000000000169E0	1	2.49008649498515133E9
3.90000000000000169E0	2	4.98017298997030267E9
3.90000000000000169E0	3	7.47025948495545133E9
3.90000000000000169E0	4	9.96034597994060533E9
3.90000000000000169E0	5	1.24504324749257522E10
3.90000000000000169E0	6	1.49405189699109031E10
3.90000000000000169E0	7	1.74306054648960584E10
3.90000000000000169E0	8	1.99206919598812116E10
3.90000000000000169E0	9	2.24107784548663647E10
3.90000000000000169E0	10	2.49008649498515044E10

var_c	harmindex	freq[18, ::]
4.00000000000000178E0	0	0.00000000000000000E0
4.00000000000000178E0	1	2.48918698954601636E9
4.00000000000000178E0	2	4.97837397909203272E9
4.00000000000000178E0	3	7.46756096863805130E9
4.00000000000000178E0	4	9.95674795818406544E9
4.00000000000000178E0	5	1.24459349477300818E10
4.00000000000000178E0	6	1.49351219372761035E10
4.00000000000000178E0	7	1.74243089268221141E10
4.00000000000000178E0	8	1.99134959163681313E10
4.00000000000000178E0	9	2.24026829059141441E10
4.00000000000000178E0	10	2.48918698954601636E10

var_c	harmindex	freq[19, ::]
4.10000000000000142E0	0	0.00000000000000000E0
4.10000000000000142E0	1	2.48832905879423461E9
4.10000000000000142E0	2	4.97665811758846921E9
4.10000000000000142E0	3	7.46498717638270115E9
4.10000000000000142E0	4	9.95331623517693842E9
4.10000000000000142E0	5	1.24416452939711730E10
4.10000000000000142E0	6	1.49299743527654027E10
4.10000000000000142E0	7	1.74183034115596413E10
4.10000000000000142E0	8	1.99066324703538777E10
4.10000000000000142E0	9	2.23949615291481097E10
4.10000000000000142E0	10	2.48832905879423461E10

var_c	harmindex	freq[20, ::]
4.20000000000000107E0	0	0.00000000000000000E0
4.20000000000000107E0	1	2.48750988587485811E9
4.20000000000000107E0	2	4.97501977174971621E9
4.20000000000000107E0	3	7.46252965762457610E9
4.20000000000000107E0	4	9.95003954349943243E9
4.20000000000000107E0	5	1.24375494293742905E10
4.20000000000000107E0	6	1.49250593152491517E10
4.20000000000000107E0	7	1.74125692011240085E10
4.20000000000000107E0	8	1.99000790869988653E10
4.20000000000000107E0	9	2.23875889728737221E10
4.20000000000000107E0	10	2.48750988587485811E10

var_c	harmindex	freq[21, ::]
4.30000000000000071E0	0	0.00000000000000000E0
4.30000000000000071E0	1	2.48672690275435437E9
4.30000000000000071E0	2	4.97345380550870875E9
4.30000000000000071E0	3	7.46018070826306445E9
4.30000000000000071E0	4	9.94690761101741749E9
4.30000000000000071E0	5	1.24336345137717696E10
4.30000000000000071E0	6	1.49203614165261289E10
4.30000000000000071E0	7	1.74070883192804793E10
4.30000000000000071E0	8	1.98938152220348341E10
4.30000000000000071E0	9	2.23805421247891889E10
4.30000000000000071E0	10	2.48672690275435393E10

var_c	harmindex	freq[22, ::]
4.40000000000000036E0	0	0.00000000000000000E0
4.40000000000000036E0	1	2.48597776334296316E9
4.40000000000000036E0	2	4.97195552668592633E9
4.40000000000000036E0	3	7.45793329002888861E9
4.40000000000000036E0	4	9.94391105337185266E9
4.40000000000000036E0	5	1.24298888167148158E10
4.40000000000000036E0	6	1.49158665800577772E10
4.40000000000000036E0	7	1.74018443434007430E10
4.40000000000000036E0	8	1.98878221067437044E10
4.40000000000000036E0	9	2.23737998700866658E10
4.40000000000000036E0	10	2.48597776334296316E10

var_c	harmindex	freq[23, ::]
4.50000000000000000E0	0	0.00000000000000000E0
4.50000000000000000E0	1	2.48526032002722763E9
4.50000000000000000E0	2	4.97052064005445526E9
4.50000000000000000E0	3	7.45578096008168423E9
4.50000000000000000E0	4	9.94104128010891053E9
4.50000000000000000E0	5	1.24263016001361448E10
4.50000000000000000E0	6	1.49115619201633676E10
4.50000000000000000E0	7	1.73968222401905948E10
4.50000000000000000E0	8	1.98820825602178219E10
4.50000000000000000E0	9	2.23673428802450491E10
4.50000000000000000E0	10	2.48526032002722896E10

var_c	harmindex	freq[24, ::]
4.59999999999999964E0	0	0.00000000000000000E0
4.59999999999999964E0	1	2.48457260311809369E9
4.59999999999999964E0	2	4.96914520623618738E9
4.59999999999999964E0	3	7.45371780935427886E9
4.59999999999999964E0	4	9.93829041247237477E9
4.59999999999999964E0	5	1.24228630155904707E10
4.59999999999999964E0	6	1.49074356187085577E10
4.59999999999999964E0	7	1.73920082218266536E10
4.59999999999999964E0	8	1.98765808249447495E10
4.59999999999999964E0	9	2.23611534280628366E10
4.59999999999999964E0	10	2.48457260311809414E10

var_c	harmindex	freq[25, ::]
4.69999999999999929E0	0	0.00000000000000000E0
4.69999999999999929E0	1	2.48391280280089521E9
4.69999999999999929E0	2	4.96782560560179043E9
4.69999999999999929E0	3	7.45173840840268298E9
4.69999999999999929E0	4	9.93565121120358086E9
4.69999999999999929E0	5	1.24195640140044761E10
4.69999999999999929E0	6	1.49034768168053655E10
4.69999999999999929E0	7	1.73873896196062594E10
4.69999999999999929E0	8	1.98713024224071622E10
4.69999999999999929E0	9	2.23552152252080516E10
4.69999999999999929E0	10	2.48391280280089521E10

var_c	harmindex	freq[26, ::]
4.79999999999999893E0	0	0.00000000000000000E0
4.79999999999999893E0	1	2.48327925323856968E9
4.79999999999999893E0	2	4.96655850647713937E9
4.79999999999999893E0	3	7.44983775971570772E9
4.79999999999999893E0	4	9.93311701295427874E9
4.79999999999999893E0	5	1.24163962661928484E10
4.79999999999999893E0	6	1.48996755194314145E10
4.79999999999999893E0	7	1.73829547726699896E10
4.79999999999999893E0	8	1.98662340259085579E10
4.79999999999999893E0	9	2.23495132791471240E10
4.79999999999999893E0	10	2.48327925323856968E10

var_c	harmindex	freq[27, ::]
4.89999999999999858E0	0	0.00000000000000000E0
4.89999999999999858E0	1	2.48267041853482695E9
4.89999999999999858E0	2	4.96534083706965390E9
4.89999999999999858E0	3	7.44801125560447908E9
4.89999999999999858E0	4	9.93068167413930780E9
4.89999999999999858E0	5	1.24133520926741348E10
4.89999999999999858E0	6	1.48960225112089573E10
4.89999999999999858E0	7	1.73786929297437820E10
4.89999999999999858E0	8	1.98613633482786156E10
4.89999999999999858E0	9	2.23440337668134337E10
4.89999999999999858E0	10	2.48267041853482695E10

var_c	harmindex	freq[28, ::]
4.99999999999999822E0	0	0.00000000000000000E0
4.99999999999999822E0	1	2.48208488030769114E9
4.99999999999999822E0	2	4.96416976061538229E9
4.99999999999999822E0	3	7.44625464092307254E9
4.99999999999999822E0	4	9.92833952123076457E9
4.99999999999999822E0	5	1.24104244015384513E10
4.99999999999999822E0	6	1.48925092818461446E10
4.99999999999999822E0	7	1.73745941621538291E10
4.99999999999999822E0	8	1.98566790424615291E10
4.99999999999999822E0	9	2.23387639227692114E10
4.99999999999999822E0	10	2.48208488030769026E10

var_c	harmindex	freq[29, ::]
5.09999999999999787E0	0	0.00000000000000000E0
5.09999999999999787E0	1	2.48152132666242631E9
5.09999999999999787E0	2	4.96304265332485262E9
5.09999999999999787E0	3	7.44456397998727937E9
5.09999999999999787E0	4	9.92608530664970523E9
5.09999999999999787E0	5	1.24076066333121315E10
5.09999999999999787E0	6	1.48891279599745596E10
5.09999999999999787E0	7	1.73706492866369833E10
5.09999999999999787E0	8	1.98521706132994114E10
5.09999999999999787E0	9	2.23336919399618328E10
5.09999999999999787E0	10	2.48152132666242631E10

var_c	harmindex	freq[30, ::]
5.19999999999999751E0	0	0.00000000000000000E0
5.19999999999999751E0	1	2.48097854238305704E9
5.19999999999999751E0	2	4.96195708476611408E9
5.19999999999999751E0	3	7.44293562714917023E9
5.19999999999999751E0	4	9.92391416953222816E9
5.19999999999999751E0	5	1.24048927119152852E10
5.19999999999999751E0	6	1.48858712542983396E10
5.19999999999999751E0	7	1.73668497966813962E10
5.19999999999999751E0	8	1.98478283390644572E10
5.19999999999999751E0	9	2.23288068814475160E10
5.19999999999999751E0	10	2.48097854238305704E10

var_c	harmindex	freq[31, ::]
5.29999999999999716E0	0	0.00000000000000000E0
5.29999999999999716E0	1	2.48045540018835187E9
5.29999999999999716E0	2	4.96091080037670373E9
5.29999999999999716E0	3	7.44136620056505471E9
5.29999999999999716E0	4	9.92182160075340747E9
5.29999999999999716E0	5	1.24022770009417593E10
5.29999999999999716E0	6	1.48827324011301099E10
5.29999999999999716E0	7	1.73631878013184560E10
5.29999999999999716E0	8	1.98436432015068154E10
5.29999999999999716E0	9	2.23240986016951615E10
5.29999999999999716E0	10	2.48045540018835187E10

var_c	harmindex	freq[32, ::]
5.39999999999999680E0	0	0.00000000000000000E0
5.39999999999999680E0	1	2.47995085291996853E9
5.39999999999999680E0	2	4.95990170583993706E9
5.39999999999999680E0	3	7.43985255875990514E9
5.39999999999999680E0	4	9.91980341167987412E9
5.39999999999999680E0	5	1.23997542645998426E10
5.39999999999999680E0	6	1.48797051175198103E10
5.39999999999999680E0	7	1.73596559704397757E10
5.39999999999999680E0	8	1.98396068233597478E10
5.39999999999999680E0	9	2.23195576762797199E10
5.39999999999999680E0	10	2.47995085291996853E10

var_c	harmindex	freq[33, ::]
5.49999999999999645E0	0	0.00000000000000000E0
5.49999999999999645E0	1	2.47946392654869374E9
5.49999999999999645E0	2	4.95892785309738748E9
5.49999999999999645E0	3	7.43839177964608034E9
5.49999999999999645E0	4	9.91785570619477497E9
5.49999999999999645E0	5	1.23973196327434687E10
5.49999999999999645E0	6	1.48767835592921616E10
5.49999999999999645E0	7	1.73562474858408544E10
5.49999999999999645E0	8	1.98357114123895495E10
5.49999999999999645E0	9	2.23151753389382446E10
5.49999999999999645E0	10	2.47946392654869374E10

var_c	harmindex	freq[34, ::]
5.59999999999999609E0	0	0.00000000000000000E0
5.59999999999999609E0	1	2.47899371390065504E9
5.59999999999999609E0	2	4.95798742780131008E9
5.59999999999999609E0	3	7.43698114170196600E9
5.59999999999999609E0	4	9.91597485560262015E9
5.59999999999999609E0	5	1.23949685695032752E10
5.59999999999999609E0	6	1.48739622834039320E10
5.59999999999999609E0	7	1.73529559973045910E10
5.59999999999999609E0	8	1.98319497112052412E10
5.59999999999999609E0	9	2.23109434251058936E10
5.59999999999999609E0	10	2.47899371390065504E10

var_c	harmindex	freq[35, ::]
5.69999999999999574E0	0	0.00000000000000000E0
5.69999999999999574E0	1	2.47853936901851046E9
5.69999999999999574E0	2	4.95707873803702093E9
5.69999999999999574E0	3	7.43561810705553050E9
5.69999999999999574E0	4	9.91415747607404185E9
5.69999999999999574E0	5	1.23926968450925501E10
5.69999999999999574E0	6	1.48712362141110610E10
5.69999999999999574E0	7	1.73497755831295697E10
5.69999999999999574E0	8	1.98283149521480828E10
5.69999999999999574E0	9	2.23068543211665915E10
5.69999999999999574E0	10	2.47853936901851002E10

var_c	harmindex	freq[36, ::]
5.79999999999999538E0	0	0.00000000000000000E0
5.79999999999999538E0	1	2.47810010208380005E9
5.79999999999999538E0	2	4.95620020416760010E9
5.79999999999999538E0	3	7.43430030625140148E9
5.79999999999999538E0	4	9.91240040833520020E9
5.79999999999999538E0	5	1.23905005104190002E10
5.79999999999999538E0	6	1.48686006125028025E10
5.79999999999999538E0	7	1.73467007145866114E10
5.79999999999999538E0	8	1.98248008166704004E10
5.79999999999999538E0	9	2.23029009187542027E10
5.79999999999999538E0	10	2.47810010208380005E10

var_c	harmindex	freq[37, ::]
5.89999999999999503E0	0	0.00000000000000000E0
5.89999999999999503E0	1	2.47767517483644539E9
5.89999999999999503E0	2	4.95535034967289079E9
5.89999999999999503E0	3	7.43302552450933707E9
5.89999999999999503E0	4	9.91070069934578157E9
5.89999999999999503E0	5	1.23883758741822270E10
5.89999999999999503E0	6	1.48660510490186737E10
5.89999999999999503E0	7	1.73437262238551204E10
5.89999999999999503E0	8	1.98214013986915627E10
5.89999999999999503E0	9	2.22990765735280139E10
5.89999999999999503E0	10	2.47767517483644539E10

var_c	harmindex	freq[38, ::]
5.99999999999999467E0	0	0.00000000000000000E0
5.99999999999999467E0	1	2.47726389643549894E9
5.99999999999999467E0	2	4.95452779287099787E9
5.99999999999999467E0	3	7.43179168930649769E9
5.99999999999999467E0	4	9.90905558574199574E9
5.99999999999999467E0	5	1.23863194821774947E10
5.99999999999999467E0	6	1.48635833786129945E10
5.99999999999999467E0	7	1.73408472750485032E10
5.99999999999999467E0	8	1.98181111714839919E10
5.99999999999999467E0	9	2.22953750679194940E10
5.99999999999999467E0	10	2.47726389643549894E10

var_c	harmindex	freq[39, ::]
6.09999999999999432E0	0	0.00000000000000000E0
6.09999999999999432E0	1	2.47686561971233976E9
6.09999999999999432E0	2	4.95373123942467952E9
6.09999999999999432E0	3	7.43059685913702062E9
6.09999999999999432E0	4	9.90746247884935904E9
6.09999999999999432E0	5	1.23843280985616988E10
6.09999999999999432E0	6	1.48611937182740417E10
6.09999999999999432E0	7	1.73380593379863801E10
6.09999999999999432E0	8	1.98149249576987185E10
6.09999999999999432E0	9	2.22917905774110592E10
6.09999999999999432E0	10	2.47686561971233976E10

var_c	harmindex	freq[40, ::]
6.19999999999999396E0	0	0.00000000000000000E0
6.19999999999999396E0	1	2.47647973777356878E9
6.19999999999999396E0	2	4.95295947554713756E9
6.19999999999999396E0	3	7.42943921332070367E9
6.19999999999999396E0	4	9.90591895109427512E9
6.19999999999999396E0	5	1.23823986888678439E10
6.19999999999999396E0	6	1.48588784266414065E10
6.19999999999999396E0	7	1.73353581644149801E10
6.19999999999999396E0	8	1.98118379021885493E10
6.19999999999999396E0	9	2.22883176399621075E10
6.19999999999999396E0	10	2.47647973777356878E10

var_c	harmindex	freq[41, ::]
6.29999999999999361E0	0	0.00000000000000000E0
6.29999999999999361E0	1	2.47610568091616390E9
6.29999999999999361E0	2	4.95221136183232780E9
6.29999999999999361E0	3	7.42831704274849169E9
6.29999999999999361E0	4	9.90442272366465559E9
6.29999999999999361E0	5	1.23805284045808195E10
6.29999999999999361E0	6	1.48566340854969825E10
6.29999999999999361E0	7	1.73327397664131477E10
6.29999999999999361E0	8	1.98088454473293107E10
6.29999999999999361E0	9	2.22849511282454760E10
6.29999999999999361E0	10	2.47610568091616390E10

var_c	harmindex	freq[42, ::]
6.39999999999999325E0	0	0.00000000000000000E0
6.39999999999999325E0	1	2.47574291382184208E9
6.39999999999999325E0	2	4.95148582764368417E9
6.39999999999999325E0	3	7.42722874146552936E9
6.39999999999999325E0	4	9.90297165528736834E9
6.39999999999999325E0	5	1.23787145691092104E10
6.39999999999999325E0	6	1.48544574829310583E10
6.39999999999999325E0	7	1.73302003967529039E10
6.39999999999999325E0	8	1.98059433105747362E10
6.39999999999999325E0	9	2.22816862243965819E10
6.39999999999999325E0	10	2.47574291382184208E10

var_c	harmindex	freq[43, ::]
6.49999999999999289E0	0	0.00000000000000000E0
6.49999999999999289E0	1	2.47539093300162616E9
6.49999999999999289E0	2	4.95078186600325232E9
6.49999999999999289E0	3	7.42617279900487937E9
6.49999999999999289E0	4	9.90156373200650464E9
6.49999999999999289E0	5	1.23769546650081308E10
6.49999999999999289E0	6	1.48523455980097596E10
6.49999999999999289E0	7	1.73277365310113818E10
6.49999999999999289E0	8	1.98031274640130084E10
6.49999999999999289E0	9	2.22785183970146372E10
6.49999999999999289E0	10	2.47539093300162616E10

var_c	harmindex	freq[44, ::]
6.59999999999999254E0	0	0.00000000000000000E0
6.59999999999999254E0	1	2.47504926334661723E9
6.59999999999999254E0	2	4.95009852669323447E9
6.59999999999999254E0	3	7.42514779003985126E9
6.59999999999999254E0	4	9.90019705338646894E9
6.59999999999999254E0	5	1.23752463167330862E10
6.59999999999999254E0	6	1.48502955800797021E10
6.59999999999999254E0	7	1.73253448434263246E10
6.59999999999999254E0	8	1.98003941067729383E10
6.59999999999999254E0	9	2.22754433701195609E10
6.59999999999999254E0	10	2.47504926334661723E10

var_c	harmindex	freq[45, ::]
6.69999999999999218E0	0	0.00000000000000000E0
6.69999999999999218E0	1	2.47471746055077535E9
6.69999999999999218E0	2	4.94943492110155070E9
6.69999999999999218E0	3	7.42415238165232694E9
6.69999999999999218E0	4	9.89886984220310140E9
6.69999999999999218E0	5	1.23735873027538723E10
6.69999999999999218E0	6	1.48483047633046539E10
6.69999999999999218E0	7	1.73230222238554288E10
6.69999999999999218E0	8	1.97977396844062037E10
6.69999999999999218E0	9	2.22724571449569808E10
6.69999999999999218E0	10	2.47471746055077446E10

var_c	harmindex	freq[46, ::]
6.79999999999999183E0	0	0.00000000000000000E0
6.79999999999999183E0	1	2.47439510221237757E9
6.79999999999999183E0	2	4.94879020442475515E9
6.79999999999999183E0	3	7.42318530663713183E9
6.79999999999999183E0	4	9.89758040884951029E9
6.79999999999999183E0	5	1.23719755110618879E10
6.79999999999999183E0	6	1.48463706132742645E10
6.79999999999999183E0	7	1.73207657154866368E10
6.79999999999999183E0	8	1.97951608176990201E10
6.79999999999999183E0	9	2.22695559199113902E10
6.79999999999999183E0	10	2.47439510221237757E10

var_c	harmindex	freq[47, ::]
6.89999999999999147E0	0	0.00000000000000000E0
6.89999999999999147E0	1	2.47408179077143986E9
6.89999999999999147E0	2	4.94816358154287972E9
6.89999999999999147E0	3	7.42224537231431913E9
6.89999999999999147E0	4	9.89632716308575944E9
6.89999999999999147E0	5	1.23704089538571993E10
6.89999999999999147E0	6	1.48444907446286378E10
6.89999999999999147E0	7	1.73185725354000786E10
6.89999999999999147E0	8	1.97926543261715193E10
6.89999999999999147E0	9	2.22667361169429645E10
6.89999999999999147E0	10	2.47408179077143986E10

var_c	harmindex	freq[48, ::]
6.99999999999999112E0	0	0.00000000000000000E0
6.99999999999999112E0	1	2.47377715067166903E9
6.99999999999999112E0	2	4.94755430134333807E9
6.99999999999999112E0	3	7.42133145201500799E9
6.99999999999999112E0	4	9.89510860268667614E9
6.99999999999999112E0	5	1.23688857533583452E10
6.99999999999999112E0	6	1.48426629040300151E10
6.99999999999999112E0	7	1.73164400547016806E10
6.99999999999999112E0	8	1.97902172053733527E10
6.99999999999999112E0	9	2.22639943560450160E10
6.99999999999999112E0	10	2.47377715067166903E10

var_c	harmindex	freq[49, ::]
7.09999999999999076E0	0	0.00000000000000000E0
7.09999999999999076E0	1	2.47348082685938309E9
7.09999999999999076E0	2	4.94696165371876617E9
7.09999999999999076E0	3	7.42044248057814837E9
7.09999999999999076E0	4	9.89392330743753234E9
7.09999999999999076E0	5	1.23674041342969154E10
7.09999999999999076E0	6	1.48408849611562976E10
7.09999999999999076E0	7	1.73143657880156820E10
7.09999999999999076E0	8	1.97878466148750642E10
7.09999999999999076E0	9	2.22613274417344487E10
7.09999999999999076E0	10	2.47348082685938309E10

var_c	harmindex	freq[50, ::]
7.19999999999999041E0	0	0.00000000000000000E0
7.19999999999999041E0	1	2.47319248340233955E9
7.19999999999999041E0	2	4.94638496680467910E9
7.19999999999999041E0	3	7.41957745020701775E9
7.19999999999999041E0	4	9.89276993360935819E9
7.19999999999999041E0	5	1.23659624170116933E10
7.19999999999999041E0	6	1.48391549004140355E10
7.19999999999999041E0	7	1.73123473838163777E10
7.19999999999999041E0	8	1.97855398672187155E10
7.19999999999999041E0	9	2.22587323506210577E10
7.19999999999999041E0	10	2.47319248340233866E10

var_c	harmindex	freq[51, ::]
7.29999999999999005E0	0	0.00000000000000000E0
7.29999999999999005E0	1	2.47291180221998896E9
7.29999999999999005E0	2	4.94582360443997793E9
7.29999999999999005E0	3	7.41873540665996511E9
7.29999999999999005E0	4	9.89164720887995585E9
7.29999999999999005E0	5	1.23645590110999448E10
7.29999999999999005E0	6	1.48374708133199307E10
7.29999999999999005E0	7	1.73103826155399210E10
7.29999999999999005E0	8	1.97832944177599113E10
7.29999999999999005E0	9	2.22562062199798927E10
7.29999999999999005E0	10	2.47291180221998896E10

var_c	harmindex	freq[52, ::]
7.39999999999998970E0	0	0.00000000000000000E0
7.39999999999998970E0	1	2.47263848191360491E9
7.39999999999998970E0	2	4.94527696382720983E9
7.39999999999998970E0	3	7.41791544574081563E9
7.39999999999998970E0	4	9.89055392765441965E9
7.39999999999998970E0	5	1.23631924095680246E10
7.39999999999998970E0	6	1.48358308914816317E10
7.39999999999998970E0	7	1.73084693733952344E10
7.39999999999998970E0	8	1.97811078553088393E10
7.39999999999998970E0	9	2.22537463372224442E10
7.39999999999998970E0	10	2.47263848191360491E10

var_c	harmindex	freq[53, ::]
7.49999999999998934E0	0	0.00000000000000000E0
7.49999999999998934E0	1	2.47237223668673600E9
7.49999999999998934E0	2	4.94474447337347200E9
7.49999999999998934E0	3	7.41711671006020801E9
7.49999999999998934E0	4	9.88948894674694401E9
7.49999999999998934E0	5	1.23618611834336800E10
7.49999999999998934E0	6	1.48342334201204151E10
7.49999999999998934E0	7	1.73066056568071502E10
7.49999999999998934E0	8	1.97789778934938876E10
7.49999999999998934E0	9	2.22513501301806205E10
7.49999999999998934E0	10	2.47237223668673600E10

var_c	harmindex	freq[54, ::]
7.59999999999998899E0	0	0.00000000000000000E0
7.59999999999998899E0	1	2.47211279534806838E9
7.59999999999998899E0	2	4.94422559069613676E9
7.59999999999998899E0	3	7.41633838604420514E9
7.59999999999998899E0	4	9.88845118139227353E9
7.59999999999998899E0	5	1.23605639767403419E10
7.59999999999998899E0	6	1.48326767720884112E10
7.59999999999998899E0	7	1.73047895674364804E10
7.59999999999998899E0	8	1.97769023627845475E10
7.59999999999998899E0	9	2.22490151581326145E10
7.59999999999998899E0	10	2.47211279534806838E10

var_c	harmindex	freq[55, ::]
7.69999999999998863E0	0	0.00000000000000000E0
7.69999999999998863E0	1	2.47185990039091630E9
7.69999999999998863E0	2	4.94371980078183260E9
7.69999999999998863E0	3	7.41557970117275023E9
7.69999999999998863E0	4	9.88743960156366519E9
7.69999999999998863E0	5	1.23592995019545815E10
7.69999999999998863E0	6	1.48311594023454996E10
7.69999999999998863E0	7	1.73030193027364088E10
7.69999999999998863E0	8	1.97748792031273313E10
7.69999999999998863E0	9	2.22467391035182427E10
7.69999999999998863E0	10	2.47185990039091630E10

var_c	harmindex	freq[56, ::]
7.79999999999998828E0	0	0.00000000000000000E0
7.79999999999998828E0	1	2.47161330714060634E9
7.79999999999998828E0	2	4.94322661428121268E9
7.79999999999998828E0	3	7.41483992142181858E9
7.79999999999998828E0	4	9.88645322856242537E9
7.79999999999998828E0	5	1.23580665357030317E10
7.79999999999998828E0	6	1.48296798428436372E10
7.79999999999998828E0	7	1.73012931499842493E10
7.79999999999998828E0	8	1.97729064571248503E10
7.79999999999998828E0	9	2.22445197642654557E10
7.79999999999998828E0	10	2.47161330714060634E10

var_c	harmindex	freq[57, ::]
7.89999999999998792E0	0	0.00000000000000000E0
7.89999999999998792E0	1	2.47137278296479668E9
7.89999999999998792E0	2	4.94274556592959335E9
7.89999999999998792E0	3	7.41411834889439092E9
7.89999999999998792E0	4	9.88549113185918671E9
7.89999999999998792E0	5	1.23568639148239834E10
7.89999999999998792E0	6	1.48282366977887814E10
7.89999999999998792E0	7	1.72996094807535772E10
7.89999999999998792E0	8	1.97709822637183730E10
7.89999999999998792E0	9	2.22423550466831710E10
7.89999999999998792E0	10	2.47137278296479668E10

var_c	harmindex	freq[58, ::]
7.99999999999998757E0	0	0.00000000000000000E0
7.99999999999998757E0	1	2.47113810654216604E9
7.99999999999998757E0	2	4.94227621308433207E9
7.99999999999998757E0	3	7.41341431962650166E9
7.99999999999998757E0	4	9.88455242616866414E9
7.99999999999998757E0	5	1.23556905327108346E10
7.99999999999998757E0	6	1.48268286392530024E10
7.99999999999998757E0	7	1.72979667457951658E10
7.99999999999998757E0	8	1.97691048523373292E10
7.99999999999998757E0	9	2.22402429588794970E10
7.99999999999998757E0	10	2.47113810654216692E10

var_c	harmindex	freq[59, ::]
8.09999999999998721E0	0	0.00000000000000000E0
8.09999999999998721E0	1	2.47090906718281156E9
8.09999999999998721E0	2	4.94181813436562312E9
8.09999999999998721E0	3	7.41272720154843689E9
8.09999999999998721E0	4	9.88363626873124623E9
8.09999999999998721E0	5	1.23545453359140578E10
8.09999999999998721E0	6	1.48254544030968738E10
8.09999999999998721E0	7	1.72963634702796898E10
8.09999999999998721E0	8	1.97672725374624925E10
8.09999999999998721E0	9	2.22381816046453107E10
8.09999999999998721E0	10	2.47090906718281156E10

var_c	harmindex	freq[60, ::]
8.19999999999998685E0	0	0.00000000000000000E0
8.19999999999998685E0	1	2.47068546419772783E9
8.19999999999998685E0	2	4.94137092839545566E9
8.19999999999998685E0	3	7.41205639259318350E9
8.19999999999998685E0	4	9.88274185679091133E9
8.19999999999998685E0	5	1.23534273209886392E10
8.19999999999998685E0	6	1.48241127851863674E10
8.19999999999998685E0	7	1.72947982493840935E10
8.19999999999998685E0	8	1.97654837135818218E10
8.19999999999998685E0	9	2.22361691777795478E10
8.19999999999998685E0	10	2.47068546419772783E10

var_c	harmindex	freq[61, ::]
8.29999999999998650E0	0	0.00000000000000000E0
8.29999999999998650E0	1	2.47046710631183242E9
8.29999999999998650E0	2	4.94093421262366483E9
8.29999999999998650E0	3	7.41140131893549814E9
8.29999999999998650E0	4	9.88186842524732967E9
8.29999999999998650E0	5	1.23523355315591621E10
8.29999999999998650E0	6	1.48228026378709954E10
8.29999999999998650E0	7	1.72932697441828287E10
8.29999999999998650E0	8	1.97637368504946598E10
8.29999999999998650E0	9	2.22342039568064909E10
8.29999999999998650E0	10	2.47046710631183242E10

var_c	harmindex	freq[62, ::]
8.39999999999998614E0	0	0.00000000000000000E0
8.39999999999998614E0	1	2.47025381111938191E9
8.39999999999998614E0	2	4.94050762223876383E9
8.39999999999998614E0	3	7.41076143335814930E9
8.39999999999998614E0	4	9.88101524447752766E9
8.39999999999998614E0	5	1.23512690555969096E10
8.39999999999998614E0	6	1.48215228667162990E10
8.39999999999998614E0	7	1.72917766778356707E10
8.39999999999998614E0	8	1.97620304889550558E10
8.39999999999998614E0	9	2.22322843000744408E10
8.39999999999998614E0	10	2.47025381111938191E10

var_c	harmindex	freq[63, ::]
8.49999999999998579E0	0	0.00000000000000000E0
8.49999999999998579E0	1	2.47004540457518607E9
8.49999999999998579E0	2	4.94009080915037213E9
8.49999999999998579E0	3	7.41013621372555775E9
8.49999999999998579E0	4	9.88018161830074426E9
8.49999999999998579E0	5	1.23502270228759281E10
8.49999999999998579E0	6	1.48202724274511155E10
8.49999999999998579E0	7	1.72903178320263029E10
8.49999999999998579E0	8	1.97603632366014881E10
8.49999999999998579E0	9	2.22304086411766688E10
8.49999999999998579E0	10	2.47004540457518562E10

var_c	harmindex	freq[64, ::]
8.59999999999998543E0	0	0.00000000000000000E0
8.59999999999998543E0	1	2.46984172052083828E9
8.59999999999998543E0	2	4.93968344104167656E9
8.59999999999998543E0	3	7.40952516156251839E9
8.59999999999998543E0	4	9.87936688208335312E9
8.59999999999998543E0	5	1.23492086026041914E10
8.59999999999998543E0	6	1.48190503231250359E10
8.59999999999998543E0	7	1.72888920436458693E10
8.59999999999998543E0	8	1.97587337641667071E10
8.59999999999998543E0	9	2.22285754846875472E10
8.59999999999998543E0	10	2.46984172052083828E10

var_c	harmindex	freq[65, ::]
8.69999999999998508E0	0	0.00000000000000000E0
8.69999999999998508E0	1	2.46964260024357207E9
8.69999999999998508E0	2	4.93928520048714415E9
8.69999999999998508E0	3	7.40892780073071755E9
8.69999999999998508E0	4	9.87857040097428829E9
8.69999999999998508E0	5	1.23482130012178604E10
8.69999999999998508E0	6	1.48178556014614360E10
8.69999999999998508E0	7	1.72874982017050050E10
8.69999999999998508E0	8	1.97571408019485761E10
8.69999999999998508E0	9	2.22267834021921473E10
8.69999999999998508E0	10	2.46964260024357207E10

var_c	harmindex	freq[66, ::]
8.79999999999998472E0	0	0.00000000000000000E0
8.79999999999998472E0	1	2.46944789206339044E9
8.79999999999998472E0	2	4.93889578412678087E9
8.79999999999998472E0	3	7.40834367619017087E9
8.79999999999998472E0	4	9.87779156825356175E9
8.79999999999998472E0	5	1.23472394603169522E10
8.79999999999998472E0	6	1.48166873523803422E10
8.79999999999998472E0	7	1.72861352444437344E10
8.79999999999998472E0	8	1.97555831365071244E10
8.79999999999998472E0	9	2.22250310285705099E10
8.79999999999998472E0	10	2.46944789206339044E10

var_c	harmindex	freq[67, ::]
8.89999999999998437E0	0	0.00000000000000000E0
8.89999999999998437E0	1	2.46925745094813553E9
8.89999999999998437E0	2	4.93851490189627107E9
8.89999999999998437E0	3	7.40777235284440394E9
8.89999999999998437E0	4	9.87702980379254214E9
8.89999999999998437E0	5	1.23462872547406777E10
8.89999999999998437E0	6	1.48155447056888079E10
8.89999999999998437E0	7	1.72848021566369492E10
8.89999999999998437E0	8	1.97540596075850838E10
8.89999999999998437E0	9	2.22233170585332207E10
8.89999999999998437E0	10	2.46925745094813553E10

var_c	harmindex	freq[68, ::]
8.99999999999998401E0	0	0.00000000000000000E0
8.99999999999998401E0	1	2.46907113815293222E9
8.99999999999998401E0	2	4.93814227630586444E9
8.99999999999998401E0	3	7.40721341445879666E9
8.99999999999998401E0	4	9.87628455261172888E9
8.99999999999998401E0	5	1.23453556907646611E10
8.99999999999998401E0	6	1.48144268289175929E10
8.99999999999998401E0	7	1.72834979670705313E10
8.99999999999998401E0	8	1.97525691052234587E10
8.99999999999998401E0	9	2.22216402433763927E10
8.99999999999998401E0	10	2.46907113815293222E10

var_c	harmindex	freq[69, ::]
9.09999999999998366E0	0	0.00000000000000000E0
9.09999999999998366E0	1	2.46888882088342410E9
9.09999999999998366E0	2	4.93777764176684819E9
9.09999999999998366E0	3	7.40666646265027317E9
9.09999999999998366E0	4	9.87555528353369638E9
9.09999999999998366E0	5	1.23444441044171205E10
9.09999999999998366E0	6	1.48133329253005463E10
9.09999999999998366E0	7	1.72822217461839678E10
9.09999999999998366E0	8	1.97511105670673937E10
9.09999999999998366E0	9	2.22199993879508195E10
9.09999999999998366E0	10	2.46888882088342410E10

var_c	harmindex	freq[70, ::]
9.19999999999998330E0	0	0.00000000000000000E0
9.19999999999998330E0	1	2.46871037197999588E9
9.19999999999998330E0	2	4.93742074395999175E9
9.19999999999998330E0	3	7.40613111593998763E9
9.19999999999998330E0	4	9.87484148791998351E9
9.19999999999998330E0	5	1.23435518598999794E10
9.19999999999998330E0	6	1.48122622318799757E10
9.19999999999998330E0	7	1.72809726038599676E10
9.19999999999998330E0	8	1.97496829758399661E10
9.19999999999998330E0	9	2.22183933478199647E10
9.19999999999998330E0	10	2.46871037197999588E10

var_c	harmindex	freq[71, ::]
9.29999999999998295E0	0	0.00000000000000000E0
9.29999999999998295E0	1	2.46853566962217830E9
9.29999999999998295E0	2	4.93707133924435659E9
9.29999999999998295E0	3	7.40560700886653667E9
9.29999999999998295E0	4	9.87414267848871319E9
9.29999999999998295E0	5	1.23426783481108915E10
9.29999999999998295E0	6	1.48112140177330742E10
9.29999999999998295E0	7	1.72797496873552525E10
9.29999999999998295E0	8	1.97482853569774264E10
9.29999999999998295E0	9	2.22168210265996091E10
9.29999999999998295E0	10	2.46853566962217830E10

var_c	harmindex	freq[72, ::]
9.39999999999998259E0	0	0.00000000000000000E0
9.39999999999998259E0	1	2.46836459705114342E9
9.39999999999998259E0	2	4.93672919410228683E9
9.39999999999998259E0	3	7.40509379115343069E9
9.39999999999998259E0	4	9.87345838820457367E9
9.39999999999998259E0	5	1.23418229852557237E10
9.39999999999998259E0	6	1.48101875823068618E10
9.39999999999998259E0	7	1.72785521793580044E10
9.39999999999998259E0	8	1.97469167764091469E10
9.39999999999998259E0	9	2.22152813734602939E10
9.39999999999998259E0	10	2.46836459705114475E10

var_c	harmindex	freq[73, ::]
9.49999999999998224E0	0	0.00000000000000000E0
9.49999999999998224E0	1	2.46819704230976900E9
9.49999999999998224E0	2	4.93639408461953799E9
9.49999999999998224E0	3	7.40459112692930876E9
9.49999999999998224E0	4	9.87278816923907598E9
9.49999999999998224E0	5	1.23409852115488450E10
9.49999999999998224E0	6	1.48091822538586171E10
9.49999999999998224E0	7	1.72773792961683847E10
9.49999999999998224E0	8	1.97455763384781524E10
9.49999999999998224E0	9	2.22137733807879201E10
9.49999999999998224E0	10	2.46819704230976900E10

var_c	harmindex	freq[74, ::]
9.59999999999998188E0	0	0.00000000000000000E0
9.59999999999998188E0	1	2.46803289799811054E9
9.59999999999998188E0	2	4.93606579599622108E9
9.59999999999998188E0	3	7.40409869399433340E9
9.59999999999998188E0	4	9.87213159199244217E9
9.59999999999998188E0	5	1.23401644899905527E10
9.59999999999998188E0	6	1.48081973879886664E10
9.59999999999998188E0	7	1.72762302859867778E10
9.59999999999998188E0	8	1.97442631839848848E10
9.59999999999998188E0	9	2.22122960819829984E10
9.59999999999998188E0	10	2.46803289799811054E10

var_c	harmindex	freq[75, ::]
9.69999999999998153E0	0	0.00000000000000000E0
9.69999999999998153E0	1	2.46787206104405987E9
9.69999999999998153E0	2	4.93574412208811975E9
9.69999999999998153E0	3	7.40361618313217740E9
9.69999999999998153E0	4	9.87148824417623949E9
9.69999999999998153E0	5	1.23393603052202971E10
9.69999999999998153E0	6	1.48072323662643557E10
9.69999999999998153E0	7	1.72751044273084209E10
9.69999999999998153E0	8	1.97429764883524794E10
9.69999999999998153E0	9	2.22108485493965357E10
9.69999999999998153E0	10	2.46787206104405943E10

var_c	harmindex	freq[76, ::]
9.79999999999998117E0	0	0.00000000000000000E0
9.79999999999998117E0	1	2.46771443248727262E9
9.79999999999998117E0	2	4.93542886497454525E9
9.79999999999998117E0	3	7.40314329746181876E9
9.79999999999998117E0	4	9.87085772994909050E9
9.79999999999998117E0	5	1.23385721624363631E10
9.79999999999998117E0	6	1.48062865949236366E10
9.79999999999998117E0	7	1.72740010274109035E10
9.79999999999998117E0	8	1.97417154598981814E10
9.79999999999998117E0	9	2.22094298923854483E10
9.79999999999998117E0	10	2.46771443248727262E10

var_c	harmindex	freq[77, ::]
9.89999999999998082E0	0	0.00000000000000000E0
9.89999999999998082E0	1	2.46755991727662760E9
9.89999999999998082E0	2	4.93511983455325520E9
9.89999999999998082E0	3	7.40267975182988192E9
9.89999999999998082E0	4	9.87023966910651041E9
9.89999999999998082E0	5	1.23377995863831380E10
9.89999999999998082E0	6	1.48053595036597629E10
9.89999999999998082E0	7	1.72729194209363968E10
9.89999999999998082E0	8	1.97404793382130217E10
9.89999999999998082E0	9	2.22080392554896466E10
9.89999999999998082E0	10	2.46755991727662760E10

var_c	harmindex	freq[78, ::]
9.99999999999998046E0	0	0.00000000000000000E0
9.99999999999998046E0	1	2.46740842407849037E9
9.99999999999998046E0	2	4.93481684815698074E9
9.99999999999998046E0	3	7.40222527223547200E9
9.99999999999998046E0	4	9.86963369631396148E9
9.99999999999998046E0	5	1.23370421203924563E10
9.99999999999998046E0	6	1.48044505444709440E10
9.99999999999998046E0	7	1.72718589685494339E10
9.99999999999998046E0	8	1.97392673926279238E10
9.99999999999998046E0	9	2.22066758167064204E10
9.99999999999998046E0	10	2.46740842407849126E10

var_c	harmindex	freq[79, ::]
1.00999999999999801E1	0	0.00000000000000000E0
1.00999999999999801E1	1	2.46725986509714001E9
1.00999999999999801E1	2	4.93451973019428003E9
1.00999999999999801E1	3	7.40177959529142093E9
1.00999999999999801E1	4	9.86903946038856006E9
1.00999999999999801E1	5	1.23362993254857001E10
1.00999999999999801E1	6	1.48035591905828423E10
1.00999999999999801E1	7	1.72708190556799868E10
1.00999999999999801E1	8	1.97380789207771201E10
1.00999999999999801E1	9	2.22053387858742690E10
1.00999999999999801E1	10	2.46725986509714001E10

var_c	harmindex	freq[80, ::]
1.01999999999999802E1	0	0.00000000000000000E0
1.01999999999999802E1	1	2.46711415590502359E9
1.01999999999999802E1	2	4.93422831181004717E9
1.01999999999999802E1	3	7.40134246771507076E9
1.01999999999999802E1	4	9.86845662362009435E9
1.01999999999999802E1	5	1.23355707795251179E10
1.01999999999999802E1	6	1.48026849354301415E10
1.01999999999999802E1	7	1.72697990913351695E10
1.01999999999999802E1	8	1.97369132472401887E10
1.01999999999999802E1	9	2.22040274031452167E10
1.01999999999999802E1	10	2.46711415590502359E10

var_c	harmindex	freq[81, ::]
1.02999999999999803E1	0	0.00000000000000000E0
1.02999999999999803E1	1	2.46697121528276586E9
1.02999999999999803E1	2	4.93394243056553172E9
1.02999999999999803E1	3	7.40091364584829847E9
1.02999999999999803E1	4	9.86788486113106345E9
1.02999999999999803E1	5	1.23348560764138293E10
1.02999999999999803E1	6	1.48018272916965965E10
1.02999999999999803E1	7	1.72687985069793659E10
1.02999999999999803E1	8	1.97357697222621264E10
1.02999999999999803E1	9	2.22027409375448936E10
1.02999999999999803E1	10	2.46697121528276586E10

var_c	harmindex	freq[82, ::]
1.03999999999999782E1	0	0.00000000000000000E0
1.03999999999999782E1	1	2.46683096506816479E9
1.03999999999999782E1	2	4.93366193013632959E9
1.03999999999999782E1	3	7.40049289520449349E9
1.03999999999999782E1	4	9.86732386027265918E9
1.03999999999999782E1	5	1.23341548253408240E10
1.03999999999999782E1	6	1.48009857904089870E10
1.03999999999999782E1	7	1.72678167554771522E10
1.03999999999999782E1	8	1.97346477205453175E10
1.03999999999999782E1	9	2.22014786856134849E10
1.03999999999999782E1	10	2.46683096506816479E10

var_c	harmindex	freq[83, ::]
1.04999999999999782E1	0	0.00000000000000000E0
1.04999999999999782E1	1	2.46669333001378721E9
1.04999999999999782E1	2	4.93338666002757442E9
1.04999999999999782E1	3	7.40007999004136074E9
1.04999999999999782E1	4	9.86677332005514884E9
1.04999999999999782E1	5	1.23334666500689361E10
1.04999999999999782E1	6	1.48001599800827210E10
1.04999999999999782E1	7	1.72668533100965105E10
1.04999999999999782E1	8	1.97335466401102977E10
1.04999999999999782E1	9	2.22002399701240849E10
1.04999999999999782E1	10	2.46669333001378721E10

var_c	harmindex	freq[84, ::]
1.05999999999999783E1	0	0.00000000000000000E0
1.05999999999999783E1	1	2.46655823765233428E9
1.05999999999999783E1	2	4.93311647530466857E9
1.05999999999999783E1	3	7.39967471295700374E9
1.05999999999999783E1	4	9.86623295060933714E9
1.05999999999999783E1	5	1.23327911882616714E10
1.05999999999999783E1	6	1.47993494259140079E10
1.05999999999999783E1	7	1.72659076635663444E10
1.05999999999999783E1	8	1.97324659012186743E10
1.05999999999999783E1	9	2.21990241388710130E10
1.05999999999999783E1	10	2.46655823765233428E10

var_c	harmindex	freq[85, ::]
1.06999999999999784E1	0	0.00000000000000000E0
1.06999999999999784E1	1	2.46642561816926387E9
1.06999999999999784E1	2	4.93285123633852773E9
1.06999999999999784E1	3	7.39927685450779471E9
1.06999999999999784E1	4	9.86570247267705547E9
1.06999999999999784E1	5	1.23321280908463260E10
1.06999999999999784E1	6	1.47985537090155894E10
1.06999999999999784E1	7	1.72649793271848528E10
1.06999999999999784E1	8	1.97314049453541118E10
1.06999999999999784E1	9	2.21978305635233752E10
1.06999999999999784E1	10	2.46642561816926520E10

var_c	harmindex	freq[86, ::]
1.07999999999999785E1	0	0.00000000000000000E0
1.07999999999999785E1	1	2.46629540428286331E9
1.07999999999999785E1	2	4.93259080856572663E9
1.07999999999999785E1	3	7.39888621284859038E9
1.07999999999999785E1	4	9.86518161713145325E9
1.07999999999999785E1	5	1.23314770214143166E10
1.07999999999999785E1	6	1.47977724256971799E10
1.07999999999999785E1	7	1.72640678299800432E10
1.07999999999999785E1	8	1.97303632342629065E10
1.07999999999999785E1	9	2.21966586385457676E10
1.07999999999999785E1	10	2.46629540428286331E10

var_c	harmindex	freq[87, ::]
1.08999999999999764E1	0	0.00000000000000000E0
1.08999999999999764E1	1	2.46616753113003018E9
1.08999999999999764E1	2	4.93233506226006035E9
1.08999999999999764E1	3	7.39850259339008876E9
1.08999999999999764E1	4	9.86467012452012071E9
1.08999999999999764E1	5	1.23308376556501509E10
1.08999999999999764E1	6	1.47970051867801766E10
1.08999999999999764E1	7	1.72631727179102090E10
1.08999999999999764E1	8	1.97293402490402414E10
1.08999999999999764E1	9	2.21955077801702672E10
1.08999999999999764E1	10	2.46616753113003018E10

var_c	harmindex	freq[88, ::]
1.09999999999999765E1	0	0.00000000000000000E0
1.09999999999999765E1	1	2.46604193615874134E9
1.09999999999999765E1	2	4.93208387231748269E9
1.09999999999999765E1	3	7.39812580847622581E9
1.09999999999999765E1	4	9.86416774463496537E9
1.09999999999999765E1	5	1.23302096807937067E10
1.09999999999999765E1	6	1.47962516169524516E10
1.09999999999999765E1	7	1.72622935531111854E10
1.09999999999999765E1	8	1.97283354892699303E10
1.09999999999999765E1	9	2.21943774254286774E10
1.09999999999999765E1	10	2.46604193615874134E10

var_c	harmindex	freq[89, ::]
1.10999999999999766E1	0	0.00000000000000000E0
1.10999999999999766E1	1	2.46591855902623625E9
1.10999999999999766E1	2	4.93183711805247249E9
1.10999999999999766E1	3	7.39775567707870785E9
1.10999999999999766E1	4	9.86367423610494498E9
1.10999999999999766E1	5	1.23295927951311812E10
1.10999999999999766E1	6	1.47955113541574157E10
1.10999999999999766E1	7	1.72614299131836502E10
1.10999999999999766E1	8	1.97273484722098891E10
1.10999999999999766E1	9	2.21932670312361191E10
1.10999999999999766E1	10	2.46591855902623625E10

var_c	harmindex	freq[90, ::]
1.11999999999999766E1	0	0.00000000000000000E0
1.11999999999999766E1	1	2.46579734150192609E9
1.11999999999999766E1	2	4.93159468300385218E9
1.11999999999999766E1	3	7.39739202450577871E9
1.11999999999999766E1	4	9.86318936600770435E9
1.11999999999999766E1	5	1.23289867075096304E10
1.11999999999999766E1	6	1.47947840490115579E10
1.11999999999999766E1	7	1.72605813905134875E10
1.11999999999999766E1	8	1.97263787320154083E10
1.11999999999999766E1	9	2.21921760735173290E10
1.11999999999999766E1	10	2.46579734150192609E10

var_c	harmindex	freq[91, ::]
1.12999999999999767E1	0	0.00000000000000000E0
1.12999999999999767E1	1	2.46567822737609443E9
1.12999999999999767E1	2	4.93135645475218887E9
1.12999999999999767E1	3	7.39703468212828330E9
1.12999999999999767E1	4	9.86271290950437773E9
1.12999999999999767E1	5	1.23283911368804722E10
1.12999999999999767E1	6	1.47940693642565657E10
1.12999999999999767E1	7	1.72597475916326570E10
1.12999999999999767E1	8	1.97254258190087550E10
1.12999999999999767E1	9	2.21911040463848552E10
1.12999999999999767E1	10	2.46567822737609443E10

var_c	harmindex	freq[92, ::]
1.13999999999999746E1	0	0.00000000000000000E0
1.13999999999999746E1	1	2.46556116237278022E9
1.13999999999999746E1	2	4.93112232474556045E9
1.13999999999999746E1	3	7.39668348711834245E9
1.13999999999999746E1	4	9.86224464949112090E9
1.13999999999999746E1	5	1.23278058118639011E10
1.13999999999999746E1	6	1.47933669742366858E10
1.13999999999999746E1	7	1.72589281366094660E10
1.13999999999999746E1	8	1.97244892989822418E10
1.13999999999999746E1	9	2.21900504613550309E10
1.13999999999999746E1	10	2.46556116237278022E10

var_c	harmindex	freq[93, ::]
1.14999999999999747E1	0	0.00000000000000000E0
1.14999999999999747E1	1	2.46544609406756088E9
1.14999999999999747E1	2	4.93089218813512176E9
1.14999999999999747E1	3	7.39633828220268263E9
1.14999999999999747E1	4	9.86178437627024351E9
1.14999999999999747E1	5	1.23272304703378044E10
1.14999999999999747E1	6	1.47926765644053648E10
1.14999999999999747E1	7	1.72581226584729208E10
1.14999999999999747E1	8	1.97235687525404879E10
1.14999999999999747E1	9	2.21890148466080550E10
1.14999999999999747E1	10	2.46544609406756088E10

var_c	harmindex	freq[94, ::]
1.15999999999999748E1	0	0.00000000000000000E0
1.15999999999999748E1	1	2.46533297180911237E9
1.15999999999999748E1	2	4.93066594361822474E9
1.15999999999999748E1	3	7.39599891542733712E9
1.15999999999999748E1	4	9.86133188723644949E9
1.15999999999999748E1	5	1.23266648590455619E10
1.15999999999999748E1	6	1.47919978308546751E10
1.15999999999999748E1	7	1.72573308026637950E10
1.15999999999999748E1	8	1.97226637744728994E10
1.15999999999999748E1	9	2.21879967462820193E10
1.15999999999999748E1	10	2.46533297180911237E10

var_c	harmindex	freq[95, ::]
1.16999999999999749E1	0	0.00000000000000000E0
1.16999999999999749E1	1	2.46522174664482785E9
1.16999999999999749E1	2	4.93044349328965570E9
1.16999999999999749E1	3	7.39566523993448488E9
1.16999999999999749E1	4	9.86088698657931140E9
1.16999999999999749E1	5	1.23261087332241392E10
1.16999999999999749E1	6	1.47913304798689693E10
1.16999999999999749E1	7	1.72565522265137972E10
1.16999999999999749E1	8	1.97217739731586228E10
1.16999999999999749E1	9	2.21869957198034617E10
1.16999999999999749E1	10	2.46522174664482785E10

var_c	harmindex	freq[96, ::]
1.17999999999999750E1	0	0.00000000000000000E0
1.17999999999999750E1	1	2.46511237125040816E9
1.17999999999999750E1	2	4.93022474250081633E9
1.17999999999999750E1	3	7.39533711375122316E9
1.17999999999999750E1	4	9.86044948500163265E9
1.17999999999999750E1	5	1.23255618562520408E10
1.17999999999999750E1	6	1.47906742275024472E10
1.17999999999999750E1	7	1.72557865987528558E10
1.17999999999999750E1	8	1.97208989700032644E10
1.17999999999999750E1	9	2.21860113412536819E10
1.17999999999999750E1	10	2.46511237125040816E10

var_c	harmindex	freq[97, ::]
1.18999999999999728E1	0	0.00000000000000000E0
1.18999999999999728E1	1	2.46500479986238208E9
1.18999999999999728E1	2	4.93000959972476416E9
1.18999999999999728E1	3	7.39501439958714535E9
1.18999999999999728E1	4	9.86001919944952832E9
1.18999999999999728E1	5	1.23250239993119104E10
1.18999999999999728E1	6	1.47900287991742907E10
1.18999999999999728E1	7	1.72550335990366754E10
1.18999999999999728E1	8	1.97200383988990557E10
1.18999999999999728E1	9	2.21850431987614316E10
1.18999999999999728E1	10	2.46500479986238208E10

var_c	harmindex	freq[98, ::]
1.19999999999999729E1	0	0.00000000000000000E0
1.19999999999999729E1	1	2.46489898821474362E9
1.19999999999999729E1	2	4.92979797642948725E9
1.19999999999999729E1	3	7.39469696464422821E9
1.19999999999999729E1	4	9.85959595285897450E9
1.19999999999999729E1	5	1.23244949410737181E10
1.19999999999999729E1	6	1.47893939292884569E10
1.19999999999999729E1	7	1.72542929175032000E10
1.19999999999999729E1	8	1.97191919057179499E10
1.19999999999999729E1	9	2.21840908939326953E10
1.19999999999999729E1	10	2.46489898821474362E10

var_c	harmindex	freq[99, ::]
1.20999999999999730E1	0	0.00000000000000000E0
1.20999999999999730E1	1	2.46479489347779301E9
1.20999999999999730E1	2	4.92958978695558603E9
1.20999999999999730E1	3	7.39438468043337860E9
1.20999999999999730E1	4	9.85917957391117206E9
1.20999999999999730E1	5	1.23239744673889651E10
1.20999999999999730E1	6	1.47887693608667581E10
1.20999999999999730E1	7	1.72535642543445489E10
1.20999999999999730E1	8	1.97183591478223441E10
1.20999999999999730E1	9	2.21831540413001393E10
1.20999999999999730E1	10	2.46479489347779301E10

var_c	harmindex	freq[100, ::]
1.21999999999999731E1	0	0.00000000000000000E0
1.21999999999999731E1	1	2.46469247420054538E9
1.21999999999999731E1	2	4.92938494840109076E9
1.21999999999999731E1	3	7.39407742260163481E9
1.21999999999999731E1	4	9.85876989680218152E9
1.21999999999999731E1	5	1.23234623710027269E10
1.21999999999999731E1	6	1.47881548452032696E10
1.21999999999999731E1	7	1.72528473194038168E10
1.21999999999999731E1	8	1.97175397936043639E10
1.21999999999999731E1	9	2.21822322678049044E10
1.21999999999999731E1	10	2.46469247420054538E10

var_c	harmindex	freq[101, ::]
1.22999999999999732E1	0	0.00000000000000000E0
1.22999999999999732E1	1	2.46459169025560554E9
1.22999999999999732E1	2	4.92918338051121108E9
1.22999999999999732E1	3	7.39377507076681706E9
1.22999999999999732E1	4	9.85836676102242215E9
1.22999999999999732E1	5	1.23229584512780321E10
1.22999999999999732E1	6	1.47875501415336341E10
1.22999999999999732E1	7	1.72521418317892428E10
1.22999999999999732E1	8	1.97167335220448448E10
1.22999999999999732E1	9	2.21813252123004556E10
1.22999999999999732E1	10	2.46459169025560643E10

var_c	harmindex	freq[102, ::]
1.23999999999999710E1	0	0.00000000000000000E0
1.23999999999999710E1	1	2.46449250278691068E9
1.23999999999999710E1	2	4.92898500557382135E9
1.23999999999999710E1	3	7.39347750836073203E9
1.23999999999999710E1	4	9.85797001114764271E9
1.23999999999999710E1	5	1.23224625139345489E10
1.23999999999999710E1	6	1.47869550167214636E10
1.23999999999999710E1	7	1.72514475195083716E10
1.23999999999999710E1	8	1.97159400222952863E10
1.23999999999999710E1	9	2.21804325250821943E10
1.23999999999999710E1	10	2.46449250278690979E10

var_c	harmindex	freq[103, ::]
1.24999999999999711E1	0	0.00000000000000000E0
1.24999999999999711E1	1	2.46439487415960379E9
1.24999999999999711E1	2	4.92878974831920758E9
1.24999999999999711E1	3	7.39318462247880870E9
1.24999999999999711E1	4	9.85757949663841515E9
1.24999999999999711E1	5	1.23219743707980189E10
1.24999999999999711E1	6	1.47863692449576178E10
1.24999999999999711E1	7	1.72507641191172256E10
1.24999999999999711E1	8	1.97151589932768312E10
1.24999999999999711E1	9	2.21795538674364323E10
1.24999999999999711E1	10	2.46439487415960379E10

var_c	harmindex	freq[104, ::]
1.25999999999999712E1	0	0.00000000000000000E0
1.25999999999999712E1	1	2.46429876791254099E9
1.25999999999999712E1	2	4.92859753582508198E9
1.25999999999999712E1	3	7.39289630373762208E9
1.25999999999999712E1	4	9.85719507165016395E9
1.25999999999999712E1	5	1.23214938395627049E10
1.25999999999999712E1	6	1.47857926074752433E10
1.25999999999999712E1	7	1.72500913753877905E10
1.25999999999999712E1	8	1.97143901433003288E10
1.25999999999999712E1	9	2.21786889112128716E10
1.25999999999999712E1	10	2.46429876791254099E10

var_c	harmindex	freq[105, ::]
1.26999999999999713E1	0	0.00000000000000000E0
1.26999999999999713E1	1	2.46420414871285232E9
1.26999999999999713E1	2	4.92840829742570463E9
1.26999999999999713E1	3	7.39261244613855695E9
1.26999999999999713E1	4	9.85681659485140926E9
1.26999999999999713E1	5	1.23210207435642616E10
1.26999999999999713E1	6	1.47852248922771135E10
1.26999999999999713E1	7	1.72494290409899631E10
1.26999999999999713E1	8	1.97136331897028194E10
1.26999999999999713E1	9	2.21778373384156646E10
1.26999999999999713E1	10	2.46420414871285232E10

var_c	harmindex	freq[106, ::]
1.27999999999999714E1	0	0.00000000000000000E0
1.27999999999999714E1	1	2.46411098231262926E9
1.27999999999999714E1	2	4.92822196462525852E9
1.27999999999999714E1	3	7.39233294693788867E9
1.27999999999999714E1	4	9.85644392925051704E9
1.27999999999999714E1	5	1.23205549115631507E10
1.27999999999999714E1	6	1.47846658938757769E10
1.27999999999999714E1	7	1.72487768761884053E10
1.27999999999999714E1	8	1.97128878585010336E10
1.27999999999999714E1	9	2.21769988408136598E10
1.27999999999999714E1	10	2.46411098231263015E10

var_c	harmindex	freq[107, ::]
1.28999999999999693E1	0	0.00000000000000000E0
1.28999999999999693E1	1	2.46401923550759738E9
1.28999999999999693E1	2	4.92803847101519477E9
1.28999999999999693E1	3	7.39205770652278904E9
1.28999999999999693E1	4	9.85607694203038953E9
1.28999999999999693E1	5	1.23200961775379869E10
1.28999999999999693E1	6	1.47841154130455776E10
1.28999999999999693E1	7	1.72481346485531750E10
1.28999999999999693E1	8	1.97121538840607791E10
1.28999999999999693E1	9	2.21761731195683742E10
1.28999999999999693E1	10	2.46401923550759738E10

var_c	harmindex	freq[108, ::]
1.29999999999999694E1	0	0.00000000000000000E0
1.29999999999999694E1	1	2.46392887609772071E9
1.29999999999999694E1	2	4.92785775219544142E9
1.29999999999999694E1	3	7.39178662829316391E9
1.29999999999999694E1	4	9.85571550439088284E9
1.29999999999999694E1	5	1.23196443804886036E10
1.29999999999999694E1	6	1.47835732565863287E10
1.29999999999999694E1	7	1.72475021326840450E10
1.29999999999999694E1	8	1.97114310087817657E10
1.29999999999999694E1	9	2.21753598848794864E10
1.29999999999999694E1	10	2.46392887609772071E10

var_c	harmindex	freq[109, ::]
1.30999999999999694E1	0	0.00000000000000000E0
1.30999999999999694E1	1	2.46383987284940176E9
1.30999999999999694E1	2	4.92767974569880352E9
1.30999999999999694E1	3	7.39151961854820350E9
1.30999999999999694E1	4	9.85535949139760703E9
1.30999999999999694E1	5	1.23191993642470088E10
1.30999999999999694E1	6	1.47830392370964070E10
1.30999999999999694E1	7	1.72468791099458096E10
1.30999999999999694E1	8	1.97107189827952145E10
1.30999999999999694E1	9	2.21745588556446060E10
1.30999999999999694E1	10	2.46383987284940176E10

var_c	harmindex	freq[110, ::]
1.31999999999999695E1	0	0.00000000000000000E0
1.31999999999999695E1	1	2.46375219545966040E9
1.31999999999999695E1	2	4.92750439091932080E9
1.31999999999999695E1	3	7.39125658637898120E9
1.31999999999999695E1	4	9.85500878183864160E9
1.31999999999999695E1	5	1.23187609772983020E10
1.31999999999999695E1	6	1.47825131727579628E10
1.31999999999999695E1	7	1.72462653682176215E10
1.31999999999999695E1	8	1.97100175636772823E10
1.31999999999999695E1	9	2.21737697591369454E10
1.31999999999999695E1	10	2.46375219545966040E10

var_c	harmindex	freq[111, ::]
1.32999999999999696E1	0	0.00000000000000000E0
1.32999999999999696E1	1	2.46366581452155575E9
1.32999999999999696E1	2	4.92733162904311150E9
1.32999999999999696E1	3	7.39099744356466726E9
1.32999999999999696E1	4	9.85466325808622301E9
1.32999999999999696E1	5	1.23183290726077788E10
1.32999999999999696E1	6	1.47819948871293350E10
1.32999999999999696E1	7	1.72456607016508845E10
1.32999999999999696E1	8	1.97093265161724451E10
1.32999999999999696E1	9	2.21729923306939947E10
1.32999999999999696E1	10	2.46366581452155575E10

var_c	harmindex	freq[112, ::]
1.33999999999999675E1	0	0.00000000000000000E0
1.33999999999999675E1	1	2.46358070149144792E9
1.33999999999999675E1	2	4.92716140298289584E9
1.33999999999999675E1	3	7.39074210447434155E9
1.33999999999999675E1	4	9.85432280596579169E9
1.33999999999999675E1	5	1.23179035074572396E10
1.33999999999999675E1	6	1.47814842089486831E10
1.33999999999999675E1	7	1.72450649104401288E10
1.33999999999999675E1	8	1.97086456119315834E10
1.33999999999999675E1	9	2.21722263134230335E10
1.33999999999999675E1	10	2.46358070149144792E10

var_c	harmindex	freq[113, ::]
1.34999999999999676E1	0	0.00000000000000000E0
1.34999999999999676E1	1	2.46349682865745834E9
1.34999999999999676E1	2	4.92699365731491667E9
1.34999999999999676E1	3	7.39049048597237856E9
1.34999999999999676E1	4	9.85398731462983335E9
1.34999999999999676E1	5	1.23174841432872917E10
1.34999999999999676E1	6	1.47809809719447571E10
1.34999999999999676E1	7	1.72444778006022115E10
1.34999999999999676E1	8	1.97079746292596658E10
1.34999999999999676E1	9	2.21714714579171268E10
1.34999999999999676E1	10	2.46349682865745834E10

var_c	harmindex	freq[114, ::]
1.35999999999999677E1	0	0.00000000000000000E0
1.35999999999999677E1	1	2.46341416910947020E9
1.35999999999999677E1	2	4.92682833821894040E9
1.35999999999999677E1	3	7.39024250732841193E9
1.35999999999999677E1	4	9.85365667643788079E9
1.35999999999999677E1	5	1.23170708455473510E10
1.35999999999999677E1	6	1.47804850146568234E10
1.35999999999999677E1	7	1.72438991837662958E10
1.35999999999999677E1	8	1.97073133528757616E10
1.35999999999999677E1	9	2.21707275219852340E10
1.35999999999999677E1	10	2.46341416910947020E10

var_c	harmindex	freq[115, ::]
1.36999999999999678E1	0	0.00000000000000000E0
1.36999999999999678E1	1	2.46333269671027821E9
1.36999999999999678E1	2	4.92666539342055643E9
1.36999999999999678E1	3	7.38999809013083553E9
1.36999999999999678E1	4	9.85333078684111285E9
1.36999999999999678E1	5	1.23166634835513911E10
1.36999999999999678E1	6	1.47799961802616719E10
1.36999999999999678E1	7	1.72433288769719506E10
1.36999999999999678E1	8	1.97066615736822248E10
1.36999999999999678E1	9	2.21699942703925013E10
1.36999999999999678E1	10	2.46333269671027821E10

var_c	harmindex	freq[116, ::]
1.37999999999999678E1	0	0.00000000000000000E0
1.37999999999999678E1	1	2.46325238606803421E9
1.37999999999999678E1	2	4.92650477213606841E9
1.37999999999999678E1	3	7.38975715820410262E9
1.37999999999999678E1	4	9.85300954427213682E9
1.37999999999999678E1	5	1.23162619303401710E10
1.37999999999999678E1	6	1.47795143164082043E10
1.37999999999999678E1	7	1.72427667024762421E10
1.37999999999999678E1	8	1.97060190885442732E10
1.37999999999999678E1	9	2.21692714746123087E10
1.37999999999999678E1	10	2.46325238606803421E10

var_c	harmindex	freq[117, ::]
1.38999999999999657E1	0	0.00000000000000000E0
1.38999999999999657E1	1	2.46317321250995525E9
1.38999999999999657E1	2	4.92634642501991049E9
1.38999999999999657E1	3	7.38951963752986707E9
1.38999999999999657E1	4	9.85269285003982098E9
1.38999999999999657E1	5	1.23158660625497762E10
1.38999999999999657E1	6	1.47790392750597332E10
1.38999999999999657E1	7	1.72422124875696925E10
1.38999999999999657E1	8	1.97053857000796429E10
1.38999999999999657E1	9	2.21685589125895977E10
1.38999999999999657E1	10	2.46317321250995525E10

var_c	harmindex	freq[118, ::]
1.39999999999999658E1	0	0.00000000000000000E0
1.39999999999999658E1	1	2.46309515205691110E9
1.39999999999999658E1	2	4.92619030411382219E9
1.39999999999999658E1	3	7.38928545617073240E9
1.39999999999999658E1	4	9.85238060822764439E9
1.39999999999999658E1	5	1.23154757602845555E10
1.39999999999999658E1	6	1.47785709123414644E10
1.39999999999999658E1	7	1.72416660643983799E10
1.39999999999999658E1	8	1.97047612164552888E10
1.39999999999999658E1	9	2.21678563685121954E10
1.39999999999999658E1	10	2.46309515205691110E10

var_c	harmindex	freq[119, ::]
1.40999999999999659E1	0	0.00000000000000000E0
1.40999999999999659E1	1	2.46301818139933681E9
1.40999999999999659E1	2	4.92603636279867363E9
1.40999999999999659E1	3	7.38905454419800911E9
1.40999999999999659E1	4	9.85207272559734726E9
1.40999999999999659E1	5	1.23150909069966841E10
1.40999999999999659E1	6	1.47781090883960187E10
1.40999999999999659E1	7	1.72411272697953555E10
1.40999999999999659E1	8	1.97041454511946945E10
1.40999999999999659E1	9	2.21671636325940291E10
1.40999999999999659E1	10	2.46301818139933681E10

var_c	harmindex	freq[120, ::]
1.41999999999999660E1	0	0.00000000000000000E0
1.41999999999999660E1	1	2.46294227787401798E9
1.41999999999999660E1	2	4.92588455574803596E9
1.41999999999999660E1	3	7.38882683362205750E9
1.41999999999999660E1	4	9.85176911149607193E9
1.41999999999999660E1	5	1.23147113893700899E10
1.41999999999999660E1	6	1.47776536672441150E10
1.41999999999999660E1	7	1.72405959451181379E10
1.41999999999999660E1	8	1.97035382229921430E10
1.41999999999999660E1	9	2.21664805008661636E10
1.41999999999999660E1	10	2.46294227787401798E10

var_c	harmindex	freq[121, ::]
1.42999999999999661E1	0	0.00000000000000000E0
1.42999999999999661E1	1	2.46286741944168641E9
1.42999999999999661E1	2	4.92573483888337282E9
1.42999999999999661E1	3	7.38860225832505968E9
1.42999999999999661E1	4	9.85146967776674565E9
1.42999999999999661E1	5	1.23143370972084321E10
1.42999999999999661E1	6	1.47772045166501198E10
1.42999999999999661E1	7	1.72400719360918009E10
1.42999999999999661E1	8	1.97029393555334909E10
1.42999999999999661E1	9	2.21658067749751719E10
1.42999999999999661E1	10	2.46286741944168641E10

var_c	harmindex	freq[122, ::]
1.43999999999999639E1	0	0.00000000000000000E0
1.43999999999999639E1	1	2.46279358466596054E9
1.43999999999999639E1	2	4.92558716933192109E9
1.43999999999999639E1	3	7.38838075399788341E9
1.43999999999999639E1	4	9.85117433866384218E9
1.43999999999999639E1	5	1.23139679233298027E10
1.43999999999999639E1	6	1.47767615079957659E10
1.43999999999999639E1	7	1.72395550926617291E10
1.43999999999999639E1	8	1.97023486773276835E10
1.43999999999999639E1	9	2.21651422619936422E10
1.43999999999999639E1	10	2.46279358466596054E10

var_c	harmindex	freq[123, ::]
1.44999999999999640E1	0	0.00000000000000000E0
1.44999999999999640E1	1	2.46272075269261936E9
1.44999999999999640E1	2	4.92544150538523873E9
1.44999999999999640E1	3	7.38816225807785809E9
1.44999999999999640E1	4	9.85088301077047745E9
1.44999999999999640E1	5	1.23136037634630990E10
1.44999999999999640E1	6	1.47763245161557166E10
1.44999999999999640E1	7	1.72390452688483364E10
1.44999999999999640E1	8	1.97017660215409540E10
1.44999999999999640E1	9	2.21644867742335849E10
1.44999999999999640E1	10	2.46272075269261981E10

var_c	harmindex	freq[124, ::]
1.45999999999999641E1	0	0.00000000000000000E0
1.45999999999999641E1	1	2.46264890323009844E9
1.45999999999999641E1	2	4.92529780646019688E9
1.45999999999999641E1	3	7.38794670969029266E9
1.45999999999999641E1	4	9.85059561292039376E9
1.45999999999999641E1	5	1.23132445161504922E10
1.45999999999999641E1	6	1.47758934193805858E10
1.45999999999999641E1	7	1.72385423226106882E10
1.45999999999999641E1	8	1.97011912258407884E10
1.45999999999999641E1	9	2.21638401290708842E10
1.45999999999999641E1	10	2.46264890323009844E10

var_c	harmindex	freq[125, ::]
1.46999999999999642E1	0	0.00000000000000000E0
1.46999999999999642E1	1	2.46257801653064767E9
1.46999999999999642E1	2	4.92515603306129535E9
1.46999999999999642E1	3	7.38773404959194302E9
1.46999999999999642E1	4	9.85031206612259069E9
1.46999999999999642E1	5	1.23128900826532384E10
1.46999999999999642E1	6	1.47754680991838860E10
1.46999999999999642E1	7	1.72380461157145359E10
1.46999999999999642E1	8	1.97006241322451814E10
1.46999999999999642E1	9	2.21632021487758291E10
1.46999999999999642E1	10	2.46257801653064767E10

var_c	harmindex	freq[126, ::]
1.47999999999999643E1	0	0.00000000000000000E0
1.47999999999999643E1	1	2.46250807337217203E9
1.47999999999999643E1	2	4.92501614674434407E9
1.47999999999999643E1	3	7.38752422011651522E9
1.47999999999999643E1	4	9.85003229348868814E9
1.47999999999999643E1	5	1.23125403668608557E10
1.47999999999999643E1	6	1.47750484402330295E10
1.47999999999999643E1	7	1.72375565136051989E10
1.47999999999999643E1	8	1.97000645869773772E10
1.47999999999999643E1	9	2.21625726603495421E10
1.47999999999999643E1	10	2.46250807337217115E10

var_c	harmindex	freq[127, ::]
1.48999999999999622E1	0	0.00000000000000000E0
1.48999999999999622E1	1	2.46243905504093785E9
1.48999999999999622E1	2	4.92487811008187570E9
1.48999999999999622E1	3	7.38731716512281444E9
1.48999999999999622E1	4	9.84975622016375141E9
1.48999999999999622E1	5	1.23121952752046893E10
1.48999999999999622E1	6	1.47746343302456284E10
1.48999999999999622E1	7	1.72370733852865676E10
1.48999999999999622E1	8	1.96995124403275024E10
1.48999999999999622E1	9	2.21619514953684504E10
1.48999999999999622E1	10	2.46243905504093785E10

var_c	harmindex	freq[128, ::]
1.49999999999999623E1	0	0.00000000000000000E0
1.49999999999999623E1	1	2.46237094331480444E9
1.49999999999999623E1	2	4.92474188662960888E9
1.49999999999999623E1	3	7.38711282994441198E9
1.49999999999999623E1	4	9.84948377325921776E9
1.49999999999999623E1	5	1.23118547165740222E10
1.49999999999999623E1	6	1.47742256598888244E10
1.49999999999999623E1	7	1.72365966032036289E10
1.49999999999999623E1	8	1.96989675465184355E10
1.49999999999999623E1	9	2.21613384898332377E10
1.49999999999999623E1	10	2.46237094331480444E10

var_c	harmindex	freq[129, ::]
1.50999999999999623E1	0	0.00000000000000000E0
1.50999999999999623E1	1	2.46230372044718360E9
1.50999999999999623E1	2	4.92460744089436719E9
1.50999999999999623E1	3	7.38691116134154946E9
1.50999999999999623E1	4	9.84921488178873439E9
1.50999999999999623E1	5	1.23115186022359180E10
1.50999999999999623E1	6	1.47738223226830989E10
1.50999999999999623E1	7	1.72361260431302865E10
1.50999999999999623E1	8	1.96984297635774697E10
1.50999999999999623E1	9	2.21607334840246528E10
1.50999999999999623E1	10	2.46230372044718360E10

var_c	harmindex	freq[130, ::]
1.51999999999999624E1	0	0.00000000000000000E0
1.51999999999999624E1	1	2.46223736915174563E9
1.51999999999999624E1	2	4.92447473830349125E9
1.51999999999999624E1	3	7.38671210745523688E9
1.51999999999999624E1	4	9.84894947660698250E9
1.51999999999999624E1	5	1.23111868457587281E10
1.51999999999999624E1	6	1.47734242149104733E10
1.51999999999999624E1	7	1.72356615840622185E10
1.51999999999999624E1	8	1.96978989532139659E10
1.51999999999999624E1	9	2.21601363223657088E10
1.51999999999999624E1	10	2.46223736915174563E10

var_c	harmindex	freq[131, ::]
1.52999999999999625E1	0	0.00000000000000000E0
1.52999999999999625E1	1	2.46217187258741044E9
1.52999999999999625E1	2	4.92434374517482087E9
1.52999999999999625E1	3	7.38651561776223087E9
1.52999999999999625E1	4	9.84868749034964175E9
1.52999999999999625E1	5	1.23108593629370522E10
1.52999999999999625E1	6	1.47730312355244608E10
1.52999999999999625E1	7	1.72352031081118717E10
1.52999999999999625E1	8	1.96973749806992826E10
1.52999999999999625E1	9	2.21595468532866935E10
1.52999999999999625E1	10	2.46217187258741044E10

var_c	harmindex	freq[132, ::]
1.53999999999999604E1	0	0.00000000000000000E0
1.53999999999999604E1	1	2.46210721434426949E9
1.53999999999999604E1	2	4.92421442868853898E9
1.53999999999999604E1	3	7.38632164303280980E9
1.53999999999999604E1	4	9.84842885737707796E9
1.53999999999999604E1	5	1.23105360717213475E10
1.53999999999999604E1	6	1.47726432860656187E10
1.53999999999999604E1	7	1.72347505004098811E10
1.53999999999999604E1	8	1.96968577147541568E10
1.53999999999999604E1	9	2.21589649290984214E10
1.53999999999999604E1	10	2.46210721434426949E10

var_c	harmindex	freq[133, ::]
1.54999999999999605E1	0	0.00000000000000000E0
1.54999999999999605E1	1	2.46204337842978394E9
1.54999999999999605E1	2	4.92408675685956787E9
1.54999999999999605E1	3	7.38613013528935181E9
1.54999999999999605E1	4	9.84817351371913574E9
1.54999999999999605E1	5	1.23102168921489197E10
1.54999999999999605E1	6	1.47722602705787032E10
1.54999999999999605E1	7	1.72343036490084889E10
1.54999999999999605E1	8	1.96963470274382724E10
1.54999999999999605E1	9	2.21583904058680581E10
1.54999999999999605E1	10	2.46204337842978394E10

var_c	harmindex	freq[134, ::]
1.55999999999999606E1	0	0.00000000000000000E0
1.55999999999999606E1	1	2.46198034925564269E9
1.55999999999999606E1	2	4.92396069851128537E9
1.55999999999999606E1	3	7.38594104776692895E9
1.55999999999999606E1	4	9.84792139702257074E9
1.55999999999999606E1	5	1.23099017462782134E10
1.55999999999999606E1	6	1.47718820955338570E10
1.55999999999999606E1	7	1.72338624447894984E10
1.55999999999999606E1	8	1.96958427940451419E10
1.55999999999999606E1	9	2.21578231433007833E10
1.55999999999999606E1	10	2.46198034925564269E10

var_c	harmindex	freq[135, ::]
1.56999999999999607E1	0	0.00000000000000000E0
1.56999999999999607E1	1	2.46191811162500862E9
1.56999999999999607E1	2	4.92383622325001724E9
1.56999999999999607E1	3	7.38575433487502586E9
1.56999999999999607E1	4	9.84767244650003448E9
1.56999999999999607E1	5	1.23095905581250431E10
1.56999999999999607E1	6	1.47715086697500508E10
1.56999999999999607E1	7	1.72334267813750630E10
1.56999999999999607E1	8	1.96953448930000685E10
1.56999999999999607E1	9	2.21572630046250785E10
1.56999999999999607E1	10	2.46191811162500862E10

var_c	harmindex	freq[136, ::]
1.57999999999999607E1	0	0.00000000000000000E0
1.57999999999999607E1	1	2.46185665072035675E9
1.57999999999999607E1	2	4.92371330144071351E9
1.57999999999999607E1	3	7.38556995216107204E9
1.57999999999999607E1	4	9.84742660288142702E9
1.57999999999999607E1	5	1.23092832536017838E10
1.57999999999999607E1	6	1.47711399043221436E10
1.57999999999999607E1	7	1.72329965550424968E10
1.57999999999999607E1	8	1.96948532057628545E10
1.57999999999999607E1	9	2.21567098564832188E10
1.57999999999999607E1	10	2.46185665072035675E10

var_c	harmindex	freq[137, ::]
1.58999999999999586E1	0	0.00000000000000000E0
1.58999999999999586E1	1	2.46179595209176716E9
1.58999999999999586E1	2	4.92359190418353432E9
1.58999999999999586E1	3	7.38538785627530103E9
1.58999999999999586E1	4	9.84718380836706864E9
1.58999999999999586E1	5	1.23089797604588358E10
1.58999999999999586E1	6	1.47707757125506012E10
1.58999999999999586E1	7	1.72325716646423710E10
1.58999999999999586E1	8	1.96943676167341364E10
1.58999999999999586E1	9	2.21561635688259084E10
1.58999999999999586E1	10	2.46179595209176716E10

var_c	harmindex	freq[138, ::]
1.59999999999999587E1	0	0.00000000000000000E0
1.59999999999999587E1	1	2.46173600164547590E9
1.59999999999999587E1	2	4.92347200329095180E9
1.59999999999999587E1	3	7.38520800493642771E9
1.59999999999999587E1	4	9.84694400658190361E9
1.59999999999999587E1	5	1.23086800082273795E10
1.59999999999999587E1	6	1.47704160098728554E10
1.59999999999999587E1	7	1.72321520115183380E10
1.59999999999999587E1	8	1.96938880131638072E10
1.59999999999999587E1	9	2.21556240148092920E10
1.59999999999999587E1	10	2.46173600164547590E10

var_c	harmindex	freq[139, ::]
1.60999999999999588E1	0	0.00000000000000000E0
1.60999999999999588E1	1	2.46167678563300774E9
1.60999999999999588E1	2	4.92335357126601547E9
1.60999999999999588E1	3	7.38503035689902543E9
1.60999999999999588E1	4	9.84670714253203094E9
1.60999999999999588E1	5	1.23083839281650387E10
1.60999999999999588E1	6	1.47700607137980500E10
1.60999999999999588E1	7	1.72317374994310546E10
1.60999999999999588E1	8	1.96934142850640614E10
1.60999999999999588E1	9	2.21550910706970772E10
1.60999999999999588E1	10	2.46167678563300774E10

var_c	harmindex	freq[140, ::]
1.61999999999999611E1	0	0.00000000000000000E0
1.61999999999999611E1	1	2.46161829064075111E9
1.61999999999999611E1	2	4.92323658128150221E9
1.61999999999999611E1	3	7.38485487192225065E9
1.61999999999999611E1	4	9.84647316256300442E9
1.61999999999999611E1	5	1.23080914532037555E10
1.61999999999999611E1	6	1.47697097438445013E10
1.61999999999999611E1	7	1.72313280344852560E10
1.61999999999999611E1	8	1.96929463251260084E10
1.61999999999999611E1	9	2.21545646157667608E10
1.61999999999999611E1	10	2.46161829064075111E10

var_c	harmindex	freq[141, ::]
1.62999999999999612E1	0	0.00000000000000000E0
1.62999999999999612E1	1	2.46156050357971568E9
1.62999999999999612E1	2	4.92312100715943135E9
1.62999999999999612E1	3	7.38468151073914747E9
1.62999999999999612E1	4	9.84624201431886270E9
1.62999999999999612E1	5	1.23078025178985784E10
1.62999999999999612E1	6	1.47693630214782945E10
1.62999999999999612E1	7	1.72309235250580062E10
1.62999999999999612E1	8	1.96924840286377245E10
1.62999999999999612E1	9	2.21540445322174406E10
1.62999999999999612E1	10	2.46156050357971568E10

var_c	harmindex	freq[142, ::]
1.63999999999999635E1	0	0.00000000000000000E0
1.63999999999999635E1	1	2.46150341167583520E9
1.63999999999999635E1	2	4.92300682335167039E9
1.63999999999999635E1	3	7.38451023502750736E9
1.63999999999999635E1	4	9.84601364670334078E9
1.63999999999999635E1	5	1.23075170583791760E10
1.63999999999999635E1	6	1.47690204700550143E10
1.63999999999999635E1	7	1.72305238817308504E10
1.63999999999999635E1	8	1.96920272934066820E10
1.63999999999999635E1	9	2.21535307050825159E10
1.63999999999999635E1	10	2.46150341167583520E10

var_c	harmindex	freq[143, ::]
1.64999999999999636E1	0	0.00000000000000000E0
1.64999999999999636E1	1	2.46144700246051062E9
1.64999999999999636E1	2	4.92289400492102125E9
1.64999999999999636E1	3	7.38434100738153099E9
1.64999999999999636E1	4	9.84578800984204250E9
1.64999999999999636E1	5	1.23072350123025531E10
1.64999999999999636E1	6	1.47686820147630615E10
1.64999999999999636E1	7	1.72301290172235744E10
1.64999999999999636E1	8	1.96915760196840850E10
1.64999999999999636E1	9	2.21530230221446001E10
1.64999999999999636E1	10	2.46144700246051062E10

var_c	harmindex	freq[144, ::]
1.65999999999999659E1	0	0.00000000000000000E0
1.65999999999999659E1	1	2.46139126376158179E9
1.65999999999999659E1	2	4.92278252752316359E9
1.65999999999999659E1	3	7.38417379128474494E9
1.65999999999999659E1	4	9.84556505504632717E9
1.65999999999999659E1	5	1.23069563188079112E10
1.65999999999999659E1	6	1.47683475825694899E10
1.65999999999999659E1	7	1.72297388463310730E10
1.65999999999999659E1	8	1.96911301100926539E10
1.65999999999999659E1	9	2.21525213738542393E10
1.65999999999999659E1	10	2.46139126376158224E10

var_c	harmindex	freq[145, ::]
1.66999999999999682E1	0	0.00000000000000000E0
1.66999999999999682E1	1	2.46133618369452556E9
1.66999999999999682E1	2	4.92267236738905112E9
1.66999999999999682E1	3	7.38400855108357757E9
1.66999999999999682E1	4	9.84534473477810224E9
1.66999999999999682E1	5	1.23066809184726278E10
1.66999999999999682E1	6	1.47680171021671547E10
1.66999999999999682E1	7	1.72293532858616838E10
1.66999999999999682E1	8	1.96906894695562040E10
1.66999999999999682E1	9	2.21520256532507354E10
1.66999999999999682E1	10	2.46133618369452556E10

var_c	harmindex	freq[146, ::]
1.67999999999999683E1	0	0.00000000000000000E0
1.67999999999999683E1	1	2.46128175065405319E9
1.67999999999999683E1	2	4.92256350130810638E9
1.67999999999999683E1	3	7.38384525196215957E9
1.67999999999999683E1	4	9.84512700261621276E9
1.67999999999999683E1	5	1.23064087532702660E10
1.67999999999999683E1	6	1.47676905039243200E10
1.67999999999999683E1	7	1.72289722545783741E10
1.67999999999999683E1	8	1.96902540052324260E10
1.67999999999999683E1	9	2.21515357558864778E10
1.67999999999999683E1	10	2.46128175065405319E10

var_c	harmindex	freq[147, ::]
1.68999999999999706E1	0	0.00000000000000000E0
1.68999999999999706E1	1	2.46122795330588762E9
1.68999999999999706E1	2	4.92245590661177523E9
1.68999999999999706E1	3	7.38368385991766552E9
1.68999999999999706E1	4	9.84491181322355047E9
1.68999999999999706E1	5	1.23061397665294381E10
1.68999999999999706E1	6	1.47673677198353315E10
1.68999999999999706E1	7	1.72285956731412204E10
1.68999999999999706E1	8	1.96898236264471005E10
1.68999999999999706E1	9	2.21510515797529939E10
1.68999999999999706E1	10	2.46122795330588762E10

var_c	harmindex	freq[148, ::]
1.69999999999999707E1	0	0.00000000000000000E0
1.69999999999999707E1	1	2.46117478057899097E9
1.69999999999999707E1	2	4.92234956115798195E9
1.69999999999999707E1	3	7.38352434173697247E9
1.69999999999999707E1	4	9.84469912231596389E9
1.69999999999999707E1	5	1.23058739028949549E10
1.69999999999999707E1	6	1.47670486834739445E10
1.69999999999999707E1	7	1.72282234640529386E10
1.69999999999999707E1	8	1.96893982446319282E10
1.69999999999999707E1	9	2.21505730252109156E10
1.69999999999999707E1	10	2.46117478057899097E10

var_c	harmindex	freq[149, ::]
1.70999999999999730E1	0	0.00000000000000000E0
1.70999999999999730E1	1	2.46112222165786854E9
1.70999999999999730E1	2	4.92224444331573707E9
1.70999999999999730E1	3	7.38336666497360472E9
1.70999999999999730E1	4	9.84448888663147414E9
1.70999999999999730E1	5	1.23056111082893427E10
1.70999999999999730E1	6	1.47667333299472103E10
1.70999999999999730E1	7	1.72278555516050824E10
1.70999999999999730E1	8	1.96889777732629478E10
1.70999999999999730E1	9	2.21500999949208133E10
1.70999999999999730E1	10	2.46112222165786854E10

var_c	harmindex	freq[150, ::]
1.71999999999999753E1	0	0.00000000000000000E0
1.71999999999999753E1	1	2.46107026597535050E9
1.71999999999999753E1	2	4.92214053195070100E9
1.71999999999999753E1	3	7.38321079792605151E9
1.71999999999999753E1	4	9.84428106390140201E9
1.71999999999999753E1	5	1.23053513298767525E10
1.71999999999999753E1	6	1.47664215958521039E10
1.71999999999999753E1	7	1.72274918618274553E10
1.71999999999999753E1	8	1.96885621278028045E10
1.71999999999999753E1	9	2.21496323937781536E10
1.71999999999999753E1	10	2.46107026597535050E10

var_c	harmindex	freq[151, ::]
1.72999999999999754E1	0	0.00000000000000000E0
1.72999999999999754E1	1	2.46101890320539640E9
1.72999999999999754E1	2	4.92203780641079280E9
1.72999999999999754E1	3	7.38305670961618965E9
1.72999999999999754E1	4	9.84407561282158561E9
1.72999999999999754E1	5	1.23050945160269820E10
1.72999999999999754E1	6	1.47661134192323784E10
1.72999999999999754E1	7	1.72271323224377793E10
1.72999999999999754E1	8	1.96881512256431712E10
1.72999999999999754E1	9	2.21491701288485654E10
1.72999999999999754E1	10	2.46101890320539640E10

var_c	harmindex	freq[152, ::]
1.73999999999999777E1	0	0.00000000000000000E0
1.73999999999999777E1	1	2.46096812325631165E9
1.73999999999999777E1	2	4.92193624651262329E9
1.73999999999999777E1	3	7.38290436976893538E9
1.73999999999999777E1	4	9.84387249302524658E9
1.73999999999999777E1	5	1.23048406162815605E10
1.73999999999999777E1	6	1.47658087395378712E10
1.73999999999999777E1	7	1.72267768627941864E10
1.73999999999999777E1	8	1.96877449860504927E10
1.73999999999999777E1	9	2.21487131093068035E10
1.73999999999999777E1	10	2.46096812325631209E10

var_c	harmindex	freq[153, ::]
1.74999999999999778E1	0	0.00000000000000000E0
1.74999999999999778E1	1	2.46091791626414036E9
1.74999999999999778E1	2	4.92183583252828072E9
1.74999999999999778E1	3	7.38275374879242197E9
1.74999999999999778E1	4	9.84367166505656144E9
1.74999999999999778E1	5	1.23045895813207018E10
1.74999999999999778E1	6	1.47655074975848444E10
1.74999999999999778E1	7	1.72264254138489870E10
1.74999999999999778E1	8	1.96873433301131229E10
1.74999999999999778E1	9	2.21482612463772677E10
1.74999999999999778E1	10	2.46091791626414036E10

var_c	harmindex	freq[154, ::]
1.75999999999999801E1	0	0.00000000000000000E0
1.75999999999999801E1	1	2.46086827258625718E9
1.75999999999999801E1	2	4.92173654517251435E9
1.75999999999999801E1	3	7.38260481775877064E9
1.75999999999999801E1	4	9.84347309034502871E9
1.75999999999999801E1	5	1.23043413629312859E10
1.75999999999999801E1	6	1.47652096355175422E10
1.75999999999999801E1	7	1.72260779081037962E10
1.75999999999999801E1	8	1.96869461806900570E10
1.75999999999999801E1	9	2.21478144532763110E10
1.75999999999999801E1	10	2.46086827258625718E10

var_c	harmindex	freq[155, ::]
1.76999999999999824E1	0	0.00000000000000000E0
1.76999999999999824E1	1	2.46081918279519929E9
1.76999999999999824E1	2	4.92163836559039858E9
1.76999999999999824E1	3	7.38245754838559964E9
1.76999999999999824E1	4	9.84327673118079716E9
1.76999999999999824E1	5	1.23040959139759964E10
1.76999999999999824E1	6	1.47649150967711984E10
1.76999999999999824E1	7	1.72257342795664004E10
1.76999999999999824E1	8	1.96865534623615934E10
1.76999999999999824E1	9	2.21473726451567998E10
1.76999999999999824E1	10	2.46081918279519929E10

var_c	harmindex	freq[156, ::]
1.77999999999999825E1	0	0.00000000000000000E0
1.77999999999999825E1	1	2.46077063767272497E9
1.77999999999999825E1	2	4.92154127534544994E9
1.77999999999999825E1	3	7.38231191301817624E9
1.77999999999999825E1	4	9.84308255069089988E9
1.77999999999999825E1	5	1.23038531883636248E10
1.77999999999999825E1	6	1.47646238260363516E10
1.77999999999999825E1	7	1.72253944637090761E10
1.77999999999999825E1	8	1.96861651013818006E10
1.77999999999999825E1	9	2.21469357390545252E10
1.77999999999999825E1	10	2.46077063767272497E10

var_c	harmindex	freq[157, ::]
1.78999999999999848E1	0	0.00000000000000000E0
1.78999999999999848E1	1	2.46072262820397958E9
1.78999999999999848E1	2	4.92144525640795916E9
1.78999999999999848E1	3	7.38216788461194007E9
1.78999999999999848E1	4	9.84289051281591831E9
1.78999999999999848E1	5	1.23036131410198979E10
1.78999999999999848E1	6	1.47643357692238797E10
1.78999999999999848E1	7	1.72250583974278615E10
1.78999999999999848E1	8	1.96857810256318366E10
1.78999999999999848E1	9	2.21465036538358229E10
1.78999999999999848E1	10	2.46072262820397958E10

var_c	harmindex	freq[158, ::]
1.79999999999999849E1	0	0.00000000000000000E0
1.79999999999999849E1	1	2.46067514557198308E9
1.79999999999999849E1	2	4.92135029114396616E9
1.79999999999999849E1	3	7.38202543671595190E9
1.79999999999999849E1	4	9.84270058228793232E9
1.79999999999999849E1	5	1.23033757278599154E10
1.79999999999999849E1	6	1.47640508734319043E10
1.79999999999999849E1	7	1.72247260190038887E10
1.79999999999999849E1	8	1.96854011645758642E10
1.79999999999999849E1	9	2.21460763101478531E10
1.79999999999999849E1	10	2.46067514557198308E10

var_c	harmindex	freq[159, ::]
1.80999999999999872E1	0	0.00000000000000000E0
1.80999999999999872E1	1	2.46062818115220283E9
1.80999999999999872E1	2	4.92125636230440566E9
1.80999999999999872E1	3	7.38188454345660894E9
1.80999999999999872E1	4	9.84251272460881133E9
1.80999999999999872E1	5	1.23031409057610142E10
1.80999999999999872E1	6	1.47637690869132188E10
1.80999999999999872E1	7	1.72243972680654167E10
1.80999999999999872E1	8	1.96850254492176235E10
1.80999999999999872E1	9	2.21456536303698259E10
1.80999999999999872E1	10	2.46062818115220283E10

var_c	harmindex	freq[160, ::]
1.81999999999999895E1	0	0.00000000000000000E0
1.81999999999999895E1	1	2.46058172650732931E9
1.81999999999999895E1	2	4.92116345301465863E9
1.81999999999999895E1	3	7.38174517952198794E9
1.81999999999999895E1	4	9.84232690602931726E9
1.81999999999999895E1	5	1.23029086325366466E10
1.81999999999999895E1	6	1.47634903590439759E10
1.81999999999999895E1	7	1.72240720855513052E10
1.81999999999999895E1	8	1.96846538120586345E10
1.81999999999999895E1	9	2.21452355385659683E10
1.81999999999999895E1	10	2.46058172650732931E10

var_c	harmindex	freq[161, ::]
1.82999999999999896E1	0	0.00000000000000000E0
1.82999999999999896E1	1	2.46053577338222951E9
1.82999999999999896E1	2	4.92107154676445901E9
1.82999999999999896E1	3	7.38160732014668763E9
1.82999999999999896E1	4	9.84214309352891803E9
1.82999999999999896E1	5	1.23026788669111475E10
1.82999999999999896E1	6	1.47632146402933762E10
1.82999999999999896E1	7	1.72237504136756070E10
1.82999999999999896E1	8	1.96842861870578356E10
1.82999999999999896E1	9	2.21448219604400620E10
1.82999999999999896E1	10	2.46053577338222951E10

var_c	harmindex	freq[162, ::]
1.83999999999999919E1	0	0.00000000000000000E0
1.83999999999999919E1	1	2.46049031369901972E9
1.83999999999999919E1	2	4.92098062739803943E9
1.83999999999999919E1	3	7.38147094109705915E9
1.83999999999999919E1	4	9.84196125479607886E9
1.83999999999999919E1	5	1.23024515684950986E10
1.83999999999999919E1	6	1.47629418821941183E10
1.83999999999999919E1	7	1.72234321958931380E10
1.83999999999999919E1	8	1.96839225095921577E10
1.83999999999999919E1	9	2.21444128232911774E10
1.83999999999999919E1	10	2.46049031369901972E10

var_c	harmindex	freq[163, ::]
1.84999999999999920E1	0	0.00000000000000000E0
1.84999999999999920E1	1	2.46044533955242350E9
1.84999999999999920E1	2	4.92089067910484701E9
1.84999999999999920E1	3	7.38133601865726963E9
1.84999999999999920E1	4	9.84178135820969402E9
1.84999999999999920E1	5	1.23022266977621175E10
1.84999999999999920E1	6	1.47626720373145393E10
1.84999999999999920E1	7	1.72231173768669632E10
1.84999999999999920E1	8	1.96835627164193872E10
1.84999999999999920E1	9	2.21440080559718133E10
1.84999999999999920E1	10	2.46044533955242350E10

var_c	harmindex	freq[164, ::]
1.85999999999999943E1	0	0.00000000000000000E0
1.85999999999999943E1	1	2.46040084320508035E9
1.85999999999999943E1	2	4.92080168641016069E9
1.85999999999999943E1	3	7.38120252961524148E9
1.85999999999999943E1	4	9.84160337282032138E9
1.85999999999999943E1	5	1.23020042160254062E10
1.85999999999999943E1	6	1.47624050592304834E10
1.85999999999999943E1	7	1.72228059024355629E10
1.85999999999999943E1	8	1.96832067456406423E10
1.85999999999999943E1	9	2.21436075888457262E10
1.85999999999999943E1	10	2.46040084320508123E10

var_c	harmindex	freq[165, ::]
1.86999999999999966E1	0	0.00000000000000000E0
1.86999999999999966E1	1	2.46035681708320109E9
1.86999999999999966E1	2	4.92071363416640217E9
1.86999999999999966E1	3	7.38107045124960415E9
1.86999999999999966E1	4	9.84142726833280435E9
1.86999999999999966E1	5	1.23017840854160054E10
1.86999999999999966E1	6	1.47621409024992079E10
1.86999999999999966E1	7	1.72224977195824147E10
1.86999999999999966E1	8	1.96828545366656082E10
1.86999999999999966E1	9	2.21432113537488018E10
1.86999999999999966E1	10	2.46035681708320109E10

var_c	harmindex	freq[166, ::]
1.87999999999999967E1	0	0.00000000000000000E0
1.87999999999999967E1	1	2.46031325377219101E9
1.87999999999999967E1	2	4.92062650754438202E9
1.87999999999999967E1	3	7.38093976131657392E9
1.87999999999999967E1	4	9.84125301508876404E9
1.87999999999999967E1	5	1.23015662688609551E10
1.87999999999999967E1	6	1.47618795226331478E10
1.87999999999999967E1	7	1.72221927764053429E10
1.87999999999999967E1	8	1.96825060301775290E10
1.87999999999999967E1	9	2.21428192839497262E10
1.87999999999999967E1	10	2.46031325377219101E10

var_c	harmindex	freq[167, ::]
1.88999999999999990E1	0	0.00000000000000000E0
1.88999999999999990E1	1	2.46027014601254379E9
1.88999999999999990E1	2	4.92054029202508758E9
1.88999999999999990E1	3	7.38081043803763048E9
1.88999999999999990E1	4	9.84108058405017516E9
1.88999999999999990E1	5	1.23013507300627190E10
1.88999999999999990E1	6	1.47616208760752610E10
1.88999999999999990E1	7	1.72218910220878074E10
1.88999999999999990E1	8	1.96821611681003494E10
1.88999999999999990E1	9	2.21424313141128914E10
1.88999999999999990E1	10	2.46027014601254379E10

var_c	harmindex	freq[168, ::]
1.89999999999999991E1	0	0.00000000000000000E0
1.89999999999999991E1	1	2.46022748669578961E9
1.89999999999999991E1	2	4.92045497339157922E9
1.89999999999999991E1	3	7.38068246008736839E9
1.89999999999999991E1	4	9.84090994678315845E9
1.89999999999999991E1	5	1.23011374334789481E10
1.89999999999999991E1	6	1.47613649201747377E10
1.89999999999999991E1	7	1.72215924068705273E10
1.89999999999999991E1	8	1.96818198935663169E10
1.89999999999999991E1	9	2.21420473802621043E10
1.89999999999999991E1	10	2.46022748669578961E10

var_c	harmindex	freq[169, ::]
1.91000000000000014E1	0	0.00000000000000000E0
1.91000000000000014E1	1	2.46018526886058586E9
1.91000000000000014E1	2	4.92037053772117172E9
1.91000000000000014E1	3	7.38055580658175625E9
1.91000000000000014E1	4	9.84074107544234344E9
1.91000000000000014E1	5	1.23009263443029293E10
1.91000000000000014E1	6	1.47611116131635134E10
1.91000000000000014E1	7	1.72212968820240997E10
1.91000000000000014E1	8	1.96814821508846860E10
1.91000000000000014E1	9	2.21416674197452723E10
1.91000000000000014E1	10	2.46018526886058586E10

var_c	harmindex	freq[170, ::]
1.92000000000000037E1	0	0.00000000000000000E0
1.92000000000000037E1	1	2.46014348568892638E9
1.92000000000000037E1	2	4.92028697137785276E9
1.92000000000000037E1	3	7.38043045706677692E9
1.92000000000000037E1	4	9.84057394275570552E9
1.92000000000000037E1	5	1.23007174284446319E10
1.92000000000000037E1	6	1.47608609141335534E10
1.92000000000000037E1	7	1.72210043998224793E10
1.92000000000000037E1	8	1.96811478855114119E10
1.92000000000000037E1	9	2.21412913712003334E10
1.92000000000000037E1	10	2.46014348568892638E10

var_c	harmindex	freq[171, ::]
1.93000000000000038E1	0	0.00000000000000000E0
1.93000000000000038E1	1	2.46010213050247106E9
1.93000000000000038E1	2	4.92020426100494213E9
1.93000000000000038E1	3	7.38030639150741319E9
1.93000000000000038E1	4	9.84040852200988425E9
1.93000000000000038E1	5	1.23005106525123553E10
1.93000000000000038E1	6	1.47606127830148259E10
1.93000000000000038E1	7	1.72207149135173010E10
1.93000000000000038E1	8	1.96808170440197694E10
1.93000000000000038E1	9	2.21409191745222467E10
1.93000000000000038E1	10	2.46010213050247106E10

var_c	harmindex	freq[172, ::]
1.94000000000000061E1	0	0.00000000000000000E0
1.94000000000000061E1	1	2.46006119675901891E9
1.94000000000000061E1	2	4.92012239351803782E9
1.94000000000000061E1	3	7.38018359027705628E9
1.94000000000000061E1	4	9.84024478703607564E9
1.94000000000000061E1	5	1.23003059837950945E10
1.94000000000000061E1	6	1.47603671805541126E10
1.94000000000000061E1	7	1.72204283773131306E10
1.94000000000000061E1	8	1.96804895740721508E10
1.94000000000000061E1	9	2.21405507708311688E10
1.94000000000000061E1	10	2.46006119675901891E10

var_c	harmindex	freq[173, ::]
1.95000000000000062E1	0	0.00000000000000000E0
1.95000000000000062E1	1	2.46002067804899305E9
1.95000000000000062E1	2	4.92004135609798610E9
1.95000000000000062E1	3	7.38006203414697914E9
1.95000000000000062E1	4	9.84008271219597219E9
1.95000000000000062E1	5	1.23001033902449652E10
1.95000000000000062E1	6	1.47601240682939583E10
1.95000000000000062E1	7	1.72201447463429469E10
1.95000000000000062E1	8	1.96801654243919444E10
1.95000000000000062E1	9	2.21401861024409374E10
1.95000000000000062E1	10	2.46002067804899305E10

var_c	harmindex	freq[174, ::]
1.96000000000000085E1	0	0.00000000000000000E0
1.96000000000000085E1	1	2.45998056809216958E9
1.96000000000000085E1	2	4.91996113618433917E9
1.96000000000000085E1	3	7.37994170427650964E9
1.96000000000000085E1	4	9.83992227236867834E9
1.96000000000000085E1	5	1.22999028404608479E10
1.96000000000000085E1	6	1.47598834085530184E10
1.96000000000000085E1	7	1.72198639766451889E10
1.96000000000000085E1	8	1.96798445447373571E10
1.96000000000000085E1	9	2.21398251128295298E10
1.96000000000000085E1	10	2.45998056809216958E10

var_c	harmindex	freq[175, ::]
1.97000000000000108E1	0	0.00000000000000000E0
1.97000000000000108E1	1	2.45994086073437312E9
1.97000000000000108E1	2	4.91988172146874625E9
1.97000000000000108E1	3	7.37982258220311849E9
1.97000000000000108E1	4	9.83976344293749250E9
1.97000000000000108E1	5	1.22997043036718656E10
1.97000000000000108E1	6	1.47596451644062365E10
1.97000000000000108E1	7	1.72195860251406141E10
1.97000000000000108E1	8	1.96795268858749850E10
1.97000000000000108E1	9	2.21394677466093626E10
1.97000000000000108E1	10	2.45994086073437312E10

var_c	harmindex	freq[176, ::]
1.98000000000000109E1	0	0.00000000000000000E0
1.98000000000000109E1	1	2.45990154994436594E9
1.98000000000000109E1	2	4.91980309988873188E9
1.98000000000000109E1	3	7.37970464983309871E9
1.98000000000000109E1	4	9.83960619977746376E9
1.98000000000000109E1	5	1.22995077497218297E10
1.98000000000000109E1	6	1.47594092996661974E10
1.98000000000000109E1	7	1.72193108496105585E10
1.98000000000000109E1	8	1.96792123995549284E10
1.98000000000000109E1	9	2.21391139494992872E10
1.98000000000000109E1	10	2.45990154994436594E10

var_c	harmindex	freq[177, ::]
1.99000000000000132E1	0	0.00000000000000000E0
1.99000000000000132E1	1	2.45986262981078108E9
1.99000000000000132E1	2	4.91972525962156215E9
1.99000000000000132E1	3	7.37958788943234190E9
1.99000000000000132E1	4	9.83945051924312430E9
1.99000000000000132E1	5	1.22993131490539032E10
1.99000000000000132E1	6	1.47591757788646838E10
1.99000000000000132E1	7	1.72190384086754666E10
1.99000000000000132E1	8	1.96789010384862495E10
1.99000000000000132E1	9	2.21387636682970390E10
1.99000000000000132E1	10	2.45986262981078063E10

var_c	harmindex	freq[178, ::]
2.00000000000000133E1	0	0.00000000000000000E0
2.00000000000000133E1	1	2.45982409453914652E9
2.00000000000000133E1	2	4.91964818907829304E9
2.00000000000000133E1	3	7.37947228361743868E9
2.00000000000000133E1	4	9.83929637815658609E9
2.00000000000000133E1	5	1.22991204726957326E10
2.00000000000000133E1	6	1.47589445672348774E10
2.00000000000000133E1	7	1.72187686617740310E10
2.00000000000000133E1	8	1.96785927563131713E10
2.00000000000000133E1	9	2.21384168508523249E10
2.00000000000000133E1	10	2.45982409453914652E10

var_c	harmindex	freq[179, ::]
2.01000000000000156E1	0	0.00000000000000000E0
2.01000000000000156E1	1	2.45978593844902749E9
2.01000000000000156E1	2	4.91957187689805497E9
2.01000000000000156E1	3	7.37935781534708024E9
2.01000000000000156E1	4	9.83914375379610995E9
2.01000000000000156E1	5	1.22989296922451352E10
2.01000000000000156E1	6	1.47587156306941614E10
2.01000000000000156E1	7	1.72185015691431920E10
2.01000000000000156E1	8	1.96782875075922203E10
2.01000000000000156E1	9	2.21380734460412443E10
2.01000000000000156E1	10	2.45978593844902704E10

var_c	harmindex	freq[180, ::]
2.02000000000000179E1	0	0.00000000000000000E0
2.02000000000000179E1	1	2.45974815597123930E9
2.02000000000000179E1	2	4.91949631194247861E9
2.02000000000000179E1	3	7.37924446791371658E9
2.02000000000000179E1	4	9.83899262388495721E9
2.02000000000000179E1	5	1.22987407798561965E10
2.02000000000000179E1	6	1.47584889358274340E10
2.02000000000000179E1	7	1.72182370917986782E10
2.02000000000000179E1	8	1.96779852477699135E10
2.02000000000000179E1	9	2.21377334037411577E10
2.02000000000000179E1	10	2.45974815597123930E10

var_c	harmindex	freq[181, ::]
2.03000000000000203E1	0	0.00000000000000000E0
2.03000000000000203E1	1	2.45971074164511716E9
2.03000000000000203E1	2	4.91942148329023432E9
2.03000000000000203E1	3	7.37913222493535148E9
2.03000000000000203E1	4	9.83884296658046864E9
2.03000000000000203E1	5	1.22985537082255858E10
2.03000000000000203E1	6	1.47582644498707038E10
2.03000000000000203E1	7	1.72179751915158197E10
2.03000000000000203E1	8	1.96776859331609377E10
2.03000000000000203E1	9	2.21373966748060491E10
2.03000000000000203E1	10	2.45971074164511716E10

var_c	harmindex	freq[182, ::]
2.04000000000000181E1	0	0.00000000000000000E0
2.04000000000000181E1	1	2.45967369011589376E9
2.04000000000000181E1	2	4.91934738023178753E9
2.04000000000000181E1	3	7.37902107034768306E9
2.04000000000000181E1	4	9.83869476046357505E9
2.04000000000000181E1	5	1.22983684505794688E10
2.04000000000000181E1	6	1.47580421406953666E10
2.04000000000000181E1	7	1.72177158308112555E10
2.04000000000000181E1	8	1.96773895209271510E10
2.04000000000000181E1	9	2.21370632110430332E10
2.04000000000000181E1	10	2.45967369011589376E10

var_c	harmindex	freq[183, ::]
2.05000000000000204E1	0	0.00000000000000000E0
2.05000000000000204E1	1	2.45963699613215914E9
2.05000000000000204E1	2	4.91927399226431827E9
2.05000000000000204E1	3	7.37891098839647963E9
2.05000000000000204E1	4	9.83854798452863655E9
2.05000000000000204E1	5	1.22981849806607957E10
2.05000000000000204E1	6	1.47578219767929597E10
2.05000000000000204E1	7	1.72174589729251193E10
2.05000000000000204E1	8	1.96770959690572722E10
2.05000000000000204E1	9	2.21367329651894318E10
2.05000000000000204E1	10	2.45963699613215914E10

var_c	harmindex	freq[184, ::]
2.06000000000000227E1	0	0.00000000000000000E0
2.06000000000000227E1	1	2.45960065454335597E9
2.06000000000000227E1	2	4.91920130908671194E9
2.06000000000000227E1	3	7.37880196363006924E9
2.06000000000000227E1	4	9.83840261817342387E9
2.06000000000000227E1	5	1.22980032727167798E10
2.06000000000000227E1	6	1.47576039272601389E10
2.06000000000000227E1	7	1.72172045818034936E10
2.06000000000000227E1	8	1.96768052363468482E10
2.06000000000000227E1	9	2.21364058908902051E10
2.06000000000000227E1	10	2.45960065454335597E10

var_c	harmindex	freq[185, ::]
2.07000000000000250E1	0	0.00000000000000000E0
2.07000000000000250E1	1	2.45956466029738596E9
2.07000000000000250E1	2	4.91912932059477193E9
2.07000000000000250E1	3	7.37869398089215700E9
2.07000000000000250E1	4	9.83825864118954385E9
2.07000000000000250E1	5	1.22978233014869298E10
2.07000000000000250E1	6	1.47573879617843140E10
2.07000000000000250E1	7	1.72169526220816960E10
2.07000000000000250E1	8	1.96765172823790868E10
2.07000000000000250E1	9	2.21360819426764621E10
2.07000000000000250E1	10	2.45956466029738596E10

var_c	harmindex	freq[186, ::]
2.08000000000000274E1	0	0.00000000000000000E0
2.08000000000000274E1	1	2.45952900843824729E9
2.08000000000000274E1	2	4.91905801687649458E9
2.08000000000000274E1	3	7.37858702531474098E9
2.08000000000000274E1	4	9.83811603375298915E9
2.08000000000000274E1	5	1.22976450421912364E10
2.08000000000000274E1	6	1.47571740506294824E10
2.08000000000000274E1	7	1.72167030590677372E10
2.08000000000000274E1	8	1.96762320675059788E10
2.08000000000000274E1	9	2.21357610759442203E10
2.08000000000000274E1	10	2.45952900843824729E10

var_c	harmindex	freq[187, ::]
2.09000000000000252E1	0	0.00000000000000000E0
2.09000000000000252E1	1	2.45949369410379948E9
2.09000000000000252E1	2	4.91898738820759895E9
2.09000000000000252E1	3	7.37848108231139843E9
2.09000000000000252E1	4	9.83797477641519791E9
2.09000000000000252E1	5	1.22974684705189974E10
2.09000000000000252E1	6	1.47569621646227978E10
2.09000000000000252E1	7	1.72164558587265981E10
2.09000000000000252E1	8	1.96759495528303963E10
2.09000000000000252E1	9	2.21354432469341944E10
2.09000000000000252E1	10	2.45949369410379948E10

var_c	harmindex	freq[188, ::]
2.10000000000000275E1	0	0.00000000000000000E0
2.10000000000000275E1	1	2.45945871252352433E9
2.10000000000000275E1	2	4.91891742504704865E9
2.10000000000000275E1	3	7.37837613757057387E9
2.10000000000000275E1	4	9.83783485009409731E9
2.10000000000000275E1	5	1.22972935626176216E10
2.10000000000000275E1	6	1.47567522751411473E10
2.10000000000000275E1	7	1.72162109876646729E10
2.10000000000000275E1	8	1.96756697001881942E10
2.10000000000000275E1	9	2.21351284127117198E10
2.10000000000000275E1	10	2.45945871252352433E10

var_c	harmindex	freq[189, ::]
2.11000000000000298E1	0	0.00000000000000000E0
2.11000000000000298E1	1	2.45942405901637295E9
2.11000000000000298E1	2	4.91884811803274591E9
2.11000000000000298E1	3	7.37827217704911753E9
2.11000000000000298E1	4	9.83769623606549182E9
2.11000000000000298E1	5	1.22971202950818648E10
2.11000000000000298E1	6	1.47565443540982355E10
2.11000000000000298E1	7	1.72159684131146129E10
2.11000000000000298E1	8	1.96753924721309836E10
2.11000000000000298E1	9	2.21348165311473455E10
2.11000000000000298E1	10	2.45942405901637295E10

var_c	harmindex	freq[190, ::]
2.12000000000000322E1	0	0.00000000000000000E0
2.12000000000000322E1	1	2.45938972898869812E9
2.12000000000000322E1	2	4.91877945797739624E9
2.12000000000000322E1	3	7.37816918696609303E9
2.12000000000000322E1	4	9.83755891595479248E9
2.12000000000000322E1	5	1.22969486449434906E10
2.12000000000000322E1	6	1.47563383739321852E10
2.12000000000000322E1	7	1.72157281029208842E10
2.12000000000000322E1	8	1.96751178319095854E10
2.12000000000000322E1	9	2.21345075608982800E10
2.12000000000000322E1	10	2.45938972898869812E10

var_c	harmindex	freq[191, ::]
2.13000000000000345E1	0	0.00000000000000000E0
2.13000000000000345E1	1	2.45935571793219676E9
2.13000000000000345E1	2	4.91871143586439352E9
2.13000000000000345E1	3	7.37806715379659117E9
2.13000000000000345E1	4	9.83742287172878704E9
2.13000000000000345E1	5	1.22967785896609838E10
2.13000000000000345E1	6	1.47561343075931828E10
2.13000000000000345E1	7	1.72154900255253840E10
2.13000000000000345E1	8	1.96748457434575741E10
2.13000000000000345E1	9	2.21342014613897708E10
2.13000000000000345E1	10	2.45935571793219676E10

var_c	harmindex	freq[192, ::]
2.14000000000000323E1	0	0.00000000000000000E0
2.14000000000000323E1	1	2.45932202142195910E9
2.14000000000000323E1	2	4.91864404284391821E9
2.14000000000000323E1	3	7.37796606426587953E9
2.14000000000000323E1	4	9.83728808568783641E9
2.14000000000000323E1	5	1.22966101071097955E10
2.14000000000000323E1	6	1.47559321285317591E10
2.14000000000000323E1	7	1.72152541499537159E10
2.14000000000000323E1	8	1.96745761713756728E10
2.14000000000000323E1	9	2.21338981927976386E10
2.14000000000000323E1	10	2.45932202142195910E10

var_c	harmindex	freq[193, ::]
2.15000000000000346E1	0	0.00000000000000000E0
2.15000000000000346E1	1	2.45928863511456486E9
2.15000000000000346E1	2	4.91857727022912972E9
2.15000000000000346E1	3	7.37786590534369147E9
2.15000000000000346E1	4	9.83715454045825943E9
2.15000000000000346E1	5	1.22964431755728243E10
2.15000000000000346E1	6	1.47557318106873825E10
2.15000000000000346E1	7	1.72150204458019518E10
2.15000000000000346E1	8	1.96743090809165189E10
2.15000000000000346E1	9	2.21335977160310815E10
2.15000000000000346E1	10	2.45928863511456486E10

var_c	harmindex	freq[194, ::]
2.16000000000000369E1	0	0.00000000000000000E0
2.16000000000000369E1	1	2.45925555474616964E9
2.16000000000000369E1	2	4.91851110949233927E9
2.16000000000000369E1	3	7.37776666423850891E9
2.16000000000000369E1	4	9.83702221898467855E9
2.16000000000000369E1	5	1.22962777737308460E10
2.16000000000000369E1	6	1.47555333284770174E10
2.16000000000000369E1	7	1.72147888832231866E10
2.16000000000000369E1	8	1.96740444379693580E10
2.16000000000000369E1	9	2.21332999927155250E10
2.16000000000000369E1	10	2.45925555474616919E10

var_c	harmindex	freq[195, ::]
2.17000000000000393E1	0	0.00000000000000000E0
2.17000000000000393E1	1	2.45922277613072193E9
2.17000000000000393E1	2	4.91844555226144386E9
2.17000000000000393E1	3	7.37766832839216402E9
2.17000000000000393E1	4	9.83689110452288773E9
2.17000000000000393E1	5	1.22961138806536097E10
2.17000000000000393E1	6	1.47553366567843280E10
2.17000000000000393E1	7	1.72145594329150553E10
2.17000000000000393E1	8	1.96737822090457759E10
2.17000000000000393E1	9	2.21330049851764965E10
2.17000000000000393E1	10	2.45922277613072193E10

var_c	harmindex	freq[196, ::]
2.18000000000000416E1	0	0.00000000000000000E0
2.18000000000000416E1	1	2.45919029515820364E9
2.18000000000000416E1	2	4.91838059031640729E9
2.18000000000000416E1	3	7.37757088547460960E9
2.18000000000000416E1	4	9.83676118063281457E9
2.18000000000000416E1	5	1.22959514757910182E10
2.18000000000000416E1	6	1.47551417709492183E10
2.18000000000000416E1	7	1.72143320661074251E10
2.18000000000000416E1	8	1.96735223612656296E10
2.18000000000000416E1	9	2.21327126564238252E10
2.18000000000000416E1	10	2.45919029515820364E10

var_c	harmindex	freq[197, ::]
2.19000000000000394E1	0	0.00000000000000000E0
2.19000000000000394E1	1	2.45915810779288169E9
2.19000000000000394E1	2	4.91831621558576337E9
2.19000000000000394E1	3	7.37747432337864506E9
2.19000000000000394E1	4	9.83663243117152675E9
2.19000000000000394E1	5	1.22957905389644084E10
2.19000000000000394E1	6	1.47549486467572910E10
2.19000000000000394E1	7	1.72141067545501802E10
2.19000000000000394E1	8	1.96732648623430539E10
2.19000000000000394E1	9	2.21324229701359343E10
2.19000000000000394E1	10	2.45915810779288169E10

var_c	harmindex	freq[198, ::]
2.20000000000000417E1	0	0.00000000000000000E0
2.20000000000000417E1	1	2.45912621007167242E9
2.20000000000000417E1	2	4.91825242014334485E9
2.20000000000000417E1	3	7.37737863021501727E9
2.20000000000000417E1	4	9.83650484028668970E9
2.20000000000000417E1	5	1.22956310503583621E10
2.20000000000000417E1	6	1.47547572604300337E10
2.20000000000000417E1	7	1.72138834705017096E10
2.20000000000000417E1	8	1.96730096805733790E10
2.20000000000000417E1	9	2.21321358906450616E10
2.20000000000000417E1	10	2.45912621007167242E10

var_c	harmindex	freq[199, ::]
2.21000000000000441E1	0	0.00000000000000000E0
2.21000000000000441E1	1	2.45909459810247366E9
2.21000000000000441E1	2	4.91818919620494732E9
2.21000000000000441E1	3	7.37728379430742098E9
2.21000000000000441E1	4	9.83637839240989464E9
2.21000000000000441E1	5	1.22954729905123683E10
2.21000000000000441E1	6	1.47545675886148420E10
2.21000000000000441E1	7	1.72136621867173223E10
2.21000000000000441E1	8	1.96727567848197893E10
2.21000000000000441E1	9	2.21318513829222585E10
2.21000000000000441E1	10	2.45909459810247366E10

var_c	harmindex	freq[200, ::]
2.21999999999999975E1	0	0.00000000000000000E0
2.21999999999999975E1	1	2.45906326806263520E9
2.21999999999999975E1	2	4.91812653612527040E9
2.21999999999999975E1	3	7.37718980418790515E9
2.21999999999999975E1	4	9.83625307225054080E9
2.21999999999999975E1	5	1.22953163403131760E10
2.21999999999999975E1	6	1.47543796083758094E10
2.21999999999999975E1	7	1.72134428764384451E10
2.21999999999999975E1	8	1.96725061445010807E10
2.21999999999999975E1	9	2.21315694125637119E10
2.21999999999999975E1	10	2.45906326806263520E10


