var_c	indep(index, 1)	plot_vs(pnmx, noisefreq)[0, ::]
2.20000000000000018E0	2.29999999999999982E9	-1.42661295472584815E2
2.20000000000000018E0	2.31000000000000005E9	-1.42411571804579706E2
2.20000000000000018E0	2.31999999999999984E9	-1.42150375969490539E2
2.20000000000000018E0	2.33000000000000007E9	-1.41876357582225654E2
2.20000000000000018E0	2.33999999999999986E9	-1.41587970002888097E2
2.20000000000000018E0	2.35000000000000009E9	-1.41283447539289231E2
2.20000000000000018E0	2.36000000000000032E9	-1.40960782808302088E2
2.20000000000000018E0	2.37000000000000011E9	-1.40617705487253097E2
2.20000000000000018E0	2.37999999999999989E9	-1.40251663599126353E2
2.20000000000000018E0	2.38999999999999968E9	-1.39859807467771113E2
2.20000000000000018E0	2.39999999999999991E9	-1.39438973549498035E2
2.20000000000000018E0	2.41000000000000014E9	-1.38985655618741499E2
2.20000000000000018E0	2.41999999999999993E9	-1.38495926785489121E2
2.20000000000000018E0	2.43000000000000016E9	-1.37965215561060051E2
2.20000000000000018E0	2.43999999999999995E9	-1.37387687915309487E2
2.20000000000000018E0	2.45000000000000018E9	-1.36754609539085692E2
2.20000000000000018E0	2.45999999999999996E9	-1.36050086567521156E2
2.20000000000000018E0	2.46999999999999975E9	-1.35239975016987080E2
2.20000000000000018E0	2.47999999999999998E9	-1.34242423630565311E2
2.20000000000000018E0	2.48999999999999977E9	-1.32847136659714415E2
2.20000000000000018E0	2.50000000000000000E9	-1.30492923209212219E2
2.20000000000000018E0	2.51000000000000023E9	-1.25892802466355369E2
2.20000000000000018E0	2.52000000000000002E9	-1.23650380521268666E2
2.20000000000000018E0	2.53000000000000025E9	-1.29298880758910006E2
2.20000000000000018E0	2.54000000000000004E9	-1.32296110530063626E2
2.20000000000000018E0	2.54999999999999982E9	-1.33946119989837653E2
2.20000000000000018E0	2.56000000000000005E9	-1.35053186107291534E2
2.20000000000000018E0	2.56999999999999984E9	-1.35919049770531908E2
2.20000000000000018E0	2.58000000000000007E9	-1.36658480163503127E2
2.20000000000000018E0	2.58999999999999986E9	-1.37317709544701305E2
2.20000000000000018E0	2.60000000000000009E9	-1.37917141054089387E2
2.20000000000000018E0	2.61000000000000032E9	-1.38467201574267929E2
2.20000000000000018E0	2.62000000000000011E9	-1.38974372843878347E2
2.20000000000000018E0	2.62999999999999989E9	-1.39443500761392958E2
2.20000000000000018E0	2.63999999999999968E9	-1.39878666642398830E2
2.20000000000000018E0	2.64999999999999991E9	-1.40283501943980915E2
2.20000000000000018E0	2.66000000000000014E9	-1.40661294462593811E2
2.20000000000000018E0	2.66999999999999993E9	-1.41015022081283226E2
2.20000000000000018E0	2.68000000000000016E9	-1.41347366793033347E2
2.20000000000000018E0	2.68999999999999995E9	-1.41660726655579250E2
2.20000000000000018E0	2.70000000000000018E9	-1.41957231065708767E2

var_c	indep(index, 1)	plot_vs(pnmx, noisefreq)[1, ::]
2.30000000000000027E0	2.29999999999999982E9	-1.42741637316191516E2
2.30000000000000027E0	2.31000000000000005E9	-1.42492994566874343E2
2.30000000000000027E0	2.31999999999999984E9	-1.42232526754617328E2
2.30000000000000027E0	2.33000000000000007E9	-1.41958766030858818E2
2.30000000000000027E0	2.33999999999999986E9	-1.41670019326291596E2
2.30000000000000027E0	2.35000000000000009E9	-1.41364338985755178E2
2.30000000000000027E0	2.36000000000000032E9	-1.41039492333773109E2
2.30000000000000027E0	2.37000000000000011E9	-1.40692931025313706E2
2.30000000000000027E0	2.37999999999999989E9	-1.40321761187787319E2
2.30000000000000027E0	2.38999999999999968E9	-1.39922714061608633E2
2.30000000000000027E0	2.39999999999999991E9	-1.39492113377365756E2
2.30000000000000027E0	2.41000000000000014E9	-1.39025824605565829E2
2.30000000000000027E0	2.41999999999999993E9	-1.38519143190144201E2
2.30000000000000027E0	2.43000000000000016E9	-1.37966506205470507E2
2.30000000000000027E0	2.43999999999999995E9	-1.37360728929901121E2
2.30000000000000027E0	2.45000000000000018E9	-1.36690996694931588E2
2.30000000000000027E0	2.45999999999999996E9	-1.35937605165551245E2
2.30000000000000027E0	2.46999999999999975E9	-1.35058080496193833E2
2.30000000000000027E0	2.47999999999999998E9	-1.33949803496231024E2
2.30000000000000027E0	2.48999999999999977E9	-1.32347092789017173E2
2.30000000000000027E0	2.50000000000000000E9	-1.29549775816118817E2
2.30000000000000027E0	2.51000000000000023E9	-1.24388198693531371E2
2.30000000000000027E0	2.52000000000000002E9	-1.25314926354747103E2
2.30000000000000027E0	2.53000000000000025E9	-1.30227585234786192E2
2.30000000000000027E0	2.54000000000000004E9	-1.32784084271548619E2
2.30000000000000027E0	2.54999999999999982E9	-1.34287497819303159E2
2.30000000000000027E0	2.56000000000000005E9	-1.35352855082313650E2
2.30000000000000027E0	2.56999999999999984E9	-1.36211683441690035E2
2.30000000000000027E0	2.58000000000000007E9	-1.36953678049092775E2
2.30000000000000027E0	2.58999999999999986E9	-1.37616237346639170E2
2.30000000000000027E0	2.60000000000000009E9	-1.38216975077539139E2
2.30000000000000027E0	2.61000000000000032E9	-1.38765796689309262E2
2.30000000000000027E0	2.62000000000000011E9	-1.39269464302524337E2
2.30000000000000027E0	2.62999999999999989E9	-1.39733328157567738E2
2.30000000000000027E0	2.63999999999999968E9	-1.40161975981014697E2
2.30000000000000027E0	2.64999999999999991E9	-1.40559472541771946E2
2.30000000000000027E0	2.66000000000000014E9	-1.40929449571851029E2
2.30000000000000027E0	2.66999999999999993E9	-1.41275146079795388E2
2.30000000000000027E0	2.68000000000000016E9	-1.41599435524825212E2
2.30000000000000027E0	2.68999999999999995E9	-1.41904852090136058E2
2.30000000000000027E0	2.70000000000000018E9	-1.42193618651209408E2

var_c	indep(index, 1)	plot_vs(pnmx, noisefreq)[2, ::]
2.40000000000000036E0	2.29999999999999982E9	-1.42809844797087249E2
2.40000000000000036E0	2.31000000000000005E9	-1.42562310143907722E2
2.40000000000000036E0	2.31999999999999984E9	-1.42302622798364320E2
2.40000000000000036E0	2.33000000000000007E9	-1.42029200807657885E2
2.40000000000000036E0	2.33999999999999986E9	-1.41740207647129313E2
2.40000000000000036E0	2.35000000000000009E9	-1.41433515908431984E2
2.40000000000000036E0	2.36000000000000032E9	-1.41106668351608100E2
2.40000000000000036E0	2.37000000000000011E9	-1.40756837011572000E2
2.40000000000000036E0	2.37999999999999989E9	-1.40380780799325611E2
2.40000000000000036E0	2.38999999999999968E9	-1.39974800974282121E2
2.40000000000000036E0	2.39999999999999991E9	-1.39534689540077883E2
2.40000000000000036E0	2.41000000000000014E9	-1.39055653242050603E2
2.40000000000000036E0	2.41999999999999993E9	-1.38532162854919716E2
2.40000000000000036E0	2.43000000000000016E9	-1.37957592816747399E2
2.40000000000000036E0	2.43999999999999995E9	-1.37323296343353674E2
2.40000000000000036E0	2.45000000000000018E9	-1.36616185171193827E2
2.40000000000000036E0	2.45999999999999996E9	-1.35812342169780864E2
2.40000000000000036E0	2.46999999999999975E9	-1.34859945790389402E2
2.40000000000000036E0	2.47999999999999998E9	-1.33632737528847234E2
2.40000000000000036E0	2.48999999999999977E9	-1.31802065141723057E2
2.40000000000000036E0	2.50000000000000000E9	-1.28526920639761300E2
2.40000000000000036E0	2.51000000000000023E9	-1.23045519152413929E2
2.40000000000000036E0	2.52000000000000002E9	-1.26721479822771621E2
2.40000000000000036E0	2.53000000000000025E9	-1.30945556638070792E2
2.40000000000000036E0	2.54000000000000004E9	-1.33192614987629443E2
2.40000000000000036E0	2.54999999999999982E9	-1.34595404288202580E2
2.40000000000000036E0	2.56000000000000005E9	-1.35633383020850951E2
2.40000000000000036E0	2.56999999999999984E9	-1.36488207854318100E2
2.40000000000000036E0	2.58000000000000007E9	-1.37231808340754391E2
2.40000000000000036E0	2.58999999999999986E9	-1.37895535948618853E2
2.40000000000000036E0	2.60000000000000009E9	-1.38495306595539658E2
2.40000000000000036E0	2.61000000000000032E9	-1.39040910509213012E2
2.40000000000000036E0	2.62000000000000011E9	-1.39539508574106796E2
2.40000000000000036E0	2.62999999999999989E9	-1.39996953717971406E2
2.40000000000000036E0	2.63999999999999968E9	-1.40418292929813937E2
2.40000000000000036E0	2.64999999999999991E9	-1.40807964172506672E2
2.40000000000000036E0	2.66000000000000014E9	-1.41169884158040260E2
2.40000000000000036E0	2.66999999999999993E9	-1.41507500494528160E2
2.40000000000000036E0	2.68000000000000016E9	-1.41823833776973118E2
2.40000000000000036E0	2.68999999999999995E9	-1.42121517953343135E2
2.40000000000000036E0	2.70000000000000018E9	-1.42402840004978426E2

var_c	indep(index, 1)	plot_vs(pnmx, noisefreq)[3, ::]
2.50000000000000044E0	2.29999999999999982E9	-1.42868212438994013E2
2.50000000000000044E0	2.31000000000000005E9	-1.42621800670304166E2
2.50000000000000044E0	2.31999999999999984E9	-1.42362932182725599E2
2.50000000000000044E0	2.33000000000000007E9	-1.42089914425802277E2
2.50000000000000044E0	2.33999999999999986E9	-1.41800770738354531E2
2.50000000000000044E0	2.35000000000000009E9	-1.41493196723083403E2
2.50000000000000044E0	2.36000000000000032E9	-1.41164512200545689E2
2.50000000000000044E0	2.37000000000000011E9	-1.40811609091323464E2
2.50000000000000044E0	2.37999999999999989E9	-1.40430895270272105E2
2.50000000000000044E0	2.38999999999999968E9	-1.40018233114995527E2
2.50000000000000044E0	2.39999999999999991E9	-1.39568866396770974E2
2.50000000000000044E0	2.41000000000000014E9	-1.39077315339390384E2
2.50000000000000044E0	2.41999999999999993E9	-1.38537182244543877E2
2.50000000000000044E0	2.43000000000000016E9	-1.37940711319368181E2
2.50000000000000044E0	2.43999999999999995E9	-1.37277686106587948E2
2.50000000000000044E0	2.45000000000000018E9	-1.36532556681728279E2
2.50000000000000044E0	2.45999999999999996E9	-1.35676795820424534E2
2.50000000000000044E0	2.46999999999999975E9	-1.34648210344433084E2
2.50000000000000044E0	2.47999999999999998E9	-1.33294000071449359E2
2.50000000000000044E0	2.48999999999999977E9	-1.31215558628154216E2
2.50000000000000044E0	2.50000000000000000E9	-1.27449803925885474E2
2.50000000000000044E0	2.51000000000000023E9	-1.16907620906359311E2
2.50000000000000044E0	2.52000000000000002E9	-1.27857015535830465E2
2.50000000000000044E0	2.53000000000000025E9	-1.31520371594594354E2
2.50000000000000044E0	2.54000000000000004E9	-1.33546138503177869E2
2.50000000000000044E0	2.54999999999999982E9	-1.34878580084449884E2
2.50000000000000044E0	2.56000000000000005E9	-1.35898110793047988E2
2.50000000000000044E0	2.56999999999999984E9	-1.36750204633427419E2
2.50000000000000044E0	2.58000000000000007E9	-1.37494083934911981E2
2.50000000000000044E0	2.58999999999999986E9	-1.38156996527528064E2
2.50000000000000044E0	2.60000000000000009E9	-1.38753902286782393E2
2.50000000000000044E0	2.61000000000000032E9	-1.39294728690289693E2
2.50000000000000044E0	2.62000000000000011E9	-1.39787086793362425E2
2.50000000000000044E0	2.62999999999999989E9	-1.40237304303482557E2
2.50000000000000044E0	2.63999999999999968E9	-1.40650833075236936E2
2.50000000000000044E0	2.64999999999999991E9	-1.41032425726655553E2
2.50000000000000044E0	2.66000000000000014E9	-1.41386230409190095E2
2.50000000000000044E0	2.66999999999999993E9	-1.41715857498412734E2
2.50000000000000044E0	2.68000000000000016E9	-1.42024437130568115E2
2.50000000000000044E0	2.68999999999999995E9	-1.42314672752902660E2
2.50000000000000044E0	2.70000000000000018E9	-1.42588891609157620E2

var_c	indep(index, 1)	plot_vs(pnmx, noisefreq)[4, ::]
2.60000000000000053E0	2.29999999999999982E9	-1.42918492542422593E2
2.60000000000000053E0	2.31000000000000005E9	-1.42673208327371648E2
2.60000000000000053E0	2.31999999999999984E9	-1.42415185293454560E2
2.60000000000000053E0	2.33000000000000007E9	-1.42142623907428201E2
2.60000000000000053E0	2.33999999999999986E9	-1.41853411009317987E2
2.60000000000000053E0	2.35000000000000009E9	-1.41545068400157370E2
2.60000000000000053E0	2.36000000000000032E9	-1.41214695235662102E2
2.60000000000000053E0	2.37000000000000011E9	-1.40858903885071207E2
2.60000000000000053E0	2.37999999999999989E9	-1.40473748775941609E2
2.60000000000000053E0	2.38999999999999968E9	-1.40054646332937693E2
2.60000000000000053E0	2.39999999999999991E9	-1.39596277811046665E2
2.60000000000000053E0	2.41000000000000014E9	-1.39092451970695663E2
2.60000000000000053E0	2.41999999999999993E9	-1.38535862123588527E2
2.60000000000000053E0	2.43000000000000016E9	-1.37917557972026450E2
2.60000000000000053E0	2.43999999999999995E9	-1.37225650674893229E2
2.60000000000000053E0	2.45000000000000018E9	-1.36441946231525968E2
2.60000000000000053E0	2.45999999999999996E9	-1.35532917839434552E2
2.60000000000000053E0	2.46999999999999975E9	-1.34424981234397967E2
2.60000000000000053E0	2.47999999999999998E9	-1.32935917284901817E2
2.60000000000000053E0	2.48999999999999977E9	-1.30591392495033976E2
2.60000000000000053E0	2.50000000000000000E9	-1.26360831274571206E2
2.60000000000000053E0	2.51000000000000023E9	-1.23325003074315687E2
2.60000000000000053E0	2.52000000000000002E9	-1.28767757885534073E2
2.60000000000000053E0	2.53000000000000025E9	-1.31995395031486740E2
2.60000000000000053E0	2.54000000000000004E9	-1.33860248448611574E2
2.60000000000000053E0	2.54999999999999982E9	-1.35142600165910465E2
2.60000000000000053E0	2.56000000000000005E9	-1.36149155548676459E2
2.60000000000000053E0	2.56999999999999984E9	-1.36998742021334485E2
2.60000000000000053E0	2.58000000000000007E9	-1.37741456780326499E2
2.60000000000000053E0	2.58999999999999986E9	-1.38401810476700904E2
2.60000000000000053E0	2.60000000000000009E9	-1.38994305148625186E2
2.60000000000000053E0	2.61000000000000032E9	-1.39529153403176909E2
2.60000000000000053E0	2.62000000000000011E9	-1.40014424555674966E2
2.60000000000000053E0	2.62999999999999989E9	-1.40456878869683099E2
2.60000000000000053E0	2.63999999999999968E9	-1.40862316969208101E2
2.60000000000000053E0	2.64999999999999991E9	-1.41235751675788057E2
2.60000000000000053E0	2.66000000000000014E9	-1.41581514985457391E2
2.60000000000000053E0	2.66999999999999993E9	-1.41903340730097005E2
2.60000000000000053E0	2.68000000000000016E9	-1.42204436965761549E2
2.60000000000000053E0	2.68999999999999995E9	-1.42487551795597045E2
2.60000000000000053E0	2.70000000000000018E9	-1.42755033520638475E2

var_c	indep(index, 1)	plot_vs(pnmx, noisefreq)[5, ::]
2.70000000000000062E0	2.29999999999999982E9	-1.42962049253069523E2
2.70000000000000062E0	2.31000000000000005E9	-1.42717888981529706E2
2.70000000000000062E0	2.31999999999999984E9	-1.42460728060838737E2
2.70000000000000062E0	2.33000000000000007E9	-1.42188663703729734E2
2.70000000000000062E0	2.33999999999999986E9	-1.41899450011275174E2
2.70000000000000062E0	2.35000000000000009E9	-1.41590438599439694E2
2.70000000000000062E0	2.36000000000000032E9	-1.41258510794984327E2
2.70000000000000062E0	2.37000000000000011E9	-1.40900000855976892E2
2.70000000000000062E0	2.37999999999999989E9	-1.40510608658825098E2
2.70000000000000062E0	2.38999999999999968E9	-1.40085299233866012E2
2.70000000000000062E0	2.39999999999999991E9	-1.39618179155196698E2
2.70000000000000062E0	2.41000000000000014E9	-1.39102323646454185E2
2.70000000000000062E0	2.41999999999999993E9	-1.38529479515288090E2
2.70000000000000062E0	2.43000000000000016E9	-1.37889441645085209E2
2.70000000000000062E0	2.43999999999999995E9	-1.37168550561968572E2
2.70000000000000062E0	2.45000000000000018E9	-1.36345792717712522E2
2.70000000000000062E0	2.45999999999999996E9	-1.35382262773941342E2
2.70000000000000062E0	2.46999999999999975E9	-1.34191979003386397E2
2.70000000000000062E0	2.47999999999999998E9	-1.32560512791500651E2
2.70000000000000062E0	2.48999999999999977E9	-1.29934083908391962E2
2.70000000000000062E0	2.50000000000000000E9	-1.25323322831294393E2
2.70000000000000062E0	2.51000000000000023E9	-1.24478136079657342E2
2.70000000000000062E0	2.52000000000000002E9	-1.29506613650716362E2
2.70000000000000062E0	2.53000000000000025E9	-1.32399092712728783E2
2.70000000000000062E0	2.54000000000000004E9	-1.34145147778181095E2
2.70000000000000062E0	2.54999999999999982E9	-1.35391081851611439E2
2.70000000000000062E0	2.56000000000000005E9	-1.36387897876846620E2
2.70000000000000062E0	2.56999999999999984E9	-1.37234601865571237E2
2.70000000000000062E0	2.58000000000000007E9	-1.37974740798336515E2
2.70000000000000062E0	2.58999999999999986E9	-1.38631050799286726E2
2.70000000000000062E0	2.60000000000000009E9	-1.39217904037794860E2
2.70000000000000062E0	2.61000000000000032E9	-1.39745875177611567E2
2.70000000000000062E0	2.62000000000000011E9	-1.40223473859738057E2
2.70000000000000062E0	2.62999999999999989E9	-1.40657843343408251E2
2.70000000000000062E0	2.63999999999999968E9	-1.41055078892713359E2
2.70000000000000062E0	2.64999999999999991E9	-1.41420404185427850E2
2.70000000000000062E0	2.66000000000000014E9	-1.41758293561683457E2
2.70000000000000062E0	2.66999999999999993E9	-1.42072570876648063E2
2.70000000000000062E0	2.68000000000000016E9	-1.42366495856292974E2
2.70000000000000062E0	2.68999999999999995E9	-1.42642841057591085E2
2.70000000000000062E0	2.70000000000000018E9	-1.42903960421147547E2

var_c	indep(index, 1)	plot_vs(pnmx, noisefreq)[6, ::]
2.80000000000000071E0	2.29999999999999982E9	-1.42999960373616708E2
2.80000000000000071E0	2.31000000000000005E9	-1.42756913665850460E2
2.80000000000000071E0	2.31999999999999984E9	-1.42500623200351084E2
2.80000000000000071E0	2.33000000000000007E9	-1.42229086673659766E2
2.80000000000000071E0	2.33999999999999986E9	-1.41939929348254834E2
2.80000000000000071E0	2.35000000000000009E9	-1.41630336460829409E2
2.80000000000000071E0	2.36000000000000032E9	-1.41296974939755926E2
2.80000000000000071E0	2.37000000000000011E9	-1.40935903082128444E2
2.80000000000000071E0	2.37999999999999989E9	-1.40542466172086589E2
2.80000000000000071E0	2.38999999999999968E9	-1.40111173987232540E2
2.80000000000000071E0	2.39999999999999991E9	-1.39635548499705964E2
2.80000000000000071E0	2.41000000000000014E9	-1.39107911586655431E2
2.80000000000000071E0	2.41999999999999993E9	-1.38519029555207762E2
2.80000000000000071E0	2.43000000000000016E9	-1.37857385803940469E2
2.80000000000000071E0	2.43999999999999995E9	-1.37107456863388633E2
2.80000000000000071E0	2.45000000000000018E9	-1.36245241639695114E2
2.80000000000000071E0	2.45999999999999996E9	-1.35226089094824742E2
2.80000000000000071E0	2.46999999999999975E9	-1.33950638097158903E2
2.80000000000000071E0	2.47999999999999998E9	-1.32169615753648717E2
2.80000000000000071E0	2.48999999999999977E9	-1.29249265339151598E2
2.80000000000000071E0	2.50000000000000000E9	-1.24407054911693371E2
2.80000000000000071E0	2.51000000000000023E9	-1.25483849873304742E2
2.80000000000000071E0	2.52000000000000002E9	-1.30116482058961469E2
2.80000000000000071E0	2.53000000000000025E9	-1.32750578798653751E2
2.80000000000000071E0	2.54000000000000004E9	-1.34407644680564231E2
2.80000000000000071E0	2.54999999999999982E9	-1.35626411085669329E2
2.80000000000000071E0	2.56000000000000005E9	-1.36615277355095599E2
2.80000000000000071E0	2.56999999999999984E9	-1.37458410416948307E2
2.80000000000000071E0	2.58000000000000007E9	-1.38194676526419613E2
2.80000000000000071E0	2.58999999999999986E9	-1.38845712172838254E2
2.80000000000000071E0	2.60000000000000009E9	-1.39425969114840553E2
2.80000000000000071E0	2.61000000000000032E9	-1.39946414236539374E2
2.80000000000000071E0	2.62000000000000011E9	-1.40415963519615206E2
2.80000000000000071E0	2.62999999999999989E9	-1.40842092250247886E2
2.80000000000000071E0	2.63999999999999968E9	-1.41231139649667670E2
2.80000000000000071E0	2.64999999999999991E9	-1.41588496440357736E2
2.80000000000000071E0	2.66000000000000014E9	-1.41918743563195338E2
2.80000000000000071E0	2.66999999999999993E9	-1.42225766767429063E2
2.80000000000000071E0	2.68000000000000016E9	-1.42512855862881427E2
2.80000000000000071E0	2.68999999999999995E9	-1.42782791459358172E2
2.80000000000000071E0	2.70000000000000018E9	-1.43037921061683693E2

var_c	indep(index, 1)	plot_vs(pnmx, noisefreq)[7, ::]
2.90000000000000080E0	2.29999999999999982E9	-1.43033088734531533E2
2.90000000000000080E0	2.31000000000000005E9	-1.42791139766706010E2
2.90000000000000080E0	2.31999999999999984E9	-1.42535721175298735E2
2.90000000000000080E0	2.33000000000000007E9	-1.42264734825370787E2
2.90000000000000080E0	2.33999999999999986E9	-1.41975681151608057E2
2.90000000000000080E0	2.35000000000000009E9	-1.41665583051906507E2
2.90000000000000080E0	2.36000000000000032E9	-1.41330896765551972E2
2.90000000000000080E0	2.37000000000000011E9	-1.40967407492155661E2
2.90000000000000080E0	2.37999999999999989E9	-1.40570106913231108E2
2.90000000000000080E0	2.38999999999999968E9	-1.40133047129247701E2
2.90000000000000080E0	2.39999999999999991E9	-1.39649157353746212E2
2.90000000000000080E0	2.41000000000000014E9	-1.39109989087043084E2
2.90000000000000080E0	2.41999999999999993E9	-1.38505296866172278E2
2.90000000000000080E0	2.43000000000000016E9	-1.37822200185531840E2
2.90000000000000080E0	2.43999999999999995E9	-1.37043222962506350E2
2.90000000000000080E0	2.45000000000000018E9	-1.36141216125894671E2
2.90000000000000080E0	2.45999999999999996E9	-1.35065430288170729E2
2.90000000000000080E0	2.46999999999999975E9	-1.33702174996117651E2
2.90000000000000080E0	2.47999999999999998E9	-1.31764934620527652E2
2.90000000000000080E0	2.48999999999999977E9	-1.28544165770195540E2
2.90000000000000080E0	2.50000000000000000E9	-1.23561794212439735E2
2.90000000000000080E0	2.51000000000000023E9	-1.26385630401773374E2
2.90000000000000080E0	2.52000000000000002E9	-1.30629365526361352E2
2.90000000000000080E0	2.53000000000000025E9	-1.33062946380335112E2
2.90000000000000080E0	2.54000000000000004E9	-1.34652358108983639E2
2.90000000000000080E0	2.54999999999999982E9	-1.35850194321850259E2
2.90000000000000080E0	2.56000000000000005E9	-1.36831973358259207E2
2.90000000000000080E0	2.56999999999999984E9	-1.37670713674635126E2
2.90000000000000080E0	2.58000000000000007E9	-1.38401963987205878E2
2.90000000000000080E0	2.58999999999999986E9	-1.39046730756299630E2
2.90000000000000080E0	2.60000000000000009E9	-1.39619672092471014E2
2.90000000000000080E0	2.61000000000000032E9	-1.40132146486701203E2
2.90000000000000080E0	2.62000000000000011E9	-1.40593434512943594E2
2.90000000000000080E0	2.62999999999999989E9	-1.41011293361396683E2
2.90000000000000080E0	2.63999999999999968E9	-1.41392260265164338E2
2.90000000000000080E0	2.64999999999999991E9	-1.41741854587598226E2
2.90000000000000080E0	2.66000000000000014E9	-1.42064733425375112E2
2.90000000000000080E0	2.66999999999999993E9	-1.42364820959869531E2
2.90000000000000080E0	2.68000000000000016E9	-1.42645419366977588E2
2.90000000000000080E0	2.68999999999999995E9	-1.42909304322750419E2
2.90000000000000080E0	2.70000000000000018E9	-1.43158807322225212E2

var_c	indep(index, 1)	plot_vs(pnmx, noisefreq)[8, ::]
3.00000000000000089E0	2.29999999999999982E9	-1.43062133320447460E2
3.00000000000000089E0	2.31000000000000005E9	-1.42821261913098896E2
3.00000000000000089E0	2.31999999999999984E9	-1.42566710877801395E2
3.00000000000000089E0	2.33000000000000007E9	-1.42296289901471940E2
3.00000000000000089E0	2.33999999999999986E9	-1.42007378522210104E2
3.00000000000000089E0	2.35000000000000009E9	-1.41696841551577357E2
3.00000000000000089E0	2.36000000000000032E9	-1.41360928591479262E2
3.00000000000000089E0	2.37000000000000011E9	-1.40995155158824725E2
3.00000000000000089E0	2.37999999999999989E9	-1.40594161093169934E2
3.00000000000000089E0	2.38999999999999968E9	-1.40151539747559650E2
3.00000000000000089E0	2.39999999999999991E9	-1.39659621257463762E2
3.00000000000000089E0	2.41000000000000014E9	-1.39109171902798145E2
3.00000000000000089E0	2.41999999999999993E9	-1.38488906621732100E2
3.00000000000000089E0	2.43000000000000016E9	-1.37784531998805493E2
3.00000000000000089E0	2.43999999999999995E9	-1.36976536030031859E2
3.00000000000000089E0	2.45000000000000018E9	-1.36034469096991550E2
3.00000000000000089E0	2.45999999999999996E9	-1.34901146083066514E2
3.00000000000000089E0	2.46999999999999975E9	-1.33447638667930102E2
3.00000000000000089E0	2.47999999999999998E9	-1.31348120572807003E2
3.00000000000000089E0	2.48999999999999977E9	-1.27828146144479837E2
3.00000000000000089E0	2.50000000000000000E9	-1.20425288408629427E2
3.00000000000000089E0	2.51000000000000023E9	-1.27174962785043943E2
3.00000000000000089E0	2.52000000000000002E9	-1.31068634630184455E2
3.00000000000000089E0	2.53000000000000025E9	-1.33345321338013845E2
3.00000000000000089E0	2.54000000000000004E9	-1.34882467187726807E2
3.00000000000000089E0	2.54999999999999982E9	-1.36063541770607332E2
3.00000000000000089E0	2.56000000000000005E9	-1.37038514849317927E2
3.00000000000000089E0	2.56999999999999984E9	-1.37872018263677010E2
3.00000000000000089E0	2.58000000000000007E9	-1.38597278285962200E2
3.00000000000000089E0	2.58999999999999986E9	-1.39234993582562327E2
3.00000000000000089E0	2.60000000000000009E9	-1.39800097876243656E2
3.00000000000000089E0	2.61000000000000032E9	-1.40304321981068614E2
3.00000000000000089E0	2.62000000000000011E9	-1.40757265918114083E2
3.00000000000000089E0	2.62999999999999989E9	-1.41166921608764229E2
3.00000000000000089E0	2.63999999999999968E9	-1.41539983183242213E2
3.00000000000000089E0	2.64999999999999991E9	-1.41882065431570470E2
3.00000000000000089E0	2.66000000000000014E9	-1.42197875830044995E2
3.00000000000000089E0	2.66999999999999993E9	-1.42491357632086846E2
3.00000000000000089E0	2.68000000000000016E9	-1.42765811030706158E2
3.00000000000000089E0	2.68999999999999995E9	-1.43023996405736908E2
3.00000000000000089E0	2.70000000000000018E9	-1.43268221869408929E2

var_c	indep(index, 1)	plot_vs(pnmx, noisefreq)[9, ::]
3.10000000000000098E0	2.29999999999999982E9	-1.43087666414350667E2
3.10000000000000098E0	2.31000000000000005E9	-1.42847849002984417E2
3.10000000000000098E0	2.31999999999999984E9	-1.42594156483141998E2
3.10000000000000098E0	2.33000000000000007E9	-1.42324309941462790E2
3.10000000000000098E0	2.33999999999999986E9	-1.42035572064256099E2
3.10000000000000098E0	2.35000000000000009E9	-1.41724653771627573E2
3.10000000000000098E0	2.36000000000000032E9	-1.41387602329147577E2
3.10000000000000098E0	2.37000000000000011E9	-1.41019667445352082E2
3.10000000000000098E0	2.37999999999999989E9	-1.40615139829063951E2
3.10000000000000098E0	2.38999999999999968E9	-1.40167153896554497E2
3.10000000000000098E0	2.39999999999999991E9	-1.39667436168532610E2
3.10000000000000098E0	2.41000000000000014E9	-1.39105955437325379E2
3.10000000000000098E0	2.41999999999999993E9	-1.38470361523724073E2
3.10000000000000098E0	2.43000000000000016E9	-1.37744903278799713E2
3.10000000000000098E0	2.43999999999999995E9	-1.36907954303748958E2
3.10000000000000098E0	2.45000000000000018E9	-1.35925620193778474E2
3.10000000000000098E0	2.45999999999999996E9	-1.34733959036851125E2
3.10000000000000098E0	2.46999999999999975E9	-1.33187946988728134E2
3.10000000000000098E0	2.47999999999999998E9	-1.30920816449023181E2
3.10000000000000098E0	2.48999999999999977E9	-1.27113188290429835E2
3.10000000000000098E0	2.50000000000000000E9	-1.20408256098641742E2
3.10000000000000098E0	2.51000000000000023E9	-1.27859023332582988E2
3.10000000000000098E0	2.52000000000000002E9	-1.31451341421052814E2
3.10000000000000098E0	2.53000000000000025E9	-1.33604156599540813E2
3.10000000000000098E0	2.54000000000000004E9	-1.35100193792716050E2
3.10000000000000098E0	2.54999999999999982E9	-1.36267249154740622E2
3.10000000000000098E0	2.56000000000000005E9	-1.37235347029888710E2
3.10000000000000098E0	2.56999999999999984E9	-1.38062812854961292E2
3.10000000000000098E0	2.58000000000000007E9	-1.38781275604453813E2
3.10000000000000098E0	2.58999999999999986E9	-1.39411341982752979E2
3.10000000000000098E0	2.60000000000000009E9	-1.39968252086751854E2
3.10000000000000098E0	2.61000000000000032E9	-1.40464078575292084E2
3.10000000000000098E0	2.62000000000000011E9	-1.40908695328121958E2
3.10000000000000098E0	2.62999999999999989E9	-1.41310285832558025E2
3.10000000000000098E0	2.63999999999999968E9	-1.41675664838870863E2
3.10000000000000098E0	2.64999999999999991E9	-1.42010513969923724E2
3.10000000000000098E0	2.66000000000000014E9	-1.42319569613351260E2
3.10000000000000098E0	2.66999999999999993E9	-1.42606778077252350E2
3.10000000000000098E0	2.68000000000000016E9	-1.42875426078256518E2
3.10000000000000098E0	2.68999999999999995E9	-1.43128250532524470E2
3.10000000000000098E0	2.70000000000000018E9	-1.43367530696821555E2

var_c	indep(index, 1)	plot_vs(pnmx, noisefreq)[10, ::]
3.20000000000000107E0	2.29999999999999982E9	-1.43110161166558525E2
3.20000000000000107E0	2.31000000000000005E9	-1.42871371541664471E2
3.20000000000000107E0	2.31999999999999984E9	-1.42618524677841996E2
3.20000000000000107E0	2.33000000000000007E9	-1.42349256488364628E2
3.20000000000000107E0	2.33999999999999986E9	-1.42060716748025162E2
3.20000000000000107E0	2.35000000000000009E9	-1.41749466853211459E2
3.20000000000000107E0	2.36000000000000032E9	-1.41411356267650445E2
3.20000000000000107E0	2.37000000000000011E9	-1.41041373015770022E2
3.20000000000000107E0	2.37999999999999989E9	-1.40633461868077103E2
3.20000000000000107E0	2.38999999999999968E9	-1.40180299554112509E2
3.20000000000000107E0	2.39999999999999991E9	-1.39673005786081417E2
3.20000000000000107E0	2.41000000000000014E9	-1.39100741461564992E2
3.20000000000000107E0	2.41999999999999993E9	-1.38450069251795238E2
3.20000000000000107E0	2.43000000000000016E9	-1.37703738469890080E2
3.20000000000000107E0	2.43999999999999995E9	-1.36837935200428507E2
3.20000000000000107E0	2.45000000000000018E9	-1.35815183918620952E2
3.20000000000000107E0	2.45999999999999996E9	-1.34564482744374780E2
3.20000000000000107E0	2.46999999999999975E9	-1.32923912391375398E2
3.20000000000000107E0	2.47999999999999998E9	-1.30484697325684440E2
3.20000000000000107E0	2.48999999999999977E9	-1.26414136424469103E2
3.20000000000000107E0	2.50000000000000000E9	-1.23238445066225477E2
3.20000000000000107E0	2.51000000000000023E9	-1.28451885396412324E2
3.20000000000000107E0	2.52000000000000002E9	-1.31790001527091327E2
3.20000000000000107E0	2.53000000000000025E9	-1.33844076384478639E2
3.20000000000000107E0	2.54000000000000004E9	-1.35307115729848593E2
3.20000000000000107E0	2.54999999999999982E9	-1.36461913496952958E2
3.20000000000000107E0	2.56000000000000005E9	-1.37422870165086941E2
3.20000000000000107E0	2.56999999999999984E9	-1.38243577779636651E2
3.20000000000000107E0	2.58000000000000007E9	-1.38954593694261974E2
3.20000000000000107E0	2.58999999999999986E9	-1.39576572902404861E2
3.20000000000000107E0	2.60000000000000009E9	-1.40125066639605467E2
3.20000000000000107E0	2.61000000000000032E9	-1.40612452732516191E2
3.20000000000000107E0	2.62000000000000011E9	-1.41048835439398101E2
3.20000000000000107E0	2.62999999999999989E9	-1.41442550580916815E2
3.20000000000000107E0	2.63999999999999968E9	-1.41800501859541894E2
3.20000000000000107E0	2.64999999999999991E9	-1.42128413667232167E2
3.20000000000000107E0	2.66000000000000014E9	-1.42431033143578278E2
3.20000000000000107E0	2.66999999999999993E9	-1.42712296705805342E2
3.20000000000000107E0	2.68000000000000016E9	-1.42975468462353295E2
3.20000000000000107E0	2.68999999999999995E9	-1.43223255602379806E2
3.20000000000000107E0	2.70000000000000018E9	-1.43457904328620112E2

var_c	indep(index, 1)	plot_vs(pnmx, noisefreq)[11, ::]
3.30000000000000115E0	2.29999999999999982E9	-1.43130012129438922E2
3.30000000000000115E0	2.31000000000000005E9	-1.42892222127026058E2
3.30000000000000115E0	2.31999999999999984E9	-1.42640204941148063E2
3.30000000000000115E0	2.33000000000000007E9	-1.42371514711432678E2
3.30000000000000115E0	2.33999999999999986E9	-1.42083192165575500E2
3.30000000000000115E0	2.35000000000000009E9	-1.41771653500133676E2
3.30000000000000115E0	2.36000000000000032E9	-1.41432554909268471E2
3.30000000000000115E0	2.37000000000000011E9	-1.41060627391489590E2
3.30000000000000115E0	2.37999999999999989E9	-1.40649473613156029E2
3.30000000000000115E0	2.38999999999999968E9	-1.40191314480227858E2
3.30000000000000115E0	2.39999999999999991E9	-1.39676661320038953E2
3.30000000000000115E0	2.41000000000000014E9	-1.39093858656444858E2
3.30000000000000115E0	2.41999999999999993E9	-1.38428362522024062E2
3.30000000000000115E0	2.43000000000000016E9	-1.37661385069252873E2
3.30000000000000115E0	2.43999999999999995E9	-1.36766856119638613E2
3.30000000000000115E0	2.45000000000000018E9	-1.35703590663409512E2
3.30000000000000115E0	2.45999999999999996E9	-1.34393242157840409E2
3.30000000000000115E0	2.46999999999999975E9	-1.32656263929087181E2
3.30000000000000115E0	2.47999999999999998E9	-1.30041513938842090E2
3.30000000000000115E0	2.48999999999999977E9	-1.25748184555359144E2
3.30000000000000115E0	2.50000000000000000E9	-1.24051082744684082E2
3.30000000000000115E0	2.51000000000000023E9	-1.28968411932761140E2
3.30000000000000115E0	2.52000000000000002E9	-1.32093876511629249E2
3.30000000000000115E0	2.53000000000000025E9	-1.34068432839915919E2
3.30000000000000115E0	2.54000000000000004E9	-1.35504376470637933E2
3.30000000000000115E0	2.54999999999999982E9	-1.36648008094303974E2
3.30000000000000115E0	2.56000000000000005E9	-1.37601461975012240E2
3.30000000000000115E0	2.56999999999999984E9	-1.38414788095376684E2
3.30000000000000115E0	2.58000000000000007E9	-1.39117850847785673E2
3.30000000000000115E0	2.58999999999999986E9	-1.39731439355933240E2
3.30000000000000115E0	2.60000000000000009E9	-1.40271404121424270E2
3.30000000000000115E0	2.61000000000000032E9	-1.40750389018064737E2
3.30000000000000115E0	2.62000000000000011E9	-1.41178687925888058E2
3.30000000000000115E0	2.62999999999999989E9	-1.41564754122269254E2
3.30000000000000115E0	2.63999999999999968E9	-1.41915553025625374E2
3.30000000000000115E0	2.64999999999999991E9	-1.42236831121279894E2
3.30000000000000115E0	2.66000000000000014E9	-1.42533331567689148E2
3.30000000000000115E0	2.66999999999999993E9	-1.42808970328905471E2
3.30000000000000115E0	2.68000000000000016E9	-1.43066981713902419E2
3.30000000000000115E0	2.68999999999999995E9	-1.43310038429192077E2
3.30000000000000115E0	2.70000000000000018E9	-1.43540350672849493E2

var_c	indep(index, 1)	plot_vs(pnmx, noisefreq)[12, ::]
3.40000000000000124E0	2.29999999999999982E9	-1.43147551016656860E2
3.40000000000000124E0	2.31000000000000005E9	-1.42910731060443785E2
3.40000000000000124E0	2.31999999999999984E9	-1.42659525117930985E2
3.40000000000000124E0	2.33000000000000007E9	-1.42391408821935905E2
3.40000000000000124E0	2.33999999999999986E9	-1.42103317661394990E2
3.40000000000000124E0	2.35000000000000009E9	-1.41791526891369868E2
3.40000000000000124E0	2.36000000000000032E9	-1.41451504219801727E2
3.40000000000000124E0	2.37000000000000011E9	-1.41077728320093643E2
3.40000000000000124E0	2.37999999999999989E9	-1.40663464003597860E2
3.40000000000000124E0	2.38999999999999968E9	-1.40200479345864260E2
3.40000000000000124E0	2.39999999999999991E9	-1.39678676650886247E2
3.40000000000000124E0	2.41000000000000014E9	-1.39085577813824601E2
3.40000000000000124E0	2.41999999999999993E9	-1.38405515228699239E2
3.40000000000000124E0	2.43000000000000016E9	-1.37618129353759522E2
3.40000000000000124E0	2.43999999999999995E9	-1.36695030005744989E2
3.40000000000000124E0	2.45000000000000018E9	-1.35591202474745343E2
3.40000000000000124E0	2.45999999999999996E9	-1.34220689481954647E2
3.40000000000000124E0	2.46999999999999975E9	-1.32385661318792214E2
3.40000000000000124E0	2.47999999999999998E9	-1.29593126705950623E2
3.40000000000000124E0	2.48999999999999977E9	-1.25132584775947686E2
3.40000000000000124E0	2.50000000000000000E9	-1.24694756485093783E2
3.40000000000000124E0	2.51000000000000023E9	-1.29421925915660685E2
3.40000000000000124E0	2.52000000000000002E9	-1.32369883215043460E2
3.40000000000000124E0	2.53000000000000025E9	-1.34279685527311443E2
3.40000000000000124E0	2.54000000000000004E9	-1.35692825007828710E2
3.40000000000000124E0	2.54999999999999982E9	-1.36825929670273005E2
3.40000000000000124E0	2.56000000000000005E9	-1.37771489218896992E2
3.40000000000000124E0	2.56999999999999984E9	-1.38576913679654123E2
3.40000000000000124E0	2.58000000000000007E9	-1.39271643756833319E2
3.40000000000000124E0	2.58999999999999986E9	-1.39876650691396143E2
3.40000000000000124E0	2.60000000000000009E9	-1.40408061932556683E2
3.40000000000000124E0	2.61000000000000032E9	-1.40878748202462090E2
3.40000000000000124E0	2.62000000000000011E9	-1.41299155539619981E2
3.40000000000000124E0	2.62999999999999989E9	-1.41677824034896638E2
3.40000000000000124E0	2.63999999999999968E9	-1.42021757232581747E2
3.40000000000000124E0	2.64999999999999991E9	-1.42336706652912470E2
3.40000000000000124E0	2.66000000000000014E9	-1.42627399147494027E2
3.40000000000000124E0	2.66999999999999993E9	-1.42897721896828100E2
3.40000000000000124E0	2.68000000000000016E9	-1.43150873836587245E2
3.40000000000000124E0	2.68999999999999995E9	-1.43389489649806068E2
3.40000000000000124E0	2.70000000000000018E9	-1.43615741465223579E2

var_c	indep(index, 1)	plot_vs(pnmx, noisefreq)[13, ::]
3.50000000000000133E0	2.29999999999999982E9	-1.43163058675028565E2
3.50000000000000133E0	2.31000000000000005E9	-1.42927178227427509E2
3.50000000000000133E0	2.31999999999999984E9	-1.42676763180919663E2
3.50000000000000133E0	2.33000000000000007E9	-1.42409213808466473E2
3.50000000000000133E0	2.33999999999999986E9	-1.42121364030498798E2
3.50000000000000133E0	2.35000000000000009E9	-1.41809352460442462E2
3.50000000000000133E0	2.36000000000000032E9	-1.41468463000605826E2
3.50000000000000133E0	2.37000000000000011E9	-1.41092926970132071E2
3.50000000000000133E0	2.37999999999999989E9	-1.40675676150590045E2
3.50000000000000133E0	2.38999999999999968E9	-1.40208029109466237E2
3.50000000000000133E0	2.39999999999999991E9	-1.39679280023547281E2
3.50000000000000133E0	2.41000000000000014E9	-1.39076123470410340E2
3.50000000000000133E0	2.41999999999999993E9	-1.38381753594621504E2
3.50000000000000133E0	2.43000000000000016E9	-1.37574208190930314E2
3.50000000000000133E0	2.43999999999999995E9	-1.36622717854433606E2
3.50000000000000133E0	2.45000000000000018E9	-1.35478325854880621E2
3.50000000000000133E0	2.45999999999999996E9	-1.34047216936209623E2
3.50000000000000133E0	2.46999999999999975E9	-1.32112708493806030E2
3.50000000000000133E0	2.47999999999999998E9	-1.29141541755050504E2
3.50000000000000133E0	2.48999999999999977E9	-1.24578042459520977E2
3.50000000000000133E0	2.50000000000000000E9	-1.25291914460522547E2
3.50000000000000133E0	2.51000000000000023E9	-1.29823620228781689E2
3.50000000000000133E0	2.52000000000000002E9	-1.32623228486522615E2
3.50000000000000133E0	2.53000000000000025E9	-1.34479660463553730E2
3.50000000000000133E0	2.54000000000000004E9	-1.35873110503047512E2
3.50000000000000133E0	2.54999999999999982E9	-1.36996028530543557E2
3.50000000000000133E0	2.56000000000000005E9	-1.37933312953787723E2
3.50000000000000133E0	2.56999999999999984E9	-1.38730416702929871E2
3.50000000000000133E0	2.58000000000000007E9	-1.39416545044912921E2
3.50000000000000133E0	2.58999999999999986E9	-1.40012873085997991E2
3.50000000000000133E0	2.60000000000000009E9	-1.40535776154442593E2
3.50000000000000133E0	2.61000000000000032E9	-1.40998314534088820E2
3.50000000000000133E0	2.62000000000000011E9	-1.41411052540228299E2
3.50000000000000133E0	2.62999999999999989E9	-1.41782590133960773E2
3.50000000000000133E0	2.63999999999999968E9	-1.42119949025031955E2
3.50000000000000133E0	2.64999999999999991E9	-1.42428871359980702E2
3.50000000000000133E0	2.66000000000000014E9	-1.42714057843632824E2
3.50000000000000133E0	2.66999999999999993E9	-1.42979360217630669E2
3.50000000000000133E0	2.68000000000000016E9	-1.43227937772807135E2
3.50000000000000133E0	2.68999999999999995E9	-1.43462384689378086E2
3.50000000000000133E0	2.70000000000000018E9	-1.43684833714708216E2

var_c	indep(index, 1)	plot_vs(pnmx, noisefreq)[14, ::]
3.60000000000000142E0	2.29999999999999982E9	-1.43176774568206788E2
3.60000000000000142E0	2.31000000000000005E9	-1.42941802475644986E2
3.60000000000000142E0	2.31999999999999984E9	-1.42692156519572722E2
3.60000000000000142E0	2.33000000000000007E9	-1.42425164590534870E2
3.60000000000000142E0	2.33999999999999986E9	-1.42137562630753989E2
3.60000000000000142E0	2.35000000000000009E9	-1.41825356800883395E2
3.60000000000000142E0	2.36000000000000032E9	-1.41483651937209598E2
3.60000000000000142E0	2.37000000000000011E9	-1.41106437104172699E2
3.60000000000000142E0	2.37999999999999989E9	-1.40686315966473030E2
3.60000000000000142E0	2.38999999999999968E9	-1.40214162020956268E2
3.60000000000000142E0	2.39999999999999991E9	-1.39678663028991368E2
3.60000000000000142E0	2.41000000000000014E9	-1.39065682939202206E2
3.60000000000000142E0	2.41999999999999993E9	-1.38357265822815179E2
3.60000000000000142E0	2.43000000000000016E9	-1.37529818569866036E2
3.60000000000000142E0	2.43999999999999995E9	-1.36550138307614999E2
3.60000000000000142E0	2.45000000000000018E9	-1.35365221313332418E2
3.60000000000000142E0	2.45999999999999996E9	-1.33873166520733866E2
3.60000000000000142E0	2.46999999999999975E9	-1.31837963058900032E2
3.60000000000000142E0	2.47999999999999998E9	-1.28688943635962305E2
3.60000000000000142E0	2.48999999999999977E9	-1.24068652543656111E2
3.60000000000000142E0	2.50000000000000000E9	-1.25850696423053376E2
3.60000000000000142E0	2.51000000000000023E9	-1.30182639488662444E2
3.60000000000000142E0	2.52000000000000002E9	-1.32857868273800728E2
3.60000000000000142E0	2.53000000000000025E9	-1.34669731391290437E2
3.60000000000000142E0	2.54000000000000004E9	-1.36045746646012056E2
3.60000000000000142E0	2.54999999999999982E9	-1.37158626710231846E2
3.60000000000000142E0	2.56000000000000005E9	-1.38087291025380465E2
3.60000000000000142E0	2.56999999999999984E9	-1.38875749783863256E2
3.60000000000000142E0	2.58000000000000007E9	-1.39553102228994375E2
3.60000000000000142E0	2.58999999999999986E9	-1.40140730103466105E2
3.60000000000000142E0	2.60000000000000009E9	-1.40655225573880882E2
3.60000000000000142E0	2.61000000000000032E9	-1.41109802759471048E2
3.60000000000000142E0	2.62000000000000011E9	-1.41515114045292933E2
3.60000000000000142E0	2.62999999999999989E9	-1.41879796024249560E2
3.60000000000000142E0	2.63999999999999968E9	-1.42210871597049260E2
3.60000000000000142E0	2.64999999999999991E9	-1.42514061699309691E2
3.60000000000000142E0	2.66000000000000014E9	-1.42794032879063848E2
3.60000000000000142E0	2.66999999999999993E9	-1.43054596222130170E2
3.60000000000000142E0	2.68000000000000016E9	-1.43298868315537620E2
3.60000000000000142E0	2.68999999999999995E9	-1.43529401119911060E2
3.60000000000000142E0	2.70000000000000018E9	-1.43748287278871389E2

var_c	indep(index, 1)	plot_vs(pnmx, noisefreq)[15, ::]
3.70000000000000151E0	2.29999999999999982E9	-1.43188903976388326E2
3.70000000000000151E0	2.31000000000000005E9	-1.42954808861656146E2
3.70000000000000151E0	2.31999999999999984E9	-1.42705909116756580E2
3.70000000000000151E0	2.33000000000000007E9	-1.42439463148551093E2
3.70000000000000151E0	2.33999999999999986E9	-1.42152112381196583E2
3.70000000000000151E0	2.35000000000000009E9	-1.41839734646714111E2
3.70000000000000151E0	2.36000000000000032E9	-1.41497260373310296E2
3.70000000000000151E0	2.37000000000000011E9	-1.41118441664591843E2
3.70000000000000151E0	2.37999999999999989E9	-1.40695559461272923E2
3.70000000000000151E0	2.38999999999999968E9	-1.40219046578231055E2
3.70000000000000151E0	2.39999999999999991E9	-1.39676987314382228E2
3.70000000000000151E0	2.41000000000000014E9	-1.39054413520922648E2
3.70000000000000151E0	2.41999999999999993E9	-1.38332208980343729E2
3.70000000000000151E0	2.43000000000000016E9	-1.37485125022185484E2
3.70000000000000151E0	2.43999999999999995E9	-1.36477474998218606E2
3.70000000000000151E0	2.45000000000000018E9	-1.35252110322485586E2
3.70000000000000151E0	2.45999999999999996E9	-1.33698837023559536E2
3.70000000000000151E0	2.46999999999999975E9	-1.31561943989692565E2
3.70000000000000151E0	2.47999999999999998E9	-1.28237717868943024E2
3.70000000000000151E0	2.48999999999999977E9	-1.23477027044453291E2
3.70000000000000151E0	2.50000000000000000E9	-1.26368651362025797E2
3.70000000000000151E0	2.51000000000000023E9	-1.30506361589576048E2
3.70000000000000151E0	2.52000000000000002E9	-1.33076829938306962E2
3.70000000000000151E0	2.53000000000000025E9	-1.34850947358398332E2
3.70000000000000151E0	2.54000000000000004E9	-1.36211154916378852E2
3.70000000000000151E0	2.54999999999999982E9	-1.37314029014682748E2
3.70000000000000151E0	2.56000000000000005E9	-1.38233777129935365E2
3.70000000000000151E0	2.56999999999999984E9	-1.39013353415182572E2
3.70000000000000151E0	2.58000000000000007E9	-1.39681835974858304E2
3.70000000000000151E0	2.58999999999999986E9	-1.40260804438173947E2
3.70000000000000151E0	2.60000000000000009E9	-1.40767035349958780E2
3.70000000000000151E0	2.61000000000000032E9	-1.41213864081405349E2
3.70000000000000151E0	2.62000000000000011E9	-1.41612004175802131E2
3.70000000000000151E0	2.62999999999999989E9	-1.41970108900854219E2
3.70000000000000151E0	2.63999999999999968E9	-1.42295188094269776E2
3.70000000000000151E0	2.64999999999999991E9	-1.42592931685066482E2
3.70000000000000151E0	2.66000000000000014E9	-1.42867965658770513E2
3.70000000000000151E0	2.66999999999999993E9	-1.43124056617990481E2
3.70000000000000151E0	2.68000000000000016E9	-1.43364276148230330E2
3.70000000000000151E0	2.68999999999999995E9	-1.43591132966052548E2
3.70000000000000151E0	2.70000000000000018E9	-1.43806679354601807E2

var_c	indep(index, 1)	plot_vs(pnmx, noisefreq)[16, ::]
3.80000000000000160E0	2.29999999999999982E9	-1.43199623994162217E2
3.80000000000000160E0	2.31000000000000005E9	-1.42966374439624699E2
3.80000000000000160E0	2.31999999999999984E9	-1.42718197302504790E2
3.80000000000000160E0	2.33000000000000007E9	-1.42452284180350119E2
3.80000000000000160E0	2.33999999999999986E9	-1.42165185402190608E2
3.80000000000000160E0	2.35000000000000009E9	-1.41852654399797395E2
3.80000000000000160E0	2.36000000000000032E9	-1.41509451994453217E2
3.80000000000000160E0	2.37000000000000011E9	-1.41129098445229118E2
3.80000000000000160E0	2.37999999999999989E9	-1.40703557514999855E2
3.80000000000000160E0	2.38999999999999968E9	-1.40222826705837167E2
3.80000000000000160E0	2.39999999999999991E9	-1.39674390281298644E2
3.80000000000000160E0	2.41000000000000014E9	-1.39042447791359747E2
3.80000000000000160E0	2.41999999999999993E9	-1.38306714978726397E2
3.80000000000000160E0	2.43000000000000016E9	-1.37440265411938234E2
3.80000000000000160E0	2.43999999999999995E9	-1.36404882445742470E2
3.80000000000000160E0	2.45000000000000018E9	-1.35139183082351488E2
3.80000000000000160E0	2.45999999999999996E9	-1.33524490922312156E2
3.80000000000000160E0	2.46999999999999975E9	-1.31285139641918502E2
3.80000000000000160E0	2.47999999999999998E9	-1.27790469374580384E2
3.80000000000000160E0	2.48999999999999977E9	-1.21938274256318424E2
3.80000000000000160E0	2.50000000000000000E9	-1.26845082948128485E2
3.80000000000000160E0	2.51000000000000023E9	-1.30800709816305805E2
3.80000000000000160E0	2.52000000000000002E9	-1.33282451548598369E2
3.80000000000000160E0	2.53000000000000025E9	-1.35024123705776677E2
3.80000000000000160E0	2.54000000000000004E9	-1.36369694187563839E2
3.80000000000000160E0	2.54999999999999982E9	-1.37462529508247777E2
3.80000000000000160E0	2.56000000000000005E9	-1.38373120582048403E2
3.80000000000000160E0	2.56999999999999984E9	-1.39143653893140451E2
3.80000000000000160E0	2.58000000000000007E9	-1.39803239792152323E2
3.80000000000000160E0	2.58999999999999986E9	-1.40373639104037640E2
3.80000000000000160E0	2.60000000000000009E9	-1.40871780825809667E2
3.80000000000000160E0	2.61000000000000032E9	-1.41311091825921831E2
3.80000000000000160E0	2.62000000000000011E9	-1.41702323458512502E2
3.80000000000000160E0	2.62999999999999989E9	-1.42054128343826336E2
3.80000000000000160E0	2.63999999999999968E9	-1.42373491295574195E2
3.80000000000000160E0	2.64999999999999991E9	-1.42666063379838648E2
3.80000000000000160E0	2.66000000000000014E9	-1.42936425018400115E2
3.80000000000000160E0	2.66999999999999993E9	-1.43188295383788455E2
3.80000000000000160E0	2.68000000000000016E9	-1.43424699609923278E2
3.80000000000000160E0	2.68999999999999995E9	-1.43648102625544483E2
3.80000000000000160E0	2.70000000000000018E9	-1.43860516491496404E2

var_c	indep(index, 1)	plot_vs(pnmx, noisefreq)[17, ::]
3.90000000000000169E0	2.29999999999999982E9	-1.43209088110847427E2
3.90000000000000169E0	2.31000000000000005E9	-1.42976652907024859E2
3.90000000000000169E0	2.31999999999999984E9	-1.42729174261247693E2
3.90000000000000169E0	2.33000000000000007E9	-1.42463779642951960E2
3.90000000000000169E0	2.33999999999999986E9	-1.42176931419142338E2
3.90000000000000169E0	2.35000000000000009E9	-1.41864262624732373E2
3.90000000000000169E0	2.36000000000000032E9	-1.41520369004608715E2
3.90000000000000169E0	2.37000000000000011E9	-1.41138544335157734E2
3.90000000000000169E0	2.37999999999999989E9	-1.40710440828917283E2
3.90000000000000169E0	2.38999999999999968E9	-1.40225626302986739E2
3.90000000000000169E0	2.39999999999999991E9	-1.39670989274347290E2
3.90000000000000169E0	2.41000000000000014E9	-1.39029898145252129E2
3.90000000000000169E0	2.41999999999999993E9	-1.38280894393449172E2
3.90000000000000169E0	2.43000000000000016E9	-1.37395355339739678E2
3.90000000000000169E0	2.43999999999999995E9	-1.36332491401288358E2
3.90000000000000169E0	2.45000000000000018E9	-1.35026601822877024E2
3.90000000000000169E0	2.45999999999999996E9	-1.33350360394942236E2
3.90000000000000169E0	2.46999999999999975E9	-1.31008011671493185E2
3.90000000000000169E0	2.47999999999999998E9	-1.27350019778162848E2
3.90000000000000169E0	2.48999999999999977E9	-1.04258129028863444E2
3.90000000000000169E0	2.50000000000000000E9	-1.27281591187204546E2
3.90000000000000169E0	2.51000000000000023E9	-1.31070439666176908E2
3.90000000000000169E0	2.52000000000000002E9	-1.33476552315142571E2
3.90000000000000169E0	2.53000000000000025E9	-1.35189905421882739E2
3.90000000000000169E0	2.54000000000000004E9	-1.36521681041653320E2
3.90000000000000169E0	2.54999999999999982E9	-1.37604414519473695E2
3.90000000000000169E0	2.56000000000000005E9	-1.38505664000548023E2
3.90000000000000169E0	2.56999999999999984E9	-1.39267061338115972E2
3.90000000000000169E0	2.58000000000000007E9	-1.39917779584213897E2
3.90000000000000169E0	2.58999999999999986E9	-1.40479739060239228E2
3.90000000000000169E0	2.60000000000000009E9	-1.40969991053459065E2
3.90000000000000169E0	2.61000000000000032E9	-1.41402026962299021E2
3.90000000000000169E0	2.62000000000000011E9	-1.41786615410153249E2
3.90000000000000169E0	2.62999999999999989E9	-1.42132393773009591E2
3.90000000000000169E0	2.63999999999999968E9	-1.42446312015725218E2
3.90000000000000169E0	2.64999999999999991E9	-1.42733975927488954E2
3.90000000000000169E0	2.66000000000000014E9	-1.42999916520918280E2
3.90000000000000169E0	2.66999999999999993E9	-1.43247803481320424E2
3.90000000000000169E0	2.68000000000000016E9	-1.43480614572966370E2
3.90000000000000169E0	2.68999999999999995E9	-1.43700770883149231E2
3.90000000000000169E0	2.70000000000000018E9	-1.43910244615179539E2

var_c	indep(index, 1)	plot_vs(pnmx, noisefreq)[18, ::]
4.00000000000000178E0	2.29999999999999982E9	-1.43217429983010569E2
4.00000000000000178E0	2.31000000000000005E9	-1.42985778305071909E2
4.00000000000000178E0	2.31999999999999984E9	-1.42738973816766901E2
4.00000000000000178E0	2.33000000000000007E9	-1.42474082342794128E2
4.00000000000000178E0	2.33999999999999986E9	-1.42187481429443840E2
4.00000000000000178E0	2.35000000000000009E9	-1.41874687484515638E2
4.00000000000000178E0	2.36000000000000032E9	-1.41530135721101002E2
4.00000000000000178E0	2.37000000000000011E9	-1.41146898689669920E2
4.00000000000000178E0	2.37999999999999989E9	-1.40716322953820705E2
4.00000000000000178E0	2.38999999999999968E9	-1.40227552364116548E2
4.00000000000000178E0	2.39999999999999991E9	-1.39666885059387247E2
4.00000000000000178E0	2.41000000000000014E9	-1.39016860260601094E2
4.00000000000000178E0	2.41999999999999993E9	-1.38254841025529673E2
4.00000000000000178E0	2.43000000000000016E9	-1.37350491613028924E2
4.00000000000000178E0	2.43999999999999995E9	-1.36260411809491067E2
4.00000000000000178E0	2.45000000000000018E9	-1.34914505989941391E2
4.00000000000000178E0	2.45999999999999996E9	-1.33176648679547727E2
4.00000000000000178E0	2.46999999999999975E9	-1.30731000889155058E2
4.00000000000000178E0	2.47999999999999998E9	-1.26919387222265212E2
4.00000000000000178E0	2.48999999999999977E9	-1.20482166731542395E2
4.00000000000000178E0	2.50000000000000000E9	-1.27681137545232315E2
4.00000000000000178E0	2.51000000000000023E9	-1.31319371915703309E2
4.00000000000000178E0	2.52000000000000002E9	-1.33660560550884888E2
4.00000000000000178E0	2.53000000000000025E9	-1.35348815387694921E2
4.00000000000000178E0	2.54000000000000004E9	-1.36667401741544370E2
4.00000000000000178E0	2.54999999999999982E9	-1.37739964411445048E2
4.00000000000000178E0	2.56000000000000005E9	-1.38631742176724915E2
4.00000000000000178E0	2.56999999999999984E9	-1.39383968952260440E2
4.00000000000000178E0	2.58000000000000007E9	-1.40025894084863123E2
4.00000000000000178E0	2.58999999999999986E9	-1.40579573614012832E2
4.00000000000000178E0	2.60000000000000009E9	-1.41062152397067964E2
4.00000000000000178E0	2.61000000000000032E9	-1.41487162627645846E2
4.00000000000000178E0	2.62000000000000011E9	-1.41865372298199799E2
4.00000000000000178E0	2.62999999999999989E9	-1.42205391214340615E2
4.00000000000000178E0	2.63999999999999968E9	-1.42514126378451889E2
4.00000000000000178E0	2.64999999999999991E9	-1.42797133227678996E2
4.00000000000000178E0	2.66000000000000014E9	-1.43058890536296102E2
4.00000000000000178E0	2.66999999999999993E9	-1.43303017058614524E2
4.00000000000000178E0	2.68000000000000016E9	-1.43532442817625672E2
4.00000000000000178E0	2.68999999999999995E9	-1.43749545281856816E2
4.00000000000000178E0	2.70000000000000018E9	-1.43956257437568125E2

var_c	indep(index, 1)	plot_vs(pnmx, noisefreq)[19, ::]
4.10000000000000142E0	2.29999999999999982E9	-1.43224766554386629E2
4.10000000000000142E0	2.31000000000000005E9	-1.42993868058464924E2
4.10000000000000142E0	2.31999999999999984E9	-1.42747713335886850E2
4.10000000000000142E0	2.33000000000000007E9	-1.42483308916766926E2
4.10000000000000142E0	2.33999999999999986E9	-1.42196950534287336E2
4.10000000000000142E0	2.35000000000000009E9	-1.41884041618903378E2
4.10000000000000142E0	2.36000000000000032E9	-1.41538861337222777E2
4.10000000000000142E0	2.37000000000000011E9	-1.41154266220552471E2
4.10000000000000142E0	2.37999999999999989E9	-1.40721303085833505E2
4.10000000000000142E0	2.38999999999999968E9	-1.40228698161653820E2
4.10000000000000142E0	2.39999999999999991E9	-1.39662164671187639E2
4.10000000000000142E0	2.41000000000000014E9	-1.39003415733572666E2
4.10000000000000142E0	2.41999999999999993E9	-1.38228634003591333E2
4.10000000000000142E0	2.43000000000000016E9	-1.37305756265164058E2
4.10000000000000142E0	2.43999999999999995E9	-1.36188736886610307E2
4.10000000000000142E0	2.45000000000000018E9	-1.34803015068593024E2
4.10000000000000142E0	2.45999999999999996E9	-1.33003537781354408E2
4.10000000000000142E0	2.46999999999999975E9	-1.30454531046434363E2
4.10000000000000142E0	2.47999999999999998E9	-1.26501722324724586E2
4.10000000000000142E0	2.48999999999999977E9	-1.22758619960329773E2
4.10000000000000142E0	2.50000000000000000E9	-1.28047239665774448E2
4.10000000000000142E0	2.51000000000000023E9	-1.31550588023371651E2
4.10000000000000142E0	2.52000000000000002E9	-1.33835610143559802E2
4.10000000000000142E0	2.53000000000000025E9	-1.35501285685933026E2
4.10000000000000142E0	2.54000000000000004E9	-1.36807122191544539E2
4.10000000000000142E0	2.54999999999999982E9	-1.37869453716101842E2
4.10000000000000142E0	2.56000000000000005E9	-1.38751680567652746E2
4.10000000000000142E0	2.56999999999999984E9	-1.39494751949487705E2
4.10000000000000142E0	2.58000000000000007E9	-1.40127995462894295E2
4.10000000000000142E0	2.58999999999999986E9	-1.40673577972563524E2
4.10000000000000142E0	2.60000000000000009E9	-1.41148711793231851E2
4.10000000000000142E0	2.61000000000000032E9	-1.41566948549949490E2
4.10000000000000142E0	2.62000000000000011E9	-1.41939040349920198E2
4.10000000000000142E0	2.62999999999999989E9	-1.42273559116765513E2
4.10000000000000142E0	2.63999999999999968E9	-1.42577362133512220E2
4.10000000000000142E0	2.64999999999999991E9	-1.42855950666239084E2
4.10000000000000142E0	2.66000000000000014E9	-1.43113749123279943E2
4.10000000000000142E0	2.66999999999999993E9	-1.43354324499317398E2
4.10000000000000142E0	2.68000000000000016E9	-1.43580559117354012E2
4.10000000000000142E0	2.68999999999999995E9	-1.43794787284752301E2
4.10000000000000142E0	2.70000000000000018E9	-1.43998903535043832E2

var_c	indep(index, 1)	plot_vs(pnmx, noisefreq)[20, ::]
4.20000000000000107E0	2.29999999999999982E9	-1.43231200483604693E2
4.20000000000000107E0	2.31000000000000005E9	-1.43001025473048005E2
4.20000000000000107E0	2.31999999999999984E9	-1.42755496209128308E2
4.20000000000000107E0	2.33000000000000007E9	-1.42491562241586345E2
4.20000000000000107E0	2.33999999999999986E9	-1.42205440352463874E2
4.20000000000000107E0	2.35000000000000009E9	-1.41892424536863948E2
4.20000000000000107E0	2.36000000000000032E9	-1.41546642215833929E2
4.20000000000000107E0	2.37000000000000011E9	-1.41160739179329697E2
4.20000000000000107E0	2.37999999999999989E9	-1.40725468460732706E2
4.20000000000000107E0	2.38999999999999968E9	-1.40229145086948526E2
4.20000000000000107E0	2.39999999999999991E9	-1.39656903351053652E2
4.20000000000000107E0	2.41000000000000014E9	-1.38989634909731063E2
4.20000000000000107E0	2.41999999999999993E9	-1.38202340371705956E2
4.20000000000000107E0	2.43000000000000016E9	-1.37261218119895201E2
4.20000000000000107E0	2.43999999999999995E9	-1.36117545351594238E2
4.20000000000000107E0	2.45000000000000018E9	-1.34692231734214873E2
4.20000000000000107E0	2.45999999999999996E9	-1.32831187822908658E2
4.20000000000000107E0	2.46999999999999975E9	-1.30179011999663641E2
4.20000000000000107E0	2.47999999999999998E9	-1.26100196697459954E2
4.20000000000000107E0	2.48999999999999977E9	-1.23489887688055289E2
4.20000000000000107E0	2.50000000000000000E9	-1.28383485976150213E2
4.20000000000000107E0	2.51000000000000023E9	-1.31766579354202773E2
4.20000000000000107E0	2.52000000000000002E9	-1.34002607840087973E2
4.20000000000000107E0	2.53000000000000025E9	-1.35647682592249086E2
4.20000000000000107E0	2.54000000000000004E9	-1.36941093452331875E2
4.20000000000000107E0	2.54999999999999982E9	-1.37993150888510496E2
4.20000000000000107E0	2.56000000000000005E9	-1.38865794180236812E2
4.20000000000000107E0	2.56999999999999984E9	-1.39599767059222901E2
4.20000000000000107E0	2.58000000000000007E9	-1.40224469888283099E2
4.20000000000000107E0	2.58999999999999986E9	-1.40762155661626820E2
4.20000000000000107E0	2.60000000000000009E9	-1.41230079889038129E2
4.20000000000000107E0	2.61000000000000032E9	-1.41641795140216731E2
4.20000000000000107E0	2.62000000000000011E9	-1.42008024586549308E2
4.20000000000000107E0	2.62999999999999989E9	-1.42337293506916218E2
4.20000000000000107E0	2.63999999999999968E9	-1.42636404278908668E2
4.20000000000000107E0	2.64999999999999991E9	-1.42910800834526697E2
4.20000000000000107E0	2.66000000000000014E9	-1.43164851949836747E2
4.20000000000000107E0	2.66999999999999993E9	-1.43402072467433195E2
4.20000000000000107E0	2.68000000000000016E9	-1.43625297268881735E2
4.20000000000000107E0	2.68999999999999995E9	-1.43836818230596974E2
4.20000000000000107E0	2.70000000000000018E9	-1.44038492362141324E2

var_c	indep(index, 1)	plot_vs(pnmx, noisefreq)[21, ::]
4.30000000000000071E0	2.29999999999999982E9	-1.43236822323212243E2
4.30000000000000071E0	2.31000000000000005E9	-1.43007341748109651E2
4.30000000000000071E0	2.31999999999999984E9	-1.42762413903307328E2
4.30000000000000071E0	2.33000000000000007E9	-1.42498933461344057E2
4.30000000000000071E0	2.33999999999999986E9	-1.42213040930596124E2
4.30000000000000071E0	2.35000000000000009E9	-1.41899924389976317E2
4.30000000000000071E0	2.36000000000000032E9	-1.41553563776685398E2
4.30000000000000071E0	2.37000000000000011E9	-1.41166399251776786E2
4.30000000000000071E0	2.37999999999999989E9	-1.40728895990151659E2
4.30000000000000071E0	2.38999999999999968E9	-1.40228964542434142E2
4.30000000000000071E0	2.39999999999999991E9	-1.39651166817412697E2
4.30000000000000071E0	2.41000000000000014E9	-1.38975577895983093E2
4.30000000000000071E0	2.41999999999999993E9	-1.38176017261398099E2
4.30000000000000071E0	2.43000000000000016E9	-1.37216934735087137E2
4.30000000000000071E0	2.43999999999999995E9	-1.36046903116382478E2
4.30000000000000071E0	2.45000000000000018E9	-1.34582243616396791E2
4.30000000000000071E0	2.45999999999999996E9	-1.32659740940340032E2
4.30000000000000071E0	2.46999999999999975E9	-1.29904841989271169E2
4.30000000000000071E0	2.47999999999999998E9	-1.25717825648686721E2
4.30000000000000071E0	2.48999999999999977E9	-1.23942397062557319E2
4.30000000000000071E0	2.50000000000000000E9	-1.28693281290168549E2
4.30000000000000071E0	2.51000000000000023E9	-1.31969369876581277E2
4.30000000000000071E0	2.52000000000000002E9	-1.34162289522015254E2
4.30000000000000071E0	2.53000000000000025E9	-1.35788324037658104E2
4.30000000000000071E0	2.54000000000000004E9	-1.37069554328993393E2
4.30000000000000071E0	2.54999999999999982E9	-1.38111318043401732E2
4.30000000000000071E0	2.56000000000000005E9	-1.38974386325352728E2
4.30000000000000071E0	2.56999999999999984E9	-1.39699352611043492E2
4.30000000000000071E0	2.58000000000000007E9	-1.40315678878590089E2
4.30000000000000071E0	2.58999999999999986E9	-1.40845680282233188E2
4.30000000000000071E0	2.60000000000000009E9	-1.41306633961893846E2
4.30000000000000071E0	2.61000000000000032E9	-1.41712077127647929E2
4.30000000000000071E0	2.62000000000000011E9	-1.42072692821302016E2
4.30000000000000071E0	2.62999999999999989E9	-1.42396952657288089E2
4.30000000000000071E0	2.63999999999999968E9	-1.42691599698419180E2
4.30000000000000071E0	2.64999999999999991E9	-1.42962018590940643E2
4.30000000000000071E0	2.66000000000000014E9	-1.43212521412349547E2
4.30000000000000071E0	2.66999999999999993E9	-1.43446570951085306E2
4.30000000000000071E0	2.68000000000000016E9	-1.43666955255592543E2
4.30000000000000071E0	2.68999999999999995E9	-1.43875924524133780E2
4.30000000000000071E0	2.70000000000000018E9	-1.44075299295080539E2

var_c	indep(index, 1)	plot_vs(pnmx, noisefreq)[22, ::]
4.40000000000000036E0	2.29999999999999982E9	-1.43241712118696851E2
4.40000000000000036E0	2.31000000000000005E9	-1.43012897712643072E2
4.40000000000000036E0	2.31999999999999984E9	-1.42768547528371004E2
4.40000000000000036E0	2.33000000000000007E9	-1.42505503474100514E2
4.40000000000000036E0	2.33999999999999986E9	-1.42219832420547654E2
4.40000000000000036E0	2.35000000000000009E9	-1.41906619733059891E2
4.40000000000000036E0	2.36000000000000032E9	-1.41559702121886866E2
4.40000000000000036E0	2.37000000000000011E9	-1.41171319040070298E2
4.40000000000000036E0	2.37999999999999989E9	-1.40731653939595880E2
4.40000000000000036E0	2.38999999999999968E9	-1.40228219512805952E2
4.40000000000000036E0	2.39999999999999991E9	-1.39645012471700936E2
4.40000000000000036E0	2.41000000000000014E9	-1.38961296890614650E2
4.40000000000000036E0	2.41999999999999993E9	-1.38149712876212183E2
4.40000000000000036E0	2.43000000000000016E9	-1.37172955118541373E2
4.40000000000000036E0	2.43999999999999995E9	-1.35976865893222376E2
4.40000000000000036E0	2.45000000000000018E9	-1.34473126032574908E2
4.40000000000000036E0	2.45999999999999996E9	-1.32489323946847670E2
4.40000000000000036E0	2.46999999999999975E9	-1.29632413111766254E2
4.40000000000000036E0	2.47999999999999998E9	-1.25357170989795508E2
4.40000000000000036E0	2.48999999999999977E9	-1.24317308346833477E2
4.40000000000000036E0	2.50000000000000000E9	-1.28979725734648887E2
4.40000000000000036E0	2.51000000000000023E9	-1.32160611839386144E2
4.40000000000000036E0	2.52000000000000002E9	-1.34315258542103444E2
4.40000000000000036E0	2.53000000000000025E9	-1.35923490737051678E2
4.40000000000000036E0	2.54000000000000004E9	-1.37192735008930633E2
4.40000000000000036E0	2.54999999999999982E9	-1.38224210216061572E2
4.40000000000000036E0	2.56000000000000005E9	-1.39077748386802580E2
4.40000000000000036E0	2.56999999999999984E9	-1.39793828598760972E2
4.40000000000000036E0	2.58000000000000007E9	-1.40401960112115431E2
4.40000000000000036E0	2.58999999999999986E9	-1.40924497690824113E2
4.40000000000000036E0	2.60000000000000009E9	-1.41378720725790519E2
4.40000000000000036E0	2.61000000000000032E9	-1.41778136881276096E2
4.40000000000000036E0	2.62000000000000011E9	-1.42133379610107258E2
4.40000000000000036E0	2.62999999999999989E9	-1.42452860958343419E2
4.40000000000000036E0	2.63999999999999968E9	-1.42743261677366351E2
4.40000000000000036E0	2.64999999999999991E9	-1.43009905290718997E2
4.40000000000000036E0	2.66000000000000014E9	-1.43257047038791496E2
4.40000000000000036E0	2.66999999999999993E9	-1.43488097866965481E2
4.40000000000000036E0	2.68000000000000016E9	-1.43705799676026613E2
4.40000000000000036E0	2.68999999999999995E9	-1.43912362042006703E2
4.40000000000000036E0	2.70000000000000018E9	-1.44109570012215094E2

var_c	indep(index, 1)	plot_vs(pnmx, noisefreq)[23, ::]
4.50000000000000000E0	2.29999999999999982E9	-1.43245940889868595E2
4.50000000000000000E0	2.31000000000000005E9	-1.43017765188827939E2
4.50000000000000000E0	2.31999999999999984E9	-1.42773969384258637E2
4.50000000000000000E0	2.33000000000000007E9	-1.42511344516442429E2
4.50000000000000000E0	2.33999999999999986E9	-1.42225886333458318E2
4.50000000000000000E0	2.35000000000000009E9	-1.41912580737616412E2
4.50000000000000000E0	2.36000000000000032E9	-1.41565125114377710E2
4.50000000000000000E0	2.37000000000000011E9	-1.41175563337346222E2
4.50000000000000000E0	2.37999999999999989E9	-1.40733803035063287E2
4.50000000000000000E0	2.38999999999999968E9	-1.40226965839263706E2
4.50000000000000000E0	2.39999999999999991E9	-1.39638490563772533E2
4.50000000000000000E0	2.41000000000000014E9	-1.38946836912444782E2
4.50000000000000000E0	2.41999999999999993E9	-1.38123468641840708E2
4.50000000000000000E0	2.43000000000000016E9	-1.37129319544729134E2
4.50000000000000000E0	2.43999999999999995E9	-1.35907480198826636E2
4.50000000000000000E0	2.45000000000000018E9	-1.34364942616390270E2
4.50000000000000000E0	2.45999999999999996E9	-1.32320048556718062E2
4.50000000000000000E0	2.46999999999999975E9	-1.29362107959451267E2
4.50000000000000000E0	2.47999999999999998E9	-1.25019876391610696E2
4.50000000000000000E0	2.48999999999999977E9	-1.24662439647393608E2
4.50000000000000000E0	2.50000000000000000E9	-1.29245576145231200E2
4.50000000000000000E0	2.51000000000000023E9	-1.32341658916968141E2
4.50000000000000000E0	2.52000000000000002E9	-1.34462016529924511E2
4.50000000000000000E0	2.53000000000000025E9	-1.36053436889429902E2
4.50000000000000000E0	2.54000000000000004E9	-1.37310857170115419E2
4.50000000000000000E0	2.54999999999999982E9	-1.38332074853567089E2
4.50000000000000000E0	2.56000000000000005E9	-1.39176158941651940E2
4.50000000000000000E0	2.56999999999999984E9	-1.39883496927507345E2
4.50000000000000000E0	2.58000000000000007E9	-1.40483628861376841E2
4.50000000000000000E0	2.58999999999999986E9	-1.40998928035457749E2
4.50000000000000000E0	2.60000000000000009E9	-1.41446658888888321E2
4.50000000000000000E0	2.61000000000000032E9	-1.41840287270736276E2
4.50000000000000000E0	2.62000000000000011E9	-1.42190389268134676E2
4.50000000000000000E0	2.62999999999999989E9	-1.42505312678660045E2
4.50000000000000000E0	2.63999999999999968E9	-1.42791673337128877E2
4.50000000000000000E0	2.64999999999999991E9	-1.43054732836995635E2
4.50000000000000000E0	2.66000000000000014E9	-1.43298689375727517E2
4.50000000000000000E0	2.66999999999999993E9	-1.43526902766699926E2
4.50000000000000000E0	2.68000000000000016E9	-1.43742069574503883E2
4.50000000000000000E0	2.68999999999999995E9	-1.43946359835832038E2
4.50000000000000000E0	2.70000000000000018E9	-1.44141524194330040E2

var_c	indep(index, 1)	plot_vs(pnmx, noisefreq)[24, ::]
4.59999999999999964E0	2.29999999999999982E9	-1.43249571884425619E2
4.59999999999999964E0	2.31000000000000005E9	-1.43022008232144526E2
4.59999999999999964E0	2.31999999999999984E9	-1.42778743980789136E2
4.59999999999999964E0	2.33000000000000007E9	-1.42516521160824716E2
4.59999999999999964E0	2.33999999999999986E9	-1.42231266747353824E2
4.59999999999999964E0	2.35000000000000009E9	-1.41917870271283952E2
4.59999999999999964E0	2.36000000000000032E9	-1.41569893702452654E2
4.59999999999999964E0	2.37000000000000011E9	-1.41179190192142801E2
4.59999999999999964E0	2.37999999999999989E9	-1.40735397414237240E2
4.59999999999999964E0	2.38999999999999968E9	-1.40225253142057937E2
4.59999999999999964E0	2.39999999999999991E9	-1.39631645543005134E2
4.59999999999999964E0	2.41000000000000014E9	-1.38932237044190998E2
4.59999999999999964E0	2.41999999999999993E9	-1.38097319512074446E2
4.59999999999999964E0	2.43000000000000016E9	-1.37086062233396122E2
4.59999999999999964E0	2.43999999999999995E9	-1.35838784791189049E2
4.59999999999999964E0	2.45000000000000018E9	-1.34257747948631412E2
4.59999999999999964E0	2.45999999999999996E9	-1.32152015913988619E2
4.59999999999999964E0	2.46999999999999975E9	-1.29094305995203906E2
4.59999999999999964E0	2.47999999999999998E9	-1.24705883056314493E2
4.59999999999999964E0	2.48999999999999977E9	-1.24990761629607450E2
4.59999999999999964E0	2.50000000000000000E9	-1.29493252224324129E2
4.59999999999999964E0	2.51000000000000023E9	-1.32513628414268636E2
4.59999999999999964E0	2.52000000000000002E9	-1.34602986035973471E2
4.59999999999999964E0	2.53000000000000025E9	-1.36178394982189555E2
4.59999999999999964E0	2.54000000000000004E9	-1.37424135388570745E2
4.59999999999999964E0	2.54999999999999982E9	-1.38435151202050788E2
4.59999999999999964E0	2.56000000000000005E9	-1.39269884140489753E2
4.59999999999999964E0	2.56999999999999984E9	-1.39968642124329001E2
4.59999999999999964E0	2.58000000000000007E9	-1.40560979062651592E2
4.59999999999999964E0	2.58999999999999986E9	-1.41069267435016843E2
4.59999999999999964E0	2.60000000000000009E9	-1.41510741403729634E2
4.59999999999999964E0	2.61000000000000032E9	-1.41898814666873707E2
4.59999999999999964E0	2.62000000000000011E9	-1.42243999208724525E2
4.59999999999999964E0	2.62999999999999989E9	-1.42554574987630889E2
4.59999999999999964E0	2.63999999999999968E9	-1.42837091063915933E2
4.59999999999999964E0	2.64999999999999991E9	-1.43096746667783581E2
4.59999999999999964E0	2.66000000000000014E9	-1.43337683256483706E2
4.59999999999999964E0	2.66999999999999993E9	-1.43563210181248491E2
4.59999999999999964E0	2.68000000000000016E9	-1.43775979739705972E2
4.59999999999999964E0	2.68999999999999995E9	-1.43978123464612739E2
4.59999999999999964E0	2.70000000000000018E9	-1.44171358715390818E2

var_c	indep(index, 1)	plot_vs(pnmx, noisefreq)[25, ::]
4.69999999999999929E0	2.29999999999999982E9	-1.43252661492256839E2
4.69999999999999929E0	2.31000000000000005E9	-1.43025684132043351E2
4.69999999999999929E0	2.31999999999999984E9	-1.42782929192780772E2
4.69999999999999929E0	2.33000000000000007E9	-1.42521091357395635E2
4.69999999999999929E0	2.33999999999999986E9	-1.42236031192219770E2
4.69999999999999929E0	2.35000000000000009E9	-1.41922544852720556E2
4.69999999999999929E0	2.36000000000000032E9	-1.41574062639339160E2
4.69999999999999929E0	2.37000000000000011E9	-1.41182251752592935E2
4.69999999999999929E0	2.37999999999999989E9	-1.40736485835410918E2
4.69999999999999929E0	2.38999999999999968E9	-1.40223125554895867E2
4.69999999999999929E0	2.39999999999999991E9	-1.39624516488820571E2
4.69999999999999929E0	2.41000000000000014E9	-1.38917531442684594E2
4.69999999999999929E0	2.41999999999999993E9	-1.38071295373182545E2
4.69999999999999929E0	2.43000000000000016E9	-1.37043211275315402E2
4.69999999999999929E0	2.43999999999999995E9	-1.35770811696153570E2
4.69999999999999929E0	2.45000000000000018E9	-1.34151587836737574E2
4.69999999999999929E0	2.45999999999999996E9	-1.31985314741702386E2
4.69999999999999929E0	2.46999999999999975E9	-1.28829382438620454E2
4.69999999999999929E0	2.47999999999999998E9	-1.24411987684239089E2
4.69999999999999929E0	2.48999999999999977E9	-1.25305572829701317E2
4.69999999999999929E0	2.50000000000000000E9	-1.29724856264689747E2
4.69999999999999929E0	2.51000000000000023E9	-1.32677446751465022E2
4.69999999999999929E0	2.52000000000000002E9	-1.34738528894721510E2
4.69999999999999929E0	2.53000000000000025E9	-1.36298580867780461E2
4.69999999999999929E0	2.54000000000000004E9	-1.37532777511151960E2
4.69999999999999929E0	2.54999999999999982E9	-1.38533669962194406E2
4.69999999999999929E0	2.56000000000000005E9	-1.39359176952140151E2
4.69999999999999929E0	2.56999999999999984E9	-1.40049531739452138E2
4.69999999999999929E0	2.58000000000000007E9	-1.40634284689387479E2
4.69999999999999929E0	2.58999999999999986E9	-1.41135789898845387E2
4.69999999999999929E0	2.60000000000000009E9	-1.41571237809402328E2
4.69999999999999929E0	2.61000000000000032E9	-1.41953981104269178E2
4.69999999999999929E0	2.62000000000000011E9	-1.42294462409217037E2
4.69999999999999929E0	2.62999999999999989E9	-1.42600890758382381E2
4.69999999999999929E0	2.63999999999999968E9	-1.42879747416976910E2
4.69999999999999929E0	2.64999999999999991E9	-1.43136168968208888E2
4.69999999999999929E0	2.66000000000000014E9	-1.43374240751298432E2
4.69999999999999929E0	2.66999999999999993E9	-1.43597222570582339E2
4.69999999999999929E0	2.68000000000000016E9	-1.43807723507791718E2
4.69999999999999929E0	2.68999999999999995E9	-1.44007837677691164E2
4.69999999999999929E0	2.70000000000000018E9	-1.44199250377322374E2

var_c	indep(index, 1)	plot_vs(pnmx, noisefreq)[26, ::]
4.79999999999999893E0	2.29999999999999982E9	-1.43255260191831502E2
4.79999999999999893E0	2.31000000000000005E9	-1.43028844208250749E2
4.79999999999999893E0	2.31999999999999984E9	-1.42786576864833181E2
4.79999999999999893E0	2.33000000000000007E9	-1.42525107233786019E2
4.79999999999999893E0	2.33999999999999986E9	-1.42240231609651380E2
4.79999999999999893E0	2.35000000000000009E9	-1.41926655476052055E2
4.79999999999999893E0	2.36000000000000032E9	-1.41577681356261897E2
4.79999999999999893E0	2.37000000000000011E9	-1.41184795011728825E2
4.79999999999999893E0	2.37999999999999989E9	-1.40737111907796231E2
4.79999999999999893E0	2.38999999999999968E9	-1.40220622696556174E2
4.79999999999999893E0	2.39999999999999991E9	-1.39617138128836538E2
4.79999999999999893E0	2.41000000000000014E9	-1.38902749621336485E2
4.79999999999999893E0	2.41999999999999993E9	-1.38045421391760881E2
4.79999999999999893E0	2.43000000000000016E9	-1.37000790243245629E2
4.79999999999999893E0	2.43999999999999995E9	-1.35703586940067900E2
4.79999999999999893E0	2.45000000000000018E9	-1.34046500956993064E2
4.79999999999999893E0	2.45999999999999996E9	-1.31820024208071795E2
4.79999999999999893E0	2.46999999999999975E9	-1.28567708345581666E2
4.79999999999999893E0	2.47999999999999998E9	-1.24128837984731732E2
4.79999999999999893E0	2.48999999999999977E9	-1.25607410401370734E2
4.79999999999999893E0	2.50000000000000000E9	-1.29942207479323413E2
4.79999999999999893E0	2.51000000000000023E9	-1.32833887010179152E2
4.79999999999999893E0	2.52000000000000002E9	-1.34868958708872189E2
4.79999999999999893E0	2.53000000000000025E9	-1.36414197694358519E2
4.79999999999999893E0	2.54000000000000004E9	-1.37636984093203596E2
4.79999999999999893E0	2.54999999999999982E9	-1.38627852896648962E2
4.79999999999999893E0	2.56000000000000005E9	-1.39444278004639788E2
4.79999999999999893E0	2.56999999999999984E9	-1.40126417166671002E2
4.79999999999999893E0	2.58000000000000007E9	-1.40703800916229227E2
4.79999999999999893E0	2.58999999999999986E9	-1.41198748848916766E2
4.79999999999999893E0	2.60000000000000009E9	-1.41628396092290343E2
4.79999999999999893E0	2.61000000000000032E9	-1.42006026800844909E2
4.79999999999999893E0	2.62000000000000011E9	-1.42342009769354205E2
4.79999999999999893E0	2.62999999999999989E9	-1.42644481139772061E2
4.79999999999999893E0	2.63999999999999968E9	-1.42919853446462786E2
4.79999999999999893E0	2.64999999999999991E9	-1.43173201000284367E2
4.79999999999999893E0	2.66000000000000014E9	-1.43408553700019104E2
4.79999999999999893E0	2.66999999999999993E9	-1.43629122757796535E2
4.79999999999999893E0	2.68000000000000016E9	-1.43837475211764132E2
4.79999999999999893E0	2.68999999999999995E9	-1.44035668976806930E2
4.79999999999999893E0	2.70000000000000018E9	-1.44225358290476557E2

var_c	indep(index, 1)	plot_vs(pnmx, noisefreq)[27, ::]
4.89999999999999858E0	2.29999999999999982E9	-1.43257413245891363E2
4.89999999999999858E0	2.31000000000000005E9	-1.43031534596467336E2
4.89999999999999858E0	2.31999999999999984E9	-1.42789733764849869E2
4.89999999999999858E0	2.33000000000000007E9	-1.42528615794851743E2
4.89999999999999858E0	2.33999999999999986E9	-1.42243914727922660E2
4.89999999999999858E0	2.35000000000000009E9	-1.41930248275362070E2
4.89999999999999858E0	2.36000000000000032E9	-1.41580794540667543E2
4.89999999999999858E0	2.37000000000000011E9	-1.41186862522825973E2
4.89999999999999858E0	2.37999999999999989E9	-1.40737315124064022E2
4.89999999999999858E0	2.38999999999999968E9	-1.40217780094990419E2
4.89999999999999858E0	2.39999999999999991E9	-1.39609541427508677E2
4.89999999999999858E0	2.41000000000000014E9	-1.38887917446908804E2
4.89999999999999858E0	2.41999999999999993E9	-1.38019719069609770E2
4.89999999999999858E0	2.43000000000000016E9	-1.36958817791749921E2
4.89999999999999858E0	2.43999999999999995E9	-1.35637131611794826E2
4.89999999999999858E0	2.45000000000000018E9	-1.33942518571909974E2
4.89999999999999858E0	2.45999999999999996E9	-1.31656214906757585E2
4.89999999999999858E0	2.46999999999999975E9	-1.28309651998497598E2
4.89999999999999858E0	2.47999999999999998E9	-1.23833776374441795E2
4.89999999999999858E0	2.48999999999999977E9	-1.25896190503125571E2
4.89999999999999858E0	2.50000000000000000E9	-1.30146874714920058E2
4.89999999999999858E0	2.51000000000000023E9	-1.32983599771367889E2
4.89999999999999858E0	2.52000000000000002E9	-1.34994550939362812E2
4.89999999999999858E0	2.53000000000000025E9	-1.36525436919739973E2
4.89999999999999858E0	2.54000000000000004E9	-1.37736949732176628E2
4.89999999999999858E0	2.54999999999999982E9	-1.38717912787954800E2
4.89999999999999858E0	2.56000000000000005E9	-1.39525414980857687E2
4.89999999999999858E0	2.56999999999999984E9	-1.40199534353836364E2
4.89999999999999858E0	2.58000000000000007E9	-1.40769765350197007E2
4.89999999999999858E0	2.58999999999999986E9	-1.41258378857418787E2
4.89999999999999858E0	2.60000000000000009E9	-1.41682444695096565E2
4.89999999999999858E0	2.61000000000000032E9	-1.42055172016187714E2
4.89999999999999858E0	2.62000000000000011E9	-1.42386852461277913E2
4.89999999999999858E0	2.62999999999999989E9	-1.42685547624462261E2
4.89999999999999858E0	2.63999999999999968E9	-1.42957601173015636E2
4.89999999999999858E0	2.64999999999999991E9	-1.43208025478765277E2
4.89999999999999858E0	2.66000000000000014E9	-1.43440795892527539E2
4.89999999999999858E0	2.66999999999999993E9	-1.43659076173832467E2
4.89999999999999858E0	2.68000000000000016E9	-1.43865392454692542E2
4.89999999999999858E0	2.68999999999999995E9	-1.44061767605090063E2
4.89999999999999858E0	2.70000000000000018E9	-1.44249825929166109E2

var_c	indep(index, 1)	plot_vs(pnmx, noisefreq)[28, ::]
4.99999999999999822E0	2.29999999999999982E9	-1.43259161333558982E2
4.99999999999999822E0	2.31000000000000005E9	-1.43033796840446881E2
4.99999999999999822E0	2.31999999999999984E9	-1.42792442075793291E2
4.99999999999999822E0	2.33000000000000007E9	-1.42531659499511454E2
4.99999999999999822E0	2.33999999999999986E9	-1.42247123005815812E2
4.99999999999999822E0	2.35000000000000009E9	-1.41933365034098591E2
4.99999999999999822E0	2.36000000000000032E9	-1.41583442725294528E2
4.99999999999999822E0	2.37000000000000011E9	-1.41188492781518193E2
4.99999999999999822E0	2.37999999999999989E9	-1.40737131271784088E2
4.99999999999999822E0	2.38999999999999968E9	-1.40214629670707014E2
4.99999999999999822E0	2.39999999999999991E9	-1.39601753713479049E2
4.99999999999999822E0	2.41000000000000014E9	-1.38873057688057377E2
4.99999999999999822E0	2.41999999999999993E9	-1.37994206482297099E2
4.99999999999999822E0	2.43000000000000016E9	-1.36917309552877908E2
4.99999999999999822E0	2.43999999999999995E9	-1.35571462431192247E2
4.99999999999999822E0	2.45000000000000018E9	-1.33839667713981791E2
4.99999999999999822E0	2.45999999999999996E9	-1.31493949588098191E2
4.99999999999999822E0	2.46999999999999975E9	-1.28055578545816262E2
4.99999999999999822E0	2.47999999999999998E9	-1.23471111081885487E2
4.99999999999999822E0	2.48999999999999977E9	-1.26171862966302450E2
4.99999999999999822E0	2.50000000000000000E9	-1.30340210098704201E2
4.99999999999999822E0	2.51000000000000023E9	-1.33127133953679544E2
4.99999999999999822E0	2.52000000000000002E9	-1.35115551739607898E2
4.99999999999999822E0	2.53000000000000025E9	-1.36632480865492512E2
4.99999999999999822E0	2.54000000000000004E9	-1.37832861681508767E2
4.99999999999999822E0	2.54999999999999982E9	-1.38804053405895944E2
4.99999999999999822E0	2.56000000000000005E9	-1.39602803890442750E2
4.99999999999999822E0	2.56999999999999984E9	-1.40269104665724709E2
4.99999999999999822E0	2.58000000000000007E9	-1.40832399185989021E2
4.99999999999999822E0	2.58999999999999986E9	-1.41314897024040476E2
4.99999999999999822E0	2.60000000000000009E9	-1.41733593878414355E2
4.99999999999999822E0	2.61000000000000032E9	-1.42101618845364230E2
4.99999999999999822E0	2.62000000000000011E9	-1.42429183622770728E2
4.99999999999999822E0	2.62999999999999989E9	-1.42724274192196043E2
4.99999999999999822E0	2.63999999999999968E9	-1.42993165416754620E2
4.99999999999999822E0	2.64999999999999991E9	-1.43240808440976553E2
4.99999999999999822E0	2.66000000000000014E9	-1.43471125046137815E2
4.99999999999999822E0	2.66999999999999993E9	-1.43687232707057033E2
4.99999999999999822E0	2.68000000000000016E9	-1.43891617842672703E2
4.99999999999999822E0	2.68999999999999995E9	-1.44086269430268255E2
4.99999999999999822E0	2.70000000000000018E9	-1.44272782910219033E2

var_c	indep(index, 1)	plot_vs(pnmx, noisefreq)[29, ::]
5.09999999999999787E0	2.29999999999999982E9	-1.43260541096342897E2
5.09999999999999787E0	2.31000000000000005E9	-1.43035668459954990E2
5.09999999999999787E0	2.31999999999999984E9	-1.42794739951457017E2
5.09999999999999787E0	2.33000000000000007E9	-1.42534276893073830E2
5.09999999999999787E0	2.33999999999999986E9	-1.42249894894688200E2
5.09999999999999787E0	2.35000000000000009E9	-1.41936043678982982E2
5.09999999999999787E0	2.36000000000000032E9	-1.41585662765447040E2
5.09999999999999787E0	2.37000000000000011E9	-1.41189720832754739E2
5.09999999999999787E0	2.37999999999999989E9	-1.40736592596598920E2
5.09999999999999787E0	2.38999999999999968E9	-1.40211200320514395E2
5.09999999999999787E0	2.39999999999999991E9	-1.39593799690666964E2
5.09999999999999787E0	2.41000000000000014E9	-1.38858190034791140E2
5.09999999999999787E0	2.41999999999999993E9	-1.37968898908099957E2
5.09999999999999787E0	2.43000000000000016E9	-1.36876277700438664E2
5.09999999999999787E0	2.43999999999999995E9	-1.35506592478618071E2
5.09999999999999787E0	2.45000000000000018E9	-1.33737969153754976E2
5.09999999999999787E0	2.45999999999999996E9	-1.31333283444510629E2
5.09999999999999787E0	2.46999999999999975E9	-1.27805848485456175E2
5.09999999999999787E0	2.47999999999999998E9	-1.22887946717021701E2
5.09999999999999787E0	2.48999999999999977E9	-1.26434577277943694E2
5.09999999999999787E0	2.50000000000000000E9	-1.30523377157210008E2
5.09999999999999787E0	2.51000000000000023E9	-1.33264959794803750E2
5.09999999999999787E0	2.52000000000000002E9	-1.35232182686653557E2
5.09999999999999787E0	2.53000000000000025E9	-1.36735503790407931E2
5.09999999999999787E0	2.54000000000000004E9	-1.37924900690689567E2
5.09999999999999787E0	2.54999999999999982E9	-1.38886469219930486E2
5.09999999999999787E0	2.56000000000000005E9	-1.39676648667864467E2
5.09999999999999787E0	2.56999999999999984E9	-1.40335335488102886E2
5.09999999999999787E0	2.58000000000000007E9	-1.40891908452328396E2
5.09999999999999787E0	2.58999999999999986E9	-1.41368504328018307E2
5.09999999999999787E0	2.60000000000000009E9	-1.41782037630809254E2
5.09999999999999787E0	2.61000000000000032E9	-1.42145553007788306E2
5.09999999999999787E0	2.62000000000000011E9	-1.42469180124243455E2
5.09999999999999787E0	2.62999999999999989E9	-1.42760828883312341E2
5.09999999999999787E0	2.63999999999999968E9	-1.43026705618949790E2
5.09999999999999787E0	2.64999999999999991E9	-1.43271701051079159E2
5.09999999999999787E0	2.66000000000000014E9	-1.43499684537727235E2
5.09999999999999787E0	2.66999999999999993E9	-1.43713728457758272E2
5.09999999999999787E0	2.68000000000000016E9	-1.43916280727248957E2
5.09999999999999787E0	2.68999999999999995E9	-1.44109297530959823E2
5.09999999999999787E0	2.70000000000000018E9	-1.44294346542597540E2

var_c	indep(index, 1)	plot_vs(pnmx, noisefreq)[30, ::]
5.19999999999999751E0	2.29999999999999982E9	-1.43261585610809083E2
5.19999999999999751E0	2.31000000000000005E9	-1.43037183326965511E2
5.19999999999999751E0	2.31999999999999984E9	-1.42796661931587043E2
5.19999999999999751E0	2.33000000000000007E9	-1.42536502878282079E2
5.19999999999999751E0	2.33999999999999986E9	-1.42252265344092765E2
5.19999999999999751E0	2.35000000000000009E9	-1.41938318757208792E2
5.19999999999999751E0	2.36000000000000032E9	-1.41587488221026425E2
5.19999999999999751E0	2.37000000000000011E9	-1.41190578524551658E2
5.19999999999999751E0	2.37999999999999989E9	-1.40735728557699025E2
5.19999999999999751E0	2.38999999999999968E9	-1.40207518200612702E2
5.19999999999999751E0	2.39999999999999991E9	-1.39585701352207248E2
5.19999999999999751E0	2.41000000000000014E9	-1.38843331785569468E2
5.19999999999999751E0	2.41999999999999993E9	-1.37943809204653345E2
5.19999999999999751E0	2.43000000000000016E9	-1.36835731903779734E2
5.19999999999999751E0	2.43999999999999995E9	-1.35442531236301167E2
5.19999999999999751E0	2.45000000000000018E9	-1.33637439351070419E2
5.19999999999999751E0	2.45999999999999996E9	-1.31174265515390509E2
5.19999999999999751E0	2.46999999999999975E9	-1.27560815263720051E2
5.19999999999999751E0	2.47999999999999998E9	-1.21580262179279464E2
5.19999999999999751E0	2.48999999999999977E9	-1.26684679359628349E2
5.19999999999999751E0	2.50000000000000000E9	-1.30697380226362614E2
5.19999999999999751E0	2.51000000000000023E9	-1.33397480847441496E2
5.19999999999999751E0	2.52000000000000002E9	-1.35344645968511479E2
5.19999999999999751E0	2.53000000000000025E9	-1.36834672745890717E2
5.19999999999999751E0	2.54000000000000004E9	-1.38013240725433617E2
5.19999999999999751E0	2.54999999999999982E9	-1.38965346035667037E2
5.19999999999999751E0	2.56000000000000005E9	-1.39747141996255042E2
5.19999999999999751E0	2.56999999999999984E9	-1.40398421164978005E2
5.19999999999999751E0	2.58000000000000007E9	-1.40948484724796375E2
5.19999999999999751E0	2.58999999999999986E9	-1.41419387016908282E2
5.19999999999999751E0	2.60000000000000009E9	-1.41827954876325180E2
5.19999999999999751E0	2.61000000000000032E9	-1.42187145233911449E2
5.19999999999999751E0	2.62000000000000011E9	-1.42507004220135380E2
5.19999999999999751E0	2.62999999999999989E9	-1.42795365464080759E2
5.19999999999999751E0	2.63999999999999968E9	-1.43058367328549374E2
5.19999999999999751E0	2.64999999999999991E9	-1.43300841125254363E2
5.19999999999999751E0	2.66000000000000014E9	-1.43526604877088459E2
5.19999999999999751E0	2.66999999999999993E9	-1.43738687169194779E2
5.19999999999999751E0	2.68000000000000016E9	-1.43939498546567735E2
5.19999999999999751E0	2.68999999999999995E9	-1.44130963580434512E2
5.19999999999999751E0	2.70000000000000018E9	-1.44314623196497105E2

var_c	indep(index, 1)	plot_vs(pnmx, noisefreq)[31, ::]
5.29999999999999716E0	2.29999999999999982E9	-1.43262324730957058E2
5.29999999999999716E0	2.31000000000000005E9	-1.43038372190450813E2
5.29999999999999716E0	2.31999999999999984E9	-1.42798239375189073E2
5.29999999999999716E0	2.33000000000000007E9	-1.42538369276890586E2
5.29999999999999716E0	2.33999999999999986E9	-1.42254266243278837E2
5.29999999999999716E0	2.35000000000000009E9	-1.41940221807970546E2
5.29999999999999716E0	2.36000000000000032E9	-1.41588949696664335E2
5.29999999999999716E0	2.37000000000000011E9	-1.41191095022461854E2
5.29999999999999716E0	2.37999999999999989E9	-1.40734565970867864E2
5.29999999999999716E0	2.38999999999999968E9	-1.40203606938650194E2
5.29999999999999716E0	2.39999999999999991E9	-1.39577478350298878E2
5.29999999999999716E0	2.41000000000000014E9	-1.38828498320634885E2
5.29999999999999716E0	2.41999999999999993E9	-1.37918947841447781E2
5.29999999999999716E0	2.43000000000000016E9	-1.36795679041266860E2
5.29999999999999716E0	2.43999999999999995E9	-1.35379285092706714E2
5.29999999999999716E0	2.45000000000000018E9	-1.33538091229534106E2
5.29999999999999716E0	2.45999999999999996E9	-1.31016940569365792E2
5.29999999999999716E0	2.46999999999999975E9	-1.27320827157203942E2
5.29999999999999716E0	2.47999999999999998E9	-1.17397102775282591E2
5.29999999999999716E0	2.48999999999999977E9	-1.26922668627318691E2
5.29999999999999716E0	2.50000000000000000E9	-1.30863085715153415E2
5.29999999999999716E0	2.51000000000000023E9	-1.33525047569519395E2
5.29999999999999716E0	2.52000000000000002E9	-1.35453127546438168E2
5.29999999999999716E0	2.53000000000000025E9	-1.36930147051673989E2
5.29999999999999716E0	2.54000000000000004E9	-1.38098048652588878E2
5.29999999999999716E0	2.54999999999999982E9	-1.39040860402303146E2
5.29999999999999716E0	2.56000000000000005E9	-1.39814465693990830E2
5.29999999999999716E0	2.56999999999999984E9	-1.40458543686214510E2
5.29999999999999716E0	2.58000000000000007E9	-1.41002306435686542E2
5.29999999999999716E0	2.58999999999999986E9	-1.41467717511371194E2
5.29999999999999716E0	2.60000000000000009E9	-1.41871510814022672E2
5.29999999999999716E0	2.61000000000000032E9	-1.42226552608624957E2
5.29999999999999716E0	2.62000000000000011E9	-1.42542804833573422E2
5.29999999999999716E0	2.62999999999999989E9	-1.42828024799454978E2
5.29999999999999716E0	2.63999999999999968E9	-1.43088283678077488E2
5.29999999999999716E0	2.64999999999999991E9	-1.43328354412233105E2
5.29999999999999716E0	2.66000000000000014E9	-1.43552005073213329E2
5.29999999999999716E0	2.66999999999999993E9	-1.43762221507783527E2
5.29999999999999716E0	2.68000000000000016E9	-1.43961378174144894E2
5.29999999999999716E0	2.68999999999999995E9	-1.44151369116514383E2
5.29999999999999716E0	2.70000000000000018E9	-1.44333709472734273E2

var_c	indep(index, 1)	plot_vs(pnmx, noisefreq)[32, ::]
5.39999999999999680E0	2.29999999999999982E9	-1.43262785550740768E2
5.39999999999999680E0	2.31000000000000005E9	-1.43039262917375076E2
5.39999999999999680E0	2.31999999999999984E9	-1.42799500830297132E2
5.39999999999999680E0	2.33000000000000007E9	-1.42539904997552602E2
5.39999999999999680E0	2.33999999999999986E9	-1.42255926628321228E2
5.39999999999999680E0	2.35000000000000009E9	-1.41941781629177233E2
5.39999999999999680E0	2.36000000000000032E9	-1.41590075255524495E2
5.39999999999999680E0	2.37000000000000011E9	-1.41191296880745321E2
5.39999999999999680E0	2.37999999999999989E9	-1.40733129368837551E2
5.39999999999999680E0	2.38999999999999968E9	-1.40199488075927503E2
5.39999999999999680E0	2.39999999999999991E9	-1.39569148434031010E2
5.39999999999999680E0	2.41000000000000014E9	-1.38813702844298215E2
5.39999999999999680E0	2.41999999999999993E9	-1.37894323722365475E2
5.39999999999999680E0	2.43000000000000016E9	-1.36756124364962917E2
5.39999999999999680E0	2.43999999999999995E9	-1.35316858591434785E2
5.39999999999999680E0	2.45000000000000018E9	-1.33439934445696307E2
5.39999999999999680E0	2.45999999999999996E9	-1.30861346236713505E2
5.39999999999999680E0	2.46999999999999975E9	-1.27086219547660528E2
5.39999999999999680E0	2.47999999999999998E9	-9.88545229869828646E1
5.39999999999999680E0	2.48999999999999977E9	-1.27149140818521245E2
5.39999999999999680E0	2.50000000000000000E9	-1.31021244078529686E2
5.39999999999999680E0	2.51000000000000023E9	-1.33647965761248000E2
5.39999999999999680E0	2.52000000000000002E9	-1.35557800637519210E2
5.39999999999999680E0	2.53000000000000025E9	-1.37022080648890165E2
5.39999999999999680E0	2.54000000000000004E9	-1.38179485010451275E2
5.39999999999999680E0	2.54999999999999982E9	-1.39113180488290022E2
5.39999999999999680E0	2.56000000000000005E9	-1.39878791244814193E2
5.39999999999999680E0	2.56999999999999984E9	-1.40515873443681816E2
5.39999999999999680E0	2.58000000000000007E9	-1.41053539827194863E2
5.39999999999999680E0	2.58999999999999986E9	-1.41513655775111147E2
5.39999999999999680E0	2.60000000000000009E9	-1.41912857863235331E2
5.39999999999999680E0	2.61000000000000032E9	-1.42263919899470359E2
5.39999999999999680E0	2.62000000000000011E9	-1.42576718739809993E2
5.39999999999999680E0	2.62999999999999989E9	-1.42858935982337187E2
5.39999999999999680E0	2.63999999999999968E9	-1.43116576438782173E2
5.39999999999999680E0	2.64999999999999991E9	-1.43354355954592760E2
5.39999999999999680E0	2.66000000000000014E9	-1.43575993716624417E2
5.39999999999999680E0	2.66999999999999993E9	-1.43784434240592507E2
5.39999999999999680E0	2.68000000000000016E9	-1.43982016997417039E2
5.39999999999999680E0	2.68999999999999995E9	-1.44170606547061664E2
5.39999999999999680E0	2.70000000000000018E9	-1.44351693242792245E2

var_c	indep(index, 1)	plot_vs(pnmx, noisefreq)[33, ::]
5.49999999999999645E0	2.29999999999999982E9	-1.43262992635015496E2
5.49999999999999645E0	2.31000000000000005E9	-1.43039880858349133E2
5.49999999999999645E0	2.31999999999999984E9	-1.42800472279783297E2
5.49999999999999645E0	2.33000000000000007E9	-1.42541136443906513E2
5.49999999999999645E0	2.33999999999999986E9	-1.42257273125330075E2
5.49999999999999645E0	2.35000000000000009E9	-1.41943024537971985E2
5.49999999999999645E0	2.36000000000000032E9	-1.41590890559662941E2
5.49999999999999645E0	2.37000000000000011E9	-1.41191208558820835E2
5.49999999999999645E0	2.37999999999999989E9	-1.40731440999000545E2
5.49999999999999645E0	2.38999999999999968E9	-1.40195181217432885E2
5.49999999999999645E0	2.39999999999999991E9	-1.39560727799751416E2
5.49999999999999645E0	2.41000000000000014E9	-1.38798956959481457E2
5.49999999999999645E0	2.41999999999999993E9	-1.37869944031534808E2
5.49999999999999645E0	2.43000000000000016E9	-1.36717071229755849E2
5.49999999999999645E0	2.43999999999999995E9	-1.35255253570616274E2
5.49999999999999645E0	2.45000000000000018E9	-1.33342974599536701E2
5.49999999999999645E0	2.45999999999999996E9	-1.30707517323751321E2
5.49999999999999645E0	2.46999999999999975E9	-1.26857318835306887E2
5.49999999999999645E0	2.47999999999999998E9	-1.17995469847683032E2
5.49999999999999645E0	2.48999999999999977E9	-1.27364743351863563E2
5.49999999999999645E0	2.50000000000000000E9	-1.31172505115891158E2
5.49999999999999645E0	2.51000000000000023E9	-1.33766505440792649E2
5.49999999999999645E0	2.52000000000000002E9	-1.35658826578703851E2
5.49999999999999645E0	2.53000000000000025E9	-1.37110620824549767E2
5.49999999999999645E0	2.54000000000000004E9	-1.38257703520966202E2
5.49999999999999645E0	2.54999999999999982E9	-1.39182466065666355E2
5.49999999999999645E0	2.56000000000000005E9	-1.39940280105725168E2
5.49999999999999645E0	2.56999999999999984E9	-1.40570570035515674E2
5.49999999999999645E0	2.58000000000000007E9	-1.41102339735801707E2
5.49999999999999645E0	2.58999999999999986E9	-1.41557350137750748E2
5.49999999999999645E0	2.60000000000000009E9	-1.41952137152333413E2
5.49999999999999645E0	2.61000000000000032E9	-1.42299380455620139E2
5.49999999999999645E0	2.62000000000000011E9	-1.42608871824451544E2
5.49999999999999645E0	2.62999999999999989E9	-1.42888217605416168E2
5.49999999999999645E0	2.63999999999999968E9	-1.43143357355553835E2
5.49999999999999645E0	2.64999999999999991E9	-1.43378950986777531E2
5.49999999999999645E0	2.66000000000000014E9	-1.43598670151414431E2
5.49999999999999645E0	2.66999999999999993E9	-1.43805419227526032E2
5.49999999999999645E0	2.68000000000000016E9	-1.44001503835753564E2
5.49999999999999645E0	2.68999999999999995E9	-1.44188760143799799E2
5.49999999999999645E0	2.70000000000000018E9	-1.44368654606838787E2

var_c	indep(index, 1)	plot_vs(pnmx, noisefreq)[34, ::]
5.59999999999999609E0	2.29999999999999982E9	-1.43262968260067636E2
5.59999999999999609E0	2.31000000000000005E9	-1.43040249055260293E2
5.59999999999999609E0	2.31999999999999984E9	-1.42801177391393375E2
5.59999999999999609E0	2.33000000000000007E9	-1.42542087811896412E2
5.59999999999999609E0	2.33999999999999986E9	-1.42258330063761163E2
5.59999999999999609E0	2.35000000000000009E9	-1.41943974760827096E2
5.59999999999999609E0	2.36000000000000032E9	-1.41591419128403229E2
5.59999999999999609E0	2.37000000000000011E9	-1.41190852361394548E2
5.59999999999999609E0	2.37999999999999989E9	-1.40729521591900775E2
5.59999999999999609E0	2.38999999999999968E9	-1.40190704253980636E2
5.59999999999999609E0	2.39999999999999991E9	-1.39552230656635512E2
5.59999999999999609E0	2.41000000000000014E9	-1.38784271141396731E2
5.59999999999999609E0	2.41999999999999993E9	-1.37845814489485208E2
5.59999999999999609E0	2.43000000000000016E9	-1.36678521554772914E2
5.59999999999999609E0	2.43999999999999995E9	-1.35194469927310168E2
5.59999999999999609E0	2.45000000000000018E9	-1.33247215796035445E2
5.59999999999999609E0	2.45999999999999996E9	-1.30555482510491361E2
5.59999999999999609E0	2.46999999999999975E9	-1.26634429852619501E2
5.59999999999999609E0	2.47999999999999998E9	-1.21149781811193535E2
5.59999999999999609E0	2.48999999999999977E9	-1.27570143922202317E2
5.59999999999999609E0	2.50000000000000000E9	-1.31317435574250641E2
5.59999999999999609E0	2.51000000000000023E9	-1.33880907484412814E2
5.59999999999999609E0	2.52000000000000002E9	-1.35756357410579520E2
5.59999999999999609E0	2.53000000000000025E9	-1.37195909341442013E2
5.59999999999999609E0	2.54000000000000004E9	-1.38332851196356099E2
5.59999999999999609E0	2.54999999999999982E9	-1.39248868737842346E2
5.59999999999999609E0	2.56000000000000005E9	-1.39999084543000740E2
5.59999999999999609E0	2.56999999999999984E9	-1.40622782670958801E2
5.59999999999999609E0	2.58000000000000007E9	-1.41148850232525591E2
5.59999999999999609E0	2.58999999999999986E9	-1.41598938236617333E2
5.59999999999999609E0	2.60000000000000009E9	-1.41989479088891568E2
5.59999999999999609E0	2.61000000000000032E9	-1.42333057428258858E2
5.59999999999999609E0	2.62000000000000011E9	-1.42639379940664002E2
5.59999999999999609E0	2.62999999999999989E9	-1.42915978620173645E2
5.59999999999999609E0	2.63999999999999968E9	-1.43168728900788023E2
5.59999999999999609E0	2.64999999999999991E9	-1.43402235999674454E2
5.59999999999999609E0	2.66000000000000014E9	-1.43620125325043202E2
5.59999999999999609E0	2.66999999999999993E9	-1.43825262312268443E2
5.59999999999999609E0	2.68000000000000016E9	-1.44019919910614336E2
5.59999999999999609E0	2.68999999999999995E9	-1.44205906860638566E2
5.59999999999999609E0	2.70000000000000018E9	-1.44384666643622905E2

var_c	indep(index, 1)	plot_vs(pnmx, noisefreq)[35, ::]
5.69999999999999574E0	2.29999999999999982E9	-1.43262732711817509E2
5.69999999999999574E0	2.31000000000000005E9	-1.43040388558657305E2
5.69999999999999574E0	2.31999999999999984E9	-1.42801637867534881E2
5.69999999999999574E0	2.33000000000000007E9	-1.42542781186958534E2
5.69999999999999574E0	2.33999999999999986E9	-1.42259119664946576E2
5.69999999999999574E0	2.35000000000000009E9	-1.41944654445999530E2
5.69999999999999574E0	2.36000000000000032E9	-1.41591682685174791E2
5.69999999999999574E0	2.37000000000000011E9	-1.41190248925835204E2
5.69999999999999574E0	2.37999999999999989E9	-1.40727389835620853E2
5.69999999999999574E0	2.38999999999999968E9	-1.40186073556251833E2
5.69999999999999574E0	2.39999999999999991E9	-1.39543670064308900E2
5.69999999999999574E0	2.41000000000000014E9	-1.38769654229428596E2
5.69999999999999574E0	2.41999999999999993E9	-1.37821939562944684E2
5.69999999999999574E0	2.43000000000000016E9	-1.36640475805836470E2
5.69999999999999574E0	2.43999999999999995E9	-1.35134506408509725E2
5.69999999999999574E0	2.45000000000000018E9	-1.33152658688864589E2
5.69999999999999574E0	2.45999999999999996E9	-1.30405268793489637E2
5.69999999999999574E0	2.46999999999999975E9	-1.26417839343211202E2
5.69999999999999574E0	2.47999999999999998E9	-1.22320738570423382E2
5.69999999999999574E0	2.48999999999999977E9	-1.27766006072896099E2
5.69999999999999574E0	2.50000000000000000E9	-1.31456528503026138E2
5.69999999999999574E0	2.51000000000000023E9	-1.33991386651231137E2
5.69999999999999574E0	2.52000000000000002E9	-1.35850536440339287E2
5.69999999999999574E0	2.53000000000000025E9	-1.37278082402291690E2
5.69999999999999574E0	2.54000000000000004E9	-1.38405068709736878E2
5.69999999999999574E0	2.54999999999999982E9	-1.39312532184574644E2
5.69999999999999574E0	2.56000000000000005E9	-1.40055347892250692E2
5.69999999999999574E0	2.56999999999999984E9	-1.40672651257760695E2
5.69999999999999574E0	2.58000000000000007E9	-1.41193205667935362E2
5.69999999999999574E0	2.58999999999999986E9	-1.41638547931922565E2
5.69999999999999574E0	2.60000000000000009E9	-1.42025004530476151E2
5.69999999999999574E0	2.61000000000000032E9	-1.42365064476145631E2
5.69999999999999574E0	2.62000000000000011E9	-1.42668349918072268E2
5.69999999999999574E0	2.62999999999999989E9	-1.42942319336287449E2
5.69999999999999574E0	2.63999999999999968E9	-1.43192785230953734E2
5.69999999999999574E0	2.64999999999999991E9	-1.43424299508676723E2
5.69999999999999574E0	2.66000000000000014E9	-1.43640442585307881E2
5.69999999999999574E0	2.66999999999999993E9	-1.43844042158675944E2
5.69999999999999574E0	2.68000000000000016E9	-1.44037339543561238E2
5.69999999999999574E0	2.68999999999999995E9	-1.44222117092490598E2
5.69999999999999574E0	2.70000000000000018E9	-1.44399796140992498E2

var_c	indep(index, 1)	plot_vs(pnmx, noisefreq)[36, ::]
5.79999999999999538E0	2.29999999999999982E9	-1.43262304493643122E2
5.79999999999999538E0	2.31000000000000005E9	-1.43040318551921408E2
5.79999999999999538E0	2.31999999999999984E9	-1.42801873490618991E2
5.79999999999999538E0	2.33000000000000007E9	-1.42543236817733887E2
5.79999999999999538E0	2.33999999999999986E9	-1.42259662505311257E2
5.79999999999999538E0	2.35000000000000009E9	-1.41945084012217571E2
5.79999999999999538E0	2.36000000000000032E9	-1.41591701071550125E2
5.79999999999999538E0	2.37000000000000011E9	-1.41189417143318563E2
5.79999999999999538E0	2.37999999999999989E9	-1.40725063141360396E2
5.79999999999999538E0	2.38999999999999968E9	-1.40181304072520874E2
5.79999999999999538E0	2.39999999999999991E9	-1.39535057958312003E2
5.79999999999999538E0	2.41000000000000014E9	-1.38755114117264955E2
5.79999999999999538E0	2.41999999999999993E9	-1.37798322897042480E2
5.79999999999999538E0	2.43000000000000016E9	-1.36602933117347702E2
5.79999999999999538E0	2.43999999999999995E9	-1.35075359561748121E2
5.79999999999999538E0	2.45000000000000018E9	-1.33059302992001882E2
5.79999999999999538E0	2.45999999999999996E9	-1.30256898285000178E2
5.79999999999999538E0	2.46999999999999975E9	-1.26207807169124253E2
5.79999999999999538E0	2.47999999999999998E9	-1.22908691374821988E2
5.79999999999999538E0	2.48999999999999977E9	-1.27952971272057558E2
5.79999999999999538E0	2.50000000000000000E9	-1.31590217403397136E2
5.79999999999999538E0	2.51000000000000023E9	-1.34098138353226370E2
5.79999999999999538E0	2.52000000000000002E9	-1.35941499627265650E2
5.79999999999999538E0	2.53000000000000025E9	-1.37357270531637332E2
5.79999999999999538E0	2.54000000000000004E9	-1.38474490574096487E2
5.79999999999999538E0	2.54999999999999982E9	-1.39373592631822119E2
5.79999999999999538E0	2.56000000000000005E9	-1.40109205017773664E2
5.79999999999999538E0	2.56999999999999984E9	-1.40720306749469115E2
5.79999999999999538E0	2.58000000000000007E9	-1.41235531489948407E2
5.79999999999999538E0	2.58999999999999986E9	-1.41676297947774965E2
5.79999999999999538E0	2.60000000000000009E9	-1.42058825353671181E2
5.79999999999999538E0	2.61000000000000032E9	-1.42395506734956578E2
5.79999999999999538E0	2.62000000000000011E9	-1.42695880304317813E2
5.79999999999999538E0	2.62999999999999989E9	-1.42967332112486178E2
5.79999999999999538E0	2.63999999999999968E9	-1.43215613026644384E2
5.79999999999999538E0	2.64999999999999991E9	-1.43445222910610060E2
5.79999999999999538E0	2.66000000000000014E9	-1.43659698479867082E2
5.79999999999999538E0	2.66999999999999993E9	-1.43861830855718331E2
5.79999999999999538E0	2.68000000000000016E9	-1.44053830840120822E2
5.79999999999999538E0	2.68999999999999995E9	-1.44237455273303739E2
5.79999999999999538E0	2.70000000000000018E9	-1.44414104231064422E2

var_c	indep(index, 1)	plot_vs(pnmx, noisefreq)[37, ::]
5.89999999999999503E0	2.29999999999999982E9	-1.43261700445495177E2
5.89999999999999503E0	2.31000000000000005E9	-1.43040056625922984E2
5.89999999999999503E0	2.31999999999999984E9	-1.42801902396697900E2
5.89999999999999503E0	2.33000000000000007E9	-1.42543473303643164E2
5.89999999999999503E0	2.33999999999999986E9	-1.42259977374979707E2
5.89999999999999503E0	2.35000000000000009E9	-1.41945282248930238E2
5.89999999999999503E0	2.36000000000000032E9	-1.41591492685889420E2
5.89999999999999503E0	2.37000000000000011E9	-1.41188374523379845E2
5.89999999999999503E0	2.37999999999999989E9	-1.40722557396902603E2
5.89999999999999503E0	2.38999999999999968E9	-1.40176409510041067E2
5.89999999999999503E0	2.39999999999999991E9	-1.39526404854263530E2
5.89999999999999503E0	2.41000000000000014E9	-1.38740657704531523E2
5.89999999999999503E0	2.41999999999999993E9	-1.37774966826793710E2
5.89999999999999503E0	2.43000000000000016E9	-1.36565892436683400E2
5.89999999999999503E0	2.43999999999999995E9	-1.35017025459491746E2
5.89999999999999503E0	2.45000000000000018E9	-1.32967145268889442E2
5.89999999999999503E0	2.45999999999999996E9	-1.30110390146486976E2
5.89999999999999503E0	2.46999999999999975E9	-1.26004563097914546E2
5.89999999999999503E0	2.47999999999999998E9	-1.23275972284472379E2
5.89999999999999503E0	2.48999999999999977E9	-1.28131648914905338E2
5.89999999999999503E0	2.50000000000000000E9	-1.31718882489069999E2
5.89999999999999503E0	2.51000000000000023E9	-1.34201340062376828E2
5.89999999999999503E0	2.52000000000000002E9	-1.36029376712489669E2
5.89999999999999503E0	2.53000000000000025E9	-1.37433599007170293E2
5.89999999999999503E0	2.54000000000000004E9	-1.38541244575452493E2
5.89999999999999503E0	2.54999999999999982E9	-1.39432179335766948E2
5.89999999999999503E0	2.56000000000000005E9	-1.40160782790662397E2
5.89999999999999503E0	2.56999999999999984E9	-1.40765871779508589E2
5.89999999999999503E0	2.58000000000000007E9	-1.41275944477904769E2
5.89999999999999503E0	2.58999999999999986E9	-1.41712298725616104E2
5.89999999999999503E0	2.60000000000000009E9	-1.42091045338973632E2
5.89999999999999503E0	2.61000000000000032E9	-1.42424481451210982E2
5.89999999999999503E0	2.62000000000000011E9	-1.42722062073542011E2
5.89999999999999503E0	2.62999999999999989E9	-1.42991102102227674E2
5.89999999999999503E0	2.63999999999999968E9	-1.43237292061541543E2
5.89999999999999503E0	2.64999999999999991E9	-1.43465081010862860E2
5.89999999999999503E0	2.66000000000000014E9	-1.43677963306317280E2
5.89999999999999503E0	2.66999999999999993E9	-1.43878694651965167E2
5.89999999999999503E0	2.68000000000000016E9	-1.44069456299735865E2
5.89999999999999503E0	2.68999999999999995E9	-1.44251980548218062E2
5.89999999999999503E0	2.70000000000000018E9	-1.44427646956636879E2

var_c	indep(index, 1)	plot_vs(pnmx, noisefreq)[38, ::]
5.99999999999999467E0	2.29999999999999982E9	-1.43260935953314461E2
5.99999999999999467E0	2.31000000000000005E9	-1.43039618786932543E2
5.99999999999999467E0	2.31999999999999984E9	-1.42801741238590507E2
5.99999999999999467E0	2.33000000000000007E9	-1.42543507701811611E2
5.99999999999999467E0	2.33999999999999986E9	-1.42260081617189060E2
5.99999999999999467E0	2.35000000000000009E9	-1.41945266448976071E2
5.99999999999999467E0	2.36000000000000032E9	-1.41591074442860032E2
5.99999999999999467E0	2.37000000000000011E9	-1.41187137121483741E2
5.99999999999999467E0	2.37999999999999989E9	-1.40719887352163964E2
5.99999999999999467E0	2.38999999999999968E9	-1.40171402446054816E2
5.99999999999999467E0	2.39999999999999991E9	-1.39517720596419736E2
5.99999999999999467E0	2.41000000000000014E9	-1.38726290947783815E2
5.99999999999999467E0	2.41999999999999993E9	-1.37751873309411743E2
5.99999999999999467E0	2.43000000000000016E9	-1.36529350787630643E2
5.99999999999999467E0	2.43999999999999995E9	-1.34959498598757399E2
5.99999999999999467E0	2.45000000000000018E9	-1.32876181147453520E2
5.99999999999999467E0	2.45999999999999996E9	-1.29965762305918275E2
5.99999999999999467E0	2.46999999999999975E9	-1.25808295239009071E2
5.99999999999999467E0	2.47999999999999998E9	-1.23545192018764594E2
5.99999999999999467E0	2.48999999999999977E9	-1.28302612944023720E2
5.99999999999999467E0	2.50000000000000000E9	-1.31842860982746091E2
5.99999999999999467E0	2.51000000000000023E9	-1.34301153656375272E2
5.99999999999999467E0	2.52000000000000002E9	-1.36114290549953165E2
5.99999999999999467E0	2.53000000000000025E9	-1.37507188222993681E2
5.99999999999999467E0	2.54000000000000004E9	-1.38605453374493148E2
5.99999999999999467E0	2.54999999999999982E9	-1.39488414343757827E2
5.99999999999999467E0	2.56000000000000005E9	-1.40210200877749624E2
5.99999999999999467E0	2.56999999999999984E9	-1.40809461099421807E2
5.99999999999999467E0	2.58000000000000007E9	-1.41314553648468855E2
5.99999999999999467E0	2.58999999999999986E9	-1.41746653024751290E2
5.99999999999999467E0	2.60000000000000009E9	-1.42121760780649375E2
5.99999999999999467E0	2.61000000000000032E9	-1.42452078672757043E2
5.99999999999999467E0	2.62000000000000011E9	-1.42746979443047417E2
5.99999999999999467E0	2.62999999999999989E9	-1.43013707987463512E2
5.99999999999999467E0	2.63999999999999968E9	-1.43257895869565610E2
5.99999999999999467E0	2.64999999999999991E9	-1.43483942783712992E2
5.99999999999999467E0	2.66000000000000014E9	-1.43695301835025524E2
5.99999999999999467E0	2.66999999999999993E9	-1.43894694421129499E2
5.99999999999999467E0	2.68000000000000016E9	-1.44084273360439097E2
5.99999999999999467E0	2.68999999999999995E9	-1.44265747198173910E2
5.99999999999999467E0	2.70000000000000018E9	-1.44440475752274122E2

var_c	indep(index, 1)	plot_vs(pnmx, noisefreq)[39, ::]
6.09999999999999432E0	2.29999999999999982E9	-1.43260025099593058E2
6.09999999999999432E0	2.31000000000000005E9	-1.43039019799529088E2
6.09999999999999432E0	2.31999999999999984E9	-1.42801405301830697E2
6.09999999999999432E0	2.33000000000000007E9	-1.42543355761479407E2
6.09999999999999432E0	2.33999999999999986E9	-1.42259991162629351E2
6.09999999999999432E0	2.35000000000000009E9	-1.41945052613541778E2
6.09999999999999432E0	2.36000000000000032E9	-1.41590462087371916E2
6.09999999999999432E0	2.37000000000000011E9	-1.41185719850321290E2
6.09999999999999432E0	2.37999999999999989E9	-1.40717066519618106E2
6.09999999999999432E0	2.38999999999999968E9	-1.40166294447513207E2
6.09999999999999432E0	2.39999999999999991E9	-1.39509013863798081E2
6.09999999999999432E0	2.41000000000000014E9	-1.38712019121525532E2
6.09999999999999432E0	2.41999999999999993E9	-1.37729043322156630E2
6.09999999999999432E0	2.43000000000000016E9	-1.36493305169060930E2
6.09999999999999432E0	2.43999999999999995E9	-1.34902772516711256E2
6.09999999999999432E0	2.45000000000000018E9	-1.32786404877219377E2
6.09999999999999432E0	2.45999999999999996E9	-1.29823027582632733E2
6.09999999999999432E0	2.46999999999999975E9	-1.25619149690135434E2
6.09999999999999432E0	2.47999999999999998E9	-1.23765640751630501E2
6.09999999999999432E0	2.48999999999999977E9	-1.28466396868268440E2
6.09999999999999432E0	2.50000000000000000E9	-1.31962449728014763E2
6.09999999999999432E0	2.51000000000000023E9	-1.34397729797331467E2
6.09999999999999432E0	2.52000000000000002E9	-1.36196359044804938E2
6.09999999999999432E0	2.53000000000000025E9	-1.37578153356623956E2
6.09999999999999432E0	2.54000000000000004E9	-1.38667233344523555E2
6.09999999999999432E0	2.54999999999999982E9	-1.39542413454107028E2
6.09999999999999432E0	2.56000000000000005E9	-1.40257571725019869E2
6.09999999999999432E0	2.56999999999999984E9	-1.40851182462917990E2
6.09999999999999432E0	2.58000000000000007E9	-1.41351460856163036E2
6.09999999999999432E0	2.58999999999999986E9	-1.41779456416094130E2
6.09999999999999432E0	2.60000000000000009E9	-1.42151061116634847E2
6.09999999999999432E0	2.61000000000000032E9	-1.42478381876866478E2
6.09999999999999432E0	2.62000000000000011E9	-1.42770710229252940E2
6.09999999999999432E0	2.62999999999999989E9	-1.43035222427482833E2
6.09999999999999432E0	2.63999999999999968E9	-1.43277492410519325E2
6.09999999999999432E0	2.64999999999999991E9	-1.43501871801000247E2
6.09999999999999432E0	2.66000000000000014E9	-1.43711773675034182E2
6.09999999999999432E0	2.66999999999999993E9	-1.43909886277075749E2
6.09999999999999432E0	2.68000000000000016E9	-1.44098334867419697E2
6.09999999999999432E0	2.68999999999999995E9	-1.44278805116616082E2
6.09999999999999432E0	2.70000000000000018E9	-1.44452637881961188E2

var_c	indep(index, 1)	plot_vs(pnmx, noisefreq)[40, ::]
6.19999999999999396E0	2.29999999999999982E9	-1.43258980725897400E2
6.19999999999999396E0	2.31000000000000005E9	-1.43038273095748392E2
6.19999999999999396E0	2.31999999999999984E9	-1.42800908611121957E2
6.19999999999999396E0	2.33000000000000007E9	-1.42543031883072868E2
6.19999999999999396E0	2.33999999999999986E9	-1.42259720787190846E2
6.19999999999999396E0	2.35000000000000009E9	-1.41944655473808501E2
6.19999999999999396E0	2.36000000000000032E9	-1.41589670006769985E2
6.19999999999999396E0	2.37000000000000011E9	-1.41184136526264048E2
6.19999999999999396E0	2.37999999999999989E9	-1.40714107456577620E2
6.19999999999999396E0	2.38999999999999968E9	-1.40161096166439414E2
6.19999999999999396E0	2.39999999999999991E9	-1.39500292660884773E2
6.19999999999999396E0	2.41000000000000014E9	-1.38697846817322334E2
6.19999999999999396E0	2.41999999999999993E9	-1.37706477233486213E2
6.19999999999999396E0	2.43000000000000016E9	-1.36457751869709698E2
6.19999999999999396E0	2.43999999999999995E9	-1.34846840570206328E2
6.19999999999999396E0	2.45000000000000018E9	-1.32697809231847264E2
6.19999999999999396E0	2.45999999999999996E9	-1.29682199119434327E2
6.19999999999999396E0	2.46999999999999975E9	-1.25437212728238912E2
6.19999999999999396E0	2.47999999999999998E9	-1.23959596337834510E2
6.19999999999999396E0	2.48999999999999977E9	-1.28623493889269302E2
6.19999999999999396E0	2.50000000000000000E9	-1.32077916228348657E2
6.19999999999999396E0	2.51000000000000023E9	-1.34491207364785303E2
6.19999999999999396E0	2.52000000000000002E9	-1.36275694557570715E2
6.19999999999999396E0	2.53000000000000025E9	-1.37646604966472297E2
6.19999999999999396E0	2.54000000000000004E9	-1.38726695209884143E2
6.19999999999999396E0	2.54999999999999982E9	-1.39594286167445647E2
6.19999999999999396E0	2.56000000000000005E9	-1.40303001233018620E2
6.19999999999999396E0	2.56999999999999984E9	-1.40891136567556430E2
6.19999999999999396E0	2.58000000000000007E9	-1.41386761166293362E2
6.19999999999999396E0	2.58999999999999986E9	-1.41810797985882608E2
6.19999999999999396E0	2.60000000000000009E9	-1.42179029517314293E2
6.19999999999999396E0	2.61000000000000032E9	-1.42503468472514738E2
6.19999999999999396E0	2.62000000000000011E9	-1.42793326561270506E2
6.19999999999999396E0	2.62999999999999989E9	-1.43055712650017597E2
6.19999999999999396E0	2.63999999999999968E9	-1.43296144426536598E2
6.19999999999999396E0	2.64999999999999991E9	-1.43518926727140261E2
6.19999999999999396E0	2.66000000000000014E9	-1.43727433847409669E2
6.19999999999999396E0	2.66999999999999993E9	-1.43924321885460427E2
6.19999999999999396E0	2.68000000000000016E9	-1.44111689490247508E2
6.19999999999999396E0	2.68999999999999995E9	-1.44291200287027865E2
6.19999999999999396E0	2.70000000000000018E9	-1.44464176831227431E2

var_c	indep(index, 1)	plot_vs(pnmx, noisefreq)[41, ::]
6.29999999999999361E0	2.29999999999999982E9	-1.43257814659157012E2
6.29999999999999361E0	2.31000000000000005E9	-1.43037391099013900E2
6.29999999999999361E0	2.31999999999999984E9	-1.42800264052938020E2
6.29999999999999361E0	2.33000000000000007E9	-1.42542549504374816E2
6.29999999999999361E0	2.33999999999999986E9	-1.42259284101068451E2
6.29999999999999361E0	2.35000000000000009E9	-1.41944088704045357E2
6.29999999999999361E0	2.36000000000000032E9	-1.41588711593555461E2
6.29999999999999361E0	2.37000000000000011E9	-1.41182399754376631E2
6.29999999999999361E0	2.37999999999999989E9	-1.40711021789827839E2
6.29999999999999361E0	2.38999999999999968E9	-1.40155817401935257E2
6.29999999999999361E0	2.39999999999999991E9	-1.39491564328130169E2
6.29999999999999361E0	2.41000000000000014E9	-1.38683777814251874E2
6.29999999999999361E0	2.41999999999999993E9	-1.37684175116363106E2
6.29999999999999361E0	2.43000000000000016E9	-1.36422686354261069E2
6.29999999999999361E0	2.43999999999999995E9	-1.34791694354883695E2
6.29999999999999361E0	2.45000000000000018E9	-1.32610386120690915E2
6.29999999999999361E0	2.45999999999999996E9	-1.29543285264081143E2
6.29999999999999361E0	2.46999999999999975E9	-1.25262507691810665E2
6.29999999999999361E0	2.47999999999999998E9	-1.24137966050031334E2
6.29999999999999361E0	2.48999999999999977E9	-1.28774358461211547E2
6.29999999999999361E0	2.50000000000000000E9	-1.32189497157827307E2
6.29999999999999361E0	2.51000000000000023E9	-1.34581716361325676E2
6.29999999999999361E0	2.52000000000000002E9	-1.36352404795515980E2
6.29999999999999361E0	2.53000000000000025E9	-1.37712648627587453E2
6.29999999999999361E0	2.54000000000000004E9	-1.38783944964614703E2
6.29999999999999361E0	2.54999999999999982E9	-1.39644135950107340E2
6.29999999999999361E0	2.56000000000000005E9	-1.40346588958810559E2
6.29999999999999361E0	2.56999999999999984E9	-1.40929418151239116E2
6.29999999999999361E0	2.58000000000000007E9	-1.41420543437329749E2
6.29999999999999361E0	2.58999999999999986E9	-1.41840760716885339E2
6.29999999999999361E0	2.60000000000000009E9	-1.42205743198046508E2
6.29999999999999361E0	2.61000000000000032E9	-1.42527410399227294E2
6.29999999999999361E0	2.62000000000000011E9	-1.42814895310886913E2
6.29999999999999361E0	2.62999999999999989E9	-1.43075240907833945E2
6.29999999999999361E0	2.63999999999999968E9	-1.43313909960760855E2
6.29999999999999361E0	2.64999999999999991E9	-1.43535161826239621E2
6.29999999999999361E0	2.66000000000000014E9	-1.43742333153502999E2
6.29999999999999361E0	2.66999999999999993E9	-1.43938048944809260E2
6.29999999999999361E0	2.68000000000000016E9	-1.44124382144746566E2
6.29999999999999361E0	2.68999999999999995E9	-1.44302975071013262E2
6.29999999999999361E0	2.70000000000000018E9	-1.44475132699787023E2

var_c	indep(index, 1)	plot_vs(pnmx, noisefreq)[42, ::]
6.39999999999999325E0	2.29999999999999982E9	-1.43256537685809016E2
6.39999999999999325E0	2.31000000000000005E9	-1.43036385210559613E2
6.39999999999999325E0	2.31999999999999984E9	-1.42799483572891384E2
6.39999999999999325E0	2.33000000000000007E9	-1.42541920836081570E2
6.39999999999999325E0	2.33999999999999986E9	-1.42258693589071505E2
6.39999999999999325E0	2.35000000000000009E9	-1.41943364920177628E2
6.39999999999999325E0	2.36000000000000032E9	-1.41587599337696401E2
6.39999999999999325E0	2.37000000000000011E9	-1.41180521530647440E2
6.39999999999999325E0	2.37999999999999989E9	-1.40707820201699096E2
6.39999999999999325E0	2.38999999999999968E9	-1.40150467253488786E2
6.39999999999999325E0	2.39999999999999991E9	-1.39482835307774122E2
6.39999999999999325E0	2.41000000000000014E9	-1.38669815608756974E2
6.39999999999999325E0	2.41999999999999993E9	-1.37662136011432690E2
6.39999999999999325E0	2.43000000000000016E9	-1.36388103793199433E2
6.39999999999999325E0	2.43999999999999995E9	-1.34737326047087924E2
6.39999999999999325E0	2.45000000000000018E9	-1.32524125977495943E2
6.39999999999999325E0	2.45999999999999996E9	-1.29406294889369677E2
6.39999999999999325E0	2.46999999999999975E9	-1.25094978261015366E2
6.39999999999999325E0	2.47999999999999998E9	-1.24306384716308016E2
6.39999999999999325E0	2.48999999999999977E9	-1.28919407339362491E2
6.39999999999999325E0	2.50000000000000000E9	-1.32297407296213465E2
6.39999999999999325E0	2.51000000000000023E9	-1.34669378124853378E2
6.39999999999999325E0	2.52000000000000002E9	-1.36426592568181171E2
6.39999999999999325E0	2.53000000000000025E9	-1.37776385759337816E2
6.39999999999999325E0	2.54000000000000004E9	-1.38839082755857479E2
6.39999999999999325E0	2.54999999999999982E9	-1.39692060791591643E2
6.39999999999999325E0	2.56000000000000005E9	-1.40388428858451042E2
6.39999999999999325E0	2.56999999999999984E9	-1.40966115783300983E2
6.39999999999999325E0	2.58000000000000007E9	-1.41452890711856183E2
6.39999999999999325E0	2.58999999999999986E9	-1.41869422122287681E2
6.39999999999999325E0	2.60000000000000009E9	-1.42231274182906597E2
6.39999999999999325E0	2.61000000000000032E9	-1.42550274458805970E2
6.39999999999999325E0	2.62000000000000011E9	-1.42835478567729091E2
6.39999999999999325E0	2.62999999999999989E9	-1.43093864889568145E2
6.39999999999999325E0	2.63999999999999968E9	-1.43330842755114252E2
6.39999999999999325E0	2.64999999999999991E9	-1.43550627273945763E2
6.39999999999999325E0	2.66000000000000014E9	-1.43756518567596658E2
6.39999999999999325E0	2.66999999999999993E9	-1.43951111531422904E2
6.39999999999999325E0	2.68000000000000016E9	-1.44136454259385305E2
6.39999999999999325E0	2.68999999999999995E9	-1.44314168578272195E2
6.39999999999999325E0	2.70000000000000018E9	-1.44485542443029025E2

var_c	indep(index, 1)	plot_vs(pnmx, noisefreq)[43, ::]
6.49999999999999289E0	2.29999999999999982E9	-1.43255159705827095E2
6.49999999999999289E0	2.31000000000000005E9	-1.43035265850333393E2
6.49999999999999289E0	2.31999999999999984E9	-1.42798578093789841E2
6.49999999999999289E0	2.33000000000000007E9	-1.42541157273295949E2
6.49999999999999289E0	2.33999999999999986E9	-1.42257960978614340E2
6.49999999999999289E0	2.35000000000000009E9	-1.41942495827639492E2
6.49999999999999289E0	2.36000000000000032E9	-1.41586344648665330E2
6.49999999999999289E0	2.37000000000000011E9	-1.41178512742661688E2
6.49999999999999289E0	2.37999999999999989E9	-1.40704512712162289E2
6.49999999999999289E0	2.38999999999999968E9	-1.40145053957596533E2
6.49999999999999289E0	2.39999999999999991E9	-1.39474111706258652E2
6.49999999999999289E0	2.41000000000000014E9	-1.38655963011413053E2
6.49999999999999289E0	2.41999999999999993E9	-1.37640359292353276E2
6.49999999999999289E0	2.43000000000000016E9	-1.36353998962523559E2
6.49999999999999289E0	2.43999999999999995E9	-1.34683726443673812E2
6.49999999999999289E0	2.45000000000000018E9	-1.32439018857980861E2
6.49999999999999289E0	2.45999999999999996E9	-1.29271233098849381E2
6.49999999999999289E0	2.46999999999999975E9	-1.24934470358094085E2
6.49999999999999289E0	2.47999999999999998E9	-1.24467870758654908E2
6.49999999999999289E0	2.48999999999999977E9	-1.29059021526171480E2
6.49999999999999289E0	2.50000000000000000E9	-1.32401839730122894E2
6.49999999999999289E0	2.51000000000000023E9	-1.34754307163676224E2
6.49999999999999289E0	2.52000000000000002E9	-1.36498357377481772E2
6.49999999999999289E0	2.53000000000000025E9	-1.37837913258482758E2
6.49999999999999289E0	2.54000000000000004E9	-1.38892204452966239E2
6.49999999999999289E0	2.54999999999999982E9	-1.39738153383038122E2
6.49999999999999289E0	2.56000000000000005E9	-1.40428609222987322E2
6.49999999999999289E0	2.56999999999999984E9	-1.41001312635567944E2
6.49999999999999289E0	2.58000000000000007E9	-1.41483880865878908E2
6.49999999999999289E0	2.58999999999999986E9	-1.41896854380671522E2
6.49999999999999289E0	2.60000000000000009E9	-1.42255689449975153E2
6.49999999999999289E0	2.61000000000000032E9	-1.42572122826504399E2
6.49999999999999289E0	2.62000000000000011E9	-1.42855133889177965E2
6.49999999999999289E0	2.62999999999999989E9	-1.43111638133094887E2
6.49999999999999289E0	2.63999999999999968E9	-1.43346992664736161E2
6.49999999999999289E0	2.64999999999999991E9	-1.43565369535911924E2
6.49999999999999289E0	2.66000000000000014E9	-1.43770033536366393E2
6.49999999999999289E0	2.66999999999999993E9	-1.43963550385998618E2
6.49999999999999289E0	2.68000000000000016E9	-1.44147944172707043E2
6.49999999999999289E0	2.68999999999999995E9	-1.44324816911902443E2
6.49999999999999289E0	2.70000000000000018E9	-1.44495440207406145E2

var_c	indep(index, 1)	plot_vs(pnmx, noisefreq)[44, ::]
6.59999999999999254E0	2.29999999999999982E9	-1.43253690224724406E2
6.59999999999999254E0	2.31000000000000005E9	-1.43034043085979290E2
6.59999999999999254E0	2.31999999999999984E9	-1.42797558144472592E2
6.59999999999999254E0	2.33000000000000007E9	-1.42540269797517771E2
6.59999999999999254E0	2.33999999999999986E9	-1.42257097428811963E2
6.59999999999999254E0	2.35000000000000009E9	-1.41941492825238491E2
6.59999999999999254E0	2.36000000000000032E9	-1.41584958805515582E2
6.59999999999999254E0	2.37000000000000011E9	-1.41176384088720774E2
6.59999999999999254E0	2.37999999999999989E9	-1.40701109022913950E2
6.59999999999999254E0	2.38999999999999968E9	-1.40139585901596075E2
6.59999999999999254E0	2.39999999999999991E9	-1.39465399787211419E2
6.59999999999999254E0	2.41000000000000014E9	-1.38642223210781834E2
6.59999999999999254E0	2.41999999999999993E9	-1.37618844291031794E2
6.59999999999999254E0	2.43000000000000016E9	-1.36320367317576285E2
6.59999999999999254E0	2.43999999999999995E9	-1.34630887025233537E2
6.59999999999999254E0	2.45000000000000018E9	-1.32355054905592295E2
6.59999999999999254E0	2.45999999999999996E9	-1.29138104480177618E2
6.59999999999999254E0	2.46999999999999975E9	-1.24780710448997523E2
6.59999999999999254E0	2.47999999999999998E9	-1.24624072903286920E2
6.59999999999999254E0	2.48999999999999977E9	-1.29193549596649548E2
6.59999999999999254E0	2.50000000000000000E9	-1.32502972270069419E2
6.59999999999999254E0	2.51000000000000023E9	-1.34836612228547459E2
6.59999999999999254E0	2.52000000000000002E9	-1.36567794048253299E2
6.59999999999999254E0	2.53000000000000025E9	-1.37897324549771016E2
6.59999999999999254E0	2.54000000000000004E9	-1.38943401613961925E2
6.59999999999999254E0	2.54999999999999982E9	-1.39782502254201857E2
6.59999999999999254E0	2.56000000000000005E9	-1.40467213937349800E2
6.59999999999999254E0	2.56999999999999984E9	-1.41035087583003316E2
6.59999999999999254E0	2.58000000000000007E9	-1.41513587173144462E2
6.59999999999999254E0	2.58999999999999986E9	-1.41923125626647906E2
6.59999999999999254E0	2.60000000000000009E9	-1.42279052149368335E2
6.59999999999999254E0	2.61000000000000032E9	-1.42593013745532060E2
6.59999999999999254E0	2.62000000000000011E9	-1.42873915388133477E2
6.59999999999999254E0	2.62999999999999989E9	-1.43128610790413635E2
6.59999999999999254E0	2.63999999999999968E9	-1.43362406266681197E2
6.59999999999999254E0	2.64999999999999991E9	-1.43579432071879776E2
6.59999999999999254E0	2.66000000000000014E9	-1.43782918666088766E2
6.59999999999999254E0	2.66999999999999993E9	-1.43975403563246651E2
6.59999999999999254E0	2.68000000000000016E9	-1.44158887634421573E2
6.59999999999999254E0	2.68999999999999995E9	-1.44334953787663745E2
6.59999999999999254E0	2.70000000000000018E9	-1.44504857808464449E2

var_c	indep(index, 1)	plot_vs(pnmx, noisefreq)[45, ::]
6.69999999999999218E0	2.29999999999999982E9	-1.43252136827520671E2
6.69999999999999218E0	2.31000000000000005E9	-1.43032724932498745E2
6.69999999999999218E0	2.31999999999999984E9	-1.42796432198685430E2
6.69999999999999218E0	2.33000000000000007E9	-1.42539267128466962E2
6.69999999999999218E0	2.33999999999999986E9	-1.42256112018593361E2
6.69999999999999218E0	2.35000000000000009E9	-1.41940364898650140E2
6.69999999999999218E0	2.36000000000000032E9	-1.41583450628797003E2
6.69999999999999218E0	2.37000000000000011E9	-1.41174143924411455E2
6.69999999999999218E0	2.37999999999999989E9	-1.40697616567662043E2
6.69999999999999218E0	2.38999999999999968E9	-1.40134068802470146E2
6.69999999999999218E0	2.39999999999999991E9	-1.39456702913991348E2
6.69999999999999218E0	2.41000000000000014E9	-1.38628596773116497E2
6.69999999999999218E0	2.41999999999999993E9	-1.37597587843368818E2
6.69999999999999218E0	2.43000000000000016E9	-1.36287201582679707E2
6.69999999999999218E0	2.43999999999999995E9	-1.34578796776448284E2
6.69999999999999218E0	2.45000000000000018E9	-1.32272220834114007E2
6.69999999999999218E0	2.45999999999999996E9	-1.29006911861329177E2
6.69999999999999218E0	2.46999999999999975E9	-1.24633283620537094E2
6.69999999999999218E0	2.47999999999999998E9	-1.24775907321665613E2
6.69999999999999218E0	2.48999999999999977E9	-1.29323308123410596E2
6.69999999999999218E0	2.50000000000000000E9	-1.32600962237495534E2
6.69999999999999218E0	2.51000000000000023E9	-1.34916392970290722E2
6.69999999999999218E0	2.52000000000000002E9	-1.36634991369960268E2
6.69999999999999218E0	2.53000000000000025E9	-1.37954706203105570E2
6.69999999999999218E0	2.54000000000000004E9	-1.38992758888302093E2
6.69999999999999218E0	2.54999999999999982E9	-1.39825188582848803E2
6.69999999999999218E0	2.56000000000000005E9	-1.40504320061535237E2
6.69999999999999218E0	2.56999999999999984E9	-1.41067512482677415E2
6.69999999999999218E0	2.58000000000000007E9	-1.41542076483524570E2
6.69999999999999218E0	2.58999999999999986E9	-1.41948297772129495E2
6.69999999999999218E0	2.60000000000000009E9	-1.42301419415092356E2
6.69999999999999218E0	2.61000000000000032E9	-1.42613000176939497E2
6.69999999999999218E0	2.62000000000000011E9	-1.42891871957791583E2
6.69999999999999218E0	2.62999999999999989E9	-1.43144828215869113E2
6.69999999999999218E0	2.63999999999999968E9	-1.43377125720959420E2
6.69999999999999218E0	2.64999999999999991E9	-1.43592854165647621E2
6.69999999999999218E0	2.66000000000000014E9	-1.43795210662843020E2
6.69999999999999218E0	2.66999999999999993E9	-1.43986705433144135E2
6.69999999999999218E0	2.68000000000000016E9	-1.44169316924823443E2
6.69999999999999218E0	2.68999999999999995E9	-1.44344609586768002E2
6.69999999999999218E0	2.70000000000000018E9	-1.44513823956990661E2

var_c	indep(index, 1)	plot_vs(pnmx, noisefreq)[46, ::]
6.79999999999999183E0	2.29999999999999982E9	-1.43250507632809754E2
6.79999999999999183E0	2.31000000000000005E9	-1.43031320047404020E2
6.79999999999999183E0	2.31999999999999984E9	-1.42795209341591844E2
6.79999999999999183E0	2.33000000000000007E9	-1.42538158818484195E2
6.79999999999999183E0	2.33999999999999986E9	-1.42255014435554239E2
6.79999999999999183E0	2.35000000000000009E9	-1.41939121885868103E2
6.79999999999999183E0	2.36000000000000032E9	-1.41581829918381708E2
6.79999999999999183E0	2.37000000000000011E9	-1.41171801565609489E2
6.79999999999999183E0	2.37999999999999989E9	-1.40694043890127496E2
6.79999999999999183E0	2.38999999999999968E9	-1.40128510035457587E2
6.79999999999999183E0	2.39999999999999991E9	-1.39448026306877226E2
6.79999999999999183E0	2.41000000000000014E9	-1.38615086162689494E2
6.79999999999999183E0	2.41999999999999993E9	-1.37576588797200072E2
6.79999999999999183E0	2.43000000000000016E9	-1.36254496124071567E2
6.79999999999999183E0	2.43999999999999995E9	-1.34527446313464560E2
6.79999999999999183E0	2.45000000000000018E9	-1.32190505875190323E2
6.79999999999999183E0	2.45999999999999996E9	-1.28877656750041214E2
6.79999999999999183E0	2.46999999999999975E9	-1.24491583006047035E2
6.79999999999999183E0	2.47999999999999998E9	-1.24923882510010298E2
6.79999999999999183E0	2.48999999999999977E9	-1.29448588208106363E2
6.79999999999999183E0	2.50000000000000000E9	-1.32695957884378224E2
6.79999999999999183E0	2.51000000000000023E9	-1.34993747505035389E2
6.79999999999999183E0	2.52000000000000002E9	-1.36700037597484769E2
6.79999999999999183E0	2.53000000000000025E9	-1.38010144131059809E2
6.79999999999999183E0	2.54000000000000004E9	-1.39040359452856088E2
6.79999999999999183E0	2.54999999999999982E9	-1.39866291752963545E2
6.79999999999999183E0	2.56000000000000005E9	-1.40540002108804352E2
6.79999999999999183E0	2.56999999999999984E9	-1.41098657001819672E2
6.79999999999999183E0	2.58000000000000007E9	-1.41569413388347032E2
6.79999999999999183E0	2.58999999999999986E9	-1.41972430385685766E2
6.79999999999999183E0	2.60000000000000009E9	-1.42322846284604654E2
6.79999999999999183E0	2.61000000000000032E9	-1.42632132901697783E2
6.79999999999999183E0	2.62000000000000011E9	-1.42909050525038395E2
6.79999999999999183E0	2.62999999999999989E9	-1.43160333849274934E2
6.79999999999999183E0	2.63999999999999968E9	-1.43391191378700333E2
6.79999999999999183E0	2.64999999999999991E9	-1.43605673316182458E2
6.79999999999999183E0	2.66000000000000014E9	-1.43806944528952241E2
6.79999999999999183E0	2.66999999999999993E9	-1.43997488774502891E2
6.79999999999999183E0	2.68000000000000016E9	-1.44179262805158181E2
6.79999999999999183E0	2.68999999999999995E9	-1.44353813277556897E2
6.79999999999999183E0	2.70000000000000018E9	-1.44522366008613146E2

var_c	indep(index, 1)	plot_vs(pnmx, noisefreq)[47, ::]
6.89999999999999147E0	2.29999999999999982E9	-1.43248809672389199E2
6.89999999999999147E0	2.31000000000000005E9	-1.43029835947016482E2
6.89999999999999147E0	2.31999999999999984E9	-1.42793897520546653E2
6.89999999999999147E0	2.33000000000000007E9	-1.42536953101454777E2
6.89999999999999147E0	2.33999999999999986E9	-1.42253813309443489E2
6.89999999999999147E0	2.35000000000000009E9	-1.41937772579260235E2
6.89999999999999147E0	2.36000000000000032E9	-1.41580105207867213E2
6.89999999999999147E0	2.37000000000000011E9	-1.41169365325926721E2
6.89999999999999147E0	2.37999999999999989E9	-1.40690398323995280E2
6.89999999999999147E0	2.38999999999999968E9	-1.40122915578840601E2
6.89999999999999147E0	2.39999999999999991E9	-1.39439374470936839E2
6.89999999999999147E0	2.41000000000000014E9	-1.38601692847561142E2
6.89999999999999147E0	2.41999999999999993E9	-1.37555845110176778E2
6.89999999999999147E0	2.43000000000000016E9	-1.36222245192600044E2
6.89999999999999147E0	2.43999999999999995E9	-1.34476825946849243E2
6.89999999999999147E0	2.45000000000000018E9	-1.32109897258455256E2
6.89999999999999147E0	2.45999999999999996E9	-1.28750336815895738E2
6.89999999999999147E0	2.46999999999999975E9	-1.24354760909123918E2
6.89999999999999147E0	2.47999999999999998E9	-1.25068285832126236E2
6.89999999999999147E0	2.48999999999999977E9	-1.29569654070299078E2
6.89999999999999147E0	2.50000000000000000E9	-1.32788094153283476E2
6.89999999999999147E0	2.51000000000000023E9	-1.35068767890722330E2
6.89999999999999147E0	2.52000000000000002E9	-1.36763015806561095E2
6.89999999999999147E0	2.53000000000000025E9	-1.38063718641691713E2
6.89999999999999147E0	2.54000000000000004E9	-1.39086281192612526E2
6.89999999999999147E0	2.54999999999999982E9	-1.39905885833799770E2
6.89999999999999147E0	2.56000000000000005E9	-1.40574329782219309E2
6.89999999999999147E0	2.56999999999999984E9	-1.41128585926029704E2
6.89999999999999147E0	2.58000000000000007E9	-1.41595657718182033E2
6.89999999999999147E0	2.58999999999999986E9	-1.41995578724003590E2
6.89999999999999147E0	2.60000000000000009E9	-1.42343383546899060E2
6.89999999999999147E0	2.61000000000000032E9	-1.42650458766142196E2
6.89999999999999147E0	2.62000000000000011E9	-1.42925494419563615E2
6.89999999999999147E0	2.62999999999999989E9	-1.43175167742953180E2
6.89999999999999147E0	2.63999999999999968E9	-1.43404640360431412E2
6.89999999999999147E0	2.64999999999999991E9	-1.43617924097610938E2
6.89999999999999147E0	2.66000000000000014E9	-1.43818152489230755E2
6.89999999999999147E0	2.66999999999999993E9	-1.44007783735814643E2
6.89999999999999147E0	2.68000000000000016E9	-1.44188753602127462E2
6.89999999999999147E0	2.68999999999999995E9	-1.44362591476128488E2
6.89999999999999147E0	2.70000000000000018E9	-1.44530509073179014E2

var_c	indep(index, 1)	plot_vs(pnmx, noisefreq)[48, ::]
6.99999999999999112E0	2.29999999999999982E9	-1.43247049506959412E2
6.99999999999999112E0	2.31000000000000005E9	-1.43028279595129360E2
6.99999999999999112E0	2.31999999999999984E9	-1.42792504115580865E2
6.99999999999999112E0	2.33000000000000007E9	-1.42535657810155625E2
6.99999999999999112E0	2.33999999999999986E9	-1.42252516591922218E2
6.99999999999999112E0	2.35000000000000009E9	-1.41936324948088055E2
6.99999999999999112E0	2.36000000000000032E9	-1.41578284539508226E2
6.99999999999999112E0	2.37000000000000011E9	-1.41166842724807218E2
6.99999999999999112E0	2.37999999999999989E9	-1.40686686829567464E2
6.99999999999999112E0	2.38999999999999968E9	-1.40117291046060233E2
6.99999999999999112E0	2.39999999999999991E9	-1.39430750673827619E2
6.99999999999999112E0	2.41000000000000014E9	-1.38588417844158052E2
6.99999999999999112E0	2.41999999999999993E9	-1.37535354591090053E2
6.99999999999999112E0	2.43000000000000016E9	-1.36190441917942273E2
6.99999999999999112E0	2.43999999999999995E9	-1.34426924510346502E2
6.99999999999999112E0	2.45000000000000018E9	-1.32030382499765730E2
6.99999999999999112E0	2.45999999999999996E9	-1.28624953976544742E2
6.99999999999999112E0	2.46999999999999975E9	-1.24221644170104950E2
6.99999999999999112E0	2.47999999999999998E9	-1.25209285401549009E2
6.99999999999999112E0	2.48999999999999977E9	-1.29686747317000939E2
6.99999999999999112E0	2.50000000000000000E9	-1.32877496829204977E2
6.99999999999999112E0	2.51000000000000023E9	-1.35141541512143659E2
6.99999999999999112E0	2.52000000000000002E9	-1.36824006122288999E2
6.99999999999999112E0	2.53000000000000025E9	-1.38115507595068676E2
6.99999999999999112E0	2.54000000000000004E9	-1.39130598559811736E2
6.99999999999999112E0	2.54999999999999982E9	-1.39944041210572778E2
6.99999999999999112E0	2.56000000000000005E9	-1.40607368718161174E2
6.99999999999999112E0	2.56999999999999984E9	-1.41157360092874784E2
6.99999999999999112E0	2.58000000000000007E9	-1.41620865665541484E2
6.99999999999999112E0	2.58999999999999986E9	-1.42017794448844681E2
6.99999999999999112E0	2.60000000000000009E9	-1.42363078859702674E2
6.99999999999999112E0	2.61000000000000032E9	-1.42668021568365933E2
6.99999999999999112E0	2.62000000000000011E9	-1.42941243956605568E2
6.99999999999999112E0	2.62999999999999989E9	-1.43189367216159691E2
6.99999999999999112E0	2.63999999999999968E9	-1.43417507243570519E2
6.99999999999999112E0	2.64999999999999991E9	-1.43629638622603695E2
6.99999999999999112E0	2.66000000000000014E9	-1.43828864546566604E2
6.99999999999999112E0	2.66999999999999993E9	-1.44017618365242916E2
6.99999999999999112E0	2.68000000000000016E9	-1.44197815568435628E2
6.99999999999999112E0	2.68999999999999995E9	-1.44370968935300015E2
6.99999999999999112E0	2.70000000000000018E9	-1.44538276478066652E2

var_c	indep(index, 1)	plot_vs(pnmx, noisefreq)[49, ::]
7.09999999999999076E0	2.29999999999999982E9	-1.43245233125601645E2
7.09999999999999076E0	2.31000000000000005E9	-1.43026657445058403E2
7.09999999999999076E0	2.31999999999999984E9	-1.42791035993309468E2
7.09999999999999076E0	2.33000000000000007E9	-1.42534280002688218E2
7.09999999999999076E0	2.33999999999999986E9	-1.42251131676097309E2
7.09999999999999076E0	2.35000000000000009E9	-1.41934786620393427E2
7.09999999999999076E0	2.36000000000000032E9	-1.41576375369470675E2
7.09999999999999076E0	2.37000000000000011E9	-1.41164240852787826E2
7.09999999999999076E0	2.37999999999999989E9	-1.40682915824205423E2
7.09999999999999076E0	2.38999999999999968E9	-1.40111641748355487E2
7.09999999999999076E0	2.39999999999999991E9	-1.39422158693010623E2
7.09999999999999076E0	2.41000000000000014E9	-1.38575262097117835E2
7.09999999999999076E0	2.41999999999999993E9	-1.37515114558113072E2
7.09999999999999076E0	2.43000000000000016E9	-1.36159080415565747E2
7.09999999999999076E0	2.43999999999999995E9	-1.34377732241814618E2
7.09999999999999076E0	2.45000000000000018E9	-1.31951948057479229E2
7.09999999999999076E0	2.45999999999999996E9	-1.28501502980931637E2
7.09999999999999076E0	2.46999999999999975E9	-1.24090615239152013E2
7.09999999999999076E0	2.47999999999999998E9	-1.25346981431545546E2
7.09999999999999076E0	2.48999999999999977E9	-1.29800089780205319E2
7.09999999999999076E0	2.50000000000000000E9	-1.32964281337753687E2
7.09999999999999076E0	2.51000000000000023E9	-1.35212151975358608E2
7.09999999999999076E0	2.52000000000000002E9	-1.36883084756709961E2
7.09999999999999076E0	2.53000000000000025E9	-1.38165584388359886E2
7.09999999999999076E0	2.54000000000000004E9	-1.39173381770383409E2
7.09999999999999076E0	2.54999999999999982E9	-1.39980824291372241E2
7.09999999999999076E0	2.56000000000000005E9	-1.40639180843111999E2
7.09999999999999076E0	2.56999999999999984E9	-1.41185036778918005E2
7.09999999999999076E0	2.58000000000000007E9	-1.41645089925291101E2
7.09999999999999076E0	2.58999999999999986E9	-1.42039126066094679E2
7.09999999999999076E0	2.60000000000000009E9	-1.42381976724333303E2
7.09999999999999076E0	2.61000000000000032E9	-1.42684862211613850E2
7.09999999999999076E0	2.62000000000000011E9	-1.42956336847959742E2
7.09999999999999076E0	2.62999999999999989E9	-1.43202967089295941E2
7.09999999999999076E0	2.63999999999999968E9	-1.43429824281975971E2
7.09999999999999076E0	2.64999999999999991E9	-1.43640846873241701E2
7.09999999999999076E0	2.66000000000000014E9	-1.43839108575940267E2
7.09999999999999076E0	2.66999999999999993E9	-1.44027018724169520E2
7.09999999999999076E0	2.68000000000000016E9	-1.44206473193605067E2
7.09999999999999076E0	2.68999999999999995E9	-1.44378968650751238E2
7.09999999999999076E0	2.70000000000000018E9	-1.44545689898142626E2

var_c	indep(index, 1)	plot_vs(pnmx, noisefreq)[50, ::]
7.19999999999999041E0	2.29999999999999982E9	-1.43243366084449741E2
7.19999999999999041E0	2.31000000000000005E9	-1.43024975435099777E2
7.19999999999999041E0	2.31999999999999984E9	-1.42789499377480134E2
7.19999999999999041E0	2.33000000000000007E9	-1.42532826374948063E2
7.19999999999999041E0	2.33999999999999986E9	-1.42249665440655138E2
7.19999999999999041E0	2.35000000000000009E9	-1.41933164548230795E2
7.19999999999999041E0	2.36000000000000032E9	-1.41574384504907580E2
7.19999999999999041E0	2.37000000000000011E9	-1.41161566341201339E2
7.19999999999999041E0	2.37999999999999989E9	-1.40679091091479092E2
7.19999999999999041E0	2.38999999999999968E9	-1.40105972430385184E2
7.19999999999999041E0	2.39999999999999991E9	-1.39413601409799326E2
7.19999999999999041E0	2.41000000000000014E9	-1.38562226167705771E2
7.19999999999999041E0	2.41999999999999993E9	-1.37495122441014783E2
7.19999999999999041E0	2.43000000000000016E9	-1.36128154013312797E2
7.19999999999999041E0	2.43999999999999995E9	-1.34329238465979928E2
7.19999999999999041E0	2.45000000000000018E9	-1.31874581172376293E2
7.19999999999999041E0	2.45999999999999996E9	-1.28379982448947483E2
7.19999999999999041E0	2.46999999999999975E9	-1.23959434902104815E2
7.19999999999999041E0	2.47999999999999998E9	-1.25481446491495663E2
7.19999999999999041E0	2.48999999999999977E9	-1.29909883140212323E2
7.19999999999999041E0	2.50000000000000000E9	-1.33048556008335828E2
7.19999999999999041E0	2.51000000000000023E9	-1.35280679315656238E2
7.19999999999999041E0	2.52000000000000002E9	-1.36940325585134071E2
7.19999999999999041E0	2.53000000000000025E9	-1.38214019225998785E2
7.19999999999999041E0	2.54000000000000004E9	-1.39214697913869356E2
7.19999999999999041E0	2.54999999999999982E9	-1.40016298097492564E2
7.19999999999999041E0	2.56000000000000005E9	-1.40669824663707610E2
7.19999999999999041E0	2.56999999999999984E9	-1.41211669864204303E2
7.19999999999999041E0	2.58000000000000007E9	-1.41668380110130609E2
7.19999999999999041E0	2.58999999999999986E9	-1.42059618952584010E2
7.19999999999999041E0	2.60000000000000009E9	-1.42400118728807468E2
7.19999999999999041E0	2.61000000000000032E9	-1.42701019017389363E2
7.19999999999999041E0	2.62000000000000011E9	-1.42970808350049805E2
7.19999999999999041E0	2.62999999999999989E9	-1.43215999838330443E2
7.19999999999999041E0	2.63999999999999968E9	-1.43441621550728682E2
7.19999999999999041E0	2.64999999999999991E9	-1.43651576768537170E2
7.19999999999999041E0	2.66000000000000014E9	-1.43848910615640624E2
7.19999999999999041E0	2.66999999999999993E9	-1.44036009130163367E2
7.19999999999999041E0	2.68000000000000016E9	-1.44214749207138260E2
7.19999999999999041E0	2.68999999999999995E9	-1.44386611996109870E2
7.19999999999999041E0	2.70000000000000018E9	-1.44552769499047851E2

var_c	indep(index, 1)	plot_vs(pnmx, noisefreq)[51, ::]
7.29999999999999005E0	2.29999999999999982E9	-1.43241453479241621E2
7.29999999999999005E0	2.31000000000000005E9	-1.43023239042002270E2
7.29999999999999005E0	2.31999999999999984E9	-1.42787900257199807E2
7.29999999999999005E0	2.33000000000000007E9	-1.42531303068784920E2
7.29999999999999005E0	2.33999999999999986E9	-1.42248124339060622E2
7.29999999999999005E0	2.35000000000000009E9	-1.41931465178574800E2
7.29999999999999005E0	2.36000000000000032E9	-1.41572318600966573E2
7.29999999999999005E0	2.37000000000000011E9	-1.41158825315894165E2
7.29999999999999005E0	2.37999999999999989E9	-1.40675218243629785E2
7.29999999999999005E0	2.38999999999999968E9	-1.40100287520254163E2
7.29999999999999005E0	2.39999999999999991E9	-1.39405081604725223E2
7.29999999999999005E0	2.41000000000000014E9	-1.38549310725958352E2
7.29999999999999005E0	2.41999999999999993E9	-1.37475375649266196E2
7.29999999999999005E0	2.43000000000000016E9	-1.36097656037332659E2
7.29999999999999005E0	2.43999999999999995E9	-1.34281432554545210E2
7.29999999999999005E0	2.45000000000000018E9	-1.31798267941025360E2
7.29999999999999005E0	2.45999999999999996E9	-1.28260384869458433E2
7.29999999999999005E0	2.46999999999999975E9	-1.23824951404070949E2
7.29999999999999005E0	2.47999999999999998E9	-1.25612738438600591E2
7.29999999999999005E0	2.48999999999999977E9	-1.30016313741415468E2
7.29999999999999005E0	2.50000000000000000E9	-1.33130421734935389E2
7.29999999999999005E0	2.51000000000000023E9	-1.35347199407829577E2
7.29999999999999005E0	2.52000000000000002E9	-1.36995798850835415E2
7.29999999999999005E0	2.53000000000000025E9	-1.38260879781228940E2
7.29999999999999005E0	2.54000000000000004E9	-1.39254610737914808E2
7.29999999999999005E0	2.54999999999999982E9	-1.40050521983511844E2
7.29999999999999005E0	2.56000000000000005E9	-1.40699355266015624E2
7.29999999999999005E0	2.56999999999999984E9	-1.41237310139352590E2
7.29999999999999005E0	2.58000000000000007E9	-1.41690782664044801E2
7.29999999999999005E0	2.58999999999999986E9	-1.42079315696030095E2
7.29999999999999005E0	2.60000000000000009E9	-1.42417543982405781E2
7.29999999999999005E0	2.61000000000000032E9	-1.42716527769828527E2
7.29999999999999005E0	2.62000000000000011E9	-1.42984691372572970E2
7.29999999999999005E0	2.62999999999999989E9	-1.43228495850676008E2
7.29999999999999005E0	2.63999999999999968E9	-1.43452927157092969E2
7.29999999999999005E0	2.64999999999999991E9	-1.43661854383944898E2
7.29999999999999005E0	2.66000000000000014E9	-1.43858294894596495E2
7.29999999999999005E0	2.66999999999999993E9	-1.44044612224745383E2
7.29999999999999005E0	2.68000000000000016E9	-1.44222664866354733E2
7.29999999999999005E0	2.68999999999999995E9	-1.44393918919018027E2
7.29999999999999005E0	2.70000000000000018E9	-1.44559534083540298E2

var_c	indep(index, 1)	plot_vs(pnmx, noisefreq)[52, ::]
7.39999999999998970E0	2.29999999999999982E9	-1.43239500018860566E2
7.39999999999998970E0	2.31000000000000005E9	-1.43021453378891050E2
7.39999999999998970E0	2.31999999999999984E9	-1.42786243953857572E2
7.39999999999998970E0	2.33000000000000007E9	-1.42529715847809935E2
7.39999999999998970E0	2.33999999999999986E9	-1.42246514283862657E2
7.39999999999998970E0	2.35000000000000009E9	-1.41929694681032759E2
7.39999999999998970E0	2.36000000000000032E9	-1.41570183448287934E2
7.39999999999998970E0	2.37000000000000011E9	-1.41156023625379556E2
7.39999999999998970E0	2.37999999999999989E9	-1.40671302458611036E2
7.39999999999998970E0	2.38999999999999968E9	-1.40094591265878732E2
7.39999999999998970E0	2.39999999999999991E9	-1.39396601985327306E2
7.39999999999998970E0	2.41000000000000014E9	-1.38536515711446473E2
7.39999999999998970E0	2.41999999999999993E9	-1.37455871278986907E2
7.39999999999998970E0	2.43000000000000016E9	-1.36067579861351495E2
7.39999999999998970E0	2.43999999999999995E9	-1.34234303649963493E2
7.39999999999998970E0	2.45000000000000018E9	-1.31722994517026981E2
7.39999999999998970E0	2.45999999999999996E9	-1.28142706745760249E2
7.39999999999998970E0	2.46999999999999975E9	-1.23682665506645861E2
7.39999999999998970E0	2.47999999999999998E9	-1.25740911707569847E2
7.39999999999998970E0	2.48999999999999977E9	-1.30119551028236025E2
7.39999999999998970E0	2.50000000000000000E9	-1.33209972603013016E2
7.39999999999998970E0	2.51000000000000023E9	-1.35411785583789079E2
7.39999999999998970E0	2.52000000000000002E9	-1.37049571666810310E2
7.39999999999998970E0	2.53000000000000025E9	-1.38306229668327685E2
7.39999999999998970E0	2.54000000000000004E9	-1.39293180923759818E2
7.39999999999998970E0	2.54999999999999982E9	-1.40083552423516866E2
7.39999999999998970E0	2.56000000000000005E9	-1.40727824783383859E2
7.39999999999998970E0	2.56999999999999984E9	-1.41262005482012087E2
7.39999999999998970E0	2.58000000000000007E9	-1.41712341376030837E2
7.39999999999998970E0	2.58999999999999986E9	-1.42098256418186364E2
7.39999999999998970E0	2.60000000000000009E9	-1.42434289123544922E2
7.39999999999998970E0	2.61000000000000032E9	-1.42731422028324229E2
7.39999999999998970E0	2.62000000000000011E9	-1.42998016750418522E2
7.39999999999998970E0	2.62999999999999989E9	-1.43240483572824795E2
7.39999999999998970E0	2.63999999999999968E9	-1.43463767355684180E2
7.39999999999998970E0	2.64999999999999991E9	-1.43671704046815840E2
7.39999999999998970E0	2.66000000000000014E9	-1.43867284081704083E2
7.39999999999998970E0	2.66999999999999993E9	-1.44052849164459351E2
7.39999999999998970E0	2.68000000000000016E9	-1.44230239952706030E2
7.39999999999998970E0	2.68999999999999995E9	-1.44400908012920470E2
7.39999999999998970E0	2.70000000000000018E9	-1.44566001148218848E2

var_c	indep(index, 1)	plot_vs(pnmx, noisefreq)[53, ::]
7.49999999999998934E0	2.29999999999999982E9	-1.43237510066460105E2
7.49999999999998934E0	2.31000000000000005E9	-1.43019623108865290E2
7.49999999999998934E0	2.31999999999999984E9	-1.42784535596289031E2
7.49999999999998934E0	2.33000000000000007E9	-1.42528070015566444E2
7.49999999999998934E0	2.33999999999999986E9	-1.42244840794350780E2
7.49999999999998934E0	2.35000000000000009E9	-1.41927858706155630E2
7.49999999999998934E0	2.36000000000000032E9	-1.41567984855346829E2
7.49999999999998934E0	2.37000000000000011E9	-1.41153166489287463E2
7.49999999999998934E0	2.37999999999999989E9	-1.40667348554902438E2
7.49999999999998934E0	2.38999999999999968E9	-1.40088887337699974E2
7.49999999999998934E0	2.39999999999999991E9	-1.39388164747971643E2
7.49999999999998934E0	2.41000000000000014E9	-1.38523841374886181E2
7.49999999999998934E0	2.41999999999999993E9	-1.37436606312942300E2
7.49999999999998934E0	2.43000000000000016E9	-1.36037918630703802E2
7.49999999999998934E0	2.43999999999999995E9	-1.34187841216059200E2
7.49999999999998934E0	2.45000000000000018E9	-1.31648746937626093E2
7.49999999999998934E0	2.45999999999999996E9	-1.28026941136468331E2
7.49999999999998934E0	2.46999999999999975E9	-1.23525987714401397E2
7.49999999999998934E0	2.47999999999999998E9	-1.25866022624560836E2
7.49999999999998934E0	2.48999999999999977E9	-1.30219751892174851E2
7.49999999999998934E0	2.50000000000000000E9	-1.33287298321786407E2
7.49999999999998934E0	2.51000000000000023E9	-1.35474507329898541E2
7.49999999999998934E0	2.52000000000000002E9	-1.37101708857685511E2
7.49999999999998934E0	2.53000000000000025E9	-1.38350130692940354E2
7.49999999999998934E0	2.54000000000000004E9	-1.39330465674486192E2
7.49999999999998934E0	2.54999999999999982E9	-1.40115443017070151E2
7.49999999999998934E0	2.56000000000000005E9	-1.40755282464450415E2
7.49999999999998934E0	2.56999999999999984E9	-1.41285800903106740E2
7.49999999999998934E0	2.58000000000000007E9	-1.41733097517181017E2
7.49999999999998934E0	2.58999999999999986E9	-1.42116478655839473E2
7.49999999999998934E0	2.60000000000000009E9	-1.42450388424946839E2
7.49999999999998934E0	2.61000000000000032E9	-1.42745733236266226E2
7.49999999999998934E0	2.62000000000000011E9	-1.43010813359125089E2
7.49999999999998934E0	2.62999999999999989E9	-1.43251989520798784E2
7.49999999999998934E0	2.63999999999999968E9	-1.43474166708077577E2
7.49999999999998934E0	2.64999999999999991E9	-1.43681148507071432E2
7.49999999999998934E0	2.66000000000000014E9	-1.43875899343797808E2
7.49999999999998934E0	2.66999999999999993E9	-1.44060739663660042E2
7.49999999999998934E0	2.68000000000000016E9	-1.44237492924236421E2
7.49999999999998934E0	2.68999999999999995E9	-1.44407596631099144E2
7.49999999999998934E0	2.70000000000000018E9	-1.44572187020703669E2

var_c	indep(index, 1)	plot_vs(pnmx, noisefreq)[54, ::]
7.59999999999998899E0	2.29999999999999982E9	-1.43235487608097189E2
7.59999999999998899E0	2.31000000000000005E9	-1.43017752636031159E2
7.59999999999998899E0	2.31999999999999984E9	-1.42782779785331315E2
7.59999999999998899E0	2.33000000000000007E9	-1.42526370527511981E2
7.59999999999998899E0	2.33999999999999986E9	-1.42243109119859379E2
7.59999999999998899E0	2.35000000000000009E9	-1.41925962448571941E2
7.59999999999998899E0	2.36000000000000032E9	-1.41565728011111047E2
7.59999999999998899E0	2.37000000000000011E9	-1.41150259071477935E2
7.59999999999998899E0	2.37999999999999989E9	-1.40663361031285405E2
7.59999999999998899E0	2.38999999999999968E9	-1.40083179346008535E2
7.59999999999998899E0	2.39999999999999991E9	-1.39379772033814442E2
7.59999999999998899E0	2.41000000000000014E9	-1.38511287625580226E2
7.59999999999998899E0	2.41999999999999993E9	-1.37417577964301474E2
7.59999999999998899E0	2.43000000000000016E9	-1.36008666207440809E2
7.59999999999998899E0	2.43999999999999995E9	-1.34142034525711895E2
7.59999999999998899E0	2.45000000000000018E9	-1.31575511270154411E2
7.59999999999998899E0	2.45999999999999996E9	-1.27913078959374671E2
7.59999999999998899E0	2.46999999999999975E9	-1.23345031388954007E2
7.59999999999998899E0	2.47999999999999998E9	-1.25988130324530312E2
7.59999999999998899E0	2.48999999999999977E9	-1.30317061545680324E2
7.59999999999998899E0	2.50000000000000000E9	-1.33362482526248649E2
7.59999999999998899E0	2.51000000000000023E9	-1.35535432157836011E2
7.59999999999998899E0	2.52000000000000002E9	-1.37152272616106163E2
7.59999999999998899E0	2.53000000000000025E9	-1.38392641123972848E2
7.59999999999998899E0	2.54000000000000004E9	-1.39366519908629072E2
7.59999999999998899E0	2.54999999999999982E9	-1.40146244344536397E2
7.59999999999998899E0	2.56000000000000005E9	-1.40781774670947191E2
7.59999999999998899E0	2.56999999999999984E9	-1.41308738855266491E2
7.59999999999998899E0	2.58000000000000007E9	-1.41753089762548212E2
7.59999999999998899E0	2.58999999999999986E9	-1.42134017754477182E2
7.59999999999998899E0	2.60000000000000009E9	-1.42465874189062536E2
7.59999999999998899E0	2.61000000000000032E9	-1.42759490964948310E2
7.59999999999998899E0	2.62000000000000011E9	-1.43023108275952882E2
7.59999999999998899E0	2.62999999999999989E9	-1.43263038622426908E2
7.59999999999998899E0	2.63999999999999968E9	-1.43484148140389101E2
7.59999999999998899E0	2.64999999999999991E9	-1.43690209071665809E2
7.59999999999998899E0	2.66000000000000014E9	-1.43884160439719588E2
7.59999999999998899E0	2.66999999999999993E9	-1.44068302203385512E2
7.59999999999998899E0	2.68000000000000016E9	-1.44244441087090669E2
7.59999999999998899E0	2.68999999999999995E9	-1.44414000966387124E2
7.59999999999998899E0	2.70000000000000018E9	-1.44578106968362996E2

var_c	indep(index, 1)	plot_vs(pnmx, noisefreq)[55, ::]
7.69999999999998863E0	2.29999999999999982E9	-1.43233436357791288E2
7.69999999999998863E0	2.31000000000000005E9	-1.43015845987806456E2
7.69999999999998863E0	2.31999999999999984E9	-1.42780980877440511E2
7.69999999999998863E0	2.33000000000000007E9	-1.42524622000951062E2
7.69999999999998863E0	2.33999999999999986E9	-1.42241323985605339E2
7.69999999999998863E0	2.35000000000000009E9	-1.41924010931546052E2
7.69999999999998863E0	2.36000000000000032E9	-1.41563417768685529E2
7.69999999999998863E0	2.37000000000000011E9	-1.41147305939523493E2
7.69999999999998863E0	2.37999999999999989E9	-1.40659343937540804E2
7.69999999999998863E0	2.38999999999999968E9	-1.40077470614589661E2
7.69999999999998863E0	2.39999999999999991E9	-1.39371425592036990E2
7.69999999999998863E0	2.41000000000000014E9	-1.38498854411186811E2
7.69999999999998863E0	2.41999999999999993E9	-1.37398783121520962E2
7.69999999999998863E0	2.43000000000000016E9	-1.35979815506297874E2
7.69999999999998863E0	2.43999999999999995E9	-1.34096873156402840E2
7.69999999999998863E0	2.45000000000000018E9	-1.31503274139550141E2
7.69999999999998863E0	2.45999999999999996E9	-1.27801113554184598E2
7.69999999999998863E0	2.46999999999999975E9	-1.23124491601502917E2
7.69999999999998863E0	2.47999999999999998E9	-1.26107298869072881E2
7.69999999999998863E0	2.48999999999999977E9	-1.30411612826304024E2
7.69999999999998863E0	2.50000000000000000E9	-1.33435604510974226E2
7.69999999999998863E0	2.51000000000000023E9	-1.35594623620133148E2
7.69999999999998863E0	2.52000000000000002E9	-1.37201322054240449E2
7.69999999999998863E0	2.53000000000000025E9	-1.38433816444981739E2
7.69999999999998863E0	2.54000000000000004E9	-1.39401395729619582E2
7.69999999999998863E0	2.54999999999999982E9	-1.40176004287814093E2
7.69999999999998863E0	2.56000000000000005E9	-1.40807345517940696E2
7.69999999999998863E0	2.56999999999999984E9	-1.41330859538851472E2
7.69999999999998863E0	2.58000000000000007E9	-1.41772354649492116E2
7.69999999999998863E0	2.58999999999999986E9	-1.42150906958582324E2
7.69999999999998863E0	2.60000000000000009E9	-1.42480776730138503E2
7.69999999999998863E0	2.61000000000000032E9	-1.42772722825511211E2
7.69999999999998863E0	2.62000000000000011E9	-1.43034926848169208E2
7.69999999999998863E0	2.62999999999999989E9	-1.43273654223307068E2
7.69999999999998863E0	2.63999999999999968E9	-1.43493733237699583E2
7.69999999999998863E0	2.64999999999999991E9	-1.43698905670845933E2
7.69999999999998863E0	2.66000000000000014E9	-1.43892085919163248E2
7.69999999999998863E0	2.66999999999999993E9	-1.44075554027378527E2
7.69999999999998863E0	2.68000000000000016E9	-1.44251100546917810E2
7.69999999999998863E0	2.68999999999999995E9	-1.44420136171542768E2
7.69999999999998863E0	2.70000000000000018E9	-1.44583775235921475E2

var_c	indep(index, 1)	plot_vs(pnmx, noisefreq)[56, ::]
7.79999999999998828E0	2.29999999999999982E9	-1.43231359781229028E2
7.79999999999998828E0	2.31000000000000005E9	-1.43013906879863084E2
7.79999999999998828E0	2.31999999999999984E9	-1.42779142914948265E2
7.79999999999998828E0	2.33000000000000007E9	-1.42522828751196151E2
7.79999999999998828E0	2.33999999999999986E9	-1.42239489930637331E2
7.79999999999998828E0	2.35000000000000009E9	-1.41922008696895396E2
7.79999999999998828E0	2.36000000000000032E9	-1.41561058778162496E2
7.79999999999998828E0	2.37000000000000011E9	-1.41144311548427814E2
7.79999999999998828E0	2.37999999999999989E9	-1.40655301230949914E2
7.79999999999998828E0	2.38999999999999968E9	-1.40071764139434229E2
7.79999999999998828E0	2.39999999999999991E9	-1.39363127358685168E2
7.79999999999998828E0	2.41000000000000014E9	-1.38486541244545691E2
7.79999999999998828E0	2.41999999999999993E9	-1.37380218674356480E2
7.79999999999998828E0	2.43000000000000016E9	-1.35951360345092320E2
7.79999999999998828E0	2.43999999999999995E9	-1.34052346261700706E2
7.79999999999998828E0	2.45000000000000018E9	-1.31432020505402347E2
7.79999999999998828E0	2.45999999999999996E9	-1.27691034205044973E2
7.79999999999998828E0	2.46999999999999975E9	-1.22839902705884851E2
7.79999999999998828E0	2.47999999999999998E9	-1.26223597171480018E2
7.79999999999998828E0	2.48999999999999977E9	-1.30503529049936784E2
7.79999999999998828E0	2.50000000000000000E9	-1.33506739251953266E2
7.79999999999998828E0	2.51000000000000023E9	-1.35652144015029763E2
7.79999999999998828E0	2.52000000000000002E9	-1.37248913928929039E2
7.79999999999998828E0	2.53000000000000025E9	-1.38473710431242791E2
7.79999999999998828E0	2.54000000000000004E9	-1.39435142372084320E2
7.79999999999998828E0	2.54999999999999982E9	-1.40204768425156301E2
7.79999999999998828E0	2.56000000000000005E9	-1.40832036539656347E2
7.79999999999998828E0	2.56999999999999984E9	-1.41352200756896540E2
7.79999999999998828E0	2.58000000000000007E9	-1.41790926534537043E2
7.79999999999998828E0	2.58999999999999986E9	-1.42167177552008428E2
7.79999999999998828E0	2.60000000000000009E9	-1.42495124553406782E2
7.79999999999998828E0	2.61000000000000032E9	-1.42785454875739193E2
7.79999999999998828E0	2.62000000000000011E9	-1.43046292919185070E2
7.79999999999998828E0	2.62999999999999989E9	-1.43283858195643798E2
7.79999999999998828E0	2.63999999999999968E9	-1.43502942164782787E2
7.79999999999998828E0	2.64999999999999991E9	-1.43707256957392193E2
7.79999999999998828E0	2.66000000000000014E9	-1.43899693110826332E2
7.79999999999998828E0	2.66999999999999993E9	-1.44082511322989348E2
7.79999999999998828E0	2.68000000000000016E9	-1.44257486441881100E2
7.79999999999998828E0	2.68999999999999995E9	-1.44426016429234028E2
7.79999999999998828E0	2.70000000000000018E9	-1.44589205163583645E2

var_c	indep(index, 1)	plot_vs(pnmx, noisefreq)[57, ::]
7.89999999999998792E0	2.29999999999999982E9	-1.43229261004065367E2
7.89999999999998792E0	2.31000000000000005E9	-1.43011938798488303E2
7.89999999999998792E0	2.31999999999999984E9	-1.42777269662256456E2
7.89999999999998792E0	2.33000000000000007E9	-1.42520994723759853E2
7.89999999999998792E0	2.33999999999999986E9	-1.42237611172648792E2
7.89999999999998792E0	2.35000000000000009E9	-1.41919960073335805E2
7.89999999999998792E0	2.36000000000000032E9	-1.41558655292471713E2
7.89999999999998792E0	2.37000000000000011E9	-1.41141279850535617E2
7.89999999999998792E0	2.37999999999999989E9	-1.40651236600193896E2
7.89999999999998792E0	2.38999999999999968E9	-1.40066062714827977E2
7.89999999999998792E0	2.39999999999999991E9	-1.39354878571440866E2
7.89999999999998792E0	2.41000000000000014E9	-1.38474347817412391E2
7.89999999999998792E0	2.41999999999999993E9	-1.37361881672803077E2
7.89999999999998792E0	2.43000000000000016E9	-1.35923293870080841E2
7.89999999999998792E0	2.43999999999999995E9	-1.34008443340094163E2
7.89999999999998792E0	2.45000000000000018E9	-1.31361736980207322E2
7.89999999999998792E0	2.45999999999999996E9	-1.27582831317414191E2
7.89999999999998792E0	2.46999999999999975E9	-1.22450681319461063E2
7.89999999999998792E0	2.47999999999999998E9	-1.26337095157884161E2
7.89999999999998792E0	2.48999999999999977E9	-1.30592925688549566E2
7.89999999999998792E0	2.50000000000000000E9	-1.33575958285403873E2
7.89999999999998792E0	2.51000000000000023E9	-1.35708051679430097E2
7.89999999999998792E0	2.52000000000000002E9	-1.37295102933878499E2
7.89999999999998792E0	2.53000000000000025E9	-1.38512373615215445E2
7.89999999999998792E0	2.54000000000000004E9	-1.39467806897624635E2
7.89999999999998792E0	2.54999999999999982E9	-1.40232579855603245E2
7.89999999999998792E0	2.56000000000000005E9	-1.40855887114279410E2
7.89999999999998792E0	2.56999999999999984E9	-1.41372798301728864E2
7.89999999999998792E0	2.58000000000000007E9	-1.41808837908879282E2
7.89999999999998792E0	2.58999999999999986E9	-1.42182858980661364E2
7.89999999999998792E0	2.60000000000000009E9	-1.42508944451989894E2
7.89999999999998792E0	2.61000000000000032E9	-1.42797711601959176E2
7.89999999999998792E0	2.62000000000000011E9	-1.43057228869434527E2
7.89999999999998792E0	2.62999999999999989E9	-1.43293671105979081E2
7.89999999999998792E0	2.63999999999999968E9	-1.43511793864034876E2
7.89999999999998792E0	2.64999999999999991E9	-1.43715280487983144E2
7.89999999999998792E0	2.66000000000000014E9	-1.43906998283758925E2
7.89999999999998792E0	2.66999999999999993E9	-1.44089189208084179E2
7.89999999999998792E0	2.68000000000000016E9	-1.44263612933781404E2
7.89999999999998792E0	2.68999999999999995E9	-1.44431654997021708E2
7.89999999999998792E0	2.70000000000000018E9	-1.44594409218178099E2

var_c	indep(index, 1)	plot_vs(pnmx, noisefreq)[58, ::]
7.99999999999998757E0	2.29999999999999982E9	-1.43227142974914301E2
7.99999999999998757E0	2.31000000000000005E9	-1.43009944923643206E2
7.99999999999998757E0	2.31999999999999984E9	-1.42775364588728082E2
7.99999999999998757E0	2.33000000000000007E9	-1.42519123672293335E2
7.99999999999998757E0	2.33999999999999986E9	-1.42235691551219112E2
7.99999999999998757E0	2.35000000000000009E9	-1.41917869067621938E2
7.99999999999998757E0	2.36000000000000032E9	-1.41556211282574607E2
7.99999999999998757E0	2.37000000000000011E9	-1.41138214738396450E2
7.99999999999998757E0	2.37999999999999989E9	-1.40647153372143863E2
7.99999999999998757E0	2.38999999999999968E9	-1.40060368974213567E2
7.99999999999998757E0	2.39999999999999991E9	-1.39346680741686946E2
7.99999999999998757E0	2.41000000000000014E9	-1.38462273697186444E2
7.99999999999998757E0	2.41999999999999993E9	-1.37343768946820899E2
7.99999999999998757E0	2.43000000000000016E9	-1.35895609446421406E2
7.99999999999998757E0	2.43999999999999995E9	-1.33965154118657592E2
7.99999999999998757E0	2.45000000000000018E9	-1.31292409472104188E2
7.99999999999998757E0	2.45999999999999996E9	-1.27476494612493640E2
7.99999999999998757E0	2.46999999999999975E9	-1.21886940474553040E2
7.99999999999998757E0	2.47999999999999998E9	-1.26447867510222900E2
7.99999999999998757E0	2.48999999999999977E9	-1.30679908026447489E2
7.99999999999998757E0	2.50000000000000000E9	-1.33643329138266242E2
7.99999999999998757E0	2.51000000000000023E9	-1.35762404042900497E2
7.99999999999998757E0	2.52000000000000002E9	-1.37339941107409858E2
7.99999999999998757E0	2.53000000000000025E9	-1.38549854596806155E2
7.99999999999998757E0	2.54000000000000004E9	-1.39499434254507237E2
7.99999999999998757E0	2.54999999999999982E9	-1.40259479660392627E2
7.99999999999998757E0	2.56000000000000005E9	-1.40878934398085476E2
7.99999999999998757E0	2.56999999999999984E9	-1.41392685882043834E2
7.99999999999998757E0	2.58000000000000007E9	-1.41826119432601905E2
7.99999999999998757E0	2.58999999999999986E9	-1.42197979093251270E2
7.99999999999998757E0	2.60000000000000009E9	-1.42522261662098559E2
7.99999999999998757E0	2.61000000000000032E9	-1.42809515929611219E2
7.99999999999998757E0	2.62000000000000011E9	-1.43067755747979275E2
7.99999999999998757E0	2.62999999999999989E9	-1.43303112235894980E2
7.99999999999998757E0	2.63999999999999968E9	-1.43520306110267870E2
7.99999999999998757E0	2.64999999999999991E9	-1.43722992670414174E2
7.99999999999998757E0	2.66000000000000014E9	-1.43914016690530300E2
7.99999999999998757E0	2.66999999999999993E9	-1.44095601900645542E2
7.99999999999998757E0	2.68000000000000016E9	-1.44269493271559490E2
7.99999999999998757E0	2.68999999999999995E9	-1.44437064327377596E2
7.99999999999998757E0	2.70000000000000018E9	-1.44599399114048688E2

var_c	indep(index, 1)	plot_vs(pnmx, noisefreq)[59, ::]
8.09999999999998721E0	2.29999999999999982E9	-1.43225008381842778E2
8.09999999999998721E0	2.31000000000000005E9	-1.43007928285577646E2
8.09999999999998721E0	2.31999999999999984E9	-1.42773430909975851E2
8.09999999999998721E0	2.33000000000000007E9	-1.42517219025178155E2
8.09999999999998721E0	2.33999999999999986E9	-1.42233734727397776E2
8.09999999999998721E0	2.35000000000000009E9	-1.41915739407944885E2
8.09999999999998721E0	2.36000000000000032E9	-1.41553730533510658E2
8.09999999999998721E0	2.37000000000000011E9	-1.41135119820209320E2
8.09999999999998721E0	2.37999999999999989E9	-1.40643054596979811E2
8.09999999999998721E0	2.38999999999999968E9	-1.40054685408261204E2
8.09999999999998721E0	2.39999999999999991E9	-1.39338535159810561E2
8.09999999999998721E0	2.41000000000000014E9	-1.38450318037662101E2
8.09999999999998721E0	2.41999999999999993E9	-1.37325877285196851E2
8.09999999999998721E0	2.43000000000000016E9	-1.35868301117059498E2
8.09999999999998721E0	2.43999999999999995E9	-1.33922468396353578E2
8.09999999999998721E0	2.45000000000000018E9	-1.31224024134471096E2
8.09999999999998721E0	2.45999999999999996E9	-1.27372010989913309E2
8.09999999999998721E0	2.46999999999999975E9	-1.21023226240004123E2
8.09999999999998721E0	2.47999999999999998E9	-1.26555989941713554E2
8.09999999999998721E0	2.48999999999999977E9	-1.30764576386381215E2
8.09999999999998721E0	2.50000000000000000E9	-1.33708915976517395E2
8.09999999999998721E0	2.51000000000000023E9	-1.35815254685431053E2
8.09999999999998721E0	2.52000000000000002E9	-1.37383478702409478E2
8.09999999999998721E0	2.53000000000000025E9	-1.38586199643248653E2
8.09999999999998721E0	2.54000000000000004E9	-1.39530066959095733E2
8.09999999999998721E0	2.54999999999999982E9	-1.40285506564089002E2
8.09999999999998721E0	2.56000000000000005E9	-1.40901213730578778E2
8.09999999999998721E0	2.56999999999999984E9	-1.41411895459239401E2
8.09999999999998721E0	2.58000000000000007E9	-1.41842799909221173E2
8.09999999999998721E0	2.58999999999999986E9	-1.42212563971810479E2
8.09999999999998721E0	2.60000000000000009E9	-1.42535099978936119E2
8.09999999999998721E0	2.61000000000000032E9	-1.42820889585121447E2
8.09999999999998721E0	2.62000000000000011E9	-1.43077893304822901E2
8.09999999999998721E0	2.62999999999999989E9	-1.43312199761601100E2
8.09999999999998721E0	2.63999999999999968E9	-1.43528495615363227E2
8.09999999999998721E0	2.64999999999999991E9	-1.43730408956520872E2
8.09999999999998721E0	2.66000000000000014E9	-1.43920762634154364E2
8.09999999999998721E0	2.66999999999999993E9	-1.44101762729663996E2
8.09999999999998721E0	2.68000000000000016E9	-1.44275139895572946E2
8.09999999999998721E0	2.68999999999999995E9	-1.44442256066060648E2
8.09999999999998721E0	2.70000000000000018E9	-1.44604185796458795E2

var_c	indep(index, 1)	plot_vs(pnmx, noisefreq)[60, ::]
8.19999999999998685E0	2.29999999999999982E9	-1.43222859724947638E2
8.19999999999998685E0	2.31000000000000005E9	-1.43005891604150626E2
8.19999999999998685E0	2.31999999999999984E9	-1.42771471642758563E2
8.19999999999998685E0	2.33000000000000007E9	-1.42515284014019761E2
8.19999999999998685E0	2.33999999999999986E9	-1.42231744136628713E2
8.19999999999998685E0	2.35000000000000009E9	-1.41913574627743300E2
8.19999999999998685E0	2.36000000000000032E9	-1.41551216470909891E2
8.19999999999998685E0	2.37000000000000011E9	-1.41131998334431441E2
8.19999999999998685E0	2.37999999999999989E9	-1.40638943394672067E2
8.19999999999998685E0	2.38999999999999968E9	-1.40049014175106423E2
8.19999999999998685E0	2.39999999999999991E9	-1.39330442801232879E2
8.19999999999998685E0	2.41000000000000014E9	-1.38438480597916924E2
8.19999999999998685E0	2.41999999999999993E9	-1.37308203550236563E2
8.19999999999998685E0	2.43000000000000016E9	-1.35841361940272476E2
8.19999999999998685E0	2.43999999999999995E9	-1.33880375771431992E2
8.19999999999998685E0	2.45000000000000018E9	-1.31156566686831622E2
8.19999999999998685E0	2.45999999999999996E9	-1.27269369293480761E2
8.19999999999998685E0	2.46999999999999975E9	-1.19623174480891725E2
8.19999999999998685E0	2.47999999999999998E9	-1.26661536944474773E2
8.19999999999998685E0	2.48999999999999977E9	-1.30847023061829937E2
8.19999999999998685E0	2.50000000000000000E9	-1.33772780768623822E2
8.19999999999998685E0	2.51000000000000023E9	-1.35866656560558940E2
8.19999999999998685E0	2.52000000000000002E9	-1.37425763558908853E2
8.19999999999998685E0	2.53000000000000025E9	-1.38621453005296136E2
8.19999999999998685E0	2.54000000000000004E9	-1.39559745466956242E2
8.19999999999998685E0	2.54999999999999982E9	-1.40310697499093529E2
8.19999999999998685E0	2.56000000000000005E9	-1.40922758418533078E2
8.19999999999998685E0	2.56999999999999984E9	-1.41430457243528140E2
8.19999999999998685E0	2.58000000000000007E9	-1.41858906719910083E2
8.19999999999998685E0	2.58999999999999986E9	-1.42226638434971497E2
8.19999999999998685E0	2.60000000000000009E9	-1.42547481766546813E2
8.19999999999998685E0	2.61000000000000032E9	-1.42831852930778735E2
8.19999999999998685E0	2.62000000000000011E9	-1.43087660153738017E2
8.19999999999998685E0	2.62999999999999989E9	-1.43320950706849670E2
8.19999999999998685E0	2.63999999999999968E9	-1.43536378074177584E2
8.19999999999998685E0	2.64999999999999991E9	-1.43737543835560322E2
8.19999999999998685E0	2.66000000000000014E9	-1.43927249575346283E2
8.19999999999998685E0	2.66999999999999993E9	-1.44107684213147613E2
8.19999999999998685E0	2.68000000000000016E9	-1.44280564525934141E2
8.19999999999998685E0	2.68999999999999995E9	-1.44447241190885678E2
8.19999999999998685E0	2.70000000000000018E9	-1.44608779551811661E2

var_c	indep(index, 1)	plot_vs(pnmx, noisefreq)[61, ::]
8.29999999999998650E0	2.29999999999999982E9	-1.43220699337610080E2
8.29999999999998650E0	2.31000000000000005E9	-1.43003837455930327E2
8.29999999999998650E0	2.31999999999999984E9	-1.42769489586016163E2
8.29999999999998650E0	2.33000000000000007E9	-1.42513321682362948E2
8.29999999999998650E0	2.33999999999999986E9	-1.42229722935641378E2
8.29999999999998650E0	2.35000000000000009E9	-1.41911377976475039E2
8.29999999999998650E0	2.36000000000000032E9	-1.41548672493645111E2
8.29999999999998650E0	2.37000000000000011E9	-1.41128853467515780E2
8.29999999999998650E0	2.37999999999999989E9	-1.40634822415997518E2
8.29999999999998650E0	2.38999999999999968E9	-1.40043357382692157E2
8.29999999999998650E0	2.39999999999999991E9	-1.39322404622839757E2
8.29999999999998650E0	2.41000000000000014E9	-1.38426760351715683E2
8.29999999999998650E0	2.41999999999999993E9	-1.37290744887489824E2
8.29999999999998650E0	2.43000000000000016E9	-1.35814785968962415E2
8.29999999999998650E0	2.43999999999999995E9	-1.33838866327121542E2
8.29999999999998650E0	2.45000000000000018E9	-1.31090023531021638E2
8.29999999999998650E0	2.45999999999999996E9	-1.27168555984392384E2
8.29999999999998650E0	2.46999999999999975E9	-1.17203550244695665E2
8.29999999999998650E0	2.47999999999999998E9	-1.26764586641870691E2
8.29999999999998650E0	2.48999999999999977E9	-1.30927335017048807E2
8.29999999999998650E0	2.50000000000000000E9	-1.33834982372151257E2
8.29999999999998650E0	2.51000000000000023E9	-1.35916659713512700E2
8.29999999999998650E0	2.52000000000000002E9	-1.37466841586404209E2
8.29999999999998650E0	2.53000000000000025E9	-1.38655657038148772E2
8.29999999999998650E0	2.54000000000000004E9	-1.39588508324775207E2
8.29999999999998650E0	2.54999999999999982E9	-1.40335087476719256E2
8.29999999999998650E0	2.56000000000000005E9	-1.40943600311460004E2
8.29999999999998650E0	2.56999999999999984E9	-1.41448399806925584E2
8.29999999999998650E0	2.58000000000000007E9	-1.41874465566142716E2
8.29999999999998650E0	2.58999999999999986E9	-1.42240225686236998E2
8.29999999999998650E0	2.60000000000000009E9	-1.42559428225944873E2
8.29999999999998650E0	2.61000000000000032E9	-1.42842425161159992E2
8.29999999999998650E0	2.62000000000000011E9	-1.43097073886331194E2
8.29999999999998650E0	2.62999999999999989E9	-1.43329381178561199E2
8.29999999999998650E0	2.63999999999999968E9	-1.43543968274751599E2
8.29999999999998650E0	2.64999999999999991E9	-1.43744410967491087E2
8.29999999999998650E0	2.66000000000000014E9	-1.43933490155530164E2
8.29999999999998650E0	2.66999999999999993E9	-1.44113378098980682E2
8.29999999999998650E0	2.68000000000000016E9	-1.44285778110986884E2
8.29999999999998650E0	2.68999999999999995E9	-1.44452029942883575E2
8.29999999999998650E0	2.70000000000000018E9	-1.44613190037618677E2

var_c	indep(index, 1)	plot_vs(pnmx, noisefreq)[62, ::]
8.39999999999998614E0	2.29999999999999982E9	-1.43218529331159194E2
8.39999999999998614E0	2.31000000000000005E9	-1.43001768209025970E2
8.39999999999998614E0	2.31999999999999984E9	-1.42767487376994784E2
8.39999999999998614E0	2.33000000000000007E9	-1.42511334844300963E2
8.39999999999998614E0	2.33999999999999986E9	-1.42227674049294750E2
8.39999999999998614E0	2.35000000000000009E9	-1.41909152540120642E2
8.39999999999998614E0	2.36000000000000032E9	-1.41546101565226889E2
8.39999999999998614E0	2.37000000000000011E9	-1.41125688129966309E2
8.39999999999998614E0	2.37999999999999989E9	-1.40630694195765615E2
8.39999999999998614E0	2.38999999999999968E9	-1.40037716797650913E2
8.39999999999998614E0	2.39999999999999991E9	-1.39314421411963751E2
8.39999999999998614E0	2.41000000000000014E9	-1.38415156554030672E2
8.39999999999998614E0	2.41999999999999993E9	-1.37273497887000429E2
8.39999999999998614E0	2.43000000000000016E9	-1.35788566821665269E2
8.39999999999998614E0	2.43999999999999995E9	-1.33797929675731186E2
8.39999999999998614E0	2.45000000000000018E9	-1.31024381183356065E2
8.39999999999998614E0	2.45999999999999996E9	-1.27069556791722360E2
8.39999999999998614E0	2.46999999999999975E9	-1.12531425926262729E2
8.39999999999998614E0	2.47999999999999998E9	-1.26865213997602311E2
8.39999999999998614E0	2.48999999999999977E9	-1.31005593808407261E2
8.39999999999998614E0	2.50000000000000000E9	-1.33895576636255620E2
8.39999999999998614E0	2.51000000000000023E9	-1.35965312016053064E2
8.39999999999998614E0	2.52000000000000002E9	-1.37506756734356905E2
8.39999999999998614E0	2.53000000000000025E9	-1.38688852099808768E2
8.39999999999998614E0	2.54000000000000004E9	-1.39616392581938475E2
8.39999999999998614E0	2.54999999999999982E9	-1.40358709888003830E2
8.39999999999998614E0	2.56000000000000005E9	-1.40963769240982328E2
8.39999999999998614E0	2.56999999999999984E9	-1.41465750236655952E2
8.39999999999998614E0	2.58000000000000007E9	-1.41889500930060164E2
8.39999999999998614E0	2.58999999999999986E9	-1.42253347790713414E2
8.39999999999998614E0	2.60000000000000009E9	-1.42570959260535490E2
8.39999999999998614E0	2.61000000000000032E9	-1.42852624399674344E2
8.39999999999998614E0	2.62000000000000011E9	-1.43106150999691839E2
8.39999999999998614E0	2.62999999999999989E9	-1.43337506291019823E2
8.39999999999998614E0	2.63999999999999968E9	-1.43551280115624325E2
8.39999999999998614E0	2.64999999999999991E9	-1.43751023194921901E2
8.39999999999998614E0	2.66000000000000014E9	-1.43939496275067969E2
8.39999999999998614E0	2.66999999999999993E9	-1.44118855461892625E2
8.39999999999998614E0	2.68000000000000016E9	-1.44290791000041674E2
8.39999999999998614E0	2.68999999999999995E9	-1.44456632010974007E2
8.39999999999998614E0	2.70000000000000018E9	-1.44617426337969790E2

var_c	indep(index, 1)	plot_vs(pnmx, noisefreq)[63, ::]
8.49999999999998579E0	2.29999999999999982E9	-1.43216351705228928E2
8.49999999999998579E0	2.31000000000000005E9	-1.42999686091206168E2
8.49999999999998579E0	2.31999999999999984E9	-1.42765467391663625E2
8.49999999999998579E0	2.33000000000000007E9	-1.42509326094308930E2
8.49999999999998579E0	2.33999999999999986E9	-1.42225600323746026E2
8.49999999999998579E0	2.35000000000000009E9	-1.41906901115679140E2
8.49999999999998579E0	2.36000000000000032E9	-1.41543506543403108E2
8.49999999999998579E0	2.37000000000000011E9	-1.41122504976595353E2
8.49999999999998579E0	2.37999999999999989E9	-1.40626561206680334E2
8.49999999999998579E0	2.38999999999999968E9	-1.40032094269027940E2
8.49999999999998579E0	2.39999999999999991E9	-1.39306493995605996E2
8.49999999999998579E0	2.41000000000000014E9	-1.38403668368583554E2
8.49999999999998579E0	2.41999999999999993E9	-1.37256459721561397E2
8.49999999999998579E0	2.43000000000000016E9	-1.35762698428229411E2
8.49999999999998579E0	2.43999999999999995E9	-1.33757556097205388E2
8.49999999999998579E0	2.45000000000000018E9	-1.30959625565775317E2
8.49999999999998579E0	2.45999999999999996E9	-1.26972358025639354E2
8.49999999999998579E0	2.46999999999999975E9	-9.77906939174288325E1
8.49999999999998579E0	2.47999999999999998E9	-1.26963494506317343E2
8.49999999999998579E0	2.48999999999999977E9	-1.31081875176048657E2
8.49999999999998579E0	2.50000000000000000E9	-1.33954617816761923E2
8.49999999999998579E0	2.51000000000000023E9	-1.36012660333069890E2
8.49999999999998579E0	2.52000000000000002E9	-1.37545551194862936E2
8.49999999999998579E0	2.53000000000000025E9	-1.38721076574915347E2
8.49999999999998579E0	2.54000000000000004E9	-1.39643432925416477E2
8.49999999999998579E0	2.54999999999999982E9	-1.40381596102189632E2
8.49999999999998579E0	2.56000000000000005E9	-1.40983293772426865E2
8.49999999999998579E0	2.56999999999999984E9	-1.41482534067360999E2
8.49999999999998579E0	2.58000000000000007E9	-1.41904035813956253E2
8.49999999999998579E0	2.58999999999999986E9	-1.42266025562460241E2
8.49999999999998579E0	2.60000000000000009E9	-1.42582093690954870E2
8.49999999999998579E0	2.61000000000000032E9	-1.42862467795494918E2
8.49999999999998579E0	2.62000000000000011E9	-1.43114907093725097E2
8.49999999999998579E0	2.62999999999999989E9	-1.43345340298121937E2
8.49999999999998579E0	2.63999999999999968E9	-1.43558326706685113E2
8.49999999999998579E0	2.64999999999999991E9	-1.43757392586532462E2
8.49999999999998579E0	2.66000000000000014E9	-1.43945279129731429E2
8.49999999999998579E0	2.66999999999999993E9	-1.44124126712574174E2
8.49999999999998579E0	2.68000000000000016E9	-1.44295612886543090E2
8.49999999999998579E0	2.68999999999999995E9	-1.44461056490896023E2
8.49999999999998579E0	2.70000000000000018E9	-1.44621496976221176E2

var_c	indep(index, 1)	plot_vs(pnmx, noisefreq)[64, ::]
8.59999999999998543E0	2.29999999999999982E9	-1.43214168251462381E2
8.59999999999998543E0	2.31000000000000005E9	-1.42997593109206544E2
8.59999999999998543E0	2.31999999999999984E9	-1.42763431932553386E2
8.59999999999998543E0	2.33000000000000007E9	-1.42507297805705546E2
8.59999999999998543E0	2.33999999999999986E9	-1.42223504301014092E2
8.59999999999998543E0	2.35000000000000009E9	-1.41904626505738718E2
8.59999999999998543E0	2.36000000000000032E9	-1.41540890146388798E2
8.59999999999998543E0	2.37000000000000011E9	-1.41119306615754958E2
8.59999999999998543E0	2.37999999999999989E9	-1.40622425661079320E2
8.59999999999998543E0	2.38999999999999968E9	-1.40026491409712195E2
8.59999999999998543E0	2.39999999999999991E9	-1.39298623093859963E2
8.59999999999998543E0	2.41000000000000014E9	-1.38392295003065025E2
8.59999999999998543E0	2.41999999999999993E9	-1.37239626894275690E2
8.59999999999998543E0	2.43000000000000016E9	-1.35737174868863208E2
8.59999999999998543E0	2.43999999999999995E9	-1.33717736184528735E2
8.59999999999998543E0	2.45000000000000018E9	-1.30895743561095079E2
8.59999999999998543E0	2.45999999999999996E9	-1.26876943686109334E2
8.59999999999998543E0	2.46999999999999975E9	-1.08393930351089218E2
8.59999999999998543E0	2.47999999999999998E9	-1.27059501377652495E2
8.59999999999998543E0	2.48999999999999977E9	-1.31156252158112041E2
8.59999999999998543E0	2.50000000000000000E9	-1.34012156475953881E2
8.59999999999998543E0	2.51000000000000023E9	-1.36058748840610266E2
8.59999999999998543E0	2.52000000000000002E9	-1.37583265623655104E2
8.59999999999998543E0	2.53000000000000025E9	-1.38752367568648616E2
8.59999999999998543E0	2.54000000000000004E9	-1.39669662965605657E2
8.59999999999998543E0	2.54999999999999982E9	-1.40403776406846248E2
8.59999999999998543E0	2.56000000000000005E9	-1.41002201010689943E2
8.59999999999998543E0	2.56999999999999984E9	-1.41498775686766054E2
8.59999999999998543E0	2.58000000000000007E9	-1.41918092119503347E2
8.59999999999998543E0	2.58999999999999986E9	-1.42278278704379302E2
8.59999999999998543E0	2.60000000000000009E9	-1.42592849319915782E2
8.59999999999998543E0	2.61000000000000032E9	-1.42871971449898583E2
8.59999999999998543E0	2.62000000000000011E9	-1.43123356837400939E2
8.59999999999998543E0	2.62999999999999989E9	-1.43352896680059172E2
8.59999999999998543E0	2.63999999999999968E9	-1.43565120420669023E2
8.59999999999998543E0	2.64999999999999991E9	-1.43763530560861064E2
8.59999999999998543E0	2.66000000000000014E9	-1.43950849261885550E2
8.59999999999998543E0	2.66999999999999993E9	-1.44129201652565131E2
8.59999999999998543E0	2.68000000000000016E9	-1.44300252903072757E2
8.59999999999998543E0	2.68999999999999995E9	-1.44465311905834959E2
8.59999999999998543E0	2.70000000000000018E9	-1.44625409987977660E2

var_c	indep(index, 1)	plot_vs(pnmx, noisefreq)[65, ::]
8.69999999999998508E0	2.29999999999999982E9	-1.43211980706867670E2
8.69999999999998508E0	2.31000000000000005E9	-1.42995491206837544E2
8.69999999999998508E0	2.31999999999999984E9	-1.42761382999203246E2
8.69999999999998508E0	2.33000000000000007E9	-1.42505252395144399E2
8.69999999999998508E0	2.33999999999999986E9	-1.42221388392637893E2
8.69999999999998508E0	2.35000000000000009E9	-1.41902331107184265E2
8.69999999999998508E0	2.36000000000000032E9	-1.41538254885649684E2
8.69999999999998508E0	2.37000000000000011E9	-1.41116095459566493E2
8.69999999999998508E0	2.37999999999999989E9	-1.40618289524675988E2
8.69999999999998508E0	2.38999999999999968E9	-1.40020909821018535E2
8.69999999999998508E0	2.39999999999999991E9	-1.39290809121949000E2
8.69999999999998508E0	2.41000000000000014E9	-1.38381035614483250E2
8.69999999999998508E0	2.41999999999999993E9	-1.37222996754071747E2
8.69999999999998508E0	2.43000000000000016E9	-1.35711989439609892E2
8.69999999999998508E0	2.43999999999999995E9	-1.33678460062751769E2
8.69999999999998508E0	2.45000000000000018E9	-1.30832721438575872E2
8.69999999999998508E0	2.45999999999999996E9	-1.26783298808014910E2
8.69999999999998508E0	2.46999999999999975E9	-1.14867079350225887E2
8.69999999999998508E0	2.47999999999999998E9	-1.27153304763349007E2
8.69999999999998508E0	2.48999999999999977E9	-1.31228792008521733E2
8.69999999999998508E0	2.50000000000000000E9	-1.34068243010286414E2
8.69999999999998508E0	2.51000000000000023E9	-1.36103620181780860E2
8.69999999999998508E0	2.52000000000000002E9	-1.37619938702499556E2
8.69999999999998508E0	2.53000000000000025E9	-1.38782760026378416E2
8.69999999999998508E0	2.54000000000000004E9	-1.39695114349975102E2
8.69999999999998508E0	2.54999999999999982E9	-1.40425279315954965E2
8.69999999999998508E0	2.56000000000000005E9	-1.41020516435649435E2
8.69999999999998508E0	2.56999999999999984E9	-1.41514498042582804E2
8.69999999999998508E0	2.58000000000000007E9	-1.41931690426409940E2
8.69999999999998508E0	2.58999999999999986E9	-1.42290125848421778E2
8.69999999999998508E0	2.60000000000000009E9	-1.42603243014820058E2
8.69999999999998508E0	2.61000000000000032E9	-1.42881150633789278E2
8.69999999999998508E0	2.62000000000000011E9	-1.43131514150051564E2
8.69999999999998508E0	2.62999999999999989E9	-1.43360188132541033E2
8.69999999999998508E0	2.63999999999999968E9	-1.43571672916112192E2
8.69999999999998508E0	2.64999999999999991E9	-1.43769447862799593E2
8.69999999999998508E0	2.66000000000000014E9	-1.43956216638068257E2
8.69999999999998508E0	2.66999999999999993E9	-1.44134089502268492E2
8.69999999999998508E0	2.68000000000000016E9	-1.44304719696065797E2
8.69999999999998508E0	2.68999999999999995E9	-1.44469406345589091E2
8.69999999999998508E0	2.70000000000000018E9	-1.44629172932730965E2

var_c	indep(index, 1)	plot_vs(pnmx, noisefreq)[66, ::]
8.79999999999998472E0	2.29999999999999982E9	-1.43209790594937147E2
8.79999999999998472E0	2.31000000000000005E9	-1.42993382108750255E2
8.79999999999998472E0	2.31999999999999984E9	-1.42759322662747334E2
8.79999999999998472E0	2.33000000000000007E9	-1.42503191840586352E2
8.79999999999998472E0	2.33999999999999986E9	-1.42219254892131919E2
8.79999999999998472E0	2.35000000000000009E9	-1.41900017322659222E2
8.79999999999998472E0	2.36000000000000032E9	-1.41535603076939043E2
8.79999999999998472E0	2.37000000000000011E9	-1.41112873652071524E2
8.79999999999998472E0	2.37999999999999989E9	-1.40614154808681002E2
8.79999999999998472E0	2.38999999999999968E9	-1.40015350736281508E2
8.79999999999998472E0	2.39999999999999991E9	-1.39283052538335372E2
8.79999999999998472E0	2.41000000000000014E9	-1.38369889059471296E2
8.79999999999998472E0	2.41999999999999993E9	-1.37206566101934624E2
8.79999999999998472E0	2.43000000000000016E9	-1.35687137323838192E2
8.79999999999998472E0	2.43999999999999995E9	-1.33639718311192590E2
8.79999999999998472E0	2.45000000000000018E9	-1.30770546552424460E2
8.79999999999998472E0	2.45999999999999996E9	-1.26691406122173666E2
8.79999999999998472E0	2.46999999999999975E9	-1.17833829984963523E2
8.79999999999998472E0	2.47999999999999998E9	-1.27244976204331661E2
8.79999999999998472E0	2.48999999999999977E9	-1.31299559425938295E2
8.79999999999998472E0	2.50000000000000000E9	-1.34122924228900953E2
8.79999999999998472E0	2.51000000000000023E9	-1.36147315912492983E2
8.79999999999998472E0	2.52000000000000002E9	-1.37655607385502177E2
8.79999999999998472E0	2.53000000000000025E9	-1.38812287580817650E2
8.79999999999998472E0	2.54000000000000004E9	-1.39719817402302171E2
8.79999999999998472E0	2.54999999999999982E9	-1.40446132045989458E2
8.79999999999998472E0	2.56000000000000005E9	-1.41038264657392576E2
8.79999999999998472E0	2.56999999999999984E9	-1.41529722972506322E2
8.79999999999998472E0	2.58000000000000007E9	-1.41944850394057864E2
8.79999999999998472E0	2.58999999999999986E9	-1.42301584527001523E2
8.79999999999998472E0	2.60000000000000009E9	-1.42613290641165191E2
8.79999999999998472E0	2.61000000000000032E9	-1.42890019760401676E2
8.79999999999998472E0	2.62000000000000011E9	-1.43139392160162338E2
8.79999999999998472E0	2.62999999999999989E9	-1.43367226620428445E2
8.79999999999998472E0	2.63999999999999968E9	-1.43577995155572147E2
8.79999999999998472E0	2.64999999999999991E9	-1.43775154595135701E2
8.79999999999998472E0	2.66000000000000014E9	-1.43961390630076158E2
8.79999999999998472E0	2.66999999999999993E9	-1.44138799011022600E2
8.79999999999998472E0	2.68000000000000016E9	-1.44309021347043975E2
8.79999999999998472E0	2.68999999999999995E9	-1.44473347388447459E2
8.79999999999998472E0	2.70000000000000018E9	-1.44632792920480879E2

var_c	indep(index, 1)	plot_vs(pnmx, noisefreq)[67, ::]
8.89999999999998437E0	2.29999999999999982E9	-1.43207599382423867E2
8.89999999999998437E0	2.31000000000000005E9	-1.42991267478554818E2
8.89999999999998437E0	2.31999999999999984E9	-1.42757252659391254E2
8.89999999999998437E0	2.33000000000000007E9	-1.42501118207934208E2
8.89999999999998437E0	2.33999999999999986E9	-1.42217105922596887E2
8.89999999999998437E0	2.35000000000000009E9	-1.41897687342695389E2
8.89999999999998437E0	2.36000000000000032E9	-1.41532936966227862E2
8.89999999999998437E0	2.37000000000000011E9	-1.41109643286128117E2
8.89999999999998437E0	2.37999999999999989E9	-1.40610023283117025E2
8.89999999999998437E0	2.38999999999999968E9	-1.40009815535326587E2
8.89999999999998437E0	2.39999999999999991E9	-1.39275353724480522E2
8.89999999999998437E0	2.41000000000000014E9	-1.38358854362980277E2
8.89999999999998437E0	2.41999999999999993E9	-1.37190332067553178E2
8.89999999999998437E0	2.43000000000000016E9	-1.35662611786600529E2
8.89999999999998437E0	2.43999999999999995E9	-1.33601501763136921E2
8.89999999999998437E0	2.45000000000000018E9	-1.30709205951103202E2
8.89999999999998437E0	2.45999999999999996E9	-1.26601248933123123E2
8.89999999999998437E0	2.46999999999999975E9	-1.19514900922558609E2
8.89999999999998437E0	2.47999999999999998E9	-1.27334582636017646E2
8.89999999999998437E0	2.48999999999999977E9	-1.31368615835575286E2
8.89999999999998437E0	2.50000000000000000E9	-1.34176245327680910E2
8.89999999999998437E0	2.51000000000000023E9	-1.36189875006120742E2
8.89999999999998437E0	2.52000000000000002E9	-1.37690307612834850E2
8.89999999999998437E0	2.53000000000000025E9	-1.38840982523162038E2
8.89999999999998437E0	2.54000000000000004E9	-1.39743800900680570E2
8.89999999999998437E0	2.54999999999999982E9	-1.40466360467672335E2
8.89999999999998437E0	2.56000000000000005E9	-1.41055468541338658E2
8.89999999999998437E0	2.56999999999999984E9	-1.41544471205735478E2
8.89999999999998437E0	2.58000000000000007E9	-1.41957590607870032E2
8.89999999999998437E0	2.58999999999999986E9	-1.42312671585526362E2
8.89999999999998437E0	2.60000000000000009E9	-1.42623007214644248E2
8.89999999999998437E0	2.61000000000000032E9	-1.42898592488083653E2
8.89999999999998437E0	2.62000000000000011E9	-1.43147003262390959E2
8.89999999999998437E0	2.62999999999999989E9	-1.43374023475899204E2
8.89999999999998437E0	2.63999999999999968E9	-1.43584097568672697E2
8.89999999999998437E0	2.64999999999999991E9	-1.43780660379773573E2
8.89999999999998437E0	2.66000000000000014E9	-1.43966380080080647E2
8.89999999999998437E0	2.66999999999999993E9	-1.44143338358702122E2
8.89999999999998437E0	2.68000000000000016E9	-1.44313165536249777E2
8.89999999999998437E0	2.68999999999999995E9	-1.44477142192762420E2
8.89999999999998437E0	2.70000000000000018E9	-1.44636276681479892E2

var_c	indep(index, 1)	plot_vs(pnmx, noisefreq)[68, ::]
8.99999999999998401E0	2.29999999999999982E9	-1.43205408398511014E2
8.99999999999998401E0	2.31000000000000005E9	-1.42989148795570786E2
8.99999999999998401E0	2.31999999999999984E9	-1.42755174702578058E2
8.99999999999998401E0	2.33000000000000007E9	-1.42499033331347857E2
8.99999999999998401E0	2.33999999999999986E9	-1.42214943430735974E2
8.99999999999998401E0	2.35000000000000009E9	-1.41895343152869868E2
8.99999999999998401E0	2.36000000000000032E9	-1.41530258504302342E2
8.99999999999998401E0	2.37000000000000011E9	-1.41106406427301900E2
8.99999999999998401E0	2.37999999999999989E9	-1.40605896741582903E2
8.99999999999998401E0	2.38999999999999968E9	-1.40004305260138961E2
8.99999999999998401E0	2.39999999999999991E9	-1.39267713031112228E2
8.99999999999998401E0	2.41000000000000014E9	-1.38347930652388595E2
8.99999999999998401E0	2.41999999999999993E9	-1.37174291218225486E2
8.99999999999998401E0	2.43000000000000016E9	-1.35638407518615201E2
8.99999999999998401E0	2.43999999999999995E9	-1.33563801070832455E2
8.99999999999998401E0	2.45000000000000018E9	-1.30648685576113843E2
8.99999999999998401E0	2.45999999999999996E9	-1.26512809554306438E2
8.99999999999998401E0	2.46999999999999975E9	-1.20563566321507354E2
8.99999999999998401E0	2.47999999999999998E9	-1.27422189185647872E2
8.99999999999998401E0	2.48999999999999977E9	-1.31436017469917954E2
8.99999999999998401E0	2.50000000000000000E9	-1.34228251013510547E2
8.99999999999998401E0	2.51000000000000023E9	-1.36231336162105277E2
8.99999999999998401E0	2.52000000000000002E9	-1.37724073127941771E2
8.99999999999998401E0	2.53000000000000025E9	-1.38868875426376226E2
8.99999999999998401E0	2.54000000000000004E9	-1.39767092498850865E2
8.99999999999998401E0	2.54999999999999982E9	-1.40485989283689272E2
8.99999999999998401E0	2.56000000000000005E9	-1.41072150258559614E2
8.99999999999998401E0	2.56999999999999984E9	-1.41558762413891270E2
8.99999999999998401E0	2.58000000000000007E9	-1.41969928664149481E2
8.99999999999998401E0	2.58999999999999986E9	-1.42323402673499078E2
8.99999999999998401E0	2.60000000000000009E9	-1.42632407089552338E2
8.99999999999998401E0	2.61000000000000032E9	-1.42906881712723877E2
8.99999999999998401E0	2.62000000000000011E9	-1.43154359152817579E2
8.99999999999998401E0	2.62999999999999989E9	-1.43380589423845306E2
8.99999999999998401E0	2.63999999999999968E9	-1.43589989976009069E2
8.99999999999998401E0	2.64999999999999991E9	-1.43785974230292801E2
8.99999999999998401E0	2.66000000000000014E9	-1.43971193351192794E2
8.99999999999998401E0	2.66999999999999993E9	-1.44147715347364214E2
8.99999999999998401E0	2.68000000000000016E9	-1.44317159495047065E2
8.99999999999998401E0	2.68999999999999995E9	-1.44480797511290193E2
8.99999999999998401E0	2.70000000000000018E9	-1.44639630542428788E2

var_c	indep(index, 1)	plot_vs(pnmx, noisefreq)[69, ::]
9.09999999999998366E0	2.29999999999999982E9	-1.43203218853610914E2
9.09999999999998366E0	2.31000000000000005E9	-1.42987027504709419E2
9.09999999999998366E0	2.31999999999999984E9	-1.42753090371719327E2
9.09999999999998366E0	2.33000000000000007E9	-1.42496938914131910E2
9.09999999999998366E0	2.33999999999999986E9	-1.42212769229888458E2
9.09999999999998366E0	2.35000000000000009E9	-1.41892986743218286E2
9.09999999999998366E0	2.36000000000000032E9	-1.41527569802285003E2
9.09999999999998366E0	2.37000000000000011E9	-1.41103164819771876E2
9.09999999999998366E0	2.37999999999999989E9	-1.40601776543915635E2
9.09999999999998366E0	2.38999999999999968E9	-1.39998821101830795E2
9.09999999999998366E0	2.39999999999999991E9	-1.39260130717113784E2
9.09999999999998366E0	2.41000000000000014E9	-1.38337116631575952E2
9.09999999999998366E0	2.41999999999999993E9	-1.37158440998342201E2
9.09999999999998366E0	2.43000000000000016E9	-1.35614519108648790E2
9.09999999999998366E0	2.43999999999999995E9	-1.33526607522035201E2
9.09999999999998366E0	2.45000000000000018E9	-1.30588973390712737E2
9.09999999999998366E0	2.45999999999999996E9	-1.26426069486389725E2
9.09999999999998366E0	2.46999999999999975E9	-1.21262252730378051E2
9.09999999999998366E0	2.47999999999999998E9	-1.27507858402415719E2
9.09999999999998366E0	2.48999999999999977E9	-1.31501821153793697E2
9.09999999999998366E0	2.50000000000000000E9	-1.34278981971343070E2
9.09999999999998366E0	2.51000000000000023E9	-1.36271735090526991E2
9.09999999999998366E0	2.52000000000000002E9	-1.37756936843014977E2
9.09999999999998366E0	2.53000000000000025E9	-1.38895995810194206E2
9.09999999999998366E0	2.54000000000000004E9	-1.39789718695812826E2
9.09999999999998366E0	2.54999999999999982E9	-1.40505041894947702E2
9.09999999999998366E0	2.56000000000000005E9	-1.41088330725571831E2
9.09999999999998366E0	2.56999999999999984E9	-1.41572615362323373E2
9.09999999999998366E0	2.58000000000000007E9	-1.41981881270287102E2
9.09999999999998366E0	2.58999999999999986E9	-1.42333792917205293E2
9.09999999999998366E0	2.60000000000000009E9	-1.42641503730248864E2
9.09999999999998366E0	2.61000000000000032E9	-1.42914899573380438E2
9.09999999999998366E0	2.62000000000000011E9	-1.43161470979886563E2
9.09999999999998366E0	2.62999999999999989E9	-1.43386934600421112E2
9.09999999999998366E0	2.63999999999999968E9	-1.43595681620367555E2
9.09999999999998366E0	2.64999999999999991E9	-1.43791104727800745E2
9.09999999999998366E0	2.66000000000000014E9	-1.43975838346027230E2
9.09999999999998366E0	2.66999999999999993E9	-1.44151937272468489E2
9.09999999999998366E0	2.68000000000000016E9	-1.44321010027627605E2
9.09999999999998366E0	2.68999999999999995E9	-1.44484319730616173E2
9.09999999999998366E0	2.70000000000000018E9	-1.44642860473527679E2

var_c	indep(index, 1)	plot_vs(pnmx, noisefreq)[70, ::]
9.19999999999998330E0	2.29999999999999982E9	-1.43201031919596522E2
9.19999999999998330E0	2.31000000000000005E9	-1.42984904864573847E2
9.19999999999998330E0	2.31999999999999984E9	-1.42751001125154686E2
9.19999999999998330E0	2.33000000000000007E9	-1.42494836587073936E2
9.19999999999998330E0	2.33999999999999986E9	-1.42210585082517804E2
9.19999999999998330E0	2.35000000000000009E9	-1.41890619885134051E2
9.19999999999998330E0	2.36000000000000032E9	-1.41524872485785957E2
9.19999999999998330E0	2.37000000000000011E9	-1.41099920159396430E2
9.19999999999998330E0	2.37999999999999989E9	-1.40597664328048122E2
9.19999999999998330E0	2.38999999999999968E9	-1.39993363958487960E2
9.19999999999998330E0	2.39999999999999991E9	-1.39252606985560634E2
9.19999999999998330E0	2.41000000000000014E9	-1.38326411605669031E2
9.19999999999998330E0	2.41999999999999993E9	-1.37142778591677894E2
9.19999999999998330E0	2.43000000000000016E9	-1.35590940283782735E2
9.19999999999998330E0	2.43999999999999995E9	-1.33489911842750120E2
9.19999999999998330E0	2.45000000000000018E9	-1.30530057426773705E2
9.19999999999998330E0	2.45999999999999996E9	-1.26341010078976490E2
9.19999999999998330E0	2.46999999999999975E9	-1.21753067790952252E2
9.19999999999998330E0	2.47999999999999998E9	-1.27591652051271676E2
9.19999999999998330E0	2.48999999999999977E9	-1.31566078010782839E2
9.19999999999998330E0	2.50000000000000000E9	-1.34328479563985614E2
9.19999999999998330E0	2.51000000000000023E9	-1.36311107703925294E2
9.19999999999998330E0	2.52000000000000002E9	-1.37788930561601330E2
9.19999999999998330E0	2.53000000000000025E9	-1.38922371776680986E2
9.19999999999998330E0	2.54000000000000004E9	-1.39811704281899751E2
9.19999999999998330E0	2.54999999999999982E9	-1.40523540604055652E2
9.19999999999998330E0	2.56000000000000005E9	-1.41104029924448016E2
9.19999999999998330E0	2.56999999999999984E9	-1.41586047576755325E2
9.19999999999998330E0	2.58000000000000007E9	-1.41993464291153715E2
9.19999999999998330E0	2.58999999999999986E9	-1.42343856461698737E2
9.19999999999998330E0	2.60000000000000009E9	-1.42650309938521991E2
9.19999999999998330E0	2.61000000000000032E9	-1.42922657773609063E2
9.19999999999998330E0	2.62000000000000011E9	-1.43168349228901004E2
9.19999999999998330E0	2.62999999999999989E9	-1.43393068554596259E2
9.19999999999998330E0	2.63999999999999968E9	-1.43601181354968555E2
9.19999999999998330E0	2.64999999999999991E9	-1.43796059915471486E2
9.19999999999998330E0	2.66000000000000014E9	-1.43980322548660977E2
9.19999999999998330E0	2.66999999999999993E9	-1.44156011066291034E2
9.19999999999998330E0	2.68000000000000016E9	-1.44324723617730766E2
9.19999999999998330E0	2.68999999999999995E9	-1.44487714876680440E2
9.19999999999998330E0	2.70000000000000018E9	-1.44645972145300350E2

var_c	indep(index, 1)	plot_vs(pnmx, noisefreq)[71, ::]
9.29999999999998295E0	2.29999999999999982E9	-1.43198848598698625E2
9.29999999999998295E0	2.31000000000000005E9	-1.42982782110845230E2
9.29999999999998295E0	2.31999999999999984E9	-1.42748908306099587E2
9.29999999999998295E0	2.33000000000000007E9	-1.42492727850389356E2
9.29999999999998295E0	2.33999999999999986E9	-1.42208392615839241E2
9.29999999999998295E0	2.35000000000000009E9	-1.41888244308487499E2
9.29999999999998295E0	2.36000000000000032E9	-1.41522168328526421E2
9.29999999999998295E0	2.37000000000000011E9	-1.41096674064352956E2
9.29999999999998295E0	2.37999999999999989E9	-1.40593561329097660E2
9.29999999999998295E0	2.38999999999999968E9	-1.39987934841868666E2
9.29999999999998295E0	2.39999999999999991E9	-1.39245141904643965E2
9.29999999999998295E0	2.41000000000000014E9	-1.38315814186668251E2
9.29999999999998295E0	2.41999999999999993E9	-1.37127300922848194E2
9.29999999999998295E0	2.43000000000000016E9	-1.35567666417115396E2
9.29999999999998295E0	2.43999999999999995E9	-1.33453705458218619E2
9.29999999999998295E0	2.45000000000000018E9	-1.30471923919609423E2
9.29999999999998295E0	2.45999999999999996E9	-1.26257610929385522E2
9.29999999999998295E0	2.46999999999999975E9	-1.22113779728750282E2
9.29999999999998295E0	2.47999999999999998E9	-1.27673627842321635E2
9.29999999999998295E0	2.48999999999999977E9	-1.31628838174899321E2
9.29999999999998295E0	2.50000000000000000E9	-1.34376782045023568E2
9.29999999999998295E0	2.51000000000000023E9	-1.36349487204853004E2
9.29999999999998295E0	2.52000000000000002E9	-1.37820083819759276E2
9.29999999999998295E0	2.53000000000000025E9	-1.38948030153596713E2
9.29999999999998295E0	2.54000000000000004E9	-1.39833073351486759E2
9.29999999999998295E0	2.54999999999999982E9	-1.40541506790300952E2
9.29999999999998295E0	2.56000000000000005E9	-1.41119266693823375E2
9.29999999999998295E0	2.56999999999999984E9	-1.41599076166261573E2
9.29999999999998295E0	2.58000000000000007E9	-1.42004692750392580E2
9.29999999999998295E0	2.58999999999999986E9	-1.42353606835833335E2
9.29999999999998295E0	2.60000000000000009E9	-1.42658837851404208E2
9.29999999999998295E0	2.61000000000000032E9	-1.42930167197466029E2
9.29999999999998295E0	2.62000000000000011E9	-1.43175003872195150E2
9.29999999999998295E0	2.62999999999999989E9	-1.43399000413730393E2
9.29999999999998295E0	2.63999999999999968E9	-1.43606497430610647E2
9.29999999999998295E0	2.64999999999999991E9	-1.43800847465953430E2
9.29999999999998295E0	2.66000000000000014E9	-1.43984653017182263E2
9.29999999999998295E0	2.66999999999999993E9	-1.44159943303687843E2
9.29999999999998295E0	2.68000000000000016E9	-1.44328306349175639E2
9.29999999999998295E0	2.68999999999999995E9	-1.44490988651327434E2
9.29999999999998295E0	2.70000000000000018E9	-1.44648970880594452E2

var_c	indep(index, 1)	plot_vs(pnmx, noisefreq)[72, ::]
9.39999999999998259E0	2.29999999999999982E9	-1.43196669878945970E2
9.39999999999998259E0	2.31000000000000005E9	-1.42980660376525148E2
9.39999999999998259E0	2.31999999999999984E9	-1.42746813236749448E2
9.39999999999998259E0	2.33000000000000007E9	-1.42490614073926913E2
9.39999999999998259E0	2.33999999999999986E9	-1.42206193292423300E2
9.39999999999998259E0	2.35000000000000009E9	-1.41885861568627947E2
9.39999999999998259E0	2.36000000000000032E9	-1.41519458874336079E2
9.39999999999998259E0	2.37000000000000011E9	-1.41093427929126314E2
9.39999999999998259E0	2.37999999999999989E9	-1.40589468848953736E2
9.39999999999998259E0	2.38999999999999968E9	-1.39982534444602558E2
9.39999999999998259E0	2.39999999999999991E9	-1.39237735501075077E2
9.39999999999998259E0	2.41000000000000014E9	-1.38305323383480538E2
9.39999999999998259E0	2.41999999999999993E9	-1.37112004990963809E2
9.39999999999998259E0	2.43000000000000016E9	-1.35544691809850626E2
9.39999999999998259E0	2.43999999999999995E9	-1.33417979880243154E2
9.39999999999998259E0	2.45000000000000018E9	-1.30414561470449009E2
9.39999999999998259E0	2.45999999999999996E9	-1.26175854485324179E2
9.39999999999998259E0	2.46999999999999975E9	-1.22389569920748964E2
9.39999999999998259E0	2.47999999999999998E9	-1.27753841519955813E2
9.39999999999998259E0	2.48999999999999977E9	-1.31690148506223270E2
9.39999999999998259E0	2.50000000000000000E9	-1.34423927340416660E2
9.39999999999998259E0	2.51000000000000023E9	-1.36386906373543959E2
9.39999999999998259E0	2.52000000000000002E9	-1.37850425627142004E2
9.39999999999998259E0	2.53000000000000025E9	-1.38972996711963548E2
9.39999999999998259E0	2.54000000000000004E9	-1.39853848626715349E2
9.39999999999998259E0	2.54999999999999982E9	-1.40558960726763571E2
9.39999999999998259E0	2.56000000000000005E9	-1.41134059097365183E2
9.39999999999998259E0	2.56999999999999984E9	-1.41611717032341566E2
9.39999999999998259E0	2.58000000000000007E9	-1.42015580987611090E2
9.39999999999998259E0	2.58999999999999986E9	-1.42363056876760119E2
9.39999999999998259E0	2.60000000000000009E9	-1.42667098983137297E2
9.39999999999998259E0	2.61000000000000032E9	-1.42937438293366870E2
9.39999999999998259E0	2.62000000000000011E9	-1.43181444347687581E2
9.39999999999998259E0	2.62999999999999989E9	-1.43404738756422789E2
9.39999999999998259E0	2.63999999999999968E9	-1.43611637789222746E2
9.39999999999998259E0	2.64999999999999991E9	-1.43805474607969841E2
9.39999999999998259E0	2.66000000000000014E9	-1.43988836441589596E2
9.39999999999998259E0	2.66999999999999993E9	-1.44163740168382093E2
9.39999999999998259E0	2.68000000000000016E9	-1.44331763984346861E2
9.39999999999998259E0	2.68999999999999995E9	-1.44494146431043369E2
9.39999999999998259E0	2.70000000000000018E9	-1.44651861732900278E2

var_c	indep(index, 1)	plot_vs(pnmx, noisefreq)[73, ::]
9.49999999999998224E0	2.29999999999999982E9	-1.43194496652837389E2
9.49999999999998224E0	2.31000000000000005E9	-1.42978540680881094E2
9.49999999999998224E0	2.31999999999999984E9	-1.42744717034307600E2
9.49999999999998224E0	2.33000000000000007E9	-1.42488496590218139E2
9.49999999999998224E0	2.33999999999999986E9	-1.42203988554178640E2
9.49999999999998224E0	2.35000000000000009E9	-1.41883473066944488E2
9.49999999999998224E0	2.36000000000000032E9	-1.41516745672730804E2
9.49999999999998224E0	2.37000000000000011E9	-1.41090183287351700E2
9.49999999999998224E0	2.37999999999999989E9	-1.40585388024529334E2
9.49999999999998224E0	2.38999999999999968E9	-1.39977163498992296E2
9.49999999999998224E0	2.39999999999999991E9	-1.39230388044887721E2
9.49999999999998224E0	2.41000000000000014E9	-1.38294938140979662E2
9.49999999999998224E0	2.41999999999999993E9	-1.37096888279860396E2
9.49999999999998224E0	2.43000000000000016E9	-1.35522011442876966E2
9.49999999999998224E0	2.43999999999999995E9	-1.33382727040462834E2
9.49999999999998224E0	2.45000000000000018E9	-1.30357957798055391E2
9.49999999999998224E0	2.45999999999999996E9	-1.26095717433187549E2
9.49999999999998224E0	2.46999999999999975E9	-1.22607935625413966E2
9.49999999999998224E0	2.47999999999999998E9	-1.27832347138653146E2
9.49999999999998224E0	2.48999999999999977E9	-1.31750055800855814E2
9.49999999999998224E0	2.50000000000000000E9	-1.34469951087983430E2
9.49999999999998224E0	2.51000000000000023E9	-1.36423396415498099E2
9.49999999999998224E0	2.52000000000000002E9	-1.37879984068670103E2
9.49999999999998224E0	2.53000000000000025E9	-1.38997295986874536E2
9.49999999999998224E0	2.54000000000000004E9	-1.39874052206139177E2
9.49999999999998224E0	2.54999999999999982E9	-1.40575921898112233E2
9.49999999999998224E0	2.56000000000000005E9	-1.41148424291328789E2
9.49999999999998224E0	2.56999999999999984E9	-1.41623985510771422E2
9.49999999999998224E0	2.58000000000000007E9	-1.42026142680002265E2
9.49999999999998224E0	2.58999999999999986E9	-1.42372218732579858E2
9.49999999999998224E0	2.60000000000000009E9	-1.42675104282979137E2
9.49999999999998224E0	2.61000000000000032E9	-1.42944480934209017E2
9.49999999999998224E0	2.62000000000000011E9	-1.43187679600489548E2
9.49999999999998224E0	2.62999999999999989E9	-1.43410291767962983E2
9.49999999999998224E0	2.63999999999999968E9	-1.43616609835673437E2
9.49999999999998224E0	2.64999999999999991E9	-1.43809948233348495E2
9.49999999999998224E0	2.66000000000000014E9	-1.43992879146286201E2
9.49999999999998224E0	2.66999999999999993E9	-1.44167407546387616E2
9.49999999999998224E0	2.68000000000000016E9	-1.44335102006612415E2
9.49999999999998224E0	2.68999999999999995E9	-1.44497193333846830E2
9.49999999999998224E0	2.70000000000000018E9	-1.44654649482547826E2

var_c	indep(index, 1)	plot_vs(pnmx, noisefreq)[74, ::]
9.59999999999998188E0	2.29999999999999982E9	-1.43192329742450064E2
9.59999999999998188E0	2.31000000000000005E9	-1.42976423973444433E2
9.59999999999998188E0	2.31999999999999984E9	-1.42742620813536369E2
9.59999999999998188E0	2.33000000000000007E9	-1.42486376600933173E2
9.59999999999998188E0	2.33999999999999986E9	-1.42201779753673674E2
9.59999999999998188E0	2.35000000000000009E9	-1.41881080242822621E2
9.59999999999998188E0	2.36000000000000032E9	-1.41514030006722780E2
9.59999999999998188E0	2.37000000000000011E9	-1.41086941393417598E2
9.59999999999998188E0	2.37999999999999989E9	-1.40581320002197963E2
9.59999999999998188E0	2.38999999999999968E9	-1.39971822664714352E2
9.59999999999998188E0	2.39999999999999991E9	-1.39223099271314998E2
9.59999999999998188E0	2.41000000000000014E9	-1.38284657387837528E2
9.59999999999998188E0	2.41999999999999993E9	-1.37081947842294971E2
9.59999999999998188E0	2.43000000000000016E9	-1.35499619868794552E2
9.59999999999998188E0	2.43999999999999995E9	-1.33347937875332656E2
9.59999999999998188E0	2.45000000000000018E9	-1.30302100694423273E2
9.59999999999998188E0	2.45999999999999996E9	-1.26017179823801428E2
9.59999999999998188E0	2.46999999999999975E9	-1.22786294223845083E2
9.59999999999998188E0	2.47999999999999998E9	-1.27909196720303275E2
9.59999999999998188E0	2.48999999999999977E9	-1.31808601733645103E2
9.59999999999998188E0	2.50000000000000000E9	-1.34514887918941772E2
9.59999999999998188E0	2.51000000000000023E9	-1.36458987211733396E2
9.59999999999998188E0	2.52000000000000002E9	-1.37908785394708899E2
9.59999999999998188E0	2.53000000000000025E9	-1.39020951815544125E2
9.59999999999998188E0	2.54000000000000004E9	-1.39893704892276904E2
9.59999999999998188E0	2.54999999999999982E9	-1.40592408610264719E2
9.59999999999998188E0	2.56000000000000005E9	-1.41162378781884401E2
9.59999999999998188E0	2.56999999999999984E9	-1.41635896166413988E2
9.59999999999998188E0	2.58000000000000007E9	-1.42036390674448487E2
9.59999999999998188E0	2.58999999999999986E9	-1.42381103981889412E2
9.59999999999998188E0	2.60000000000000009E9	-1.42682864155575428E2
9.59999999999998188E0	2.61000000000000032E9	-1.42951304453159711E2
9.59999999999998188E0	2.62000000000000011E9	-1.43193718139364323E2
9.59999999999998188E0	2.62999999999999989E9	-1.43415667135615221E2
9.59999999999998188E0	2.63999999999999968E9	-1.43621420689381885E2
9.59999999999998188E0	2.64999999999999991E9	-1.43814274828610023E2
9.59999999999998188E0	2.66000000000000014E9	-1.43996787150858796E2
9.59999999999998188E0	2.66999999999999993E9	-1.44170950992264091E2
9.59999999999998188E0	2.68000000000000016E9	-1.44338325577798554E2
9.59999999999998188E0	2.68999999999999995E9	-1.44500134179592044E2
9.59999999999998188E0	2.70000000000000018E9	-1.44657338629051302E2

var_c	indep(index, 1)	plot_vs(pnmx, noisefreq)[75, ::]
9.69999999999998153E0	2.29999999999999982E9	-1.43190169876063655E2
9.69999999999998153E0	2.31000000000000005E9	-1.42974311157617451E2
9.69999999999998153E0	2.31999999999999984E9	-1.42740525608484936E2
9.69999999999998153E0	2.33000000000000007E9	-1.42484255234962864E2
9.69999999999998153E0	2.33999999999999986E9	-1.42199568014026445E2
9.69999999999998153E0	2.35000000000000009E9	-1.41878684450410297E2
9.69999999999998153E0	2.36000000000000032E9	-1.41511313213580459E2
9.69999999999998153E0	2.37000000000000011E9	-1.41083703413084405E2
9.69999999999998153E0	2.37999999999999989E9	-1.40577265727703393E2
9.69999999999998153E0	2.38999999999999968E9	-1.39966512774563290E2
9.69999999999998153E0	2.39999999999999991E9	-1.39215869209512566E2
9.69999999999998153E0	2.41000000000000014E9	-1.38274479766748293E2
9.69999999999998153E0	2.41999999999999993E9	-1.37067181153063555E2
9.69999999999998153E0	2.43000000000000016E9	-1.35477512105555276E2
9.69999999999998153E0	2.43999999999999995E9	-1.33313605151982739E2
9.69999999999998153E0	2.45000000000000018E9	-1.30246978829072435E2
9.69999999999998153E0	2.45999999999999996E9	-1.25940220752129561E2
9.69999999999998153E0	2.46999999999999975E9	-1.22936048884281890E2
9.69999999999998153E0	2.47999999999999998E9	-1.27984438541848755E2
9.69999999999998153E0	2.48999999999999977E9	-1.31865829437995830E2
9.69999999999998153E0	2.50000000000000000E9	-1.34558771177614078E2
9.69999999999998153E0	2.51000000000000023E9	-1.36493708123250679E2
9.69999999999998153E0	2.52000000000000002E9	-1.37936855329281793E2
9.69999999999998153E0	2.53000000000000025E9	-1.39043986536017394E2
9.69999999999998153E0	2.54000000000000004E9	-1.39912826613667685E2
9.69999999999998153E0	2.54999999999999982E9	-1.40608438723598428E2
9.69999999999998153E0	2.56000000000000005E9	-1.41175937925973805E2
9.69999999999998153E0	2.56999999999999984E9	-1.41647462758794029E2
9.69999999999998153E0	2.58000000000000007E9	-1.42046337386562405E2
9.69999999999998153E0	2.58999999999999986E9	-1.42389723641069033E2
9.69999999999998153E0	2.60000000000000009E9	-1.42690388447115768E2
9.69999999999998153E0	2.61000000000000032E9	-1.42957917770907605E2
9.69999999999998153E0	2.62000000000000011E9	-1.43199568011099432E2
9.69999999999998153E0	2.62999999999999989E9	-1.43420872243523267E2
9.69999999999998153E0	2.63999999999999968E9	-1.43626077046864165E2
9.69999999999998153E0	2.64999999999999991E9	-1.43818460561154682E2
9.69999999999998153E0	2.66000000000000014E9	-1.44000566147930864E2
9.69999999999998153E0	2.66999999999999993E9	-1.44174375783436282E2
9.69999999999998153E0	2.68000000000000016E9	-1.44341439612097888E2
9.69999999999998153E0	2.68999999999999995E9	-1.44502973534385037E2
9.69999999999998153E0	2.70000000000000018E9	-1.44659933472458935E2

var_c	indep(index, 1)	plot_vs(pnmx, noisefreq)[76, ::]
9.79999999999998117E0	2.29999999999999982E9	-1.43188017791641142E2
9.79999999999998117E0	2.31000000000000005E9	-1.42972203049442803E2
9.79999999999998117E0	2.31999999999999984E9	-1.42738432342554344E2
9.79999999999998117E0	2.33000000000000007E9	-1.42482133587722837E2
9.79999999999998117E0	2.33999999999999986E9	-1.42197354563343525E2
9.79999999999998117E0	2.35000000000000009E9	-1.41876286746781433E2
9.79999999999998117E0	2.36000000000000032E9	-1.41508596512884965E2
9.79999999999998117E0	2.37000000000000011E9	-1.41080470475395847E2
9.79999999999998117E0	2.37999999999999989E9	-1.40573226189208311E2
9.79999999999998117E0	2.38999999999999968E9	-1.39961234067016815E2
9.79999999999998117E0	2.39999999999999991E9	-1.39208697648200674E2
9.79999999999998117E0	2.41000000000000014E9	-1.38264404527995799E2
9.79999999999998117E0	2.41999999999999993E9	-1.37052585257644965E2
9.79999999999998117E0	2.43000000000000016E9	-1.35455683434286733E2
9.79999999999998117E0	2.43999999999999995E9	-1.33279720388696843E2
9.79999999999998117E0	2.45000000000000018E9	-1.30192580128281832E2
9.79999999999998117E0	2.45999999999999996E9	-1.25864816152852432E2
9.79999999999998117E0	2.46999999999999975E9	-1.23064890274316907E2
9.79999999999998117E0	2.47999999999999998E9	-1.28058122432405552E2
9.79999999999998117E0	2.48999999999999977E9	-1.31921778481073959E2
9.79999999999998117E0	2.50000000000000000E9	-1.34601633208905302E2
9.79999999999998117E0	2.51000000000000023E9	-1.36527586675857004E2
9.79999999999998117E0	2.52000000000000002E9	-1.37964218389332749E2
9.79999999999998117E0	2.53000000000000025E9	-1.39066421893246805E2
9.79999999999998117E0	2.54000000000000004E9	-1.39931436432694012E2
9.79999999999998117E0	2.54999999999999982E9	-1.40624028913169541E2
9.79999999999998117E0	2.56000000000000005E9	-1.41189116863985431E2
9.79999999999998117E0	2.56999999999999984E9	-1.41658698487393964E2
9.79999999999998117E0	2.58000000000000007E9	-1.42055994386683304E2
9.79999999999998117E0	2.58999999999999986E9	-1.42398088153651226E2
9.79999999999998117E0	2.60000000000000009E9	-1.42697686612986585E2
9.79999999999998117E0	2.61000000000000032E9	-1.42964329399839252E2
9.79999999999998117E0	2.62000000000000011E9	-1.43205236875965425E2
9.79999999999998117E0	2.62999999999999989E9	-1.43425914045394398E2
9.79999999999998117E0	2.63999999999999968E9	-1.43630585305868297E2
9.79999999999998117E0	2.64999999999999991E9	-1.43822511292249233E2
9.79999999999998117E0	2.66000000000000014E9	-1.44004221534331656E2
9.79999999999998117E0	2.66999999999999993E9	-1.44177686936343052E2
9.79999999999998117E0	2.68000000000000016E9	-1.44344448749146226E2
9.79999999999998117E0	2.68999999999999995E9	-1.44505715750478370E2
9.79999999999998117E0	2.70000000000000018E9	-1.44662438077160305E2

var_c	indep(index, 1)	plot_vs(pnmx, noisefreq)[77, ::]
9.89999999999998082E0	2.29999999999999982E9	-1.43185874097764310E2
9.89999999999998082E0	2.31000000000000005E9	-1.42970100428298008E2
9.89999999999998082E0	2.31999999999999984E9	-1.42736341905948105E2
9.89999999999998082E0	2.33000000000000007E9	-1.42480012580978666E2
9.89999999999998082E0	2.33999999999999986E9	-1.42195140456423741E2
9.89999999999998082E0	2.35000000000000009E9	-1.41873888393446435E2
9.89999999999998082E0	2.36000000000000032E9	-1.41505880998586697E2
9.89999999999998082E0	2.37000000000000011E9	-1.41077243716366385E2
9.89999999999998082E0	2.37999999999999989E9	-1.40569202108917790E2
9.89999999999998082E0	2.38999999999999968E9	-1.39955987300534979E2
9.89999999999998082E0	2.39999999999999991E9	-1.39201584760201658E2
9.89999999999998082E0	2.41000000000000014E9	-1.38254430217616830E2
9.89999999999998082E0	2.41999999999999993E9	-1.37038157603328381E2
9.89999999999998082E0	2.43000000000000016E9	-1.35434128609044957E2
9.89999999999998082E0	2.43999999999999995E9	-1.33246275485515975E2
9.89999999999998082E0	2.45000000000000018E9	-1.30138894001875260E2
9.89999999999998082E0	2.45999999999999996E9	-1.25790944592214471E2
9.89999999999998082E0	2.46999999999999975E9	-1.23178133510619991E2
9.89999999999998082E0	2.47999999999999998E9	-1.28130291522365769E2
9.89999999999998082E0	2.48999999999999977E9	-1.31976486522267944E2
9.89999999999998082E0	2.50000000000000000E9	-1.34643504833249006E2
9.89999999999998082E0	2.51000000000000023E9	-1.36560649733905515E2
9.89999999999998082E0	2.52000000000000002E9	-1.37990898071118084E2
9.89999999999998082E0	2.53000000000000025E9	-1.39088278507492791E2
9.89999999999998082E0	2.54000000000000004E9	-1.39949552495328033E2
9.89999999999998082E0	2.54999999999999982E9	-1.40639195236079262E2
9.89999999999998082E0	2.56000000000000005E9	-1.41201929624562017E2
9.89999999999998082E0	2.56999999999999984E9	-1.41669615972061136E2
9.89999999999998082E0	2.58000000000000007E9	-1.42065373018984875E2
9.89999999999998082E0	2.58999999999999986E9	-1.42406207486021907E2
9.89999999999998082E0	2.60000000000000009E9	-1.42704767488973738E2
9.89999999999998082E0	2.61000000000000032E9	-1.42970547300888651E2
9.89999999999998082E0	2.62000000000000011E9	-1.43210732052401624E2
9.89999999999998082E0	2.62999999999999989E9	-1.43430799188477076E2
9.89999999999998082E0	2.63999999999999968E9	-1.43634951486798235E2
9.89999999999998082E0	2.64999999999999991E9	-1.43826432581148067E2
9.89999999999998082E0	2.66000000000000014E9	-1.44007758437979971E2
9.89999999999998082E0	2.66999999999999993E9	-1.44180889161388959E2
9.89999999999998082E0	2.68000000000000016E9	-1.44347357394272047E2
9.89999999999998082E0	2.68999999999999995E9	-1.44508364931533939E2
9.89999999999998082E0	2.70000000000000018E9	-1.44664856276210507E2

var_c	indep(index, 1)	plot_vs(pnmx, noisefreq)[78, ::]
9.99999999999998046E0	2.29999999999999982E9	-1.43183739388693088E2
9.99999999999998046E0	2.31000000000000005E9	-1.42968003981285219E2
9.99999999999998046E0	2.31999999999999984E9	-1.42734255102432006E2
9.99999999999998046E0	2.33000000000000007E9	-1.42477893213401274E2
9.99999999999998046E0	2.33999999999999986E9	-1.42192926743828663E2
9.99999999999998046E0	2.35000000000000009E9	-1.41871490337979278E2
9.99999999999998046E0	2.36000000000000032E9	-1.41503167799821394E2
9.99999999999998046E0	2.37000000000000011E9	-1.41074024056593683E2
9.99999999999998046E0	2.37999999999999989E9	-1.40565194485261413E2
9.99999999999998046E0	2.38999999999999968E9	-1.39950772733366824E2
9.99999999999998046E0	2.39999999999999991E9	-1.39194530089429991E2
9.99999999999998046E0	2.41000000000000014E9	-1.38244555897757992E2
9.99999999999998046E0	2.41999999999999993E9	-1.37023895784136296E2
9.99999999999998046E0	2.43000000000000016E9	-1.35412843382637904E2
9.99999999999998046E0	2.43999999999999995E9	-1.33213263975398100E2
9.99999999999998046E0	2.45000000000000018E9	-1.30085907718346006E2
9.99999999999998046E0	2.45999999999999996E9	-1.25718582436184212E2
9.99999999999998046E0	2.46999999999999975E9	-1.23279535608047963E2
9.99999999999998046E0	2.47999999999999998E9	-1.28200990611556565E2
9.99999999999998046E0	2.48999999999999977E9	-1.32029990467138658E2
9.99999999999998046E0	2.50000000000000000E9	-1.34684415947492941E2
9.99999999999998046E0	2.51000000000000023E9	-1.36592923159230439E2
9.99999999999998046E0	2.52000000000000002E9	-1.38016916828341074E2
9.99999999999998046E0	2.53000000000000025E9	-1.39109576593241302E2
9.99999999999998046E0	2.54000000000000004E9	-1.39967192698897835E2
9.99999999999998046E0	2.54999999999999982E9	-1.40653953197675552E2
9.99999999999998046E0	2.56000000000000005E9	-1.41214389897344850E2
9.99999999999998046E0	2.56999999999999984E9	-1.41680227180609641E2
9.99999999999998046E0	2.58000000000000007E9	-1.42074483794272566E2
9.99999999999998046E0	2.58999999999999986E9	-1.42414091072791260E2
9.99999999999998046E0	2.60000000000000009E9	-1.42711639613312147E2
9.99999999999998046E0	2.61000000000000032E9	-1.42976579149414507E2
9.99999999999998046E0	2.62000000000000011E9	-1.43216060411379820E2
9.99999999999998046E0	2.62999999999999989E9	-1.43435533931506320E2
9.99999999999998046E0	2.63999999999999968E9	-1.43639181371661917E2
9.99999999999998046E0	2.64999999999999991E9	-1.43830229714414526E2
9.99999999999998046E0	2.66000000000000014E9	-1.44011181735526694E2
9.99999999999998046E0	2.66999999999999993E9	-1.44183987010220171E2
9.99999999999998046E0	2.68000000000000016E9	-1.44350169756307545E2
9.99999999999998046E0	2.68999999999999995E9	-1.44510924987275713E2
9.99999999999998046E0	2.70000000000000018E9	-1.44667191730288058E2

var_c	indep(index, 1)	plot_vs(pnmx, noisefreq)[79, ::]
1.00999999999999801E1	2.29999999999999982E9	-1.43181614208404850E2
1.00999999999999801E1	2.31000000000000005E9	-1.42965914321606768E2
1.00999999999999801E1	2.31999999999999984E9	-1.42732172716966899E2
1.00999999999999801E1	2.33000000000000007E9	-1.42475776280214683E2
1.00999999999999801E1	2.33999999999999986E9	-1.42190714246668692E2
1.00999999999999801E1	2.35000000000000009E9	-1.41869093651727818E2
1.00999999999999801E1	2.36000000000000032E9	-1.41500457844559513E2
1.00999999999999801E1	2.37000000000000011E9	-1.41070812364876974E2
1.00999999999999801E1	2.37999999999999989E9	-1.40561203907651588E2
1.00999999999999801E1	2.38999999999999968E9	-1.39945590970085987E2
1.00999999999999801E1	2.39999999999999991E9	-1.39187533524050089E2
1.00999999999999801E1	2.41000000000000014E9	-1.38234780341301011E2
1.00999999999999801E1	2.41999999999999993E9	-1.37009796940809236E2
1.00999999999999801E1	2.43000000000000016E9	-1.35391822777902782E2
1.00999999999999801E1	2.43999999999999995E9	-1.33180676615613192E2
1.00999999999999801E1	2.45000000000000018E9	-1.30033611931127213E2
1.00999999999999801E1	2.45999999999999996E9	-1.25647706066954856E2
1.00999999999999801E1	2.46999999999999975E9	-1.23371803916646705E2
1.00999999999999801E1	2.47999999999999998E9	-1.28270261935469021E2
1.00999999999999801E1	2.48999999999999977E9	-1.32082326364117897E2
1.00999999999999801E1	2.50000000000000000E9	-1.34724395671240660E2
1.00999999999999801E1	2.51000000000000023E9	-1.36624431569013938E2
1.00999999999999801E1	2.52000000000000002E9	-1.38042296611811777E2
1.00999999999999801E1	2.53000000000000025E9	-1.39130334646260723E2
1.00999999999999801E1	2.54000000000000004E9	-1.39984373175363674E2
1.00999999999999801E1	2.54999999999999982E9	-1.40668317373613450E2
1.00999999999999801E1	2.56000000000000005E9	-1.41226510498850821E2
1.00999999999999801E1	2.56999999999999984E9	-1.41690543488384524E2
1.00999999999999801E1	2.58000000000000007E9	-1.42083336867031895E2
1.00999999999999801E1	2.58999999999999986E9	-1.42421748096458400E2
1.00999999999999801E1	2.60000000000000009E9	-1.42718311085066940E2
1.00999999999999801E1	2.61000000000000032E9	-1.42982432264635584E2
1.00999999999999801E1	2.62000000000000011E9	-1.43221228604289519E2
1.00999999999999801E1	2.62999999999999989E9	-1.43440124279456382E2
1.00999999999999801E1	2.63999999999999968E9	-1.43643280431506981E2
1.00999999999999801E1	2.64999999999999991E9	-1.43833907710481745E2
1.00999999999999801E1	2.66000000000000014E9	-1.44014496039981643E2
1.00999999999999801E1	2.66999999999999993E9	-1.44186984719129718E2
1.00999999999999801E1	2.68000000000000016E9	-1.44352889772340798E2
1.00999999999999801E1	2.68999999999999995E9	-1.44513399621683791E2
1.00999999999999801E1	2.70000000000000018E9	-1.44669447914244720E2

var_c	indep(index, 1)	plot_vs(pnmx, noisefreq)[80, ::]
1.01999999999999802E1	2.29999999999999982E9	-1.43179499004087685E2
1.01999999999999802E1	2.31000000000000005E9	-1.42963832121797307E2
1.01999999999999802E1	2.31999999999999984E9	-1.42730095408953583E2
1.01999999999999802E1	2.33000000000000007E9	-1.42473662610505070E2
1.01999999999999802E1	2.33999999999999986E9	-1.42188503939719246E2
1.01999999999999802E1	2.35000000000000009E9	-1.41866699195637946E2
1.01999999999999802E1	2.36000000000000032E9	-1.41497752081880557E2
1.01999999999999802E1	2.37000000000000011E9	-1.41067609609255884E2
1.01999999999999802E1	2.37999999999999989E9	-1.40557231100933566E2
1.01999999999999802E1	2.38999999999999968E9	-1.39940442027907719E2
1.01999999999999802E1	2.39999999999999991E9	-1.39180594957317738E2
1.01999999999999802E1	2.41000000000000014E9	-1.38225102342426820E2
1.01999999999999802E1	2.41999999999999993E9	-1.36995858693103911E2
1.01999999999999802E1	2.43000000000000016E9	-1.35371062100501205E2
1.01999999999999802E1	2.43999999999999995E9	-1.33148507139260142E2
1.01999999999999802E1	2.45000000000000018E9	-1.29981994971054382E2
1.01999999999999802E1	2.45999999999999996E9	-1.25578291358117689E2
1.01999999999999802E1	2.46999999999999975E9	-1.23456922924179824E2
1.01999999999999802E1	2.47999999999999998E9	-1.28338144707359536E2
1.01999999999999802E1	2.48999999999999977E9	-1.32133527494415648E2
1.01999999999999802E1	2.50000000000000000E9	-1.34763471236194587E2
1.01999999999999802E1	2.51000000000000023E9	-1.36655199296590935E2
1.01999999999999802E1	2.52000000000000002E9	-1.38067058240451779E2
1.01999999999999802E1	2.53000000000000025E9	-1.39150571311235005E2
1.01999999999999802E1	2.54000000000000004E9	-1.40001110401137785E2
1.01999999999999802E1	2.54999999999999982E9	-1.40682301910444219E2
1.01999999999999802E1	2.56000000000000005E9	-1.41238303815223842E2
1.01999999999999802E1	2.56999999999999984E9	-1.41700575837542675E2
1.01999999999999802E1	2.58000000000000007E9	-1.42091941949126932E2
1.01999999999999802E1	2.58999999999999986E9	-1.42429186990090750E2
1.01999999999999802E1	2.60000000000000009E9	-1.42724789600945567E2
1.01999999999999802E1	2.61000000000000032E9	-1.42988113527032645E2
1.01999999999999802E1	2.62000000000000011E9	-1.43226242815539750E2
1.01999999999999802E1	2.62999999999999989E9	-1.43444575920508388E2
1.01999999999999802E1	2.63999999999999968E9	-1.43647253842773637E2
1.01999999999999802E1	2.64999999999999991E9	-1.43837471306488096E2
1.01999999999999802E1	2.66000000000000014E9	-1.44017705732796286E2
1.01999999999999802E1	2.66999999999999993E9	-1.44189886400718703E2
1.01999999999999802E1	2.68000000000000016E9	-1.44355521280383248E2
1.01999999999999802E1	2.68999999999999995E9	-1.44515792344705352E2
1.01999999999999802E1	2.70000000000000018E9	-1.44671628096427618E2

var_c	indep(index, 1)	plot_vs(pnmx, noisefreq)[81, ::]
1.02999999999999803E1	2.29999999999999982E9	-1.43177394242872724E2
1.02999999999999803E1	2.31000000000000005E9	-1.42961757869911343E2
1.02999999999999803E1	2.31999999999999984E9	-1.42728023882050414E2
1.02999999999999803E1	2.33000000000000007E9	-1.42471552924364930E2
1.02999999999999803E1	2.33999999999999986E9	-1.42186296637591569E2
1.02999999999999803E1	2.35000000000000009E9	-1.41864307893913999E2
1.02999999999999803E1	2.36000000000000032E9	-1.41495051337525446E2
1.02999999999999803E1	2.37000000000000011E9	-1.41064416590953989E2
1.02999999999999803E1	2.37999999999999989E9	-1.40553276764730462E2
1.02999999999999803E1	2.38999999999999968E9	-1.39935326591731735E2
1.02999999999999803E1	2.39999999999999991E9	-1.39173714145031169E2
1.02999999999999803E1	2.41000000000000014E9	-1.38215521017641629E2
1.02999999999999803E1	2.41999999999999993E9	-1.36982078638273963E2
1.02999999999999803E1	2.43000000000000016E9	-1.35350556876304218E2
1.02999999999999803E1	2.43999999999999995E9	-1.33116747859120510E2
1.02999999999999803E1	2.45000000000000018E9	-1.29931045617180940E2
1.02999999999999803E1	2.45999999999999996E9	-1.25510313137839136E2
1.02999999999999803E1	2.46999999999999975E9	-1.23536367325472574E2
1.02999999999999803E1	2.47999999999999998E9	-1.28404678411078477E2
1.02999999999999803E1	2.48999999999999977E9	-1.32183626730201342E2
1.02999999999999803E1	2.50000000000000000E9	-1.34801670110451366E2
1.02999999999999803E1	2.51000000000000023E9	-1.36685248937902948E2
1.02999999999999803E1	2.52000000000000002E9	-1.38091221522163377E2
1.02999999999999803E1	2.53000000000000025E9	-1.39170303976919274E2
1.02999999999999803E1	2.54000000000000004E9	-1.40017419248689778E2
1.02999999999999803E1	2.54999999999999982E9	-1.40695920055817725E2
1.02999999999999803E1	2.56000000000000005E9	-1.41249781626941062E2
1.02999999999999803E1	2.56999999999999984E9	-1.41710334600485766E2
1.02999999999999803E1	2.58000000000000007E9	-1.42100308258081509E2
1.02999999999999803E1	2.58999999999999986E9	-1.42436416050266645E2
1.02999999999999803E1	2.60000000000000009E9	-1.42731082497873452E2
1.02999999999999803E1	2.61000000000000032E9	-1.42993629590450788E2
1.02999999999999803E1	2.62000000000000011E9	-1.43231109076259489E2
1.02999999999999803E1	2.62999999999999989E9	-1.43448894313208619E2
1.02999999999999803E1	2.63999999999999968E9	-1.43651106563508701E2
1.02999999999999803E1	2.64999999999999991E9	-1.43840925110796825E2
1.02999999999999803E1	2.66000000000000014E9	-1.44020815023633486E2
1.02999999999999803E1	2.66999999999999993E9	-1.44192695888388256E2
1.02999999999999803E1	2.68000000000000016E9	-1.44358067801371659E2
1.02999999999999803E1	2.68999999999999995E9	-1.44518106520681222E2
1.02999999999999803E1	2.70000000000000018E9	-1.44673735406815718E2

var_c	indep(index, 1)	plot_vs(pnmx, noisefreq)[82, ::]
1.03999999999999782E1	2.29999999999999982E9	-1.43175300361613766E2
1.03999999999999782E1	2.31000000000000005E9	-1.42959692096456026E2
1.03999999999999782E1	2.31999999999999984E9	-1.42725958692489785E2
1.03999999999999782E1	2.33000000000000007E9	-1.42469447906992874E2
1.03999999999999782E1	2.33999999999999986E9	-1.42184093005012069E2
1.03999999999999782E1	2.35000000000000009E9	-1.41861920448642320E2
1.03999999999999782E1	2.36000000000000032E9	-1.41492356488966786E2
1.03999999999999782E1	2.37000000000000011E9	-1.41061233868898173E2
1.03999999999999782E1	2.37999999999999989E9	-1.40549341366355618E2
1.03999999999999782E1	2.38999999999999968E9	-1.39930244603981135E2
1.03999999999999782E1	2.39999999999999991E9	-1.39166890546496513E2
1.03999999999999782E1	2.41000000000000014E9	-1.38206035048740761E2
1.03999999999999782E1	2.41999999999999993E9	-1.36968454012899299E2
1.03999999999999782E1	2.43000000000000016E9	-1.35330303037292810E2
1.03999999999999782E1	2.43999999999999995E9	-1.33085392073247988E2
1.03999999999999782E1	2.45000000000000018E9	-1.29880754410096744E2
1.03999999999999782E1	2.45999999999999996E9	-1.25443745579068033E2
1.03999999999999782E1	2.46999999999999975E9	-1.23611249743559126E2
1.03999999999999782E1	2.47999999999999998E9	-1.28469899798351750E2
1.03999999999999782E1	2.48999999999999977E9	-1.32232655468183724E2
1.03999999999999782E1	2.50000000000000000E9	-1.34839017602082323E2
1.03999999999999782E1	2.51000000000000023E9	-1.36714602785345596E2
1.03999999999999782E1	2.52000000000000002E9	-1.38114806133646417E2
1.03999999999999782E1	2.53000000000000025E9	-1.39189549467615636E2
1.03999999999999782E1	2.54000000000000004E9	-1.40033314811131460E2
1.03999999999999782E1	2.54999999999999982E9	-1.40709184828103817E2
1.03999999999999782E1	2.56000000000000005E9	-1.41260955323391868E2
1.03999999999999782E1	2.56999999999999984E9	-1.41719829823838239E2
1.03999999999999782E1	2.58000000000000007E9	-1.42108444559782865E2
1.03999999999999782E1	2.58999999999999986E9	-1.42443443106843648E2
1.03999999999999782E1	2.60000000000000009E9	-1.42737196742643602E2
1.03999999999999782E1	2.61000000000000032E9	-1.42998986687167018E2
1.03999999999999782E1	2.62000000000000011E9	-1.43235833043720051E2
1.03999999999999782E1	2.62999999999999989E9	-1.43453084560585853E2
1.03999999999999782E1	2.63999999999999968E9	-1.43654843291537837E2
1.03999999999999782E1	2.64999999999999991E9	-1.43844273380450116E2
1.03999999999999782E1	2.66000000000000014E9	-1.44023827886650113E2
1.03999999999999782E1	2.66999999999999993E9	-1.44195416855637459E2
1.03999999999999782E1	2.68000000000000016E9	-1.44360532801613095E2
1.03999999999999782E1	2.68999999999999995E9	-1.44520345313207810E2
1.03999999999999782E1	2.70000000000000018E9	-1.44675772831152805E2

var_c	indep(index, 1)	plot_vs(pnmx, noisefreq)[83, ::]
1.04999999999999782E1	2.29999999999999982E9	-1.43173217713568501E2
1.04999999999999782E1	2.31000000000000005E9	-1.42957635272837358E2
1.04999999999999782E1	2.31999999999999984E9	-1.42723900430921313E2
1.04999999999999782E1	2.33000000000000007E9	-1.42467348197100341E2
1.04999999999999782E1	2.33999999999999986E9	-1.42181893839074691E2
1.04999999999999782E1	2.35000000000000009E9	-1.41859537750412379E2
1.04999999999999782E1	2.36000000000000032E9	-1.41489668140509939E2
1.04999999999999782E1	2.37000000000000011E9	-1.41058062313314880E2
1.04999999999999782E1	2.37999999999999989E9	-1.40545425397794932E2
1.04999999999999782E1	2.38999999999999968E9	-1.39925196495531257E2
1.04999999999999782E1	2.39999999999999991E9	-1.39160124128495144E2
1.04999999999999782E1	2.41000000000000014E9	-1.38196643344267156E2
1.04999999999999782E1	2.41999999999999993E9	-1.36954982805670222E2
1.04999999999999782E1	2.43000000000000016E9	-1.35310295900220123E2
1.04999999999999782E1	2.43999999999999995E9	-1.33054432423225166E2
1.04999999999999782E1	2.45000000000000018E9	-1.29831110312003339E2
1.04999999999999782E1	2.45999999999999996E9	-1.25378565249954810E2
1.04999999999999782E1	2.46999999999999975E9	-1.23682417339390249E2
1.04999999999999782E1	2.47999999999999998E9	-1.28533844741865799E2
1.04999999999999782E1	2.48999999999999977E9	-1.32280644518221835E2
1.04999999999999782E1	2.50000000000000000E9	-1.34875539051826765E2
1.04999999999999782E1	2.51000000000000023E9	-1.36743282366538832E2
1.04999999999999782E1	2.52000000000000002E9	-1.38137830274297446E2
1.04999999999999782E1	2.53000000000000025E9	-1.39208323938945311E2
1.04999999999999782E1	2.54000000000000004E9	-1.40048811023652031E2
1.04999999999999782E1	2.54999999999999982E9	-1.40722108593220807E2
1.04999999999999782E1	2.56000000000000005E9	-1.41271835500566700E2
1.04999999999999782E1	2.56999999999999984E9	-1.41729070892273690E2
1.04999999999999782E1	2.58000000000000007E9	-1.42116359283878735E2
1.04999999999999782E1	2.58999999999999986E9	-1.42450275621337097E2
1.04999999999999782E1	2.60000000000000009E9	-1.42743139077934567E2
1.04999999999999782E1	2.61000000000000032E9	-1.43004190866784731E2
1.04999999999999782E1	2.62000000000000011E9	-1.43240420132586310E2
1.04999999999999782E1	2.62999999999999989E9	-1.43457151623913037E2
1.04999999999999782E1	2.63999999999999968E9	-1.43658468541795181E2
1.04999999999999782E1	2.64999999999999991E9	-1.43847520241871929E2
1.04999999999999782E1	2.66000000000000014E9	-1.44026748091441137E2
1.04999999999999782E1	2.66999999999999993E9	-1.44198052825989254E2
1.04999999999999782E1	2.68000000000000016E9	-1.44362919509089749E2
1.04999999999999782E1	2.68999999999999995E9	-1.44522511760497041E2
1.04999999999999782E1	2.70000000000000018E9	-1.44677743193243491E2

var_c	indep(index, 1)	plot_vs(pnmx, noisefreq)[84, ::]
1.05999999999999783E1	2.29999999999999982E9	-1.43171146608838562E2
1.05999999999999783E1	2.31000000000000005E9	-1.42955587832482989E2
1.05999999999999783E1	2.31999999999999984E9	-1.42721849542797319E2
1.05999999999999783E1	2.33000000000000007E9	-1.42465254430162047E2
1.05999999999999783E1	2.33999999999999986E9	-1.42179699789592129E2
1.05999999999999783E1	2.35000000000000009E9	-1.41857160343241739E2
1.05999999999999783E1	2.36000000000000032E9	-1.41486987152528720E2
1.05999999999999783E1	2.37000000000000011E9	-1.41054902472817534E2
1.05999999999999783E1	2.37999999999999989E9	-1.40541529534957932E2
1.05999999999999783E1	2.38999999999999968E9	-1.39920182288956796E2
1.05999999999999783E1	2.39999999999999991E9	-1.39153414471943693E2
1.05999999999999783E1	2.41000000000000014E9	-1.38187344951841373E2
1.05999999999999783E1	2.41999999999999993E9	-1.36941662342701664E2
1.05999999999999783E1	2.43000000000000016E9	-1.35290531385181412E2
1.05999999999999783E1	2.43999999999999995E9	-1.33023862796381453E2
1.05999999999999783E1	2.45000000000000018E9	-1.29782103114665581E2
1.05999999999999783E1	2.45999999999999996E9	-1.25314743999147860E2
1.05999999999999783E1	2.46999999999999975E9	-1.23750524536730544E2
1.05999999999999783E1	2.47999999999999998E9	-1.28596547463368904E2
1.05999999999999783E1	2.48999999999999977E9	-1.32327622397050493E2
1.05999999999999783E1	2.50000000000000000E9	-1.34911258166761794E2
1.05999999999999783E1	2.51000000000000023E9	-1.36771308317992291E2
1.05999999999999783E1	2.52000000000000002E9	-1.38160311715089001E2
1.05999999999999783E1	2.53000000000000025E9	-1.39226642752127505E2
1.05999999999999783E1	2.54000000000000004E9	-1.40063921176157558E2
1.05999999999999783E1	2.54999999999999982E9	-1.40734702767752995E2
1.05999999999999783E1	2.56000000000000005E9	-1.41282432667772562E2
1.05999999999999783E1	2.56999999999999984E9	-1.41738066947238517E2
1.05999999999999783E1	2.58000000000000007E9	-1.42124060390212081E2
1.05999999999999783E1	2.58999999999999986E9	-1.42456920693632894E2
1.05999999999999783E1	2.60000000000000009E9	-1.42748915831683654E2
1.05999999999999783E1	2.61000000000000032E9	-1.43009247773689419E2
1.05999999999999783E1	2.62000000000000011E9	-1.43244875516905279E2
1.05999999999999783E1	2.62999999999999989E9	-1.43461100170733324E2
1.05999999999999783E1	2.63999999999999968E9	-1.43661986569331979E2
1.05999999999999783E1	2.64999999999999991E9	-1.43850669622408933E2
1.05999999999999783E1	2.66000000000000014E9	-1.44029579258533724E2
1.05999999999999783E1	2.66999999999999993E9	-1.44200607126159008E2
1.05999999999999783E1	2.68000000000000016E9	-1.44365231010936124E2
1.05999999999999783E1	2.68999999999999995E9	-1.44524608731300974E2
1.05999999999999783E1	2.70000000000000018E9	-1.44679649166380253E2

var_c	indep(index, 1)	plot_vs(pnmx, noisefreq)[85, ::]
1.06999999999999784E1	2.29999999999999982E9	-1.43169087393608518E2
1.06999999999999784E1	2.31000000000000005E9	-1.42953550133333396E2
1.06999999999999784E1	2.31999999999999984E9	-1.42719806598074062E2
1.06999999999999784E1	2.33000000000000007E9	-1.42463167124889867E2
1.06999999999999784E1	2.33999999999999986E9	-1.42177511421064318E2
1.06999999999999784E1	2.35000000000000009E9	-1.41854788994149716E2
1.06999999999999784E1	2.36000000000000032E9	-1.41484314117170173E2
1.06999999999999784E1	2.37000000000000011E9	-1.41051755024513414E2
1.06999999999999784E1	2.37999999999999989E9	-1.40537654040734972E2
1.06999999999999784E1	2.38999999999999968E9	-1.39915202426221397E2
1.06999999999999784E1	2.39999999999999991E9	-1.39146761431996202E2
1.06999999999999784E1	2.41000000000000014E9	-1.38178138559960706E2
1.06999999999999784E1	2.41999999999999993E9	-1.36928490480082088E2
1.06999999999999784E1	2.43000000000000016E9	-1.35271005284470447E2
1.06999999999999784E1	2.43999999999999995E9	-1.32993675331225170E2
1.06999999999999784E1	2.45000000000000018E9	-1.29733722484490066E2
1.06999999999999784E1	2.45999999999999996E9	-1.25252254859057222E2
1.06999999999999784E1	2.46999999999999975E9	-1.23816078942938934E2
1.06999999999999784E1	2.47999999999999998E9	-1.28658040725552381E2
1.06999999999999784E1	2.48999999999999977E9	-1.32373618035498852E2
1.06999999999999784E1	2.50000000000000000E9	-1.34946198694643771E2
1.06999999999999784E1	2.51000000000000023E9	-1.36798700112369920E2
1.06999999999999784E1	2.52000000000000002E9	-1.38182267779195733E2
1.06999999999999784E1	2.53000000000000025E9	-1.39244520734957611E2
1.06999999999999784E1	2.54000000000000004E9	-1.40078658341907625E2
1.06999999999999784E1	2.54999999999999982E9	-1.40746978915768617E2
1.06999999999999784E1	2.56000000000000005E9	-1.41292756514415063E2
1.06999999999999784E1	2.56999999999999984E9	-1.41746826647246049E2
1.06999999999999784E1	2.58000000000000007E9	-1.42131555588610858E2
1.06999999999999784E1	2.58999999999999986E9	-1.42463385118859986E2
1.06999999999999784E1	2.60000000000000009E9	-1.42754533085740687E2
1.06999999999999784E1	2.61000000000000032E9	-1.43014162964701885E2
1.06999999999999784E1	2.62000000000000011E9	-1.43249204096286009E2
1.06999999999999784E1	2.62999999999999989E9	-1.43464934658653598E2
1.06999999999999784E1	2.63999999999999968E9	-1.43665401453812924E2
1.06999999999999784E1	2.64999999999999991E9	-1.43853725254498910E2
1.06999999999999784E1	2.66000000000000014E9	-1.44032324819384128E2
1.06999999999999784E1	2.66999999999999993E9	-1.44203082904809854E2
1.06999999999999784E1	2.68000000000000016E9	-1.44367470255912678E2
1.06999999999999784E1	2.68999999999999995E9	-1.44526638967107379E2
1.06999999999999784E1	2.70000000000000018E9	-1.44681493330696176E2

var_c	indep(index, 1)	plot_vs(pnmx, noisefreq)[86, ::]
1.07999999999999785E1	2.29999999999999982E9	-1.43167040288924219E2
1.07999999999999785E1	2.31000000000000005E9	-1.42951522545113252E2
1.07999999999999785E1	2.31999999999999984E9	-1.42717771988712117E2
1.07999999999999785E1	2.33000000000000007E9	-1.42461086790038505E2
1.07999999999999785E1	2.33999999999999986E9	-1.42175329334213130E2
1.07999999999999785E1	2.35000000000000009E9	-1.41852424250574205E2
1.07999999999999785E1	2.36000000000000032E9	-1.41481649635715456E2
1.07999999999999785E1	2.37000000000000011E9	-1.41048620366939814E2
1.07999999999999785E1	2.37999999999999989E9	-1.40533799422978189E2
1.07999999999999785E1	2.38999999999999968E9	-1.39910256720728432E2
1.07999999999999785E1	2.39999999999999991E9	-1.39140164369285002E2
1.07999999999999785E1	2.41000000000000014E9	-1.38169022936783170E2
1.07999999999999785E1	2.41999999999999993E9	-1.36915464793258890E2
1.07999999999999785E1	2.43000000000000016E9	-1.35251713594940126E2
1.07999999999999785E1	2.43999999999999995E9	-1.32963864516721886E2
1.07999999999999785E1	2.45000000000000018E9	-1.29685959127387540E2
1.07999999999999785E1	2.45999999999999996E9	-1.25191071179087521E2
1.07999999999999785E1	2.46999999999999975E9	-1.23879477963859541E2
1.07999999999999785E1	2.47999999999999998E9	-1.28718355867344281E2
1.07999999999999785E1	2.48999999999999977E9	-1.32418657999662881E2
1.07999999999999785E1	2.50000000000000000E9	-1.34980382735404580E2
1.07999999999999785E1	2.51000000000000023E9	-1.36825477166436316E2
1.07999999999999785E1	2.52000000000000002E9	-1.38203714910659325E2
1.07999999999999785E1	2.53000000000000025E9	-1.39261972312318005E2
1.07999999999999785E1	2.54000000000000004E9	-1.40093034964634922E2
1.07999999999999785E1	2.54999999999999982E9	-1.40758947845623905E2
1.07999999999999785E1	2.56000000000000005E9	-1.41302816650374385E2
1.07999999999999785E1	2.56999999999999984E9	-1.41755358239272300E2
1.07999999999999785E1	2.58000000000000007E9	-1.42138852288790973E2
1.07999999999999785E1	2.58999999999999986E9	-1.42469675464900236E2
1.07999999999999785E1	2.60000000000000009E9	-1.42759996604887895E2
1.07999999999999785E1	2.61000000000000032E9	-1.43018941572090119E2
1.07999999999999785E1	2.62000000000000011E9	-1.43253410595281250E2
1.07999999999999785E1	2.62999999999999989E9	-1.43468659372749086E2
1.07999999999999785E1	2.63999999999999968E9	-1.43668717074805219E2
1.07999999999999785E1	2.64999999999999991E9	-1.43856690672727394E2
1.07999999999999785E1	2.66000000000000014E9	-1.44034988020128440E2
1.07999999999999785E1	2.66999999999999993E9	-1.44205483217738273E2
1.07999999999999785E1	2.68000000000000016E9	-1.44369640055832127E2
1.07999999999999785E1	2.68999999999999995E9	-1.44528605071439920E2
1.07999999999999785E1	2.70000000000000018E9	-1.44683278109596536E2

var_c	indep(index, 1)	plot_vs(pnmx, noisefreq)[87, ::]
1.08999999999999764E1	2.29999999999999982E9	-1.43165005560267300E2
1.08999999999999764E1	2.31000000000000005E9	-1.42949505424968004E2
1.08999999999999764E1	2.31999999999999984E9	-1.42715746128297472E2
1.08999999999999764E1	2.33000000000000007E9	-1.42459013903367082E2
1.08999999999999764E1	2.33999999999999986E9	-1.42173154075801134E2
1.08999999999999764E1	2.35000000000000009E9	-1.41850066684197773E2
1.08999999999999764E1	2.36000000000000032E9	-1.41478994223825971E2
1.08999999999999764E1	2.37000000000000011E9	-1.41045499093555304E2
1.08999999999999764E1	2.37999999999999989E9	-1.40529965951578739E2
1.08999999999999764E1	2.38999999999999968E9	-1.39905345404586168E2
1.08999999999999764E1	2.39999999999999991E9	-1.39133623180709920E2
1.08999999999999764E1	2.41000000000000014E9	-1.38159997512764754E2
1.08999999999999764E1	2.41999999999999993E9	-1.36902583175361592E2
1.08999999999999764E1	2.43000000000000016E9	-1.35232652226888916E2
1.08999999999999764E1	2.43999999999999995E9	-1.32934423158534587E2
1.08999999999999764E1	2.45000000000000018E9	-1.29638803181024964E2
1.08999999999999764E1	2.45999999999999996E9	-1.25131165246488774E2
1.08999999999999764E1	2.46999999999999975E9	-1.23941038903697320E2
1.08999999999999764E1	2.47999999999999998E9	-1.28777524809749444E2
1.08999999999999764E1	2.48999999999999977E9	-1.32462769185477813E2
1.08999999999999764E1	2.50000000000000000E9	-1.35013832275986667E2
1.08999999999999764E1	2.51000000000000023E9	-1.36851657778882552E2
1.08999999999999764E1	2.52000000000000002E9	-1.38224668803896233E2
1.08999999999999764E1	2.53000000000000025E9	-1.39279011043176348E2
1.08999999999999764E1	2.54000000000000004E9	-1.40107062699349760E2
1.08999999999999764E1	2.54999999999999982E9	-1.40770619763467297E2
1.08999999999999764E1	2.56000000000000005E9	-1.41312622024191326E2
1.08999999999999764E1	2.56999999999999984E9	-1.41763669777858281E2
1.08999999999999764E1	2.58000000000000007E9	-1.42145957292135749E2
1.08999999999999764E1	2.58999999999999986E9	-1.42475797904202861E2
1.08999999999999764E1	2.60000000000000009E9	-1.42765312004916511E2
1.08999999999999764E1	2.61000000000000032E9	-1.43023588566493287E2
1.08999999999999764E1	2.62000000000000011E9	-1.43257499501691865E2
1.08999999999999764E1	2.62999999999999989E9	-1.43472278355523564E2
1.08999999999999764E1	2.63999999999999968E9	-1.43671937144903827E2
1.08999999999999764E1	2.64999999999999991E9	-1.43859569295911660E2
1.08999999999999764E1	2.66000000000000014E9	-1.44037572036090289E2
1.08999999999999764E1	2.66999999999999993E9	-1.44207810939504699E2
1.08999999999999764E1	2.68000000000000016E9	-1.44371743078299630E2
1.08999999999999764E1	2.68999999999999995E9	-1.44530509560500198E2
1.08999999999999764E1	2.70000000000000018E9	-1.44685005817190460E2

var_c	indep(index, 1)	plot_vs(pnmx, noisefreq)[88, ::]
1.09999999999999765E1	2.29999999999999982E9	-1.43162983455505599E2
1.09999999999999765E1	2.31000000000000005E9	-1.42947499046552817E2
1.09999999999999765E1	2.31999999999999984E9	-1.42713729401104916E2
1.09999999999999765E1	2.33000000000000007E9	-1.42456948901070612E2
1.09999999999999765E1	2.33999999999999986E9	-1.42170986095526963E2
1.09999999999999765E1	2.35000000000000009E9	-1.41847716826290160E2
1.09999999999999765E1	2.36000000000000032E9	-1.41476348500364857E2
1.09999999999999765E1	2.37000000000000011E9	-1.41042391742521667E2
1.09999999999999765E1	2.37999999999999989E9	-1.40526154037991668E2
1.09999999999999765E1	2.38999999999999968E9	-1.39900468654870136E2
1.09999999999999765E1	2.39999999999999991E9	-1.39127137382961807E2
1.09999999999999765E1	2.41000000000000014E9	-1.38151060798966507E2
1.09999999999999765E1	2.41999999999999993E9	-1.36889843319968674E2
1.09999999999999765E1	2.43000000000000016E9	-1.35213817654643687E2
1.09999999999999765E1	2.43999999999999995E9	-1.32905345562105071E2
1.09999999999999765E1	2.45000000000000018E9	-1.29592244890675423E2
1.09999999999999765E1	2.45999999999999996E9	-1.25072508806529670E2
1.09999999999999765E1	2.46999999999999975E9	-1.24001009939365670E2
1.09999999999999765E1	2.47999999999999998E9	-1.28835576068195334E2
1.09999999999999765E1	2.48999999999999977E9	-1.32505976691335325E2
1.09999999999999765E1	2.50000000000000000E9	-1.35046567827716135E2
1.09999999999999765E1	2.51000000000000023E9	-1.36877259783589933E2
1.09999999999999765E1	2.52000000000000002E9	-1.38245144804797726E2
1.09999999999999765E1	2.53000000000000025E9	-1.39295650196334231E2
1.09999999999999765E1	2.54000000000000004E9	-1.40120753311290680E2
1.09999999999999765E1	2.54999999999999982E9	-1.40782004675317296E2
1.09999999999999765E1	2.56000000000000005E9	-1.41322181278779579E2
1.09999999999999765E1	2.56999999999999984E9	-1.41771768721221969E2
1.09999999999999765E1	2.58000000000000007E9	-1.42152877496124885E2
1.09999999999999765E1	2.58999999999999986E9	-1.42481758423565408E2
1.09999999999999765E1	2.60000000000000009E9	-1.42770484542280762E2
1.09999999999999765E1	2.61000000000000032E9	-1.43028108768050766E2
1.09999999999999765E1	2.62000000000000011E9	-1.43261475087520607E2
1.09999999999999765E1	2.62999999999999989E9	-1.43475795512806803E2
1.09999999999999765E1	2.63999999999999968E9	-1.43675065186414153E2
1.09999999999999765E1	2.64999999999999991E9	-1.43862364374802953E2
1.09999999999999765E1	2.66000000000000014E9	-1.44040079788026065E2
1.09999999999999765E1	2.66999999999999993E9	-1.44210068814339709E2
1.09999999999999765E1	2.68000000000000016E9	-1.44373781862203510E2
1.09999999999999765E1	2.68999999999999995E9	-1.44532354770324734E2
1.09999999999999765E1	2.70000000000000018E9	-1.44686678685392112E2

var_c	indep(index, 1)	plot_vs(pnmx, noisefreq)[89, ::]
1.10999999999999766E1	2.29999999999999982E9	-1.43160974162696664E2
1.10999999999999766E1	2.31000000000000005E9	-1.42945503651506844E2
1.10999999999999766E1	2.31999999999999984E9	-1.42711722126327301E2
1.10999999999999766E1	2.33000000000000007E9	-1.42454892202807848E2
1.10999999999999766E1	2.33999999999999986E9	-1.42168825904995688E2
1.10999999999999766E1	2.35000000000000009E9	-1.41845375198281864E2
1.10999999999999766E1	2.36000000000000032E9	-1.41473712856417011E2
1.10999999999999766E1	2.37000000000000011E9	-1.41039298599076335E2
1.10999999999999766E1	2.37999999999999989E9	-1.40522363983840015E2
1.10999999999999766E1	2.38999999999999968E9	-1.39895626268460194E2
1.10999999999999766E1	2.39999999999999991E9	-1.39120706689253892E2
1.10999999999999766E1	2.41000000000000014E9	-1.38142211814847005E2
1.10999999999999766E1	2.41999999999999993E9	-1.36877243178973584E2
1.10999999999999766E1	2.43000000000000016E9	-1.35195205329264589E2
1.10999999999999766E1	2.43999999999999995E9	-1.32876624811227839E2
1.10999999999999766E1	2.45000000000000018E9	-1.29546275635355634E2
1.10999999999999766E1	2.45999999999999996E9	-1.25015073122324361E2
1.10999999999999766E1	2.46999999999999975E9	-1.24059593375114607E2
1.10999999999999766E1	2.47999999999999998E9	-1.28892538269439516E2
1.10999999999999766E1	2.48999999999999977E9	-1.32548305190291638E2
1.10999999999999766E1	2.50000000000000000E9	-1.35078610167048829E2
1.10999999999999766E1	2.51000000000000023E9	-1.36902300240814068E2
1.10999999999999766E1	2.52000000000000002E9	-1.38265157478544443E2
1.10999999999999766E1	2.53000000000000025E9	-1.39311902249506225E2
1.10999999999999766E1	2.54000000000000004E9	-1.40134117372602174E2
1.10999999999999766E1	2.54999999999999982E9	-1.40793111974194707E2
1.10999999999999766E1	2.56000000000000005E9	-1.41331502812967691E2
1.10999999999999766E1	2.56999999999999984E9	-1.41779662439096854E2
1.10999999999999766E1	2.58000000000000007E9	-1.42159619245088953E2
1.10999999999999766E1	2.58999999999999986E9	-1.42487562626027819E2
1.10999999999999766E1	2.60000000000000009E9	-1.42775519271043327E2
1.10999999999999766E1	2.61000000000000032E9	-1.43032506642308732E2
1.10999999999999766E1	2.62000000000000011E9	-1.43265341436603078E2
1.10999999999999766E1	2.62999999999999989E9	-1.43479214528171073E2
1.10999999999999766E1	2.63999999999999968E9	-1.43678104604274104E2
1.10999999999999766E1	2.64999999999999991E9	-1.43865078955289261E2
1.10999999999999766E1	2.66000000000000014E9	-1.44042514164550028E2
1.10999999999999766E1	2.66999999999999993E9	-1.44212259468009618E2
1.10999999999999766E1	2.68000000000000016E9	-1.44375758860266878E2
1.10999999999999766E1	2.68999999999999995E9	-1.44534142977629432E2
1.10999999999999766E1	2.70000000000000018E9	-1.44688298813902105E2

var_c	indep(index, 1)	plot_vs(pnmx, noisefreq)[90, ::]
1.11999999999999766E1	2.29999999999999982E9	-1.43158977846344815E2
1.11999999999999766E1	2.31000000000000005E9	-1.42943519536393526E2
1.11999999999999766E1	2.31999999999999984E9	-1.42709724635344393E2
1.11999999999999766E1	2.33000000000000007E9	-1.42452844198360085E2
1.11999999999999766E1	2.33999999999999986E9	-1.42166673894271267E2
1.11999999999999766E1	2.35000000000000009E9	-1.41843042212372605E2
1.11999999999999766E1	2.36000000000000032E9	-1.41471087756188618E2
1.11999999999999766E1	2.37000000000000011E9	-1.41036220197445372E2
1.11999999999999766E1	2.37999999999999989E9	-1.40518596025644515E2
1.11999999999999766E1	2.38999999999999968E9	-1.39890818500253955E2
1.11999999999999766E1	2.39999999999999991E9	-1.39114330590536683E2
1.11999999999999766E1	2.41000000000000014E9	-1.38133449556586174E2
1.11999999999999766E1	2.41999999999999993E9	-1.36864780527187069E2
1.11999999999999766E1	2.43000000000000016E9	-1.35176811937454144E2
1.11999999999999766E1	2.43999999999999995E9	-1.32848255550023486E2
1.11999999999999766E1	2.45000000000000018E9	-1.29500885148779510E2
1.11999999999999766E1	2.45999999999999996E9	-1.24958827849874687E2
1.11999999999999766E1	2.46999999999999975E9	-1.24116949816285493E2
1.11999999999999766E1	2.47999999999999998E9	-1.28948438623164807E2
1.11999999999999766E1	2.48999999999999977E9	-1.32589778417823356E2
1.11999999999999766E1	2.50000000000000000E9	-1.35109978390470298E2
1.11999999999999766E1	2.51000000000000023E9	-1.36926795453768957E2
1.11999999999999766E1	2.52000000000000002E9	-1.38284721285177792E2
1.11999999999999766E1	2.53000000000000025E9	-1.39327779596900481E2
1.11999999999999766E1	2.54000000000000004E9	-1.40147165642552429E2
1.11999999999999766E1	2.54999999999999982E9	-1.40803950962230862E2
1.11999999999999766E1	2.56000000000000005E9	-1.41340594453580426E2
1.11999999999999766E1	2.56999999999999984E9	-1.41787357782081402E2
1.11999999999999766E1	2.58000000000000007E9	-1.42166188680485162E2
1.11999999999999766E1	2.58999999999999986E9	-1.42493215992604094E2
1.11999999999999766E1	2.60000000000000009E9	-1.42780421086251530E2
1.11999999999999766E1	2.61000000000000032E9	-1.43036786578435793E2
1.11999999999999766E1	2.62000000000000011E9	-1.43269102478268340E2
1.11999999999999766E1	2.62999999999999989E9	-1.43482538963290218E2
1.11999999999999766E1	2.63999999999999968E9	-1.43681058610173462E2
1.11999999999999766E1	2.64999999999999991E9	-1.43867716028598780E2
1.11999999999999766E1	2.66000000000000014E9	-1.44044877852607245E2
1.11999999999999766E1	2.66999999999999993E9	-1.44214385406721801E2
1.11999999999999766E1	2.68000000000000016E9	-1.44377676381196851E2
1.11999999999999766E1	2.68999999999999995E9	-1.44535876340264280E2
1.11999999999999766E1	2.70000000000000018E9	-1.44689868216027828E2

var_c	indep(index, 1)	plot_vs(pnmx, noisefreq)[91, ::]
1.12999999999999767E1	2.29999999999999982E9	-1.43156994648395997E2
1.12999999999999767E1	2.31000000000000005E9	-1.42941546924462459E2
1.12999999999999767E1	2.31999999999999984E9	-1.42707737167903170E2
1.12999999999999767E1	2.33000000000000007E9	-1.42450805180785856E2
1.12999999999999767E1	2.33999999999999986E9	-1.42164530473163686E2
1.12999999999999767E1	2.35000000000000009E9	-1.41840718291138868E2
1.12999999999999767E1	2.36000000000000032E9	-1.41468473691794161E2
1.12999999999999767E1	2.37000000000000011E9	-1.41033156828621031E2
1.12999999999999767E1	2.37999999999999989E9	-1.40514850443807005E2
1.12999999999999767E1	2.38999999999999968E9	-1.39886045270918191E2
1.12999999999999767E1	2.39999999999999991E9	-1.39108008666319272E2
1.12999999999999767E1	2.41000000000000014E9	-1.38124772688273989E2
1.12999999999999767E1	2.41999999999999993E9	-1.36852453427714282E2
1.12999999999999767E1	2.43000000000000016E9	-1.35158634192317439E2
1.12999999999999767E1	2.43999999999999995E9	-1.32820231473653960E2
1.12999999999999767E1	2.45000000000000018E9	-1.29456064724455944E2
1.12999999999999767E1	2.45999999999999996E9	-1.24903744343905965E2
1.12999999999999767E1	2.46999999999999975E9	-1.24173210553606395E2
1.12999999999999767E1	2.47999999999999998E9	-1.29003304271875074E2
1.12999999999999767E1	2.48999999999999977E9	-1.32630419000480559E2
1.12999999999999767E1	2.50000000000000000E9	-1.35140691453733663E2
1.12999999999999767E1	2.51000000000000023E9	-1.36950762178201102E2
1.12999999999999767E1	2.52000000000000002E9	-1.38303849477157170E2
1.12999999999999767E1	2.53000000000000025E9	-1.39343293792727008E2
1.12999999999999767E1	2.54000000000000004E9	-1.40159908034497449E2
1.12999999999999767E1	2.54999999999999982E9	-1.40814530227277945E2
1.12999999999999767E1	2.56000000000000005E9	-1.41349463833978573E2
1.12999999999999767E1	2.56999999999999984E9	-1.41794861669769157E2
1.12999999999999767E1	2.58000000000000007E9	-1.42172591643054891E2
1.12999999999999767E1	2.58999999999999986E9	-1.42498723738099065E2
1.12999999999999767E1	2.60000000000000009E9	-1.42785194557257533E2
1.12999999999999767E1	2.61000000000000032E9	-1.43040952713679603E2
1.12999999999999767E1	2.62000000000000011E9	-1.43272761924602321E2
1.12999999999999767E1	2.62999999999999989E9	-1.43485772201536621E2
1.12999999999999767E1	2.63999999999999968E9	-1.43683930257219705E2
1.12999999999999767E1	2.64999999999999991E9	-1.43870278412266006E2
1.12999999999999767E1	2.66000000000000014E9	-1.44047173446271115E2
1.12999999999999767E1	2.66999999999999993E9	-1.44216449022779281E2
1.12999999999999767E1	2.68000000000000016E9	-1.44379536626540039E2
1.12999999999999767E1	2.68999999999999995E9	-1.44537556909741283E2
1.12999999999999767E1	2.70000000000000018E9	-1.44691388820249678E2

var_c	indep(index, 1)	plot_vs(pnmx, noisefreq)[92, ::]
1.13999999999999746E1	2.29999999999999982E9	-1.43155024704584877E2
1.13999999999999746E1	2.31000000000000005E9	-1.42939585968026295E2
1.13999999999999746E1	2.31999999999999984E9	-1.42705760038968466E2
1.13999999999999746E1	2.33000000000000007E9	-1.42448775502670055E2
1.13999999999999746E1	2.33999999999999986E9	-1.42162395952490272E2
1.13999999999999746E1	2.35000000000000009E9	-1.41838403846880001E2
1.13999999999999746E1	2.36000000000000032E9	-1.41465870997609100E2
1.13999999999999746E1	2.37000000000000011E9	-1.41030108795991405E2
1.13999999999999746E1	2.37999999999999989E9	-1.40511127268842273E2
1.13999999999999746E1	2.38999999999999968E9	-1.39881306613647527E2
1.13999999999999746E1	2.39999999999999991E9	-1.39101740712292044E2
1.13999999999999746E1	2.41000000000000014E9	-1.38116180628993379E2
1.13999999999999746E1	2.41999999999999993E9	-1.36840259338432735E2
1.13999999999999746E1	2.43000000000000016E9	-1.35140667753561727E2
1.13999999999999746E1	2.43999999999999995E9	-1.32792546715951643E2
1.13999999999999746E1	2.45000000000000018E9	-1.29411805654189083E2
1.13999999999999746E1	2.45999999999999996E9	-1.24849791790163378E2
1.13999999999999746E1	2.46999999999999975E9	-1.24228482859859435E2
1.13999999999999746E1	2.47999999999999998E9	-1.29057160482787081E2
1.13999999999999746E1	2.48999999999999977E9	-1.32670249446197674E2
1.13999999999999746E1	2.50000000000000000E9	-1.35170768241003603E2
1.13999999999999746E1	2.51000000000000023E9	-1.36974214870869249E2
1.13999999999999746E1	2.52000000000000002E9	-1.38322555141510617E2
1.13999999999999746E1	2.53000000000000025E9	-1.39358455920966939E2
1.13999999999999746E1	2.54000000000000004E9	-1.40172354437950686E2
1.13999999999999746E1	2.54999999999999982E9	-1.40824858306032707E2
1.13999999999999746E1	2.56000000000000005E9	-1.41358118454646808E2
1.13999999999999746E1	2.56999999999999984E9	-1.41802180275701595E2
1.13999999999999746E1	2.58000000000000007E9	-1.42178833763403434E2
1.13999999999999746E1	2.58999999999999986E9	-1.42504090831629893E2
1.13999999999999746E1	2.60000000000000009E9	-1.42789844165475555E2
1.13999999999999746E1	2.61000000000000032E9	-1.43045008958566955E2
1.13999999999999746E1	2.62000000000000011E9	-1.43276323412869244E2
1.13999999999999746E1	2.62999999999999989E9	-1.43488917475939437E2
1.13999999999999746E1	2.63999999999999968E9	-1.43686722552721546E2
1.13999999999999746E1	2.64999999999999991E9	-1.43872768771978010E2
1.13999999999999746E1	2.66000000000000014E9	-1.44049403443207558E2
1.13999999999999746E1	2.66999999999999993E9	-1.44218452596853441E2
1.13999999999999746E1	2.68000000000000016E9	-1.44381341733666924E2
1.13999999999999746E1	2.68999999999999995E9	-1.44539186659182839E2
1.13999999999999746E1	2.70000000000000018E9	-1.44692862442282011E2

var_c	indep(index, 1)	plot_vs(pnmx, noisefreq)[93, ::]
1.14999999999999747E1	2.29999999999999982E9	-1.43153068153829155E2
1.14999999999999747E1	2.31000000000000005E9	-1.42937636909339050E2
1.14999999999999747E1	2.31999999999999984E9	-1.42703793474763740E2
1.14999999999999747E1	2.33000000000000007E9	-1.42446755499085809E2
1.14999999999999747E1	2.33999999999999986E9	-1.42160270746435380E2
1.14999999999999747E1	2.35000000000000009E9	-1.41836099217133915E2
1.14999999999999747E1	2.36000000000000032E9	-1.41463279995041669E2
1.14999999999999747E1	2.37000000000000011E9	-1.41027076500914927E2
1.14999999999999747E1	2.37999999999999989E9	-1.40507426946934455E2
1.14999999999999747E1	2.38999999999999968E9	-1.39876602405974770E2
1.14999999999999747E1	2.39999999999999991E9	-1.39095526160023120E2
1.14999999999999747E1	2.41000000000000014E9	-1.38107671835061296E2
1.14999999999999747E1	2.41999999999999993E9	-1.36828196824261950E2
1.14999999999999747E1	2.43000000000000016E9	-1.35122909453837492E2
1.14999999999999747E1	2.43999999999999995E9	-1.32765195568723482E2
1.14999999999999747E1	2.45000000000000018E9	-1.29368099382506019E2
1.14999999999999747E1	2.45999999999999996E9	-1.24796939499406645E2
1.14999999999999747E1	2.46999999999999975E9	-1.24282852272982858E2
1.14999999999999747E1	2.47999999999999998E9	-1.29110031598952579E2
1.14999999999999747E1	2.48999999999999977E9	-1.32709291052022627E2
1.14999999999999747E1	2.50000000000000000E9	-1.35200225354736769E2
1.14999999999999747E1	2.51000000000000023E9	-1.36997168694389360E2
1.14999999999999747E1	2.52000000000000002E9	-1.38340851154806299E2
1.14999999999999747E1	2.53000000000000025E9	-1.39373276969958559E2
1.14999999999999747E1	2.54000000000000004E9	-1.40184514017333695E2
1.14999999999999747E1	2.54999999999999982E9	-1.40834943076295405E2
1.14999999999999747E1	2.56000000000000005E9	-1.41366565062157346E2
1.14999999999999747E1	2.56999999999999984E9	-1.41809319775366172E2
1.14999999999999747E1	2.58000000000000007E9	-1.42184920481497956E2
1.14999999999999747E1	2.58999999999999986E9	-1.42509322037462982E2
1.14999999999999747E1	2.60000000000000009E9	-1.42794374144948444E2
1.14999999999999747E1	2.61000000000000032E9	-1.43048959226308003E2
1.14999999999999747E1	2.62000000000000011E9	-1.43279790278923502E2
1.14999999999999747E1	2.62999999999999989E9	-1.43491977899031675E2
1.14999999999999747E1	2.63999999999999968E9	-1.43689438252011370E2
1.14999999999999747E1	2.64999999999999991E9	-1.43875189706647610E2
1.14999999999999747E1	2.66000000000000014E9	-1.44051570175562116E2
1.14999999999999747E1	2.66999999999999993E9	-1.44220398314870790E2
1.14999999999999747E1	2.68000000000000016E9	-1.44383093708896504E2
1.14999999999999747E1	2.68999999999999995E9	-1.44540767465410669E2
1.14999999999999747E1	2.70000000000000018E9	-1.44694290842252493E2

var_c	indep(index, 1)	plot_vs(pnmx, noisefreq)[94, ::]
1.15999999999999748E1	2.29999999999999982E9	-1.43151125070097640E2
1.15999999999999748E1	2.31000000000000005E9	-1.42935699816020434E2
1.15999999999999748E1	2.31999999999999984E9	-1.42701837670609022E2
1.15999999999999748E1	2.33000000000000007E9	-1.42444745340770895E2
1.15999999999999748E1	2.33999999999999986E9	-1.42158155119885476E2
1.15999999999999748E1	2.35000000000000009E9	-1.41833804733758262E2
1.15999999999999748E1	2.36000000000000032E9	-1.41460701129233080E2
1.15999999999999748E1	2.37000000000000011E9	-1.41024060153802444E2
1.15999999999999748E1	2.37999999999999989E9	-1.40503749506854847E2
1.15999999999999748E1	2.38999999999999968E9	-1.39871932572359237E2
1.15999999999999748E1	2.39999999999999991E9	-1.39089364514411251E2
1.15999999999999748E1	2.41000000000000014E9	-1.38099245638668466E2
1.15999999999999748E1	2.41999999999999993E9	-1.36816263498283464E2
1.15999999999999748E1	2.43000000000000016E9	-1.35105355925058368E2
1.15999999999999748E1	2.43999999999999995E9	-1.32738172755053041E2
1.15999999999999748E1	2.45000000000000018E9	-1.29324936775274080E2
1.15999999999999748E1	2.45999999999999996E9	-1.24745154162210659E2
1.15999999999999748E1	2.46999999999999975E9	-1.24336392850249000E2
1.15999999999999748E1	2.47999999999999998E9	-1.29161941959007120E2
1.15999999999999748E1	2.48999999999999977E9	-1.32747564848327793E2
1.15999999999999748E1	2.50000000000000000E9	-1.35229080641221300E2
1.15999999999999748E1	2.51000000000000023E9	-1.37019638099929697E2
1.15999999999999748E1	2.52000000000000002E9	-1.38358749406259318E2
1.15999999999999748E1	2.53000000000000025E9	-1.39387767456019729E2
1.15999999999999748E1	2.54000000000000004E9	-1.40196395801494123E2
1.15999999999999748E1	2.54999999999999982E9	-1.40844792521392437E2
1.15999999999999748E1	2.56000000000000005E9	-1.41374810554959529E2
1.15999999999999748E1	2.56999999999999984E9	-1.41816286089411525E2
1.15999999999999748E1	2.58000000000000007E9	-1.42190856954298250E2
1.15999999999999748E1	2.58999999999999986E9	-1.42514421932536428E2
1.15999999999999748E1	2.60000000000000009E9	-1.42798788546527122E2
1.15999999999999748E1	2.61000000000000032E9	-1.43052807076130306E2
1.15999999999999748E1	2.62000000000000011E9	-1.43283165833809156E2
1.15999999999999748E1	2.62999999999999989E9	-1.43494956388568329E2
1.15999999999999748E1	2.63999999999999968E9	-1.43692080113713661E2
1.15999999999999748E1	2.64999999999999991E9	-1.43877543673635122E2
1.15999999999999748E1	2.66000000000000014E9	-1.44053675918307289E2
1.15999999999999748E1	2.66999999999999993E9	-1.44222288249460351E2
1.15999999999999748E1	2.68000000000000016E9	-1.44384794490911217E2
1.15999999999999748E1	2.68999999999999995E9	-1.44542301119595140E2
1.15999999999999748E1	2.70000000000000018E9	-1.44695675690655401E2

var_c	indep(index, 1)	plot_vs(pnmx, noisefreq)[95, ::]
1.16999999999999749E1	2.29999999999999982E9	-1.43149195564612652E2
1.16999999999999749E1	2.31000000000000005E9	-1.42933774906826927E2
1.16999999999999749E1	2.31999999999999984E9	-1.42699892872032974E2
1.16999999999999749E1	2.33000000000000007E9	-1.42442745350079214E2
1.16999999999999749E1	2.33999999999999986E9	-1.42156049371677051E2
1.16999999999999749E1	2.35000000000000009E9	-1.41831520777242126E2
1.16999999999999749E1	2.36000000000000032E9	-1.41458134499705013E2
1.16999999999999749E1	2.37000000000000011E9	-1.41021059944186411E2
1.16999999999999749E1	2.37999999999999989E9	-1.40500095120178936E2
1.16999999999999749E1	2.38999999999999968E9	-1.39867297274909430E2
1.16999999999999749E1	2.39999999999999991E9	-1.39083255502160164E2
1.16999999999999749E1	2.41000000000000014E9	-1.38090900872726907E2
1.16999999999999749E1	2.41999999999999993E9	-1.36804457711641048E2
1.16999999999999749E1	2.43000000000000016E9	-1.35088003631213249E2
1.16999999999999749E1	2.43999999999999995E9	-1.32711472310141643E2
1.16999999999999749E1	2.45000000000000018E9	-1.29282309701505338E2
1.16999999999999749E1	2.45999999999999996E9	-1.24694404471914266E2
1.16999999999999749E1	2.46999999999999975E9	-1.24389162143424992E2
1.16999999999999749E1	2.47999999999999998E9	-1.29212914756967678E2
1.16999999999999749E1	2.48999999999999977E9	-1.32785090199747335E2
1.16999999999999749E1	2.50000000000000000E9	-1.35257350383935804E2
1.16999999999999749E1	2.51000000000000023E9	-1.37041636661418420E2
1.16999999999999749E1	2.52000000000000002E9	-1.38376261879137230E2
1.16999999999999749E1	2.53000000000000025E9	-1.39401937183434144E2
1.16999999999999749E1	2.54000000000000004E9	-1.40208008227400183E2
1.16999999999999749E1	2.54999999999999982E9	-1.40854413888534147E2
1.16999999999999749E1	2.56000000000000005E9	-1.41382861369119839E2
1.16999999999999749E1	2.56999999999999984E9	-1.41823084852397052E2
1.16999999999999749E1	2.58000000000000007E9	-1.42196648116810742E2
1.16999999999999749E1	2.58999999999999986E9	-1.42519394921203801E2
1.16999999999999749E1	2.60000000000000009E9	-1.42803091283978545E2
1.16999999999999749E1	2.61000000000000032E9	-1.43056555991917200E2
1.16999999999999749E1	2.62000000000000011E9	-1.43286453254171642E2
1.16999999999999749E1	2.62999999999999989E9	-1.43497855845349243E2
1.16999999999999749E1	2.63999999999999968E9	-1.43694650653980593E2
1.16999999999999749E1	2.64999999999999991E9	-1.43879833028485971E2
1.16999999999999749E1	2.66000000000000014E9	-1.44055722834926714E2
1.16999999999999749E1	2.66999999999999993E9	-1.44224124401776899E2
1.16999999999999749E1	2.68000000000000016E9	-1.44386445930688057E2
1.16999999999999749E1	2.68999999999999995E9	-1.44543789344630125E2
1.16999999999999749E1	2.70000000000000018E9	-1.44697018584886661E2

var_c	indep(index, 1)	plot_vs(pnmx, noisefreq)[96, ::]
1.17999999999999750E1	2.29999999999999982E9	-1.43147279634108116E2
1.17999999999999750E1	2.31000000000000005E9	-1.42931862287861655E2
1.17999999999999750E1	2.31999999999999984E9	-1.42697959219866743E2
1.17999999999999750E1	2.33000000000000007E9	-1.42440755742235980E2
1.17999999999999750E1	2.33999999999999986E9	-1.42153953734114213E2
1.17999999999999750E1	2.35000000000000009E9	-1.41829247485564780E2
1.17999999999999750E1	2.36000000000000032E9	-1.41455580579917961E2
1.17999999999999750E1	2.37000000000000011E9	-1.41018076331156661E2
1.17999999999999750E1	2.37999999999999989E9	-1.40496463875477984E2
1.17999999999999750E1	2.38999999999999968E9	-1.39862696104387285E2
1.17999999999999750E1	2.39999999999999991E9	-1.39077198567860671E2
1.17999999999999750E1	2.41000000000000014E9	-1.38082636614807308E2
1.17999999999999750E1	2.41999999999999993E9	-1.36792777222848794E2
1.17999999999999750E1	2.43000000000000016E9	-1.35070849323253328E2
1.17999999999999750E1	2.43999999999999995E9	-1.32685089817309487E2
1.17999999999999750E1	2.45000000000000018E9	-1.29240209495981739E2
1.17999999999999750E1	2.45999999999999996E9	-1.24644658391434437E2
1.17999999999999750E1	2.46999999999999975E9	-1.24441210062655072E2
1.17999999999999750E1	2.47999999999999998E9	-1.29262972143072785E2
1.17999999999999750E1	2.48999999999999977E9	-1.32821887827794249E2
1.17999999999999750E1	2.50000000000000000E9	-1.35285050676901619E2
1.17999999999999750E1	2.51000000000000023E9	-1.37063177898862087E2
1.17999999999999750E1	2.52000000000000002E9	-1.38393399695371611E2
1.17999999999999750E1	2.53000000000000025E9	-1.39415795939538478E2
1.17999999999999750E1	2.54000000000000004E9	-1.40219359791766074E2
1.17999999999999750E1	2.54999999999999982E9	-1.40863814389886044E2
1.17999999999999750E1	2.56000000000000005E9	-1.41390723709657840E2
1.17999999999999750E1	2.56999999999999984E9	-1.41829721502287320E2
1.17999999999999750E1	2.58000000000000007E9	-1.42202298773006142E2
1.17999999999999750E1	2.58999999999999986E9	-1.42524245159910046E2
1.17999999999999750E1	2.60000000000000009E9	-1.42807286080986939E2
1.17999999999999750E1	2.61000000000000032E9	-1.43060209387078419E2
1.17999999999999750E1	2.62000000000000011E9	-1.43289655482047529E2
1.17999999999999750E1	2.62999999999999989E9	-1.43500678928562930E2
1.17999999999999750E1	2.63999999999999968E9	-1.43697152393085714E2
1.17999999999999750E1	2.64999999999999991E9	-1.43882060040535120E2
1.17999999999999750E1	2.66000000000000014E9	-1.44057713020504852E2
1.17999999999999750E1	2.66999999999999993E9	-1.44225908697070127E2
1.17999999999999750E1	2.68000000000000016E9	-1.44388049770872007E2
1.17999999999999750E1	2.68999999999999995E9	-1.44545233756402736E2
1.17999999999999750E1	2.70000000000000018E9	-1.44698321057827961E2

var_c	indep(index, 1)	plot_vs(pnmx, noisefreq)[97, ::]
1.18999999999999728E1	2.29999999999999982E9	-1.43145377422656339E2
1.18999999999999728E1	2.31000000000000005E9	-1.42929962049262738E2
1.18999999999999728E1	2.31999999999999984E9	-1.42696036837536377E2
1.18999999999999728E1	2.33000000000000007E9	-1.42438776683698309E2
1.18999999999999728E1	2.33999999999999986E9	-1.42151868505982715E2
1.18999999999999728E1	2.35000000000000009E9	-1.41826985201774902E2
1.18999999999999728E1	2.36000000000000032E9	-1.41453039537451053E2
1.18999999999999728E1	2.37000000000000011E9	-1.41015109269446315E2
1.18999999999999728E1	2.37999999999999989E9	-1.40492855883805312E2
1.18999999999999728E1	2.38999999999999968E9	-1.39858129150632315E2
1.18999999999999728E1	2.39999999999999991E9	-1.39071193404949622E2
1.18999999999999728E1	2.41000000000000014E9	-1.38074451849810442E2
1.18999999999999728E1	2.41999999999999993E9	-1.36781220458821862E2
1.18999999999999728E1	2.43000000000000016E9	-1.35053889727251208E2
1.18999999999999728E1	2.43999999999999995E9	-1.32659018214459401E2
1.18999999999999728E1	2.45000000000000018E9	-1.29198628410370531E2
1.18999999999999728E1	2.45999999999999996E9	-1.24595880166453488E2
1.18999999999999728E1	2.46999999999999975E9	-1.24492577740336618E2
1.18999999999999728E1	2.47999999999999998E9	-1.29312135760706104E2
1.18999999999999728E1	2.48999999999999977E9	-1.32857975416292540E2
1.18999999999999728E1	2.50000000000000000E9	-1.35312196469148316E2
1.18999999999999728E1	2.51000000000000023E9	-1.37084274326402733E2
1.18999999999999728E1	2.52000000000000002E9	-1.38410173633944100E2
1.18999999999999728E1	2.53000000000000025E9	-1.39429353007967727E2
1.18999999999999728E1	2.54000000000000004E9	-1.40230458445033390E2
1.18999999999999728E1	2.54999999999999982E9	-1.40873000904646273E2
1.18999999999999728E1	2.56000000000000005E9	-1.41398403471340339E2
1.18999999999999728E1	2.56999999999999984E9	-1.41836201168777842E2
1.18999999999999728E1	2.58000000000000007E9	-1.42207813412184580E2
1.18999999999999728E1	2.58999999999999986E9	-1.42528976708039745E2
1.18999999999999728E1	2.60000000000000009E9	-1.42811376528235923E2
1.18999999999999728E1	2.61000000000000032E9	-1.43063770354100139E2
1.18999999999999728E1	2.62000000000000011E9	-1.43292775417193807E2
1.18999999999999728E1	2.62999999999999989E9	-1.43503428291649127E2
1.18999999999999728E1	2.63999999999999968E9	-1.43699587644406868E2
1.18999999999999728E1	2.64999999999999991E9	-1.43884226863187736E2
1.18999999999999728E1	2.66000000000000014E9	-1.44059648414243502E2
1.18999999999999728E1	2.66999999999999993E9	-1.44227642947233869E2
1.18999999999999728E1	2.68000000000000016E9	-1.44389607733699377E2
1.18999999999999728E1	2.68999999999999995E9	-1.44546635968892234E2
1.18999999999999728E1	2.70000000000000018E9	-1.44699584564578698E2

var_c	indep(index, 1)	plot_vs(pnmx, noisefreq)[98, ::]
1.19999999999999729E1	2.29999999999999982E9	-1.43143488949173903E2
1.19999999999999729E1	2.31000000000000005E9	-1.42928074273291772E2
1.19999999999999729E1	2.31999999999999984E9	-1.42694125949574491E2
1.19999999999999729E1	2.33000000000000007E9	-1.42436808360989131E2
1.19999999999999729E1	2.33999999999999986E9	-1.42149793860663842E2
1.19999999999999729E1	2.35000000000000009E9	-1.41824734190948276E2
1.19999999999999729E1	2.36000000000000032E9	-1.41450511637607312E2
1.19999999999999729E1	2.37000000000000011E9	-1.41012159092992273E2
1.19999999999999729E1	2.37999999999999989E9	-1.40489271306069297E2
1.19999999999999729E1	2.38999999999999968E9	-1.39853596268642333E2
1.19999999999999729E1	2.39999999999999991E9	-1.39065239341780456E2
1.19999999999999729E1	2.41000000000000014E9	-1.38066345445164518E2
1.19999999999999729E1	2.41999999999999993E9	-1.36769785488534090E2
1.19999999999999729E1	2.43000000000000016E9	-1.35037121369646895E2
1.19999999999999729E1	2.43999999999999995E9	-1.32633253779869698E2
1.19999999999999729E1	2.45000000000000018E9	-1.29157558276978701E2
1.19999999999999729E1	2.45999999999999996E9	-1.24548037879092544E2
1.19999999999999729E1	2.46999999999999975E9	-1.24543299053535539E2
1.19999999999999729E1	2.47999999999999998E9	-1.29360427215410168E2
1.19999999999999729E1	2.48999999999999977E9	-1.32893371819484063E2
1.19999999999999729E1	2.50000000000000000E9	-1.35338803074787650E2
1.19999999999999729E1	2.51000000000000023E9	-1.37104939012091576E2
1.19999999999999729E1	2.52000000000000002E9	-1.38426594479196829E2
1.19999999999999729E1	2.53000000000000025E9	-1.39442617106322642E2
1.19999999999999729E1	2.54000000000000004E9	-1.40241311774589228E2
1.19999999999999729E1	2.54999999999999982E9	-1.40881980021526321E2
1.19999999999999729E1	2.56000000000000005E9	-1.41405906452167107E2
1.19999999999999729E1	2.56999999999999984E9	-1.41842528932214917E2
1.19999999999999729E1	2.58000000000000007E9	-1.42213196457357660E2
1.19999999999999729E1	2.58999999999999986E9	-1.42533593450127727E2
1.19999999999999729E1	2.60000000000000009E9	-1.42815366045209080E2
1.19999999999999729E1	2.61000000000000032E9	-1.43067242038025655E2
1.19999999999999729E1	2.62000000000000011E9	-1.43295815843379626E2
1.19999999999999729E1	2.62999999999999989E9	-1.43506106386750565E2
1.19999999999999729E1	2.63999999999999968E9	-1.43701958726144907E2
1.19999999999999729E1	2.64999999999999991E9	-1.43886335545645450E2
1.19999999999999729E1	2.66000000000000014E9	-1.44061530936688653E2
1.19999999999999729E1	2.66999999999999993E9	-1.44229328891624009E2
1.19999999999999729E1	2.68000000000000016E9	-1.44391121401604572E2
1.19999999999999729E1	2.68999999999999995E9	-1.44547997447147436E2
1.19999999999999729E1	2.70000000000000018E9	-1.44700810502013200E2

var_c	indep(index, 1)	plot_vs(pnmx, noisefreq)[99, ::]
1.20999999999999730E1	2.29999999999999982E9	-1.43141614216114821E2
1.20999999999999730E1	2.31000000000000005E9	-1.42926199100448548E2
1.20999999999999730E1	2.31999999999999984E9	-1.42692226632907371E2
1.20999999999999730E1	2.33000000000000007E9	-1.42434851008432828E2
1.20999999999999730E1	2.33999999999999986E9	-1.42147730025171226E2
1.20999999999999730E1	2.35000000000000009E9	-1.41822494675078170E2
1.20999999999999730E1	2.36000000000000032E9	-1.41447997033334993E2
1.20999999999999730E1	2.37000000000000011E9	-1.41009225934642157E2
1.20999999999999730E1	2.37999999999999989E9	-1.40485710169916689E2
1.20999999999999730E1	2.38999999999999968E9	-1.39849097320664439E2
1.20999999999999730E1	2.39999999999999991E9	-1.39059336263390820E2
1.20999999999999730E1	2.41000000000000014E9	-1.38058316630136102E2
1.20999999999999730E1	2.41999999999999993E9	-1.36758470381549735E2
1.20999999999999730E1	2.43000000000000016E9	-1.35020541616482359E2
1.20999999999999730E1	2.43999999999999995E9	-1.32607791081149351E2
1.20999999999999730E1	2.45000000000000018E9	-1.29116990851774638E2
1.20999999999999730E1	2.45999999999999996E9	-1.24501092967904570E2
1.20999999999999730E1	2.46999999999999975E9	-1.24593403310003681E2
1.20999999999999730E1	2.47999999999999998E9	-1.29407867052560488E2
1.20999999999999730E1	2.48999999999999977E9	-1.32928094693647925E2
1.20999999999999730E1	2.50000000000000000E9	-1.35364884956275433E2
1.20999999999999730E1	2.51000000000000023E9	-1.37125183514575921E2
1.20999999999999730E1	2.52000000000000002E9	-1.38442672290109847E2
1.20999999999999730E1	2.53000000000000025E9	-1.39455597138861043E2
1.20999999999999730E1	2.54000000000000004E9	-1.40251927113703467E2
1.20999999999999730E1	2.54999999999999982E9	-1.40890758142066197E2
1.20999999999999730E1	2.56000000000000005E9	-1.41413238146045561E2
1.20999999999999730E1	2.56999999999999984E9	-1.41848709511186000E2
1.20999999999999730E1	2.58000000000000007E9	-1.42218452125049710E2
1.20999999999999730E1	2.58999999999999986E9	-1.42538099070616342E2
1.20999999999999730E1	2.60000000000000009E9	-1.42819257929854215E2
1.20999999999999730E1	2.61000000000000032E9	-1.43070627378930482E2
1.20999999999999730E1	2.62000000000000011E9	-1.43298779359046247E2
1.20999999999999730E1	2.62999999999999989E9	-1.43508715628462147E2
1.20999999999999730E1	2.63999999999999968E9	-1.43704267783907413E2
1.20999999999999730E1	2.64999999999999991E9	-1.43888388106301468E2
1.20999999999999730E1	2.66000000000000014E9	-1.44063362428588393E2
1.20999999999999730E1	2.66999999999999993E9	-1.44230968241597557E2
1.20999999999999730E1	2.68000000000000016E9	-1.44392592366174033E2
1.20999999999999730E1	2.68999999999999995E9	-1.44549319627040096E2
1.20999999999999730E1	2.70000000000000018E9	-1.44702000221256211E2

var_c	indep(index, 1)	plot_vs(pnmx, noisefreq)[100, ::]
1.21999999999999731E1	2.29999999999999982E9	-1.43139753228408262E2
1.21999999999999731E1	2.31000000000000005E9	-1.42924336512822192E2
1.21999999999999731E1	2.31999999999999984E9	-1.42690339014737022E2
1.21999999999999731E1	2.33000000000000007E9	-1.42432904677020988E2
1.21999999999999731E1	2.33999999999999986E9	-1.42145677138582149E2
1.21999999999999731E1	2.35000000000000009E9	-1.41820266785985649E2
1.21999999999999731E1	2.36000000000000032E9	-1.41445495954268097E2
1.21999999999999731E1	2.37000000000000011E9	-1.41006309941949826E2
1.21999999999999731E1	2.37999999999999989E9	-1.40482172490229429E2
1.21999999999999731E1	2.38999999999999968E9	-1.39844632169250405E2
1.21999999999999731E1	2.39999999999999991E9	-1.39053483456943883E2
1.21999999999999731E1	2.41000000000000014E9	-1.38050364193335140E2
1.21999999999999731E1	2.41999999999999993E9	-1.36747273299324701E2
1.21999999999999731E1	2.43000000000000016E9	-1.35004147441915689E2
1.21999999999999731E1	2.43999999999999995E9	-1.32582625788809261E2
1.21999999999999731E1	2.45000000000000018E9	-1.29076918989908362E2
1.21999999999999731E1	2.45999999999999996E9	-1.24455011179388975E2
1.21999999999999731E1	2.46999999999999975E9	-1.24642915095608764E2
1.21999999999999731E1	2.47999999999999998E9	-1.29454473803989267E2
1.21999999999999731E1	2.48999999999999977E9	-1.32962160810647001E2
1.21999999999999731E1	2.50000000000000000E9	-1.35390455889014594E2
1.21999999999999731E1	2.51000000000000023E9	-1.37145019456533346E2
1.21999999999999731E1	2.52000000000000002E9	-1.38458416670243967E2
1.21999999999999731E1	2.53000000000000025E9	-1.39468301119189464E2
1.21999999999999731E1	2.54000000000000004E9	-1.40262311610295343E2
1.21999999999999731E1	2.54999999999999982E9	-1.40899341308447523E2
1.21999999999999731E1	2.56000000000000005E9	-1.41420403767511460E2
1.21999999999999731E1	2.56999999999999984E9	-1.41854747579943075E2
1.21999999999999731E1	2.58000000000000007E9	-1.42223584494593980E2
1.21999999999999731E1	2.58999999999999986E9	-1.42542497087531927E2
1.21999999999999731E1	2.60000000000000009E9	-1.42823055356606932E2
1.21999999999999731E1	2.61000000000000032E9	-1.43073929164325664E2
1.21999999999999731E1	2.62000000000000011E9	-1.43301668526226011E2
1.21999999999999731E1	2.62999999999999989E9	-1.43511258270976372E2
1.21999999999999731E1	2.63999999999999968E9	-1.43706516922200622E2
1.21999999999999731E1	2.64999999999999991E9	-1.43890386406106296E2
1.21999999999999731E1	2.66000000000000014E9	-1.44065144583897875E2
1.21999999999999731E1	2.66999999999999993E9	-1.44232562567674849E2
1.21999999999999731E1	2.68000000000000016E9	-1.44394022068019678E2
1.21999999999999731E1	2.68999999999999995E9	-1.44550603903064756E2
1.21999999999999731E1	2.70000000000000018E9	-1.44703154980543136E2

var_c	indep(index, 1)	plot_vs(pnmx, noisefreq)[101, ::]
1.22999999999999732E1	2.29999999999999982E9	-1.43137906034897400E2
1.22999999999999732E1	2.31000000000000005E9	-1.42922486653197289E2
1.22999999999999732E1	2.31999999999999984E9	-1.42688463164336321E2
1.22999999999999732E1	2.33000000000000007E9	-1.42430969632660975E2
1.22999999999999732E1	2.33999999999999986E9	-1.42143635408990354E2
1.22999999999999732E1	2.35000000000000009E9	-1.41818050725716249E2
1.22999999999999732E1	2.36000000000000032E9	-1.41443008568850015E2
1.22999999999999732E1	2.37000000000000011E9	-1.41003411215369678E2
1.22999999999999732E1	2.37999999999999989E9	-1.40478658220597663E2
1.22999999999999732E1	2.38999999999999968E9	-1.39840200745069265E2
1.22999999999999732E1	2.39999999999999991E9	-1.39047680512309624E2
1.22999999999999732E1	2.41000000000000014E9	-1.38042487412801007E2
1.22999999999999732E1	2.41999999999999993E9	-1.36736192591281780E2
1.22999999999999732E1	2.43000000000000016E9	-1.34987935252271396E2
1.22999999999999732E1	2.43999999999999995E9	-1.32557751923120493E2
1.22999999999999732E1	2.45000000000000018E9	-1.29037334637997136E2
1.22999999999999732E1	2.45999999999999996E9	-1.24409754935009897E2
1.22999999999999732E1	2.46999999999999975E9	-1.24691856049849936E2
1.22999999999999732E1	2.47999999999999998E9	-1.29500267062169927E2
1.22999999999999732E1	2.48999999999999977E9	-1.32995586971642910E2
1.22999999999999732E1	2.50000000000000000E9	-1.35415529480631802E2
1.22999999999999732E1	2.51000000000000023E9	-1.37164458156103097E2
1.22999999999999732E1	2.52000000000000002E9	-1.38473837143035383E2
1.22999999999999732E1	2.53000000000000025E9	-1.39480737391733278E2
1.22999999999999732E1	2.54000000000000004E9	-1.40272472148633032E2
1.22999999999999732E1	2.54999999999999982E9	-1.40907735489635444E2
1.22999999999999732E1	2.56000000000000005E9	-1.41427408464811566E2
1.22999999999999732E1	2.56999999999999984E9	-1.41860647559303432E2
1.22999999999999732E1	2.58000000000000007E9	-1.42228597323497463E2
1.22999999999999732E1	2.58999999999999986E9	-1.42546790987938765E2
1.22999999999999732E1	2.60000000000000009E9	-1.42826761385147560E2
1.22999999999999732E1	2.61000000000000032E9	-1.43077150136288189E2
1.22999999999999732E1	2.62000000000000011E9	-1.43304485784646940E2
1.22999999999999732E1	2.62999999999999989E9	-1.43513736551275262E2
1.22999999999999732E1	2.63999999999999968E9	-1.43708708099779114E2
1.22999999999999732E1	2.64999999999999991E9	-1.43892332307983617E2
1.22999999999999732E1	2.66000000000000014E9	-1.44066879120442470E2
1.22999999999999732E1	2.66999999999999993E9	-1.44234113396233821E2
1.22999999999999732E1	2.68000000000000016E9	-1.44395411953921493E2
1.22999999999999732E1	2.68999999999999995E9	-1.44551851579814494E2
1.22999999999999732E1	2.70000000000000018E9	-1.44704276026174106E2

var_c	indep(index, 1)	plot_vs(pnmx, noisefreq)[102, ::]
1.23999999999999710E1	2.29999999999999982E9	-1.43136072629372135E2
1.23999999999999710E1	2.31000000000000005E9	-1.42920649502293418E2
1.23999999999999710E1	2.31999999999999984E9	-1.42686599174704964E2
1.23999999999999710E1	2.33000000000000007E9	-1.42429045921747344E2
1.23999999999999710E1	2.33999999999999986E9	-1.42141605002070959E2
1.23999999999999710E1	2.35000000000000009E9	-1.41815846693286085E2
1.23999999999999710E1	2.36000000000000032E9	-1.41440535070532603E2
1.23999999999999710E1	2.37000000000000011E9	-1.41000529908019390E2
1.23999999999999710E1	2.37999999999999989E9	-1.40475167478938556E2
1.23999999999999710E1	2.38999999999999968E9	-1.39835802839111434E2
1.23999999999999710E1	2.39999999999999991E9	-1.39041927037580670E2
1.23999999999999710E1	2.41000000000000014E9	-1.38034685334880325E2
1.23999999999999710E1	2.41999999999999993E9	-1.36725226926641352E2
1.23999999999999710E1	2.43000000000000016E9	-1.34971902601890537E2
1.23999999999999710E1	2.43999999999999995E9	-1.32533164918423774E2
1.23999999999999710E1	2.45000000000000018E9	-1.28998230769197542E2
1.23999999999999710E1	2.45999999999999996E9	-1.24365285944024739E2
1.23999999999999710E1	2.46999999999999975E9	-1.24740242063407636E2
1.23999999999999710E1	2.47999999999999998E9	-1.29545266638573131E2
1.23999999999999710E1	2.48999999999999977E9	-1.33028389567397287E2
1.23999999999999710E1	2.50000000000000000E9	-1.35440118908292639E2
1.23999999999999710E1	2.51000000000000023E9	-1.37183510377832407E2
1.23999999999999710E1	2.52000000000000002E9	-1.38488942911251378E2
1.23999999999999710E1	2.53000000000000025E9	-1.39492913444873645E2
1.23999999999999710E1	2.54000000000000004E9	-1.40282415480837441E2
1.23999999999999710E1	2.54999999999999982E9	-1.40915946129466940E2
1.23999999999999710E1	2.56000000000000005E9	-1.41434257225722204E2
1.23999999999999710E1	2.56999999999999984E9	-1.41866413669087543E2
1.23999999999999710E1	2.58000000000000007E9	-1.42233494386777193E2
1.23999999999999710E1	2.58999999999999986E9	-1.42550984047084794E2
1.23999999999999710E1	2.60000000000000009E9	-1.42830378860829899E2
1.23999999999999710E1	2.61000000000000032E9	-1.43080292867650161E2
1.23999999999999710E1	2.62000000000000011E9	-1.43307233445603743E2
1.23999999999999710E1	2.62999999999999989E9	-1.43516152572010180E2
1.23999999999999710E1	2.63999999999999968E9	-1.43710843242248609E2
1.23999999999999710E1	2.64999999999999991E9	-1.43894227517368223E2
1.23999999999999710E1	2.66000000000000014E9	-1.44068567607727571E2
1.23999999999999710E1	2.66999999999999993E9	-1.44235622251959650E2
1.23999999999999710E1	2.68000000000000016E9	-1.44396763381914317E2
1.23999999999999710E1	2.68999999999999995E9	-1.44553063944451265E2
1.23999999999999710E1	2.70000000000000018E9	-1.44705364523268498E2

var_c	indep(index, 1)	plot_vs(pnmx, noisefreq)[103, ::]
1.24999999999999711E1	2.29999999999999982E9	-1.43134252982297516E2
1.24999999999999711E1	2.31000000000000005E9	-1.42918825153907214E2
1.24999999999999711E1	2.31999999999999984E9	-1.42684747184141059E2
1.24999999999999711E1	2.33000000000000007E9	-1.42427133593045285E2
1.24999999999999711E1	2.33999999999999986E9	-1.42139586008459839E2
1.24999999999999711E1	2.35000000000000009E9	-1.41813654822429713E2
1.24999999999999711E1	2.36000000000000032E9	-1.41438075560435750E2
1.24999999999999711E1	2.37000000000000011E9	-1.40997666064990779E2
1.24999999999999711E1	2.37999999999999989E9	-1.40471700270828626E2
1.24999999999999711E1	2.38999999999999968E9	-1.39831438314570589E2
1.24999999999999711E1	2.39999999999999991E9	-1.39036222623956540E2
1.24999999999999711E1	2.41000000000000014E9	-1.38026956952775892E2
1.24999999999999711E1	2.41999999999999993E9	-1.36714373973873649E2
1.24999999999999711E1	2.43000000000000016E9	-1.34956046356117065E2
1.24999999999999711E1	2.43999999999999995E9	-1.32508860630726177E2
1.24999999999999711E1	2.45000000000000018E9	-1.28959598813259979E2
1.24999999999999711E1	2.45999999999999996E9	-1.24321564917818650E2
1.24999999999999711E1	2.46999999999999975E9	-1.24788090968838783E2
1.24999999999999711E1	2.47999999999999998E9	-1.29589489425831239E2
1.24999999999999711E1	2.48999999999999977E9	-1.33060583647994801E2
1.24999999999999711E1	2.50000000000000000E9	-1.35464236613948730E2
1.24999999999999711E1	2.51000000000000023E9	-1.37202186908760804E2
1.24999999999999711E1	2.52000000000000002E9	-1.38503742476110814E2
1.24999999999999711E1	2.53000000000000025E9	-1.39504836717903569E2
1.24999999999999711E1	2.54000000000000004E9	-1.40292147495371999E2
1.24999999999999711E1	2.54999999999999982E9	-1.40923978960538476E2
1.24999999999999711E1	2.56000000000000005E9	-1.41440954607487646E2
1.24999999999999711E1	2.56999999999999984E9	-1.41872050045751363E2
1.24999999999999711E1	2.58000000000000007E9	-1.42238279349577823E2
1.24999999999999711E1	2.58999999999999986E9	-1.42555079398498097E2
1.24999999999999711E1	2.60000000000000009E9	-1.42833910643259676E2
1.24999999999999711E1	2.61000000000000032E9	-1.43083359907881413E2
1.24999999999999711E1	2.62000000000000011E9	-1.43309913771381714E2
1.24999999999999711E1	2.62999999999999989E9	-1.43518508359727037E2
1.24999999999999711E1	2.63999999999999968E9	-1.43712924197392966E2
1.24999999999999711E1	2.64999999999999991E9	-1.43896073723522688E2
1.24999999999999711E1	2.66000000000000014E9	-1.44070211587410713E2
1.24999999999999711E1	2.66999999999999993E9	-1.44237090508052912E2
1.24999999999999711E1	2.68000000000000016E9	-1.44398077643378664E2
1.24999999999999711E1	2.68999999999999995E9	-1.44554242169504299E2
1.24999999999999711E1	2.70000000000000018E9	-1.44706421599595059E2

var_c	indep(index, 1)	plot_vs(pnmx, noisefreq)[104, ::]
1.25999999999999712E1	2.29999999999999982E9	-1.43132447101217819E2
1.25999999999999712E1	2.31000000000000005E9	-1.42917013516594449E2
1.25999999999999712E1	2.31999999999999984E9	-1.42682907154402838E2
1.25999999999999712E1	2.33000000000000007E9	-1.42425232857896189E2
1.25999999999999712E1	2.33999999999999986E9	-1.42137578561763678E2
1.25999999999999712E1	2.35000000000000009E9	-1.41811475210384019E2
1.25999999999999712E1	2.36000000000000032E9	-1.41435630104883736E2
1.25999999999999712E1	2.37000000000000011E9	-1.40994819871804022E2
1.25999999999999712E1	2.37999999999999989E9	-1.40468256609092856E2
1.25999999999999712E1	2.38999999999999968E9	-1.39827106779375576E2
1.25999999999999712E1	2.39999999999999991E9	-1.39030566582984560E2
1.25999999999999712E1	2.41000000000000014E9	-1.38019301326554178E2
1.25999999999999712E1	2.41999999999999993E9	-1.36703632436247169E2
1.25999999999999712E1	2.43000000000000016E9	-1.34940363889969928E2
1.25999999999999712E1	2.43999999999999995E9	-1.32484834358440029E2
1.25999999999999712E1	2.45000000000000018E9	-1.28921433413716691E2
1.25999999999999712E1	2.45999999999999996E9	-1.24278551127365700E2
1.25999999999999712E1	2.46999999999999975E9	-1.24835414540269207E2
1.25999999999999712E1	2.47999999999999998E9	-1.29632953923857630E2
1.25999999999999712E1	2.48999999999999977E9	-1.33092184962725257E2
1.25999999999999712E1	2.50000000000000000E9	-1.35487895395285873E2
1.25999999999999712E1	2.51000000000000023E9	-1.37220497343308279E2
1.25999999999999712E1	2.52000000000000002E9	-1.38518244556244996E2
1.25999999999999712E1	2.53000000000000025E9	-1.39516514381752699E2
1.25999999999999712E1	2.54000000000000004E9	-1.40301674672266086E2
1.25999999999999712E1	2.54999999999999982E9	-1.40931839100449463E2
1.25999999999999712E1	2.56000000000000005E9	-1.41447505210623881E2
1.25999999999999712E1	2.56999999999999984E9	-1.41877560554203264E2
1.25999999999999712E1	2.58000000000000007E9	-1.42242955578099806E2
1.25999999999999712E1	2.58999999999999986E9	-1.42559080103654501E2
1.25999999999999712E1	2.60000000000000009E9	-1.42837359409672127E2
1.25999999999999712E1	2.61000000000000032E9	-1.43086353581764558E2
1.25999999999999712E1	2.62000000000000011E9	-1.43312528921514715E2
1.25999999999999712E1	2.62999999999999989E9	-1.43520805824129716E2
1.25999999999999712E1	2.63999999999999968E9	-1.43714952727918388E2
1.25999999999999712E1	2.64999999999999991E9	-1.43897872569241692E2
1.25999999999999712E1	2.66000000000000014E9	-1.44071812543166300E2
1.25999999999999712E1	2.66999999999999993E9	-1.44238519519192554E2
1.25999999999999712E1	2.68000000000000016E9	-1.44399356015528357E2
1.25999999999999712E1	2.68999999999999995E9	-1.44555387442599859E2
1.25999999999999712E1	2.70000000000000018E9	-1.44707448333705679E2

var_c	indep(index, 1)	plot_vs(pnmx, noisefreq)[105, ::]
1.26999999999999713E1	2.29999999999999982E9	-1.43130654947222391E2
1.26999999999999713E1	2.31000000000000005E9	-1.42915214719356531E2
1.26999999999999713E1	2.31999999999999984E9	-1.42681079199397431E2
1.26999999999999713E1	2.33000000000000007E9	-1.42423343759575216E2
1.26999999999999713E1	2.33999999999999986E9	-1.42135582770244984E2
1.26999999999999713E1	2.35000000000000009E9	-1.41809308018506441E2
1.26999999999999713E1	2.36000000000000032E9	-1.41433199000875276E2
1.26999999999999713E1	2.37000000000000011E9	-1.40991991344287015E2
1.26999999999999713E1	2.37999999999999989E9	-1.40464836456955267E2
1.26999999999999713E1	2.38999999999999968E9	-1.39822808358992368E2
1.26999999999999713E1	2.39999999999999991E9	-1.39024958781962105E2
1.26999999999999713E1	2.41000000000000014E9	-1.38011717633100472E2
1.26999999999999713E1	2.41999999999999993E9	-1.36693000436448786E2
1.26999999999999713E1	2.43000000000000016E9	-1.34924852296569742E2
1.26999999999999713E1	2.43999999999999995E9	-1.32461081076937326E2
1.26999999999999713E1	2.45000000000000018E9	-1.28883726290866707E2
1.26999999999999713E1	2.45999999999999996E9	-1.24236202208099922E2
1.26999999999999713E1	2.46999999999999975E9	-1.24882226435442223E2
1.26999999999999713E1	2.47999999999999998E9	-1.29675676509108273E2
1.26999999999999713E1	2.48999999999999977E9	-1.33123207876130856E2
1.26999999999999713E1	2.50000000000000000E9	-1.35511106682906357E2
1.26999999999999713E1	2.51000000000000023E9	-1.37238451871206846E2
1.26999999999999713E1	2.52000000000000002E9	-1.38532457192111780E2
1.26999999999999713E1	2.53000000000000025E9	-1.39527953497137913E2
1.26999999999999713E1	2.54000000000000004E9	-1.40311002783485983E2
1.26999999999999713E1	2.54999999999999982E9	-1.40939531642474525E2
1.26999999999999713E1	2.56000000000000005E9	-1.41453913440585621E2
1.26999999999999713E1	2.56999999999999984E9	-1.41882949005393266E2
1.26999999999999713E1	2.58000000000000007E9	-1.42247526396627211E2
1.26999999999999713E1	2.58999999999999986E9	-1.42562989079983859E2
1.26999999999999713E1	2.60000000000000009E9	-1.42840727713516058E2
1.26999999999999713E1	2.61000000000000032E9	-1.43089276229514129E2
1.26999999999999713E1	2.62000000000000011E9	-1.43315080978493126E2
1.26999999999999713E1	2.62999999999999989E9	-1.43523046870452586E2
1.26999999999999713E1	2.63999999999999968E9	-1.43716930520417696E2
1.26999999999999713E1	2.64999999999999991E9	-1.43899625546078846E2
1.26999999999999713E1	2.66000000000000014E9	-1.44073371886777912E2
1.26999999999999713E1	2.66999999999999993E9	-1.44239910614996658E2
1.26999999999999713E1	2.68000000000000016E9	-1.44400599683436437E2
1.26999999999999713E1	2.68999999999999995E9	-1.44556500867878324E2
1.26999999999999713E1	2.70000000000000018E9	-1.44708445776095163E2

var_c	indep(index, 1)	plot_vs(pnmx, noisefreq)[106, ::]
1.27999999999999714E1	2.29999999999999982E9	-1.43128876478280587E2
1.27999999999999714E1	2.31000000000000005E9	-1.42913428717479207E2
1.27999999999999714E1	2.31999999999999984E9	-1.42679263369941256E2
1.27999999999999714E1	2.33000000000000007E9	-1.42421466329565294E2
1.27999999999999714E1	2.33999999999999986E9	-1.42133598765517877E2
1.27999999999999714E1	2.35000000000000009E9	-1.41807153384648399E2
1.27999999999999714E1	2.36000000000000032E9	-1.41430782138839484E2
1.27999999999999714E1	2.37000000000000011E9	-1.40989180406525727E2
1.27999999999999714E1	2.37999999999999989E9	-1.40461439826262557E2
1.27999999999999714E1	2.38999999999999968E9	-1.39818542768243104E2
1.27999999999999714E1	2.39999999999999991E9	-1.39019398441055042E2
1.27999999999999714E1	2.41000000000000014E9	-1.38004204816425124E2
1.27999999999999714E1	2.41999999999999993E9	-1.36682476644830841E2
1.27999999999999714E1	2.43000000000000016E9	-1.34909508955214830E2
1.27999999999999714E1	2.43999999999999995E9	-1.32437597256958250E2
1.27999999999999714E1	2.45000000000000018E9	-1.28846470634398291E2
1.27999999999999714E1	2.45999999999999996E9	-1.24194475409465044E2
1.27999999999999714E1	2.46999999999999975E9	-1.24928535006437147E2
1.27999999999999714E1	2.47999999999999998E9	-1.29717673927051846E2
1.27999999999999714E1	2.48999999999999977E9	-1.33153666884815003E2
1.27999999999999714E1	2.50000000000000000E9	-1.35533882096345559E2
1.27999999999999714E1	2.51000000000000023E9	-1.37256059717012469E2
1.27999999999999714E1	2.52000000000000002E9	-1.38546388630778616E2
1.27999999999999714E1	2.53000000000000025E9	-1.39539160691140962E2
1.27999999999999714E1	2.54000000000000004E9	-1.40320137573092962E2
1.27999999999999714E1	2.54999999999999982E9	-1.40947061394744222E2
1.27999999999999714E1	2.56000000000000005E9	-1.41460183379792315E2
1.27999999999999714E1	2.56999999999999984E9	-1.41888219166901064E2
1.27999999999999714E1	2.58000000000000007E9	-1.42251995015360588E2
1.27999999999999714E1	2.58999999999999986E9	-1.42566809125112526E2
1.27999999999999714E1	2.60000000000000009E9	-1.42844018094649639E2
1.27999999999999714E1	2.61000000000000032E9	-1.43092130103029014E2
1.27999999999999714E1	2.62000000000000011E9	-1.43317571887666984E2
1.27999999999999714E1	2.62999999999999989E9	-1.43525233285014675E2
1.27999999999999714E1	2.63999999999999968E9	-1.43718859220053941E2
1.27999999999999714E1	2.64999999999999991E9	-1.43901334186556173E2
1.27999999999999714E1	2.66000000000000014E9	-1.44074890953812895E2
1.27999999999999714E1	2.66999999999999993E9	-1.44241265020700160E2
1.27999999999999714E1	2.68000000000000016E9	-1.44401809811981052E2
1.27999999999999714E1	2.68999999999999995E9	-1.44557583520848754E2
1.27999999999999714E1	2.70000000000000018E9	-1.44709414891233723E2

var_c	indep(index, 1)	plot_vs(pnmx, noisefreq)[107, ::]
1.28999999999999693E1	2.29999999999999982E9	-1.43127111674513152E2
1.28999999999999693E1	2.31000000000000005E9	-1.42911655532621173E2
1.28999999999999693E1	2.31999999999999984E9	-1.42677459665816175E2
1.28999999999999693E1	2.33000000000000007E9	-1.42419600622012288E2
1.28999999999999693E1	2.33999999999999986E9	-1.42131626574848968E2
1.28999999999999693E1	2.35000000000000009E9	-1.41805011327184860E2
1.28999999999999693E1	2.36000000000000032E9	-1.41428379723329667E2
1.28999999999999693E1	2.37000000000000011E9	-1.40986387405087843E2
1.28999999999999693E1	2.37999999999999989E9	-1.40458066513802704E2
1.28999999999999693E1	2.38999999999999968E9	-1.39814309735752462E2
1.28999999999999693E1	2.39999999999999991E9	-1.39013885382317559E2
1.28999999999999693E1	2.41000000000000014E9	-1.37996762335213208E2
1.28999999999999693E1	2.41999999999999993E9	-1.36672059407147284E2
1.28999999999999693E1	2.43000000000000016E9	-1.34894331064613304E2
1.28999999999999693E1	2.43999999999999995E9	-1.32414377561850749E2
1.28999999999999693E1	2.45000000000000018E9	-1.28809659916237207E2
1.28999999999999693E1	2.45999999999999996E9	-1.24153325832376371E2
1.28999999999999693E1	2.46999999999999975E9	-1.24974350728042127E2
1.28999999999999693E1	2.47999999999999998E9	-1.29758962387094567E2
1.28999999999999693E1	2.48999999999999977E9	-1.33183575582573499E2
1.28999999999999693E1	2.50000000000000000E9	-1.35556232326630699E2
1.28999999999999693E1	2.51000000000000023E9	-1.37273330193454091E2
1.28999999999999693E1	2.52000000000000002E9	-1.38560046126482694E2
1.28999999999999693E1	2.53000000000000025E9	-1.39550142283904632E2
1.28999999999999693E1	2.54000000000000004E9	-1.40329084455938502E2
1.28999999999999693E1	2.54999999999999982E9	-1.40954433040900251E2
1.28999999999999693E1	2.56000000000000005E9	-1.41466319185048972E2
1.28999999999999693E1	2.56999999999999984E9	-1.41893374395995120E2
1.28999999999999693E1	2.58000000000000007E9	-1.42256364529037671E2
1.28999999999999693E1	2.58999999999999986E9	-1.42570542953540214E2
1.28999999999999693E1	2.60000000000000009E9	-1.42847232869528140E2
1.28999999999999693E1	2.61000000000000032E9	-1.43094917284718304E2
1.28999999999999693E1	2.62000000000000011E9	-1.43320003571411059E2
1.28999999999999693E1	2.62999999999999989E9	-1.43527366779511611E2
1.28999999999999693E1	2.63999999999999968E9	-1.43720740361474997E2
1.28999999999999693E1	2.64999999999999991E9	-1.43902999870963511E2
1.28999999999999693E1	2.66000000000000014E9	-1.44076371093342215E2
1.28999999999999693E1	2.66999999999999993E9	-1.44242583948229397E2
1.28999999999999693E1	2.68000000000000016E9	-1.44402987483466094E2
1.28999999999999693E1	2.68999999999999995E9	-1.44558636410830887E2
1.28999999999999693E1	2.70000000000000018E9	-1.44710356647340932E2

var_c	indep(index, 1)	plot_vs(pnmx, noisefreq)[108, ::]
1.29999999999999694E1	2.29999999999999982E9	-1.43125360471446150E2
1.29999999999999694E1	2.31000000000000005E9	-1.42909895133071285E2
1.29999999999999694E1	2.31999999999999984E9	-1.42675668091326457E2
1.29999999999999694E1	2.33000000000000007E9	-1.42417746760755026E2
1.29999999999999694E1	2.33999999999999986E9	-1.42129666315877867E2
1.29999999999999694E1	2.35000000000000009E9	-1.41802881913761825E2
1.29999999999999694E1	2.36000000000000032E9	-1.41425991814102048E2
1.29999999999999694E1	2.37000000000000011E9	-1.40983612105776546E2
1.29999999999999694E1	2.37999999999999989E9	-1.40454716652686740E2
1.29999999999999694E1	2.38999999999999968E9	-1.39810109108698355E2
1.29999999999999694E1	2.39999999999999991E9	-1.39008419033449737E2
1.29999999999999694E1	2.41000000000000014E9	-1.37989388919294864E2
1.29999999999999694E1	2.41999999999999993E9	-1.36661747191731608E2
1.29999999999999694E1	2.43000000000000016E9	-1.34879316482990586E2
1.29999999999999694E1	2.43999999999999995E9	-1.32391418393552929E2
1.29999999999999694E1	2.45000000000000018E9	-1.28773287014663440E2
1.29999999999999694E1	2.45999999999999996E9	-1.24112706763894365E2
1.29999999999999694E1	2.46999999999999975E9	-1.25019681713370190E2
1.29999999999999694E1	2.47999999999999998E9	-1.29799557238072283E2
1.29999999999999694E1	2.48999999999999977E9	-1.33212947169718210E2
1.29999999999999694E1	2.50000000000000000E9	-1.35578169095129364E2
1.29999999999999694E1	2.51000000000000023E9	-1.37290272264157553E2
1.29999999999999694E1	2.52000000000000002E9	-1.38573437207201566E2
1.29999999999999694E1	2.53000000000000025E9	-1.39560904661674434E2
1.29999999999999694E1	2.54000000000000004E9	-1.40337848770740581E2
1.29999999999999694E1	2.54999999999999982E9	-1.40961651136126331E2
1.29999999999999694E1	2.56000000000000005E9	-1.41472324675733541E2
1.29999999999999694E1	2.56999999999999984E9	-1.41898418170060725E2
1.29999999999999694E1	2.58000000000000007E9	-1.42260637827396819E2
1.29999999999999694E1	2.58999999999999986E9	-1.42574193121165571E2
1.29999999999999694E1	2.60000000000000009E9	-1.42850374411894498E2
1.29999999999999694E1	2.61000000000000032E9	-1.43097639836221946E2
1.29999999999999694E1	2.62000000000000011E9	-1.43322377861124828E2
1.29999999999999694E1	2.62999999999999989E9	-1.43529449030196421E2
1.29999999999999694E1	2.63999999999999968E9	-1.43722575472022496E2
1.29999999999999694E1	2.64999999999999991E9	-1.43904624008151294E2
1.29999999999999694E1	2.66000000000000014E9	-1.44077813518281239E2
1.29999999999999694E1	2.66999999999999993E9	-1.44243868528450281E2
1.29999999999999694E1	2.68000000000000016E9	-1.44404133789335276E2
1.29999999999999694E1	2.68999999999999995E9	-1.44559660545402213E2
1.29999999999999694E1	2.70000000000000018E9	-1.44711271963161003E2

var_c	indep(index, 1)	plot_vs(pnmx, noisefreq)[109, ::]
1.30999999999999694E1	2.29999999999999982E9	-1.43123622836298159E2
1.30999999999999694E1	2.31000000000000005E9	-1.42908147488548765E2
1.30999999999999694E1	2.31999999999999984E9	-1.42673888673007188E2
1.30999999999999694E1	2.33000000000000007E9	-1.42415904774211954E2
1.30999999999999694E1	2.33999999999999986E9	-1.42127717982016177E2
1.30999999999999694E1	2.35000000000000009E9	-1.41800765323777678E2
1.30999999999999694E1	2.36000000000000032E9	-1.41423618385817917E2
1.30999999999999694E1	2.37000000000000011E9	-1.40980854654926202E2
1.30999999999999694E1	2.37999999999999989E9	-1.40451390158024791E2
1.30999999999999694E1	2.38999999999999968E9	-1.39805940824431851E2
1.30999999999999694E1	2.39999999999999991E9	-1.39002998967818825E2
1.30999999999999694E1	2.41000000000000014E9	-1.37982083843713488E2
1.30999999999999694E1	2.41999999999999993E9	-1.36651538545441475E2
1.30999999999999694E1	2.43000000000000016E9	-1.34864462273197927E2
1.30999999999999694E1	2.43999999999999995E9	-1.32368715900701317E2
1.30999999999999694E1	2.45000000000000018E9	-1.28737346061935454E2
1.30999999999999694E1	2.45999999999999996E9	-1.24072568318242604E2
1.30999999999999694E1	2.46999999999999975E9	-1.25064535927494558E2
1.30999999999999694E1	2.47999999999999998E9	-1.29839474960265022E2
1.30999999999999694E1	2.48999999999999977E9	-1.33241794795436874E2
1.30999999999999694E1	2.50000000000000000E9	-1.35599702331139627E2
1.30999999999999694E1	2.51000000000000023E9	-1.37306894007332647E2
1.30999999999999694E1	2.52000000000000002E9	-1.38586568978728364E2
1.30999999999999694E1	2.53000000000000025E9	-1.39571453791053424E2
1.30999999999999694E1	2.54000000000000004E9	-1.40346435551643323E2
1.30999999999999694E1	2.54999999999999982E9	-1.40968720211187382E2
1.30999999999999694E1	2.56000000000000005E9	-1.41478203701484384E2
1.30999999999999694E1	2.56999999999999984E9	-1.41903353710180880E2
1.30999999999999694E1	2.58000000000000007E9	-1.42264817777867814E2
1.30999999999999694E1	2.58999999999999986E9	-1.42577762188895418E2
1.30999999999999694E1	2.60000000000000009E9	-1.42853444914654326E2
1.30999999999999694E1	2.61000000000000032E9	-1.43100299736652481E2
1.30999999999999694E1	2.62000000000000011E9	-1.43324696584012967E2
1.30999999999999694E1	2.62999999999999989E9	-1.43531481600927013E2
1.30999999999999694E1	2.63999999999999968E9	-1.43724365964048362E2
1.30999999999999694E1	2.64999999999999991E9	-1.43906207871577907E2
1.30999999999999694E1	2.66000000000000014E9	-1.44079219444498063E2
1.30999999999999694E1	2.66999999999999993E9	-1.44245119889831175E2
1.30999999999999694E1	2.68000000000000016E9	-1.44405249733348406E2
1.30999999999999694E1	2.68999999999999995E9	-1.44560656853969305E2
1.30999999999999694E1	2.70000000000000018E9	-1.44712161706314180E2

var_c	indep(index, 1)	plot_vs(pnmx, noisefreq)[110, ::]
1.31999999999999695E1	2.29999999999999982E9	-1.43121898693461902E2
1.31999999999999695E1	2.31000000000000005E9	-1.42906412600910082E2
1.31999999999999695E1	2.31999999999999984E9	-1.42672121466726298E2
1.31999999999999695E1	2.33000000000000007E9	-1.42414074659332890E2
1.31999999999999695E1	2.33999999999999986E9	-1.42125781730366652E2
1.31999999999999695E1	2.35000000000000009E9	-1.41798661523678549E2
1.31999999999999695E1	2.36000000000000032E9	-1.41421259568518520E2
1.31999999999999695E1	2.37000000000000011E9	-1.40978115002663995E2
1.31999999999999695E1	2.37999999999999989E9	-1.40448086815083739E2
1.31999999999999695E1	2.38999999999999968E9	-1.39801804342374458E2
1.31999999999999695E1	2.39999999999999991E9	-1.38997624590331270E2
1.31999999999999695E1	2.41000000000000014E9	-1.37974846329116274E2
1.31999999999999695E1	2.41999999999999993E9	-1.36641431776977185E2
1.31999999999999695E1	2.43000000000000016E9	-1.34849765787923848E2
1.31999999999999695E1	2.43999999999999995E9	-1.32346265294260657E2
1.31999999999999695E1	2.45000000000000018E9	-1.28701828628663106E2
1.31999999999999695E1	2.45999999999999996E9	-1.24032862408509326E2
1.31999999999999695E1	2.46999999999999975E9	-1.25108918984453887E2
1.31999999999999695E1	2.47999999999999998E9	-1.29878729647546609E2
1.31999999999999695E1	2.48999999999999977E9	-1.33270131140587855E2
1.31999999999999695E1	2.50000000000000000E9	-1.35620841930633218E2
1.31999999999999695E1	2.51000000000000023E9	-1.37323204298373835E2
1.31999999999999695E1	2.52000000000000002E9	-1.38599448591397967E2
1.31999999999999695E1	2.53000000000000025E9	-1.39581795440609158E2
1.31999999999999695E1	2.54000000000000004E9	-1.40354849811971971E2
1.31999999999999695E1	2.54999999999999982E9	-1.40975644315457882E2
1.31999999999999695E1	2.56000000000000005E9	-1.41483959840700257E2
1.31999999999999695E1	2.56999999999999984E9	-1.41908184181445529E2
1.31999999999999695E1	2.58000000000000007E9	-1.42268907201994033E2
1.31999999999999695E1	2.58999999999999986E9	-1.42581252541550851E2
1.31999999999999695E1	2.60000000000000009E9	-1.42856446479691845E2
1.31999999999999695E1	2.61000000000000032E9	-1.43102898919341515E2
1.31999999999999695E1	2.62000000000000011E9	-1.43326961360255667E2
1.31999999999999695E1	2.62999999999999989E9	-1.43533466057399495E2
1.31999999999999695E1	2.63999999999999968E9	-1.43726113262430255E2
1.31999999999999695E1	2.64999999999999991E9	-1.43907752746070861E2
1.31999999999999695E1	2.66000000000000014E9	-1.44080590037721157E2
1.31999999999999695E1	2.66999999999999993E9	-1.44246339089955122E2
1.31999999999999695E1	2.68000000000000016E9	-1.44406336295672810E2
1.31999999999999695E1	2.68999999999999995E9	-1.44561626248651520E2
1.31999999999999695E1	2.70000000000000018E9	-1.44713026733126693E2

var_c	indep(index, 1)	plot_vs(pnmx, noisefreq)[111, ::]
1.32999999999999696E1	2.29999999999999982E9	-1.43120188029316031E2
1.32999999999999696E1	2.31000000000000005E9	-1.42904690459501493E2
1.32999999999999696E1	2.31999999999999984E9	-1.42670366399750836E2
1.32999999999999696E1	2.33000000000000007E9	-1.42412256443156870E2
1.32999999999999696E1	2.33999999999999986E9	-1.42123857477837245E2
1.32999999999999696E1	2.35000000000000009E9	-1.41796570633975838E2
1.32999999999999696E1	2.36000000000000032E9	-1.41418915421598879E2
1.32999999999999696E1	2.37000000000000011E9	-1.40975393166864427E2
1.32999999999999696E1	2.37999999999999989E9	-1.40444806689502188E2
1.32999999999999696E1	2.38999999999999968E9	-1.39797699763479200E2
1.32999999999999696E1	2.39999999999999991E9	-1.38992295565738688E2
1.32999999999999696E1	2.41000000000000014E9	-1.37967675562101943E2
1.32999999999999696E1	2.41999999999999993E9	-1.36631425399730433E2
1.32999999999999696E1	2.43000000000000016E9	-1.34835224872940307E2
1.32999999999999696E1	2.43999999999999995E9	-1.32324062987489510E2
1.32999999999999696E1	2.45000000000000018E9	-1.28666730550312236E2
1.32999999999999696E1	2.45999999999999996E9	-1.23993534883709922E2
1.32999999999999696E1	2.46999999999999975E9	-1.25152838325683913E2
1.32999999999999696E1	2.47999999999999998E9	-1.29917335022935521E2
1.32999999999999696E1	2.48999999999999977E9	-1.33297968907876996E2
1.32999999999999696E1	2.50000000000000000E9	-1.35641598383460682E2
1.32999999999999696E1	2.51000000000000023E9	-1.37339210824648328E2
1.32999999999999696E1	2.52000000000000002E9	-1.38612082246277279E2
1.32999999999999696E1	2.53000000000000025E9	-1.39591935180142679E2
1.32999999999999696E1	2.54000000000000004E9	-1.40363096322216108E2
1.32999999999999696E1	2.54999999999999982E9	-1.40982427405593813E2
1.32999999999999696E1	2.56000000000000005E9	-1.41489596518901406E2
1.32999999999999696E1	2.56999999999999984E9	-1.41912912649148959E2
1.32999999999999696E1	2.58000000000000007E9	-1.42272908615876981E2
1.32999999999999696E1	2.58999999999999986E9	-1.42584666462820597E2
1.32999999999999696E1	2.60000000000000009E9	-1.42859381199528501E2
1.32999999999999696E1	2.61000000000000032E9	-1.43105439139397439E2
1.32999999999999696E1	2.62000000000000011E9	-1.43329173883530014E2
1.32999999999999696E1	2.62999999999999989E9	-1.43535403845882525E2
1.32999999999999696E1	2.63999999999999968E9	-1.43727818671986718E2
1.32999999999999696E1	2.64999999999999991E9	-1.43909259840961279E2
1.32999999999999696E1	2.66000000000000014E9	-1.44081926392782123E2
1.32999999999999696E1	2.66999999999999993E9	-1.44247527153689958E2
1.32999999999999696E1	2.68000000000000016E9	-1.44407394435477787E2
1.32999999999999696E1	2.68999999999999995E9	-1.44562569596138579E2
1.32999999999999696E1	2.70000000000000018E9	-1.44713867853037037E2

var_c	indep(index, 1)	plot_vs(pnmx, noisefreq)[112, ::]
1.33999999999999675E1	2.29999999999999982E9	-1.43118490740078763E2
1.33999999999999675E1	2.31000000000000005E9	-1.42902980994222584E2
1.33999999999999675E1	2.31999999999999984E9	-1.42668623541031359E2
1.33999999999999675E1	2.33000000000000007E9	-1.42410450145719514E2
1.33999999999999675E1	2.33999999999999986E9	-1.42121945390732152E2
1.33999999999999675E1	2.35000000000000009E9	-1.41794492661721039E2
1.33999999999999675E1	2.36000000000000032E9	-1.41416585923401827E2
1.33999999999999675E1	2.37000000000000011E9	-1.40972689274901941E2
1.33999999999999675E1	2.37999999999999989E9	-1.40441549744785421E2
1.33999999999999675E1	2.38999999999999968E9	-1.39793626736495069E2
1.33999999999999675E1	2.39999999999999991E9	-1.38987011492140167E2
1.33999999999999675E1	2.41000000000000014E9	-1.37960570465457733E2
1.33999999999999675E1	2.41999999999999993E9	-1.36621518191375513E2
1.33999999999999675E1	2.43000000000000016E9	-1.34820836731931815E2
1.33999999999999675E1	2.43999999999999995E9	-1.32302105054238028E2
1.33999999999999675E1	2.45000000000000018E9	-1.28632044089330400E2
1.33999999999999675E1	2.45999999999999996E9	-1.23954529993060780E2
1.33999999999999675E1	2.46999999999999975E9	-1.25196298584233379E2
1.33999999999999675E1	2.47999999999999998E9	-1.29955306955270133E2
1.33999999999999675E1	2.48999999999999977E9	-1.33325319209249171E2
1.33999999999999675E1	2.50000000000000000E9	-1.35661980473779287E2
1.33999999999999675E1	2.51000000000000023E9	-1.37354921536272090E2
1.33999999999999675E1	2.52000000000000002E9	-1.38624476884537606E2
1.33999999999999675E1	2.53000000000000025E9	-1.39601878614896724E2
1.33999999999999675E1	2.54000000000000004E9	-1.40371179620468611E2
1.33999999999999675E1	2.54999999999999982E9	-1.40989073516916119E2
1.33999999999999675E1	2.56000000000000005E9	-1.41495117234956269E2
1.33999999999999675E1	2.56999999999999984E9	-1.41917541912078726E2
1.33999999999999675E1	2.58000000000000007E9	-1.42276824612766495E2
1.33999999999999675E1	2.58999999999999986E9	-1.42588006229867936E2
1.33999999999999675E1	2.60000000000000009E9	-1.42862251042116140E2
1.33999999999999675E1	2.61000000000000032E9	-1.43107922215170524E2
1.33999999999999675E1	2.62000000000000011E9	-1.43331335683022365E2
1.33999999999999675E1	2.62999999999999989E9	-1.43537296398290271E2
1.33999999999999675E1	2.63999999999999968E9	-1.43729483505775635E2
1.33999999999999675E1	2.64999999999999991E9	-1.43910730367137663E2
1.33999999999999675E1	2.66000000000000014E9	-1.44083229605655250E2
1.33999999999999675E1	2.66999999999999993E9	-1.44248685051861014E2
1.33999999999999675E1	2.68000000000000016E9	-1.44408425050207367E2
1.33999999999999675E1	2.68999999999999995E9	-1.44563487750458641E2
1.33999999999999675E1	2.70000000000000018E9	-1.44714685816457012E2

var_c	indep(index, 1)	plot_vs(pnmx, noisefreq)[113, ::]
1.34999999999999676E1	2.29999999999999982E9	-1.43116806755923109E2
1.34999999999999676E1	2.31000000000000005E9	-1.42901284163430686E2
1.34999999999999676E1	2.31999999999999984E9	-1.42666892812381407E2
1.34999999999999676E1	2.33000000000000007E9	-1.42408655761496217E2
1.34999999999999676E1	2.33999999999999986E9	-1.42120045472308987E2
1.34999999999999676E1	2.35000000000000009E9	-1.41792427603852023E2
1.34999999999999676E1	2.36000000000000032E9	-1.41414271082710408E2
1.34999999999999676E1	2.37000000000000011E9	-1.40970003123322840E2
1.34999999999999676E1	2.37999999999999989E9	-1.40438315754389942E2
1.34999999999999676E1	2.38999999999999968E9	-1.39789585035826436E2
1.34999999999999676E1	2.39999999999999991E9	-1.38981771888392092E2
1.34999999999999676E1	2.41000000000000014E9	-1.37953530683156522E2
1.34999999999999676E1	2.41999999999999993E9	-1.36611708687758782E2
1.34999999999999676E1	2.43000000000000016E9	-1.34806599559364937E2
1.34999999999999676E1	2.43999999999999995E9	-1.32280387305043745E2
1.34999999999999676E1	2.45000000000000018E9	-1.28597764535118020E2
1.34999999999999676E1	2.45999999999999996E9	-1.23915790768455247E2
1.34999999999999676E1	2.46999999999999975E9	-1.25239306118791083E2
1.34999999999999676E1	2.47999999999999998E9	-1.29992656429751507E2
1.34999999999999676E1	2.48999999999999977E9	-1.33352194256867551E2
1.34999999999999676E1	2.50000000000000000E9	-1.35681997972434898E2
1.34999999999999676E1	2.51000000000000023E9	-1.37370343941830297E2
1.34999999999999676E1	2.52000000000000002E9	-1.38636638394634515E2
1.34999999999999676E1	2.53000000000000025E9	-1.39611630707027579E2
1.34999999999999676E1	2.54000000000000004E9	-1.40379104107702601E2
1.34999999999999676E1	2.54999999999999982E9	-1.40995586632321790E2
1.34999999999999676E1	2.56000000000000005E9	-1.41500525168531976E2
1.34999999999999676E1	2.56999999999999984E9	-1.41922074897452011E2
1.34999999999999676E1	2.58000000000000007E9	-1.42280657678171818E2
1.34999999999999676E1	2.58999999999999986E9	-1.42591273969614463E2
1.34999999999999676E1	2.60000000000000009E9	-1.42865057887780322E2
1.34999999999999676E1	2.61000000000000032E9	-1.43110349799495995E2
1.34999999999999676E1	2.62000000000000011E9	-1.43333448317674939E2
1.34999999999999676E1	2.62999999999999989E9	-1.43539145075949603E2
1.34999999999999676E1	2.63999999999999968E9	-1.43731108988416412E2
1.34999999999999676E1	2.64999999999999991E9	-1.43912165391229974E2
1.34999999999999676E1	2.66000000000000014E9	-1.44084500675210703E2
1.34999999999999676E1	2.66999999999999993E9	-1.44249813731275189E2
1.34999999999999676E1	2.68000000000000016E9	-1.44409429007130852E2
1.34999999999999676E1	2.68999999999999995E9	-1.44564381506206030E2
1.34999999999999676E1	2.70000000000000018E9	-1.44715481411258229E2

var_c	indep(index, 1)	plot_vs(pnmx, noisefreq)[114, ::]
1.35999999999999677E1	2.29999999999999982E9	-1.43115136018079503E2
1.35999999999999677E1	2.31000000000000005E9	-1.42899599961234403E2
1.35999999999999677E1	2.31999999999999984E9	-1.42665174255038640E2
1.35999999999999677E1	2.33000000000000007E9	-1.42406873376976906E2
1.35999999999999677E1	2.33999999999999986E9	-1.42118157592300953E2
1.35999999999999677E1	2.35000000000000009E9	-1.41790375516314571E2
1.35999999999999677E1	2.36000000000000032E9	-1.41411971019301497E2
1.35999999999999677E1	2.37000000000000011E9	-1.40967334754387474E2
1.35999999999999677E1	2.37999999999999989E9	-1.40435104667338040E2
1.35999999999999677E1	2.38999999999999968E9	-1.39785574499309662E2
1.35999999999999677E1	2.39999999999999991E9	-1.38976576218411374E2
1.35999999999999677E1	2.41000000000000014E9	-1.37946554879607297E2
1.35999999999999677E1	2.41999999999999993E9	-1.36601995450931257E2
1.35999999999999677E1	2.43000000000000016E9	-1.34792510718965741E2
1.35999999999999677E1	2.43999999999999995E9	-1.32258906690318501E2
1.35999999999999677E1	2.45000000000000018E9	-1.28563884747066082E2
1.35999999999999677E1	2.45999999999999996E9	-1.23877254998995978E2
1.35999999999999677E1	2.46999999999999975E9	-1.25281866977387013E2
1.35999999999999677E1	2.47999999999999998E9	-1.30029400012366181E2
1.35999999999999677E1	2.48999999999999977E9	-1.33378605027696961E2
1.35999999999999677E1	2.50000000000000000E9	-1.35701659481251258E2
1.35999999999999677E1	2.51000000000000023E9	-1.37385485318578615E2
1.35999999999999677E1	2.52000000000000002E9	-1.38648572949816518E2
1.35999999999999677E1	2.53000000000000025E9	-1.39621196811222070E2
1.35999999999999677E1	2.54000000000000004E9	-1.40386874095157554E2
1.35999999999999677E1	2.54999999999999982E9	-1.41001969933323812E2
1.35999999999999677E1	2.56000000000000005E9	-1.41505823497851724E2
1.35999999999999677E1	2.56999999999999984E9	-1.41926514281518856E2
1.35999999999999677E1	2.58000000000000007E9	-1.42284410180775245E2
1.35999999999999677E1	2.58999999999999986E9	-1.42594471811064571E2
1.35999999999999677E1	2.60000000000000009E9	-1.42867803641748203E2
1.35999999999999677E1	2.61000000000000032E9	-1.43112723539398390E2
1.35999999999999677E1	2.62000000000000011E9	-1.43335513226660427E2
1.35999999999999677E1	2.62999999999999989E9	-1.43540951201557254E2
1.35999999999999677E1	2.63999999999999968E9	-1.43732696299585960E2
1.35999999999999677E1	2.64999999999999991E9	-1.43913566028951823E2
1.35999999999999677E1	2.66000000000000014E9	-1.44085740625354175E2
1.35999999999999677E1	2.66999999999999993E9	-1.44250914121305662E2
1.35999999999999677E1	2.68000000000000016E9	-1.44410407133224128E2
1.35999999999999677E1	2.68999999999999995E9	-1.44565251634498582E2
1.35999999999999677E1	2.70000000000000018E9	-1.44716255335186794E2

var_c	indep(index, 1)	plot_vs(pnmx, noisefreq)[115, ::]
1.36999999999999678E1	2.29999999999999982E9	-1.43113478432017072E2
1.36999999999999678E1	2.31000000000000005E9	-1.42897928284824527E2
1.36999999999999678E1	2.31999999999999984E9	-1.42663467769768126E2
1.36999999999999678E1	2.33000000000000007E9	-1.42405102885409507E2
1.36999999999999678E1	2.33999999999999986E9	-1.42116281915834608E2
1.36999999999999678E1	2.35000000000000009E9	-1.41788336429727613E2
1.36999999999999678E1	2.36000000000000032E9	-1.41409685634405191E2
1.36999999999999678E1	2.37000000000000011E9	-1.40964684089410253E2
1.36999999999999678E1	2.37999999999999989E9	-1.40431916507147214E2
1.36999999999999678E1	2.38999999999999968E9	-1.39781594806623422E2
1.36999999999999678E1	2.39999999999999991E9	-1.38971424139636390E2
1.36999999999999678E1	2.41000000000000014E9	-1.37939642736293910E2
1.36999999999999678E1	2.41999999999999993E9	-1.36592377197904358E2
1.36999999999999678E1	2.43000000000000016E9	-1.34778568103498197E2
1.36999999999999678E1	2.43999999999999995E9	-1.32237659009261144E2
1.36999999999999678E1	2.45000000000000018E9	-1.28530398036983828E2
1.36999999999999678E1	2.45999999999999996E9	-1.23838859675722590E2
1.36999999999999678E1	2.46999999999999975E9	-1.25323984150562673E2
1.36999999999999678E1	2.47999999999999998E9	-1.30065548424861110E2
1.36999999999999678E1	2.48999999999999977E9	-1.33404562199174315E2
1.36999999999999678E1	2.50000000000000000E9	-1.35720974214832291E2
1.36999999999999678E1	2.51000000000000023E9	-1.37400352625392141E2
1.36999999999999678E1	2.52000000000000002E9	-1.38660286410964884E2
1.36999999999999678E1	2.53000000000000025E9	-1.39630581579564073E2
1.36999999999999678E1	2.54000000000000004E9	-1.40394493880418114E2
1.36999999999999678E1	2.54999999999999982E9	-1.41008227358971139E2
1.36999999999999678E1	2.56000000000000005E9	-1.41511015199122214E2
1.36999999999999678E1	2.56999999999999984E9	-1.41930862682208447E2
1.36999999999999678E1	2.58000000000000007E9	-1.42288084394087333E2
1.36999999999999678E1	2.58999999999999986E9	-1.42597601735424995E2
1.36999999999999678E1	2.60000000000000009E9	-1.42870489978624660E2
1.36999999999999678E1	2.61000000000000032E9	-1.43115045029915899E2
1.36999999999999678E1	2.62000000000000011E9	-1.43337531821165642E2
1.36999999999999678E1	2.62999999999999989E9	-1.43542716053240493E2
1.36999999999999678E1	2.63999999999999968E9	-1.43734246617111650E2
1.36999999999999678E1	2.64999999999999991E9	-1.43914933324460748E2
1.36999999999999678E1	2.66000000000000014E9	-1.44086950377952694E2
1.36999999999999678E1	2.66999999999999993E9	-1.44251987085139288E2
1.36999999999999678E1	2.68000000000000016E9	-1.44411360260865917E2
1.36999999999999678E1	2.68999999999999995E9	-1.44566098888088712E2
1.36999999999999678E1	2.70000000000000018E9	-1.44717008279137027E2

var_c	indep(index, 1)	plot_vs(pnmx, noisefreq)[116, ::]
1.37999999999999678E1	2.29999999999999982E9	-1.43111833959098078E2
1.37999999999999678E1	2.31000000000000005E9	-1.42896269115161423E2
1.37999999999999678E1	2.31999999999999984E9	-1.42661773402688019E2
1.37999999999999678E1	2.33000000000000007E9	-1.42403344339737603E2
1.37999999999999678E1	2.33999999999999986E9	-1.42114418448168411E2
1.37999999999999678E1	2.35000000000000009E9	-1.41786310299562923E2
1.37999999999999678E1	2.36000000000000032E9	-1.41407414955535460E2
1.37999999999999678E1	2.37000000000000011E9	-1.40962051291610013E2
1.37999999999999678E1	2.37999999999999989E9	-1.40428750914680589E2
1.37999999999999678E1	2.38999999999999968E9	-1.39777645828124930E2
1.37999999999999678E1	2.39999999999999991E9	-1.38966315378044802E2
1.37999999999999678E1	2.41000000000000014E9	-1.37932792991637476E2
1.37999999999999678E1	2.41999999999999993E9	-1.36582852585709746E2
1.37999999999999678E1	2.43000000000000016E9	-1.34764769399911954E2
1.37999999999999678E1	2.43999999999999995E9	-1.32216640642060623E2
1.37999999999999678E1	2.45000000000000018E9	-1.28497300442974782E2
1.37999999999999678E1	2.45999999999999996E9	-1.23800535359775976E2
1.37999999999999678E1	2.46999999999999975E9	-1.25365663787063841E2
1.37999999999999678E1	2.47999999999999998E9	-1.30101114667461992E2
1.37999999999999678E1	2.48999999999999977E9	-1.33430076710921108E2
1.37999999999999678E1	2.50000000000000000E9	-1.35739950305961043E2
1.37999999999999678E1	2.51000000000000023E9	-1.37414952831562576E2
1.37999999999999678E1	2.52000000000000002E9	-1.38671784410680954E2
1.37999999999999678E1	2.53000000000000025E9	-1.39639789963004590E2
1.37999999999999678E1	2.54000000000000004E9	-1.40401967175699616E2
1.37999999999999678E1	2.54999999999999982E9	-1.41014362262544823E2
1.37999999999999678E1	2.56000000000000005E9	-1.41516103212372713E2
1.37999999999999678E1	2.56999999999999984E9	-1.41935122640202804E2
1.37999999999999678E1	2.58000000000000007E9	-1.42291682419525878E2
1.37999999999999678E1	2.58999999999999986E9	-1.42600665599653276E2
1.37999999999999678E1	2.60000000000000009E9	-1.42873118623558182E2
1.37999999999999678E1	2.61000000000000032E9	-1.43117315753622543E2
1.37999999999999678E1	2.62000000000000011E9	-1.43339505457915850E2
1.37999999999999678E1	2.62999999999999989E9	-1.43544440810425100E2
1.37999999999999678E1	2.63999999999999968E9	-1.43735761017301567E2
1.37999999999999678E1	2.64999999999999991E9	-1.43916268260198343E2
1.37999999999999678E1	2.66000000000000014E9	-1.44088130872108766E2
1.37999999999999678E1	2.66999999999999993E9	-1.44253033461915181E2
1.37999999999999678E1	2.68000000000000016E9	-1.44412289164125607E2
1.37999999999999678E1	2.68999999999999995E9	-1.44566924001580532E2
1.37999999999999678E1	2.70000000000000018E9	-1.44717740916005977E2

var_c	indep(index, 1)	plot_vs(pnmx, noisefreq)[117, ::]
1.38999999999999657E1	2.29999999999999982E9	-1.43110202462164038E2
1.38999999999999657E1	2.31000000000000005E9	-1.42894622405509031E2
1.38999999999999657E1	2.31999999999999984E9	-1.42660091071035811E2
1.38999999999999657E1	2.33000000000000007E9	-1.42401597692590665E2
1.38999999999999657E1	2.33999999999999986E9	-1.42112567099115572E2
1.38999999999999657E1	2.35000000000000009E9	-1.41784297221128641E2
1.38999999999999657E1	2.36000000000000032E9	-1.41405158976742440E2
1.38999999999999657E1	2.37000000000000011E9	-1.40959436096539670E2
1.38999999999999657E1	2.37999999999999989E9	-1.40425608081988917E2
1.38999999999999657E1	2.38999999999999968E9	-1.39773727164380013E2
1.38999999999999657E1	2.39999999999999991E9	-1.38961249048084801E2
1.38999999999999657E1	2.41000000000000014E9	-1.37926005340947677E2
1.38999999999999657E1	2.41999999999999993E9	-1.36573420164199710E2
1.38999999999999657E1	2.43000000000000016E9	-1.34751112244358295E2
1.38999999999999657E1	2.43999999999999995E9	-1.32195848122765836E2
1.38999999999999657E1	2.45000000000000018E9	-1.28464585060933745E2
1.38999999999999657E1	2.45999999999999996E9	-1.23762211809931144E2
1.38999999999999657E1	2.46999999999999975E9	-1.25406909084469431E2
1.38999999999999657E1	2.47999999999999998E9	-1.30136112355580402E2
1.38999999999999657E1	2.48999999999999977E9	-1.33455158566554011E2
1.38999999999999657E1	2.50000000000000000E9	-1.35758595777555469E2
1.38999999999999657E1	2.51000000000000023E9	-1.37429292542113557E2
1.38999999999999657E1	2.52000000000000002E9	-1.38683072545797526E2
1.38999999999999657E1	2.53000000000000025E9	-1.39648826314283858E2
1.38999999999999657E1	2.54000000000000004E9	-1.40409298030012897E2
1.38999999999999657E1	2.54999999999999982E9	-1.41020377806169050E2
1.38999999999999657E1	2.56000000000000005E9	-1.41521090406166117E2
1.38999999999999657E1	2.56999999999999984E9	-1.41939296505662327E2
1.38999999999999657E1	2.58000000000000007E9	-1.42295206508772476E2
1.38999999999999657E1	2.58999999999999986E9	-1.42603665382766231E2
1.38999999999999657E1	2.60000000000000009E9	-1.42875691279975814E2
1.38999999999999657E1	2.61000000000000032E9	-1.43119537214042514E2
1.38999999999999657E1	2.62000000000000011E9	-1.43341435428428388E2
1.38999999999999657E1	2.62999999999999989E9	-1.43546126697827248E2
1.38999999999999657E1	2.63999999999999968E9	-1.43737240567389835E2
1.38999999999999657E1	2.64999999999999991E9	-1.43917571834644531E2
1.38999999999999657E1	2.66000000000000014E9	-1.44089282986351508E2
1.38999999999999657E1	2.66999999999999993E9	-1.44254054070100901E2
1.38999999999999657E1	2.68000000000000016E9	-1.44413194564932046E2
1.38999999999999657E1	2.68999999999999995E9	-1.44567727629350262E2
1.38999999999999657E1	2.70000000000000018E9	-1.44718453882146947E2

var_c	indep(index, 1)	plot_vs(pnmx, noisefreq)[118, ::]
1.39999999999999658E1	2.29999999999999982E9	-1.43108583912816067E2
1.39999999999999658E1	2.31000000000000005E9	-1.42892988082898231E2
1.39999999999999658E1	2.31999999999999984E9	-1.42658420760476146E2
1.39999999999999658E1	2.33000000000000007E9	-1.42399862959001067E2
1.39999999999999658E1	2.33999999999999986E9	-1.42110727936619807E2
1.39999999999999658E1	2.35000000000000009E9	-1.41782297121074130E2
1.39999999999999658E1	2.36000000000000032E9	-1.41402917686227703E2
1.39999999999999658E1	2.37000000000000011E9	-1.40956838672814833E2
1.39999999999999658E1	2.37999999999999989E9	-1.40422487585968048E2
1.39999999999999658E1	2.38999999999999968E9	-1.39769838721524531E2
1.39999999999999658E1	2.39999999999999991E9	-1.38956225045526804E2
1.39999999999999658E1	2.41000000000000014E9	-1.37919278807482004E2
1.39999999999999658E1	2.41999999999999993E9	-1.36564078793417343E2
1.39999999999999658E1	2.43000000000000016E9	-1.34737594942284122E2
1.39999999999999658E1	2.43999999999999995E9	-1.32175278085134051E2
1.39999999999999658E1	2.45000000000000018E9	-1.28432246284089557E2
1.39999999999999658E1	2.45999999999999996E9	-1.23723809884158431E2
1.39999999999999658E1	2.46999999999999975E9	-1.25447725204584781E2
1.39999999999999658E1	2.47999999999999998E9	-1.30170552832286468E2
1.39999999999999658E1	2.48999999999999977E9	-1.33479818306811038E2
1.39999999999999658E1	2.50000000000000000E9	-1.35776918470674612E2
1.39999999999999658E1	2.51000000000000023E9	-1.37443378213767220E2
1.39999999999999658E1	2.52000000000000002E9	-1.38694155914542661E2
1.39999999999999658E1	2.53000000000000025E9	-1.39657695198938869E2
1.39999999999999658E1	2.54000000000000004E9	-1.40416490067962441E2
1.39999999999999658E1	2.54999999999999982E9	-1.41026277212264373E2
1.39999999999999658E1	2.56000000000000005E9	-1.41525979399960744E2
1.39999999999999658E1	2.56999999999999984E9	-1.41943386773165803E2
1.39999999999999658E1	2.58000000000000007E9	-1.42298658704645220E2
1.39999999999999658E1	2.58999999999999986E9	-1.42606602804023397E2
1.39999999999999658E1	2.60000000000000009E9	-1.42878209468197381E2
1.39999999999999658E1	2.61000000000000032E9	-1.43121710790345813E2
1.39999999999999658E1	2.62000000000000011E9	-1.43343323049319160E2
1.39999999999999658E1	2.62999999999999989E9	-1.43547774806668937E2
1.39999999999999658E1	2.63999999999999968E9	-1.43738686308794339E2
1.39999999999999658E1	2.64999999999999991E9	-1.43918844969425774E2
1.39999999999999658E1	2.66000000000000014E9	-1.44090407570507217E2
1.39999999999999658E1	2.66999999999999993E9	-1.44255049679692715E2
1.39999999999999658E1	2.68000000000000016E9	-1.44414077216488357E2
1.39999999999999658E1	2.68999999999999995E9	-1.44568510463070821E2
1.39999999999999658E1	2.70000000000000018E9	-1.44719147798085479E2

var_c	indep(index, 1)	plot_vs(pnmx, noisefreq)[119, ::]
1.40999999999999659E1	2.29999999999999982E9	-1.43106978204259816E2
1.40999999999999659E1	2.31000000000000005E9	-1.42891366093954586E2
1.40999999999999659E1	2.31999999999999984E9	-1.42656762390897662E2
1.40999999999999659E1	2.33000000000000007E9	-1.42398140069594636E2
1.40999999999999659E1	2.33999999999999986E9	-1.42108900878613720E2
1.40999999999999659E1	2.35000000000000009E9	-1.41780310033734436E2
1.40999999999999659E1	2.36000000000000032E9	-1.41400691079831908E2
1.40999999999999659E1	2.37000000000000011E9	-1.40954258732810400E2
1.40999999999999659E1	2.37999999999999989E9	-1.40419389609156098E2
1.40999999999999659E1	2.38999999999999968E9	-1.39765980253315658E2
1.40999999999999659E1	2.39999999999999991E9	-1.38951242894237725E2
1.40999999999999659E1	2.41000000000000014E9	-1.37912612495381626E2
1.40999999999999659E1	2.41999999999999993E9	-1.36554827179749161E2
1.40999999999999659E1	2.43000000000000016E9	-1.34724214753562110E2
1.40999999999999659E1	2.43999999999999995E9	-1.32154927340085693E2
1.40999999999999659E1	2.45000000000000018E9	-1.28400279004055484E2
1.40999999999999659E1	2.45999999999999996E9	-1.23685250557215887E2
1.40999999999999659E1	2.46999999999999975E9	-1.25488116519585668E2
1.40999999999999659E1	2.47999999999999998E9	-1.30204446808448937E2
1.40999999999999659E1	2.48999999999999977E9	-1.33504065070386613E2
1.40999999999999659E1	2.50000000000000000E9	-1.35794926183368103E2
1.40999999999999659E1	2.51000000000000023E9	-1.37457215845967551E2
1.40999999999999659E1	2.52000000000000002E9	-1.38705039816207121E2
1.40999999999999659E1	2.53000000000000025E9	-1.39666400976170935E2
1.40999999999999659E1	2.54000000000000004E9	-1.40423547216601929E2
1.40999999999999659E1	2.54999999999999982E9	-1.41032063541179187E2
1.40999999999999659E1	2.56000000000000005E9	-1.41530772988398601E2
1.40999999999999659E1	2.56999999999999984E9	-1.41947395658805453E2
1.40999999999999659E1	2.58000000000000007E9	-1.42302040944699826E2
1.40999999999999659E1	2.58999999999999986E9	-1.42609479629351443E2
1.40999999999999659E1	2.60000000000000009E9	-1.42880674780042982E2
1.40999999999999659E1	2.61000000000000032E9	-1.43123837812750354E2
1.40999999999999659E1	2.62000000000000011E9	-1.43345169481022583E2
1.40999999999999659E1	2.62999999999999989E9	-1.43549386256990585E2
1.40999999999999659E1	2.63999999999999968E9	-1.43740099197744975E2
1.40999999999999659E1	2.64999999999999991E9	-1.43920088547386205E2
1.40999999999999659E1	2.66000000000000014E9	-1.44091505448204105E2
1.40999999999999659E1	2.66999999999999993E9	-1.44256021045284788E2
1.40999999999999659E1	2.68000000000000016E9	-1.44414937776501695E2
1.40999999999999659E1	2.68999999999999995E9	-1.44569273136695187E2
1.40999999999999659E1	2.70000000000000018E9	-1.44719823250151292E2

var_c	indep(index, 1)	plot_vs(pnmx, noisefreq)[120, ::]
1.41999999999999660E1	2.29999999999999982E9	-1.43105385230778070E2
1.41999999999999660E1	2.31000000000000005E9	-1.42889756358492015E2
1.41999999999999660E1	2.31999999999999984E9	-1.42655115980350500E2
1.41999999999999660E1	2.33000000000000007E9	-1.42396429060919116E2
1.41999999999999660E1	2.33999999999999986E9	-1.42107085979468439E2
1.41999999999999660E1	2.35000000000000009E9	-1.41778335895762497E2
1.41999999999999660E1	2.36000000000000032E9	-1.41398479045991610E2
1.41999999999999660E1	2.37000000000000011E9	-1.40951696344882405E2
1.41999999999999660E1	2.37999999999999989E9	-1.40416313842564522E2
1.41999999999999660E1	2.38999999999999968E9	-1.39762151497496090E2
1.41999999999999660E1	2.39999999999999991E9	-1.38946302123736531E2
1.41999999999999660E1	2.41000000000000014E9	-1.37906005925269737E2
1.41999999999999660E1	2.41999999999999993E9	-1.36545663807992756E2
1.41999999999999660E1	2.43000000000000016E9	-1.34710970133629648E2
1.41999999999999660E1	2.43999999999999995E9	-1.32134791965004927E2
1.41999999999999660E1	2.45000000000000018E9	-1.28368677241981044E2
1.41999999999999660E1	2.45999999999999996E9	-1.23646446613456140E2
1.41999999999999660E1	2.46999999999999975E9	-1.25528086361874780E2
1.41999999999999660E1	2.47999999999999998E9	-1.30237807256781268E2
1.41999999999999660E1	2.48999999999999977E9	-1.33527908318722588E2
1.41999999999999660E1	2.50000000000000000E9	-1.35812626688301319E2
1.41999999999999660E1	2.51000000000000023E9	-1.37470811833338713E2
1.41999999999999660E1	2.52000000000000002E9	-1.38715729105921604E2
1.41999999999999660E1	2.53000000000000025E9	-1.39674947699733054E2
1.41999999999999660E1	2.54000000000000004E9	-1.40430472660700678E2
1.41999999999999660E1	2.54999999999999982E9	-1.41037739891615987E2
1.41999999999999660E1	2.56000000000000005E9	-1.41535473605464124E2
1.41999999999999660E1	2.56999999999999984E9	-1.41951325417223484E2
1.41999999999999660E1	2.58000000000000007E9	-1.42305355162684655E2
1.41999999999999660E1	2.58999999999999986E9	-1.42612297539684962E2
1.41999999999999660E1	2.60000000000000009E9	-1.42883088660196433E2
1.41999999999999660E1	2.61000000000000032E9	-1.43125919663958601E2
1.41999999999999660E1	2.62000000000000011E9	-1.43346975893094086E2
1.41999999999999660E1	2.62999999999999989E9	-1.43550962111095437E2
1.41999999999999660E1	2.63999999999999968E9	-1.43741480213990047E2
1.41999999999999660E1	2.64999999999999991E9	-1.43921303439769765E2
1.41999999999999660E1	2.66000000000000014E9	-1.44092577409436329E2
1.41999999999999660E1	2.66999999999999993E9	-1.44256968904336036E2
1.41999999999999660E1	2.68000000000000016E9	-1.44415776928828121E2
1.41999999999999660E1	2.68999999999999995E9	-1.44570016262304990E2
1.41999999999999660E1	2.70000000000000018E9	-1.44720480813265739E2

var_c	indep(index, 1)	plot_vs(pnmx, noisefreq)[121, ::]
1.42999999999999661E1	2.29999999999999982E9	-1.43103804936058365E2
1.42999999999999661E1	2.31000000000000005E9	-1.42888158796915343E2
1.42999999999999661E1	2.31999999999999984E9	-1.42653481425658746E2
1.42999999999999661E1	2.33000000000000007E9	-1.42394729819997279E2
1.42999999999999661E1	2.33999999999999986E9	-1.42105283189095721E2
1.42999999999999661E1	2.35000000000000009E9	-1.41776374674356354E2
1.42999999999999661E1	2.36000000000000032E9	-1.41396281718217809E2
1.42999999999999661E1	2.37000000000000011E9	-1.40949151427892283E2
1.42999999999999661E1	2.37999999999999989E9	-1.40413260111875116E2
1.42999999999999661E1	2.38999999999999968E9	-1.39758352306622324E2
1.42999999999999661E1	2.39999999999999991E9	-1.38941402290710370E2
1.42999999999999661E1	2.41000000000000014E9	-1.37899458096793848E2
1.42999999999999661E1	2.41999999999999993E9	-1.36536588063038344E2
1.42999999999999661E1	2.43000000000000016E9	-1.34697859131682462E2
1.42999999999999661E1	2.43999999999999995E9	-1.32114868705687405E2
1.42999999999999661E1	2.45000000000000018E9	-1.28337435928184052E2
1.42999999999999661E1	2.45999999999999996E9	-1.23607304151285069E2
1.42999999999999661E1	2.46999999999999975E9	-1.25567639920707430E2
1.42999999999999661E1	2.47999999999999998E9	-1.30270644429789906E2
1.42999999999999661E1	2.48999999999999977E9	-1.33551357292966855E2
1.42999999999999661E1	2.50000000000000000E9	-1.35830026961865014E2
1.42999999999999661E1	2.51000000000000023E9	-1.37484171875465844E2
1.42999999999999661E1	2.52000000000000002E9	-1.38726228757310865E2
1.42999999999999661E1	2.53000000000000025E9	-1.39683339316663413E2
1.42999999999999661E1	2.54000000000000004E9	-1.40437269825796163E2
1.42999999999999661E1	2.54999999999999982E9	-1.41043308971616543E2
1.42999999999999661E1	2.56000000000000005E9	-1.41540083754131030E2
1.42999999999999661E1	2.56999999999999984E9	-1.41955178088572720E2
1.42999999999999661E1	2.58000000000000007E9	-1.42308603171695802E2
1.42999999999999661E1	2.58999999999999986E9	-1.42615058122115435E2
1.42999999999999661E1	2.60000000000000009E9	-1.42885452545029112E2
1.42999999999999661E1	2.61000000000000032E9	-1.43127957576822995E2
1.42999999999999661E1	2.62000000000000011E9	-1.43348743463680295E2
1.42999999999999661E1	2.62999999999999989E9	-1.43552503383593111E2
1.42999999999999661E1	2.63999999999999968E9	-1.43742830290767953E2
1.42999999999999661E1	2.64999999999999991E9	-1.43922490494468081E2
1.42999999999999661E1	2.66000000000000014E9	-1.44093624217466454E2
1.42999999999999661E1	2.66999999999999993E9	-1.44257893960995842E2
1.42999999999999661E1	2.68000000000000016E9	-1.44416595335944375E2
1.42999999999999661E1	2.68999999999999995E9	-1.44570740441456613E2
1.42999999999999661E1	2.70000000000000018E9	-1.44721121041406109E2

var_c	indep(index, 1)	plot_vs(pnmx, noisefreq)[122, ::]
1.43999999999999639E1	2.29999999999999982E9	-1.43102237200674454E2
1.43999999999999639E1	2.31000000000000005E9	-1.42886573349715373E2
1.43999999999999639E1	2.31999999999999984E9	-1.42651858678953203E2
1.43999999999999639E1	2.33000000000000007E9	-1.42393042393293046E2
1.43999999999999639E1	2.33999999999999986E9	-1.42103492464094638E2
1.43999999999999639E1	2.35000000000000009E9	-1.41774426469858961E2
1.43999999999999639E1	2.36000000000000032E9	-1.41394098911091337E2
1.43999999999999639E1	2.37000000000000011E9	-1.40946623928205050E2
1.43999999999999639E1	2.37999999999999989E9	-1.40410228470047937E2
1.43999999999999639E1	2.38999999999999968E9	-1.39754582299587415E2
1.43999999999999639E1	2.39999999999999991E9	-1.38936543069550611E2
1.43999999999999639E1	2.41000000000000014E9	-1.37892968631371282E2
1.43999999999999639E1	2.41999999999999993E9	-1.36527598283160256E2
1.43999999999999639E1	2.43000000000000016E9	-1.34684879695345816E2
1.43999999999999639E1	2.43999999999999995E9	-1.32095154918257829E2
1.43999999999999639E1	2.45000000000000018E9	-1.28306550186497015E2
1.43999999999999639E1	2.45999999999999996E9	-1.23567723830083009E2
1.43999999999999639E1	2.46999999999999975E9	-1.25606779579148897E2
1.43999999999999639E1	2.47999999999999998E9	-1.30302969442172922E2
1.43999999999999639E1	2.48999999999999977E9	-1.33574421334601401E2
1.43999999999999639E1	2.50000000000000000E9	-1.35847134275633774E2
1.43999999999999639E1	2.51000000000000023E9	-1.37497301412756712E2
1.43999999999999639E1	2.52000000000000002E9	-1.38736543344465280E2
1.43999999999999639E1	2.53000000000000025E9	-1.39691579869929572E2
1.43999999999999639E1	2.54000000000000004E9	-1.40443942015694856E2
1.43999999999999639E1	2.54999999999999982E9	-1.41048773672067584E2
1.43999999999999639E1	2.56000000000000005E9	-1.41544605824934955E2
1.43999999999999639E1	2.56999999999999984E9	-1.41958955683659616E2
1.43999999999999639E1	2.58000000000000007E9	-1.42311786794928885E2
1.43999999999999639E1	2.58999999999999986E9	-1.42617763008757104E2
1.43999999999999639E1	2.60000000000000009E9	-1.42887767762916407E2
1.43999999999999639E1	2.61000000000000032E9	-1.43129952763016743E2
1.43999999999999639E1	2.62000000000000011E9	-1.43350473244037557E2
1.43999999999999639E1	2.62999999999999989E9	-1.43554011025937855E2
1.43999999999999639E1	2.63999999999999968E9	-1.43744150296806450E2
1.43999999999999639E1	2.64999999999999991E9	-1.43923650535344572E2
1.43999999999999639E1	2.66000000000000014E9	-1.44094646613635402E2
1.43999999999999639E1	2.66999999999999993E9	-1.44258796857726046E2
1.43999999999999639E1	2.68000000000000016E9	-1.44417393583773079E2
1.43999999999999639E1	2.68999999999999995E9	-1.44571446240720691E2
1.43999999999999639E1	2.70000000000000018E9	-1.44721744456704693E2

var_c	indep(index, 1)	plot_vs(pnmx, noisefreq)[123, ::]
1.44999999999999640E1	2.29999999999999982E9	-1.43100681957338094E2
1.44999999999999640E1	2.31000000000000005E9	-1.42884999953885816E2
1.44999999999999640E1	2.31999999999999984E9	-1.42650247760250348E2
1.44999999999999640E1	2.33000000000000007E9	-1.42391366624887650E2
1.44999999999999640E1	2.33999999999999986E9	-1.42101713811680330E2
1.44999999999999640E1	2.35000000000000009E9	-1.41772491089075214E2
1.44999999999999640E1	2.36000000000000032E9	-1.41391930649978792E2
1.44999999999999640E1	2.37000000000000011E9	-1.40944113732297471E2
1.44999999999999640E1	2.37999999999999989E9	-1.40407218683451962E2
1.44999999999999640E1	2.38999999999999968E9	-1.39750841206214171E2
1.44999999999999640E1	2.39999999999999991E9	-1.38931723806576768E2
1.44999999999999640E1	2.41000000000000014E9	-1.37886536472224286E2
1.44999999999999640E1	2.41999999999999993E9	-1.36518693141429770E2
1.44999999999999640E1	2.43000000000000016E9	-1.34672029327687248E2
1.44999999999999640E1	2.43999999999999995E9	-1.32075647010957309E2
1.44999999999999640E1	2.45000000000000018E9	-1.28276014039327224E2
1.44999999999999640E1	2.45999999999999996E9	-1.23527599244017261E2
1.44999999999999640E1	2.46999999999999975E9	-1.25645511155298251E2
1.44999999999999640E1	2.47999999999999998E9	-1.30334792572278824E2
1.44999999999999640E1	2.48999999999999977E9	-1.33597108604846460E2
1.44999999999999640E1	2.50000000000000000E9	-1.35863955082856425E2
1.44999999999999640E1	2.51000000000000023E9	-1.37510206307135174E2
1.44999999999999640E1	2.52000000000000002E9	-1.38746677158520271E2
1.44999999999999640E1	2.53000000000000025E9	-1.39699673117455347E2
1.44999999999999640E1	2.54000000000000004E9	-1.40450492499128532E2
1.44999999999999640E1	2.54999999999999982E9	-1.41054136572280941E2
1.44999999999999640E1	2.56000000000000005E9	-1.41549042066387099E2
1.44999999999999640E1	2.56999999999999984E9	-1.41962660337101698E2
1.44999999999999640E1	2.58000000000000007E9	-1.42314907739577312E2
1.44999999999999640E1	2.58999999999999986E9	-1.42620413590697637E2
1.44999999999999640E1	2.60000000000000009E9	-1.42890035727934572E2
1.44999999999999640E1	2.61000000000000032E9	-1.43131906394955122E2
1.44999999999999640E1	2.62000000000000011E9	-1.43352166289952221E2
1.44999999999999640E1	2.62999999999999989E9	-1.43555486007548239E2
1.44999999999999640E1	2.63999999999999968E9	-1.43745441071761659E2
1.44999999999999640E1	2.64999999999999991E9	-1.43924784291146990E2
1.44999999999999640E1	2.66000000000000014E9	-1.44095645283397067E2
1.44999999999999640E1	2.66999999999999993E9	-1.44259678273890257E2
1.44999999999999640E1	2.68000000000000016E9	-1.44418172290339819E2
1.44999999999999640E1	2.68999999999999995E9	-1.44572134211263914E2
1.44999999999999640E1	2.70000000000000018E9	-1.44722351582915820E2

var_c	indep(index, 1)	plot_vs(pnmx, noisefreq)[124, ::]
1.45999999999999641E1	2.29999999999999982E9	-1.43099139067303271E2
1.45999999999999641E1	2.31000000000000005E9	-1.42883438549734576E2
1.45999999999999641E1	2.31999999999999984E9	-1.42648648478132523E2
1.45999999999999641E1	2.33000000000000007E9	-1.42389702614220881E2
1.45999999999999641E1	2.33999999999999986E9	-1.42099947168300567E2
1.45999999999999641E1	2.35000000000000009E9	-1.41770568570329880E2
1.45999999999999641E1	2.36000000000000032E9	-1.41389776858389138E2
1.45999999999999641E1	2.37000000000000011E9	-1.40941620825322755E2
1.45999999999999641E1	2.37999999999999989E9	-1.40404230626698689E2
1.45999999999999641E1	2.38999999999999968E9	-1.39747129028928785E2
1.45999999999999641E1	2.39999999999999991E9	-1.38926944293456711E2
1.45999999999999641E1	2.41000000000000014E9	-1.37880161189918238E2
1.45999999999999641E1	2.41999999999999993E9	-1.36509871920762693E2
1.45999999999999641E1	2.43000000000000016E9	-1.34659306952846225E2
1.45999999999999641E1	2.43999999999999995E9	-1.32056342223878209E2
1.45999999999999641E1	2.45000000000000018E9	-1.28245822238513418E2
1.45999999999999641E1	2.45999999999999996E9	-1.23486814001192058E2
1.45999999999999641E1	2.46999999999999975E9	-1.25683836378062996E2
1.45999999999999641E1	2.47999999999999998E9	-1.30366125145876266E2
1.45999999999999641E1	2.48999999999999977E9	-1.33619427960164394E2
1.45999999999999641E1	2.50000000000000000E9	-1.35880495947295055E2
1.45999999999999641E1	2.51000000000000023E9	-1.37522891963586069E2
1.45999999999999641E1	2.52000000000000002E9	-1.38756635148581564E2
1.45999999999999641E1	2.53000000000000025E9	-1.39707622612684568E2
1.45999999999999641E1	2.54000000000000004E9	-1.40456924136270267E2
1.45999999999999641E1	2.54999999999999982E9	-1.41059400485265818E2
1.45999999999999641E1	2.56000000000000005E9	-1.41553394762703322E2
1.45999999999999641E1	2.56999999999999984E9	-1.41966293910522579E2
1.45999999999999641E1	2.58000000000000007E9	-1.42317967685390045E2
1.45999999999999641E1	2.58999999999999986E9	-1.42623011421756596E2
1.45999999999999641E1	2.60000000000000009E9	-1.42892257660315880E2
1.45999999999999641E1	2.61000000000000032E9	-1.43133819674516505E2
1.45999999999999641E1	2.62000000000000011E9	-1.43353823640017763E2
1.45999999999999641E1	2.62999999999999989E9	-1.43556929247188547E2
1.45999999999999641E1	2.63999999999999968E9	-1.43746703479103766E2
1.45999999999999641E1	2.64999999999999991E9	-1.43925892556708734E2
1.45999999999999641E1	2.66000000000000014E9	-1.44096620937999909E2
1.45999999999999641E1	2.66999999999999993E9	-1.44260538825836870E2
1.45999999999999641E1	2.68000000000000016E9	-1.44418932033651659E2
1.45999999999999641E1	2.68999999999999995E9	-1.44572804878384842E2
1.45999999999999641E1	2.70000000000000018E9	-1.44722942901669049E2

var_c	indep(index, 1)	plot_vs(pnmx, noisefreq)[125, ::]
1.46999999999999642E1	2.29999999999999982E9	-1.43097608460019465E2
1.46999999999999642E1	2.31000000000000005E9	-1.42881889008667606E2
1.46999999999999642E1	2.31999999999999984E9	-1.42647060927742242E2
1.46999999999999642E1	2.33000000000000007E9	-1.42388050192703264E2
1.46999999999999642E1	2.33999999999999986E9	-1.42098192510337018E2
1.46999999999999642E1	2.35000000000000009E9	-1.41768658899111655E2
1.46999999999999642E1	2.36000000000000032E9	-1.41387637499697583E2
1.46999999999999642E1	2.37000000000000011E9	-1.40939145069352434E2
1.46999999999999642E1	2.37999999999999989E9	-1.40401264140186077E2
1.46999999999999642E1	2.38999999999999968E9	-1.39743445228382623E2
1.46999999999999642E1	2.39999999999999991E9	-1.38922204210328237E2
1.46999999999999642E1	2.41000000000000014E9	-1.37873841939583497E2
1.46999999999999642E1	2.41999999999999993E9	-1.36501133212725234E2
1.46999999999999642E1	2.43000000000000016E9	-1.34646710396455993E2
1.46999999999999642E1	2.43999999999999995E9	-1.32037237356317871E2
1.46999999999999642E1	2.45000000000000018E9	-1.28215971125519901E2
1.46999999999999642E1	2.45999999999999996E9	-1.23445244941017562E2
1.46999999999999642E1	2.46999999999999975E9	-1.25721760621805378E2
1.46999999999999642E1	2.47999999999999998E9	-1.30396975963724460E2
1.46999999999999642E1	2.48999999999999977E9	-1.33641387329710892E2
1.46999999999999642E1	2.50000000000000000E9	-1.35896763977881574E2
1.46999999999999642E1	2.51000000000000023E9	-1.37535363037377611E2
1.46999999999999642E1	2.52000000000000002E9	-1.38766421089693948E2
1.46999999999999642E1	2.53000000000000025E9	-1.39715431896440201E2
1.46999999999999642E1	2.54000000000000004E9	-1.40463240223946118E2
1.46999999999999642E1	2.54999999999999982E9	-1.41064567724955658E2
1.46999999999999642E1	2.56000000000000005E9	-1.41557666034176144E2
1.46999999999999642E1	2.56999999999999984E9	-1.41969858187646358E2
1.46999999999999642E1	2.58000000000000007E9	-1.42320968268071857E2
1.46999999999999642E1	2.58999999999999986E9	-1.42625557896975486E2
1.46999999999999642E1	2.60000000000000009E9	-1.42894434839101003E2
1.46999999999999642E1	2.61000000000000032E9	-1.43135693624314508E2
1.46999999999999642E1	2.62000000000000011E9	-1.43355446290161459E2
1.46999999999999642E1	2.62999999999999989E9	-1.43558341621218566E2
1.46999999999999642E1	2.63999999999999968E9	-1.43747938301373823E2
1.46999999999999642E1	2.64999999999999991E9	-1.43926976018382313E2
1.46999999999999642E1	2.66000000000000014E9	-1.44097574232497050E2
1.46999999999999642E1	2.66999999999999993E9	-1.44261379124521527E2
1.46999999999999642E1	2.68000000000000016E9	-1.44419673369547130E2
1.46999999999999642E1	2.68999999999999995E9	-1.44573458778523367E2
1.46999999999999642E1	2.70000000000000018E9	-1.44723518895428493E2

var_c	indep(index, 1)	plot_vs(pnmx, noisefreq)[126, ::]
1.47999999999999643E1	2.29999999999999982E9	-1.43096090050667102E2
1.47999999999999643E1	2.31000000000000005E9	-1.42880351268772299E2
1.47999999999999643E1	2.31999999999999984E9	-1.42645484898216579E2
1.47999999999999643E1	2.33000000000000007E9	-1.42386409369101119E2
1.47999999999999643E1	2.33999999999999986E9	-1.42096449717203610E2
1.47999999999999643E1	2.35000000000000009E9	-1.41766762030665427E2
1.47999999999999643E1	2.36000000000000032E9	-1.41385512529409718E2
1.47999999999999643E1	2.37000000000000011E9	-1.40936686402955424E2
1.47999999999999643E1	2.37999999999999989E9	-1.40398319052061815E2
1.47999999999999643E1	2.38999999999999968E9	-1.39739789750617005E2
1.47999999999999643E1	2.39999999999999991E9	-1.38917502874440713E2
1.47999999999999643E1	2.41000000000000014E9	-1.37867577973891997E2
1.47999999999999643E1	2.41999999999999993E9	-1.36492476075776170E2
1.47999999999999643E1	2.43000000000000016E9	-1.34634237419124214E2
1.47999999999999643E1	2.43999999999999995E9	-1.32018328770884574E2
1.47999999999999643E1	2.45000000000000018E9	-1.28186454568007635E2
1.47999999999999643E1	2.45999999999999996E9	-1.23402756208406172E2
1.47999999999999643E1	2.46999999999999975E9	-1.25759286896724687E2
1.47999999999999643E1	2.47999999999999998E9	-1.30427355815689161E2
1.47999999999999643E1	2.48999999999999977E9	-1.33662994630502063E2
1.47999999999999643E1	2.50000000000000000E9	-1.35912764975771871E2
1.47999999999999643E1	2.51000000000000023E9	-1.37547624962510784E2
1.47999999999999643E1	2.52000000000000002E9	-1.38776039272476681E2
1.47999999999999643E1	2.53000000000000025E9	-1.39723104571990686E2
1.47999999999999643E1	2.54000000000000004E9	-1.40469443335438804E2
1.47999999999999643E1	2.54999999999999982E9	-1.41069640828235698E2
1.47999999999999643E1	2.56000000000000005E9	-1.41561858009232155E2
1.47999999999999643E1	2.56999999999999984E9	-1.41973355083673924E2
1.47999999999999643E1	2.58000000000000007E9	-1.42323910953843535E2
1.47999999999999643E1	2.58999999999999986E9	-1.42628054358333989E2
1.47999999999999643E1	2.60000000000000009E9	-1.42896568454916384E2
1.47999999999999643E1	2.61000000000000032E9	-1.43137529339942482E2
1.47999999999999643E1	2.62000000000000011E9	-1.43357035178704484E2
1.47999999999999643E1	2.62999999999999989E9	-1.43559723973240638E2
1.47999999999999643E1	2.63999999999999968E9	-1.43749146278619944E2
1.47999999999999643E1	2.64999999999999991E9	-1.43928035404757071E2
1.47999999999999643E1	2.66000000000000014E9	-1.44098505807266086E2
1.47999999999999643E1	2.66999999999999993E9	-1.44262199754779052E2
1.47999999999999643E1	2.68000000000000016E9	-1.44420396826545772E2
1.47999999999999643E1	2.68999999999999995E9	-1.44574096386150575E2
1.47999999999999643E1	2.70000000000000018E9	-1.44724080002496325E2

var_c	indep(index, 1)	plot_vs(pnmx, noisefreq)[127, ::]
1.48999999999999622E1	2.29999999999999982E9	-1.43094583743914106E2
1.48999999999999622E1	2.31000000000000005E9	-1.42878825278031263E2
1.48999999999999622E1	2.31999999999999984E9	-1.42643920368167132E2
1.48999999999999622E1	2.33000000000000007E9	-1.42384780095894103E2
1.48999999999999622E1	2.33999999999999986E9	-1.42094718870286596E2
1.48999999999999622E1	2.35000000000000009E9	-1.41764877877407014E2
1.48999999999999622E1	2.36000000000000032E9	-1.41383401936775610E2
1.48999999999999622E1	2.37000000000000011E9	-1.40934244753336957E2
1.48999999999999622E1	2.37999999999999989E9	-1.40395395334620199E2
1.48999999999999622E1	2.38999999999999968E9	-1.39736162352071891E2
1.48999999999999622E1	2.39999999999999991E9	-1.38912840020507922E2
1.48999999999999622E1	2.41000000000000014E9	-1.37861368822340613E2
1.48999999999999622E1	2.41999999999999993E9	-1.36483899226769445E2
1.48999999999999622E1	2.43000000000000016E9	-1.34621886653516798E2
1.48999999999999622E1	2.43999999999999995E9	-1.31999614403651688E2
1.48999999999999622E1	2.45000000000000018E9	-1.28157268882285735E2
1.48999999999999622E1	2.45999999999999996E9	-1.23359202728990147E2
1.48999999999999622E1	2.46999999999999975E9	-1.25796419310744478E2
1.48999999999999622E1	2.47999999999999998E9	-1.30457273760773718E2
1.48999999999999622E1	2.48999999999999977E9	-1.33684257593750910E2
1.48999999999999622E1	2.50000000000000000E9	-1.35928504900429248E2
1.48999999999999622E1	2.51000000000000023E9	-1.37559682759001811E2
1.48999999999999622E1	2.52000000000000002E9	-1.38785493526716874E2
1.48999999999999622E1	2.53000000000000025E9	-1.39730643727971149E2
1.48999999999999622E1	2.54000000000000004E9	-1.40475536501932430E2
1.48999999999999622E1	2.54999999999999982E9	-1.41074622127806215E2
1.48999999999999622E1	2.56000000000000005E9	-1.41565972691241138E2
1.48999999999999622E1	2.56999999999999984E9	-1.41976786234733621E2
1.48999999999999622E1	2.58000000000000007E9	-1.42326797323614151E2
1.48999999999999622E1	2.58999999999999986E9	-1.42630502139950543E2
1.48999999999999622E1	2.60000000000000009E9	-1.42898659643640791E2
1.48999999999999622E1	2.61000000000000032E9	-1.43139327862269328E2
1.48999999999999622E1	2.62000000000000011E9	-1.43358591190901641E2
1.48999999999999622E1	2.62999999999999989E9	-1.43561077160520889E2
1.48999999999999622E1	2.63999999999999968E9	-1.43750328191229615E2
1.48999999999999622E1	2.64999999999999991E9	-1.43929071382369811E2
1.48999999999999622E1	2.66000000000000014E9	-1.44099416261749091E2
1.48999999999999622E1	2.66999999999999993E9	-1.44263001257003687E2
1.48999999999999622E1	2.68000000000000016E9	-1.44421102927074729E2
1.48999999999999622E1	2.68999999999999995E9	-1.44574718195367491E2
1.48999999999999622E1	2.70000000000000018E9	-1.44724626699108216E2

var_c	indep(index, 1)	plot_vs(pnmx, noisefreq)[128, ::]
1.49999999999999623E1	2.29999999999999982E9	-1.43093089430090536E2
1.49999999999999623E1	2.31000000000000005E9	-1.42877310925520828E2
1.49999999999999623E1	2.31999999999999984E9	-1.42642367324629515E2
1.49999999999999623E1	2.33000000000000007E9	-1.42383162279633990E2
1.49999999999999623E1	2.33999999999999986E9	-1.42092999828528965E2
1.49999999999999623E1	2.35000000000000009E9	-1.41763006399419678E2
1.49999999999999623E1	2.36000000000000032E9	-1.41381305558808834E2
1.49999999999999623E1	2.37000000000000011E9	-1.40931819969995908E2
1.49999999999999623E1	2.37999999999999989E9	-1.40392492684605408E2
1.49999999999999623E1	2.38999999999999968E9	-1.39732562638721669E2
1.49999999999999623E1	2.39999999999999991E9	-1.38908215268637214E2
1.49999999999999623E1	2.41000000000000014E9	-1.37855213658616305E2
1.49999999999999623E1	2.41999999999999993E9	-1.36475401626670756E2
1.49999999999999623E1	2.43000000000000016E9	-1.34609656222965279E2
1.49999999999999623E1	2.43999999999999995E9	-1.31981091474582302E2
1.49999999999999623E1	2.45000000000000018E9	-1.28128407090317209E2
1.49999999999999623E1	2.45999999999999996E9	-1.23314424069610995E2
1.49999999999999623E1	2.46999999999999975E9	-1.25833161181139674E2
1.49999999999999623E1	2.47999999999999998E9	-1.30486739488564463E2
1.49999999999999623E1	2.48999999999999977E9	-1.33705184268414046E2
1.49999999999999623E1	2.50000000000000000E9	-1.35943990113199331E2
1.49999999999999623E1	2.51000000000000023E9	-1.37571540650543644E2
1.49999999999999623E1	2.52000000000000002E9	-1.38794788183490470E2
1.49999999999999623E1	2.53000000000000025E9	-1.39738052733375140E2
1.49999999999999623E1	2.54000000000000004E9	-1.40481522203737486E2
1.49999999999999623E1	2.54999999999999982E9	-1.41079513899909870E2
1.49999999999999623E1	2.56000000000000005E9	-1.41570011994347600E2
1.49999999999999623E1	2.56999999999999984E9	-1.41980153414197785E2
1.49999999999999623E1	2.58000000000000007E9	-1.42329628808451902E2
1.49999999999999623E1	2.58999999999999986E9	-1.42632902482960500E2
1.49999999999999623E1	2.60000000000000009E9	-1.42900709577107476E2
1.49999999999999623E1	2.61000000000000032E9	-1.43141090185726272E2
1.49999999999999623E1	2.62000000000000011E9	-1.43360115222628193E2
1.49999999999999623E1	2.62999999999999989E9	-1.43562401951687901E2
1.49999999999999623E1	2.63999999999999968E9	-1.43751484763820425E2
1.49999999999999623E1	2.64999999999999991E9	-1.43930084594811625E2
1.49999999999999623E1	2.66000000000000014E9	-1.44100306182707816E2
1.49999999999999623E1	2.66999999999999993E9	-1.44263784200478207E2
1.49999999999999623E1	2.68000000000000016E9	-1.44421792171869723E2
1.49999999999999623E1	2.68999999999999995E9	-1.44575324650449022E2
1.49999999999999623E1	2.70000000000000018E9	-1.44725159385695967E2

var_c	indep(index, 1)	plot_vs(pnmx, noisefreq)[129, ::]
1.50999999999999623E1	2.29999999999999982E9	-1.43091606998133236E2
1.50999999999999623E1	2.31000000000000005E9	-1.42875808166765150E2
1.50999999999999623E1	2.31999999999999984E9	-1.42640825662848902E2
1.50999999999999623E1	2.33000000000000007E9	-1.42381555915599112E2
1.50999999999999623E1	2.33999999999999986E9	-1.42091292580503770E2
1.50999999999999623E1	2.35000000000000009E9	-1.41761147548968203E2
1.50999999999999623E1	2.36000000000000032E9	-1.41379223334806348E2
1.50999999999999623E1	2.37000000000000011E9	-1.40929412104240259E2
1.50999999999999623E1	2.37999999999999989E9	-1.40389611104044532E2
1.50999999999999623E1	2.38999999999999968E9	-1.39728990531977759E2
1.50999999999999623E1	2.39999999999999991E9	-1.38903628131192014E2
1.50999999999999623E1	2.41000000000000014E9	-1.37849112048540734E2
1.50999999999999623E1	2.41999999999999993E9	-1.36466982308303475E2
1.50999999999999623E1	2.43000000000000016E9	-1.34597544585617745E2
1.50999999999999623E1	2.43999999999999995E9	-1.31962756391416791E2
1.50999999999999623E1	2.45000000000000018E9	-1.28099866655843186E2
1.50999999999999623E1	2.45999999999999996E9	-1.23268249303187827E2
1.50999999999999623E1	2.46999999999999975E9	-1.25869516797821657E2
1.50999999999999623E1	2.47999999999999998E9	-1.30515761393627239E2
1.50999999999999623E1	2.48999999999999977E9	-1.33725781370012164E2
1.50999999999999623E1	2.50000000000000000E9	-1.35959225935233130E2
1.50999999999999623E1	2.51000000000000023E9	-1.37583203943093535E2
1.50999999999999623E1	2.52000000000000002E9	-1.38803926507639686E2
1.50999999999999623E1	2.53000000000000025E9	-1.39745334672487242E2
1.50999999999999623E1	2.54000000000000004E9	-1.40487403199268579E2
1.50999999999999623E1	2.54999999999999982E9	-1.41084318472005976E2
1.50999999999999623E1	2.56000000000000005E9	-1.41573977860868849E2
1.50999999999999623E1	2.56999999999999984E9	-1.41983458125625051E2
1.50999999999999623E1	2.58000000000000007E9	-1.42332406867954542E2
1.50999999999999623E1	2.58999999999999986E9	-1.42635256642387609E2
1.50999999999999623E1	2.60000000000000009E9	-1.42902719293615288E2
1.50999999999999623E1	2.61000000000000032E9	-1.43142817286256974E2
1.50999999999999623E1	2.62000000000000011E9	-1.43361608190633838E2
1.50999999999999623E1	2.62999999999999989E9	-1.43563699100852671E2
1.50999999999999623E1	2.63999999999999968E9	-1.43752616647391607E2
1.50999999999999623E1	2.64999999999999991E9	-1.43931075683890897E2
1.50999999999999623E1	2.66000000000000014E9	-1.44101176186138047E2
1.50999999999999623E1	2.66999999999999993E9	-1.44264549106302753E2
1.50999999999999623E1	2.68000000000000016E9	-1.44422465036848413E2
1.50999999999999623E1	2.68999999999999995E9	-1.44575916214864941E2
1.50999999999999623E1	2.70000000000000018E9	-1.44725678473049335E2

var_c	indep(index, 1)	plot_vs(pnmx, noisefreq)[130, ::]
1.51999999999999624E1	2.29999999999999982E9	-1.43090136361354503E2
1.51999999999999624E1	2.31000000000000005E9	-1.42874316839039794E2
1.51999999999999624E1	2.31999999999999984E9	-1.42639295317888570E2
1.51999999999999624E1	2.33000000000000007E9	-1.42379960843458120E2
1.51999999999999624E1	2.33999999999999986E9	-1.42089597119199729E2
1.51999999999999624E1	2.35000000000000009E9	-1.41759301332089271E2
1.51999999999999624E1	2.36000000000000032E9	-1.41377155335292359E2
1.51999999999999624E1	2.37000000000000011E9	-1.40927020837171679E2
1.51999999999999624E1	2.37999999999999989E9	-1.40386750375300662E2
1.51999999999999624E1	2.38999999999999968E9	-1.39725445668683501E2
1.51999999999999624E1	2.39999999999999991E9	-1.38899078291939881E2
1.51999999999999624E1	2.41000000000000014E9	-1.37843063024429169E2
1.51999999999999624E1	2.41999999999999993E9	-1.36458640031548883E2
1.51999999999999624E1	2.43000000000000016E9	-1.34585549693636430E2
1.51999999999999624E1	2.43999999999999995E9	-1.31944607351404342E2
1.51999999999999624E1	2.45000000000000018E9	-1.28071642853356993E2
1.51999999999999624E1	2.45999999999999996E9	-1.23220490505355351E2
1.51999999999999624E1	2.46999999999999975E9	-1.25905489430861506E2
1.51999999999999624E1	2.47999999999999998E9	-1.30544350076864135E2
1.51999999999999624E1	2.48999999999999977E9	-1.33746056524040680E2
1.51999999999999624E1	2.50000000000000000E9	-1.35974218088491572E2
1.51999999999999624E1	2.51000000000000023E9	-1.37594676636341795E2
1.51999999999999624E1	2.52000000000000002E9	-1.38812912653546228E2
1.51999999999999624E1	2.53000000000000025E9	-1.39752492744742374E2
1.51999999999999624E1	2.54000000000000004E9	-1.40493181983966564E2
1.51999999999999624E1	2.54999999999999982E9	-1.41089037871935075E2
1.51999999999999624E1	2.56000000000000005E9	-1.41577872075740596E2
1.51999999999999624E1	2.56999999999999984E9	-1.41986702009208066E2
1.51999999999999624E1	2.58000000000000007E9	-1.42335132841029033E2
1.51999999999999624E1	2.58999999999999986E9	-1.42637565873694383E2
1.51999999999999624E1	2.60000000000000009E9	-1.42904689856854894E2
1.51999999999999624E1	2.61000000000000032E9	-1.43144510054225793E2
1.51999999999999624E1	2.62000000000000011E9	-1.43363070862109465E2
1.51999999999999624E1	2.62999999999999989E9	-1.43564969393543151E2
1.51999999999999624E1	2.63999999999999968E9	-1.43753724560686402E2
1.51999999999999624E1	2.64999999999999991E9	-1.43932045249856300E2
1.51999999999999624E1	2.66000000000000014E9	-1.44102026790373161E2
1.51999999999999624E1	2.66999999999999993E9	-1.44265296473848781E2
1.51999999999999624E1	2.68000000000000016E9	-1.44423122008576388E2
1.51999999999999624E1	2.68999999999999995E9	-1.44576493290147612E2
1.51999999999999624E1	2.70000000000000018E9	-1.44726184372666844E2

var_c	indep(index, 1)	plot_vs(pnmx, noisefreq)[131, ::]
1.52999999999999625E1	2.29999999999999982E9	-1.43088677413240983E2
1.52999999999999625E1	2.31000000000000005E9	-1.42872836931504255E2
1.52999999999999625E1	2.31999999999999984E9	-1.42637776189885446E2
1.52999999999999625E1	2.33000000000000007E9	-1.42378377160465597E2
1.52999999999999625E1	2.33999999999999986E9	-1.42087913281635947E2
1.52999999999999625E1	2.35000000000000009E9	-1.41757467636315049E2
1.52999999999999625E1	2.36000000000000032E9	-1.41375101434641182E2
1.52999999999999625E1	2.37000000000000011E9	-1.40924646298596379E2
1.52999999999999625E1	2.37999999999999989E9	-1.40383910450427618E2
1.52999999999999625E1	2.38999999999999968E9	-1.39721927973663784E2
1.52999999999999625E1	2.39999999999999991E9	-1.38894565412303206E2
1.52999999999999625E1	2.41000000000000014E9	-1.37837066124702590E2
1.52999999999999625E1	2.41999999999999993E9	-1.36450373712771311E2
1.52999999999999625E1	2.43000000000000016E9	-1.34573670098549814E2
1.52999999999999625E1	2.43999999999999995E9	-1.31926640949505392E2
1.52999999999999625E1	2.45000000000000018E9	-1.28043730175805082E2
1.52999999999999625E1	2.45999999999999996E9	-1.23170938308362432E2
1.52999999999999625E1	2.46999999999999975E9	-1.25941082998701992E2
1.52999999999999625E1	2.47999999999999998E9	-1.30572512549144304E2
1.52999999999999625E1	2.48999999999999977E9	-1.33766016578997204E2
1.52999999999999625E1	2.50000000000000000E9	-1.35988972280029108E2
1.52999999999999625E1	2.51000000000000023E9	-1.37605963039188839E2
1.52999999999999625E1	2.52000000000000002E9	-1.38821749713285003E2
1.52999999999999625E1	2.53000000000000025E9	-1.39759529434955665E2
1.52999999999999625E1	2.54000000000000004E9	-1.40498861020412980E2
1.52999999999999625E1	2.54999999999999982E9	-1.41093674144210768E2
1.52999999999999625E1	2.56000000000000005E9	-1.41581696386712119E2
1.52999999999999625E1	2.56999999999999984E9	-1.41989886662476072E2
1.52999999999999625E1	2.58000000000000007E9	-1.42337808029668378E2
1.52999999999999625E1	2.58999999999999986E9	-1.42639831245253856E2
1.52999999999999625E1	2.60000000000000009E9	-1.42906622292561281E2
1.52999999999999625E1	2.61000000000000032E9	-1.43146169380115684E2
1.52999999999999625E1	2.62000000000000011E9	-1.43364504060255138E2
1.52999999999999625E1	2.62999999999999989E9	-1.43566213529946118E2
1.52999999999999625E1	2.63999999999999968E9	-1.43754809126067706E2
1.52999999999999625E1	2.64999999999999991E9	-1.43932993893004291E2
1.52999999999999625E1	2.66000000000000014E9	-1.44102858544932055E2
1.52999999999999625E1	2.66999999999999993E9	-1.44266026807360737E2
1.52999999999999625E1	2.68000000000000016E9	-1.44423763500019553E2
1.52999999999999625E1	2.68999999999999995E9	-1.44577056319707209E2
1.52999999999999625E1	2.70000000000000018E9	-1.44726677458501207E2

var_c	indep(index, 1)	plot_vs(pnmx, noisefreq)[132, ::]
1.53999999999999604E1	2.29999999999999982E9	-1.43087230075561456E2
1.53999999999999604E1	2.31000000000000005E9	-1.42871368331638671E2
1.53999999999999604E1	2.31999999999999984E9	-1.42636268260511168E2
1.53999999999999604E1	2.33000000000000007E9	-1.42376804610916530E2
1.53999999999999604E1	2.33999999999999986E9	-1.42086241044099171E2
1.53999999999999604E1	2.35000000000000009E9	-1.41755646404970537E2
1.53999999999999604E1	2.36000000000000032E9	-1.41373061427544533E2
1.53999999999999604E1	2.37000000000000011E9	-1.40922288287456854E2
1.53999999999999604E1	2.37999999999999989E9	-1.40381090905322914E2
1.53999999999999604E1	2.38999999999999968E9	-1.39718437051874278E2
1.53999999999999604E1	2.39999999999999991E9	-1.38890088937499234E2
1.53999999999999604E1	2.41000000000000014E9	-1.37831120971230470E2
1.53999999999999604E1	2.41999999999999993E9	-1.36442182955228652E2
1.53999999999999604E1	2.43000000000000016E9	-1.34561903991355991E2
1.53999999999999604E1	2.43999999999999995E9	-1.31908854205234372E2
1.53999999999999604E1	2.45000000000000018E9	-1.28016124368846862E2
1.53999999999999604E1	2.45999999999999996E9	-1.23119367352389153E2
1.53999999999999604E1	2.46999999999999975E9	-1.25976301026240445E2
1.53999999999999604E1	2.47999999999999998E9	-1.30600257870403835E2
1.53999999999999604E1	2.48999999999999977E9	-1.33785667863756230E2
1.53999999999999604E1	2.50000000000000000E9	-1.36003493292606770E2
1.53999999999999604E1	2.51000000000000023E9	-1.37617067397777504E2
1.53999999999999604E1	2.52000000000000002E9	-1.38830441106474134E2
1.53999999999999604E1	2.53000000000000025E9	-1.39766448089215589E2
1.53999999999999604E1	2.54000000000000004E9	-1.40504442674242447E2
1.53999999999999604E1	2.54999999999999982E9	-1.41098229452313539E2
1.53999999999999604E1	2.56000000000000005E9	-1.41585452673829448E2
1.53999999999999604E1	2.56999999999999984E9	-1.41993013477079200E2
1.53999999999999604E1	2.58000000000000007E9	-1.42340433714697956E2
1.53999999999999604E1	2.58999999999999986E9	-1.42642053901624766E2
1.53999999999999604E1	2.60000000000000009E9	-1.42908517600005736E2
1.53999999999999604E1	2.61000000000000032E9	-1.43147796196315968E2
1.53999999999999604E1	2.62000000000000011E9	-1.43365908559598032E2
1.53999999999999604E1	2.62999999999999989E9	-1.43567432178992593E2
1.53999999999999604E1	2.63999999999999968E9	-1.43755870985779910E2
1.53999999999999604E1	2.64999999999999991E9	-1.43933922155130789E2
1.53999999999999604E1	2.66000000000000014E9	-1.44103671966936586E2
1.53999999999999604E1	2.66999999999999993E9	-1.44266740559152185E2
1.53999999999999604E1	2.68000000000000016E9	-1.44424389983632717E2
1.53999999999999604E1	2.68999999999999995E9	-1.44577605686787880E2
1.53999999999999604E1	2.70000000000000018E9	-1.44727158093378949E2

var_c	indep(index, 1)	plot_vs(pnmx, noisefreq)[133, ::]
1.54999999999999605E1	2.29999999999999982E9	-1.43085794211039996E2
1.54999999999999605E1	2.31000000000000005E9	-1.42869910948526924E2
1.54999999999999605E1	2.31999999999999984E9	-1.42634771398489257E2
1.54999999999999605E1	2.33000000000000007E9	-1.42375243305072519E2
1.54999999999999605E1	2.33999999999999986E9	-1.42084580397726801E2
1.54999999999999605E1	2.35000000000000009E9	-1.41753837563088925E2
1.54999999999999605E1	2.36000000000000032E9	-1.41371035378012899E2
1.54999999999999605E1	2.37000000000000011E9	-1.40919946692693765E2
1.54999999999999605E1	2.37999999999999989E9	-1.40378291868370475E2
1.54999999999999605E1	2.38999999999999968E9	-1.39714972797185100E2
1.54999999999999605E1	2.39999999999999991E9	-1.38885648612699364E2
1.54999999999999605E1	2.41000000000000014E9	-1.37825226391623401E2
1.54999999999999605E1	2.41999999999999993E9	-1.36434066138463139E2
1.54999999999999605E1	2.43000000000000016E9	-1.34550250153798556E2
1.54999999999999605E1	2.43999999999999995E9	-1.31891245249106204E2
1.54999999999999605E1	2.45000000000000018E9	-1.27988822450759088E2
1.54999999999999605E1	2.45999999999999996E9	-1.23065530465231965E2
1.54999999999999605E1	2.46999999999999975E9	-1.26011147368311893E2
1.54999999999999605E1	2.47999999999999998E9	-1.30627594688062243E2
1.54999999999999605E1	2.48999999999999977E9	-1.33805017709488761E2
1.54999999999999605E1	2.50000000000000000E9	-1.36017786489795078E2
1.54999999999999605E1	2.51000000000000023E9	-1.37627994191890179E2
1.54999999999999605E1	2.52000000000000002E9	-1.38838990711029875E2
1.54999999999999605E1	2.53000000000000025E9	-1.39773251225882822E2
1.54999999999999605E1	2.54000000000000004E9	-1.40509929358562946E2
1.54999999999999605E1	2.54999999999999982E9	-1.41102705574451104E2
1.54999999999999605E1	2.56000000000000005E9	-1.41589142460715189E2
1.54999999999999605E1	2.56999999999999984E9	-1.41996083949775631E2
1.54999999999999605E1	2.58000000000000007E9	-1.42343011152293286E2
1.54999999999999605E1	2.58999999999999986E9	-1.42644234912402879E2
1.54999999999999605E1	2.60000000000000009E9	-1.42910376669853556E2
1.54999999999999605E1	2.61000000000000032E9	-1.43149391292194061E2
1.54999999999999605E1	2.62000000000000011E9	-1.43367285117920273E2
1.54999999999999605E1	2.62999999999999989E9	-1.43568626057575077E2
1.54999999999999605E1	2.63999999999999968E9	-1.43756910727846865E2
1.54999999999999605E1	2.64999999999999991E9	-1.43934830617924581E2
1.54999999999999605E1	2.66000000000000014E9	-1.44104467556756122E2
1.54999999999999605E1	2.66999999999999993E9	-1.44267438193278008E2
1.54999999999999605E1	2.68000000000000016E9	-1.44425001862248381E2
1.54999999999999605E1	2.68999999999999995E9	-1.44578141781727476E2
1.54999999999999605E1	2.70000000000000018E9	-1.44727626653820662E2

var_c	indep(index, 1)	plot_vs(pnmx, noisefreq)[134, ::]
1.55999999999999606E1	2.29999999999999982E9	-1.43084369774115361E2
1.55999999999999606E1	2.31000000000000005E9	-1.42868464705069065E2
1.55999999999999606E1	2.31999999999999984E9	-1.42633285533755472E2
1.55999999999999606E1	2.33000000000000007E9	-1.42373693080541708E2
1.55999999999999606E1	2.33999999999999986E9	-1.42082931281978242E2
1.55999999999999606E1	2.35000000000000009E9	-1.41752041099814252E2
1.55999999999999606E1	2.36000000000000032E9	-1.41369023216131917E2
1.55999999999999606E1	2.37000000000000011E9	-1.40917621409229343E2
1.55999999999999606E1	2.37999999999999989E9	-1.40375513064293167E2
1.55999999999999606E1	2.38999999999999968E9	-1.39711534794468517E2
1.55999999999999606E1	2.39999999999999991E9	-1.38881243998952431E2
1.55999999999999606E1	2.41000000000000014E9	-1.37819382285054925E2
1.55999999999999606E1	2.41999999999999993E9	-1.36426022492016386E2
1.55999999999999606E1	2.43000000000000016E9	-1.34538706389013929E2
1.55999999999999606E1	2.43999999999999995E9	-1.31873811287710163E2
1.55999999999999606E1	2.45000000000000018E9	-1.27961817879953843E2
1.55999999999999606E1	2.45999999999999996E9	-1.23009153152266837E2
1.55999999999999606E1	2.46999999999999975E9	-1.26045624501557585E2
1.55999999999999606E1	2.47999999999999998E9	-1.30654530586077522E2
1.55999999999999606E1	2.48999999999999977E9	-1.33824072032845476E2
1.55999999999999606E1	2.50000000000000000E9	-1.36031856719237143E2
1.55999999999999606E1	2.51000000000000023E9	-1.37638747096744640E2
1.55999999999999606E1	2.52000000000000002E9	-1.38847401291345141E2
1.55999999999999606E1	2.53000000000000025E9	-1.39779941586014944E2
1.55999999999999606E1	2.54000000000000004E9	-1.40515323227314615E2
1.55999999999999606E1	2.54999999999999982E9	-1.41107104617275025E2
1.55999999999999606E1	2.56000000000000005E9	-1.41592767324548552E2
1.55999999999999606E1	2.56999999999999984E9	-1.41999099350755165E2
1.55999999999999606E1	2.58000000000000007E9	-1.42345541540744902E2
1.55999999999999606E1	2.58999999999999986E9	-1.42646375373017564E2
1.55999999999999606E1	2.60000000000000009E9	-1.42912200478802953E2
1.55999999999999606E1	2.61000000000000032E9	-1.43150955524377066E2
1.55999999999999606E1	2.62000000000000011E9	-1.43368634446087428E2
1.55999999999999606E1	2.62999999999999989E9	-1.43569795812747181E2
1.55999999999999606E1	2.63999999999999968E9	-1.43757928948087166E2
1.55999999999999606E1	2.64999999999999991E9	-1.43935719799711559E2
1.55999999999999606E1	2.66000000000000014E9	-1.44105245810522176E2
1.55999999999999606E1	2.66999999999999993E9	-1.44268120164566316E2
1.55999999999999606E1	2.68000000000000016E9	-1.44425599539667227E2
1.55999999999999606E1	2.68999999999999995E9	-1.44578664985051430E2
1.55999999999999606E1	2.70000000000000018E9	-1.44728083473749192E2

var_c	indep(index, 1)	plot_vs(pnmx, noisefreq)[135, ::]
1.56999999999999607E1	2.29999999999999982E9	-1.43082956574973341E2
1.56999999999999607E1	2.31000000000000005E9	-1.42867029509190613E2
1.56999999999999607E1	2.31999999999999984E9	-1.42631810636732204E2
1.56999999999999607E1	2.33000000000000007E9	-1.42372153899003195E2
1.56999999999999607E1	2.33999999999999986E9	-1.42081293570648026E2
1.56999999999999607E1	2.35000000000000009E9	-1.41750256815358910E2
1.56999999999999607E1	2.36000000000000032E9	-1.41367024848370315E2
1.56999999999999607E1	2.37000000000000011E9	-1.40915312422216688E2
1.56999999999999607E1	2.37999999999999989E9	-1.40372754394313182E2
1.56999999999999607E1	2.38999999999999968E9	-1.39708122909962462E2
1.56999999999999607E1	2.39999999999999991E9	-1.38876874835612418E2
1.56999999999999607E1	2.41000000000000014E9	-1.37813587735693122E2
1.56999999999999607E1	2.41999999999999993E9	-1.36418050945038116E2
1.56999999999999607E1	2.43000000000000016E9	-1.34527271884488142E2
1.56999999999999607E1	2.43999999999999995E9	-1.31856549691736347E2
1.56999999999999607E1	2.45000000000000018E9	-1.27935108403986098E2
1.56999999999999607E1	2.45999999999999996E9	-1.22949937499861606E2
1.56999999999999607E1	2.46999999999999975E9	-1.26079737474148179E2
1.56999999999999607E1	2.47999999999999998E9	-1.30681073574370199E2
1.56999999999999607E1	2.48999999999999977E9	-1.33842837289542982E2
1.56999999999999607E1	2.50000000000000000E9	-1.36045709144863070E2
1.56999999999999607E1	2.51000000000000023E9	-1.37649329662017772E2
1.56999999999999607E1	2.52000000000000002E9	-1.38855676106566417E2
1.56999999999999607E1	2.53000000000000025E9	-1.39786521716672540E2
1.56999999999999607E1	2.54000000000000004E9	-1.40520626415881256E2
1.56999999999999607E1	2.54999999999999982E9	-1.41111428282167806E2
1.56999999999999607E1	2.56000000000000005E9	-1.41596328993669518E2
1.56999999999999607E1	2.56999999999999984E9	-1.42002061163159299E2
1.56999999999999607E1	2.58000000000000007E9	-1.42348026053450138E2
1.56999999999999607E1	2.58999999999999986E9	-1.42648476243165012E2
1.56999999999999607E1	2.60000000000000009E9	-1.42913989931552576E2
1.56999999999999607E1	2.61000000000000032E9	-1.43152489628159052E2
1.56999999999999607E1	2.62000000000000011E9	-1.43369957255495617E2
1.56999999999999607E1	2.62999999999999989E9	-1.43570942058788198E2
1.56999999999999607E1	2.63999999999999968E9	-1.43758926233275197E2
1.56999999999999607E1	2.64999999999999991E9	-1.43936590219611027E2
1.56999999999999607E1	2.66000000000000014E9	-1.44106007153982363E2
1.56999999999999607E1	2.66999999999999993E9	-1.44268786899886292E2
1.56999999999999607E1	2.68000000000000016E9	-1.44426183410043252E2
1.56999999999999607E1	2.68999999999999995E9	-1.44579175647651148E2
1.56999999999999607E1	2.70000000000000018E9	-1.44728528895325947E2

var_c	indep(index, 1)	plot_vs(pnmx, noisefreq)[136, ::]
1.57999999999999607E1	2.29999999999999982E9	-1.43081554597650262E2
1.57999999999999607E1	2.31000000000000005E9	-1.42865605249094574E2
1.57999999999999607E1	2.31999999999999984E9	-1.42630346582895418E2
1.57999999999999607E1	2.33000000000000007E9	-1.42370625659384298E2
1.57999999999999607E1	2.33999999999999986E9	-1.42079667234551676E2
1.57999999999999607E1	2.35000000000000009E9	-1.41748484827097032E2
1.57999999999999607E1	2.36000000000000032E9	-1.41365040094768135E2
1.57999999999999607E1	2.37000000000000011E9	-1.40913019502653158E2
1.57999999999999607E1	2.37999999999999989E9	-1.40370015677427595E2
1.57999999999999607E1	2.38999999999999968E9	-1.39704736908822635E2
1.57999999999999607E1	2.39999999999999991E9	-1.38872540593270943E2
1.57999999999999607E1	2.41000000000000014E9	-1.37807842340998610E2
1.57999999999999607E1	2.41999999999999993E9	-1.36410150829002075E2
1.57999999999999607E1	2.43000000000000016E9	-1.34515944552296296E2
1.57999999999999607E1	2.43999999999999995E9	-1.31839458355322048E2
1.57999999999999607E1	2.45000000000000018E9	-1.27908688240300505E2
1.57999999999999607E1	2.45999999999999996E9	-1.22887545334206916E2
1.57999999999999607E1	2.46999999999999975E9	-1.26113488891851078E2
1.57999999999999607E1	2.47999999999999998E9	-1.30707231426656989E2
1.57999999999999607E1	2.48999999999999977E9	-1.33861319423431646E2
1.57999999999999607E1	2.50000000000000000E9	-1.36059348191764018E2
1.57999999999999607E1	2.51000000000000023E9	-1.37659746202723920E2
1.57999999999999607E1	2.52000000000000002E9	-1.38863818300753183E2
1.57999999999999607E1	2.53000000000000025E9	-1.39792994077813582E2
1.57999999999999607E1	2.54000000000000004E9	-1.40525841200752089E2
1.57999999999999607E1	2.54999999999999982E9	-1.41115678375389164E2
1.57999999999999607E1	2.56000000000000005E9	-1.41599828789139903E2
1.57999999999999607E1	2.56999999999999984E9	-1.42004970654912710E2
1.57999999999999607E1	2.58000000000000007E9	-1.42350465827251504E2
1.57999999999999607E1	2.58999999999999986E9	-1.42650538518795367E2
1.57999999999999607E1	2.60000000000000009E9	-1.42915745825179785E2
1.57999999999999607E1	2.61000000000000032E9	-1.43153994432853060E2
1.57999999999999607E1	2.62000000000000011E9	-1.43371254240529455E2
1.57999999999999607E1	2.62999999999999989E9	-1.43572065386359116E2
1.57999999999999607E1	2.63999999999999968E9	-1.43759903096323471E2
1.57999999999999607E1	2.64999999999999991E9	-1.43937442343235400E2
1.57999999999999607E1	2.66000000000000014E9	-1.44106752091427492E2
1.57999999999999607E1	2.66999999999999993E9	-1.44269438810897443E2
1.57999999999999607E1	2.68000000000000016E9	-1.44426753872891100E2
1.57999999999999607E1	2.68999999999999995E9	-1.44579674130788338E2
1.57999999999999607E1	2.70000000000000018E9	-1.44728963231148566E2

var_c	indep(index, 1)	plot_vs(pnmx, noisefreq)[137, ::]
1.58999999999999586E1	2.29999999999999982E9	-1.43080163689988527E2
1.58999999999999586E1	2.31000000000000005E9	-1.42864191881626623E2
1.58999999999999586E1	2.31999999999999984E9	-1.42628893319786454E2
1.58999999999999586E1	2.33000000000000007E9	-1.42369108310460923E2
1.58999999999999586E1	2.33999999999999986E9	-1.42078052163929081E2
1.58999999999999586E1	2.35000000000000009E9	-1.41746724997464746E2
1.58999999999999586E1	2.36000000000000032E9	-1.41363069021954812E2
1.58999999999999586E1	2.37000000000000011E9	-1.40910742561380919E2
1.58999999999999586E1	2.37999999999999989E9	-1.40367296724839496E2
1.58999999999999586E1	2.38999999999999968E9	-1.39701376454951176E2
1.58999999999999586E1	2.39999999999999991E9	-1.38868240989084724E2
1.58999999999999586E1	2.41000000000000014E9	-1.37802145353082417E2
1.58999999999999586E1	2.41999999999999993E9	-1.36402320986119507E2
1.58999999999999586E1	2.43000000000000016E9	-1.34504723249140512E2
1.58999999999999586E1	2.43999999999999995E9	-1.31822534119122081E2
1.58999999999999586E1	2.45000000000000018E9	-1.27882555302652379E2
1.58999999999999586E1	2.45999999999999996E9	-1.22821614927059608E2
1.58999999999999586E1	2.46999999999999975E9	-1.26146883568103019E2
1.58999999999999586E1	2.47999999999999998E9	-1.30733012248953595E2
1.58999999999999586E1	2.48999999999999977E9	-1.33879524354835722E2
1.58999999999999586E1	2.50000000000000000E9	-1.36072778850403076E2
1.58999999999999586E1	2.51000000000000023E9	-1.37670000136956472E2
1.58999999999999586E1	2.52000000000000002E9	-1.38871830750283642E2
1.58999999999999586E1	2.53000000000000025E9	-1.39799361529511512E2
1.58999999999999586E1	2.54000000000000004E9	-1.40530969478837209E2
1.58999999999999586E1	2.54999999999999982E9	-1.41119856625136175E2
1.58999999999999586E1	2.56000000000000005E9	-1.41603268410465510E2
1.58999999999999586E1	2.56999999999999984E9	-1.42007828992894991E2
1.58999999999999586E1	2.58000000000000007E9	-1.42352861913439321E2
1.58999999999999586E1	2.58999999999999986E9	-1.42652563181408754E2
1.58999999999999586E1	2.60000000000000009E9	-1.42917469056173685E2
1.58999999999999586E1	2.61000000000000032E9	-1.43155470640631566E2
1.58999999999999586E1	2.62000000000000011E9	-1.43372526042563164E2
1.58999999999999586E1	2.62999999999999989E9	-1.43573166415813236E2
1.58999999999999586E1	2.63999999999999968E9	-1.43760860100049626E2
1.58999999999999586E1	2.64999999999999991E9	-1.43938276716922475E2
1.58999999999999586E1	2.66000000000000014E9	-1.44107481034908513E2
1.58999999999999586E1	2.66999999999999993E9	-1.44270076294075378E2
1.58999999999999586E1	2.68000000000000016E9	-1.44427311257770330E2
1.58999999999999586E1	2.68999999999999995E9	-1.44580160759788923E2
1.58999999999999586E1	2.70000000000000018E9	-1.44729386781690961E2

var_c	indep(index, 1)	plot_vs(pnmx, noisefreq)[138, ::]
1.59999999999999587E1	2.29999999999999982E9	-1.43078783811600574E2
1.59999999999999587E1	2.31000000000000005E9	-1.42862789287985437E2
1.59999999999999587E1	2.31999999999999984E9	-1.42627450774713749E2
1.59999999999999587E1	2.33000000000000007E9	-1.42367601809752209E2
1.59999999999999587E1	2.33999999999999986E9	-1.42076448339445949E2
1.59999999999999587E1	2.35000000000000009E9	-1.41744977172872444E2
1.59999999999999587E1	2.36000000000000032E9	-1.41361111455788424E2
1.59999999999999587E1	2.37000000000000011E9	-1.40908481616292502E2
1.59999999999999587E1	2.37999999999999989E9	-1.40364597479428932E2
1.59999999999999587E1	2.38999999999999968E9	-1.39698041560601527E2
1.59999999999999587E1	2.39999999999999991E9	-1.38863975555984753E2
1.59999999999999587E1	2.41000000000000014E9	-1.37796496275082747E2
1.59999999999999587E1	2.41999999999999993E9	-1.36394560470297188E2
1.59999999999999587E1	2.43000000000000016E9	-1.34493606047357162E2
1.59999999999999587E1	2.43999999999999995E9	-1.31805775290229166E2
1.59999999999999587E1	2.45000000000000018E9	-1.27856703553201112E2
1.59999999999999587E1	2.45999999999999996E9	-1.22751735355302527E2
1.59999999999999587E1	2.46999999999999975E9	-1.26179924462313164E2
1.59999999999999587E1	2.47999999999999998E9	-1.30758422311830058E2
1.59999999999999587E1	2.48999999999999977E9	-1.33897458082484033E2
1.59999999999999587E1	2.50000000000000000E9	-1.36086005066035987E2
1.59999999999999587E1	2.51000000000000023E9	-1.37680095072813602E2
1.59999999999999587E1	2.52000000000000002E9	-1.38879716495363548E2
1.59999999999999587E1	2.53000000000000025E9	-1.39805626026988294E2
1.59999999999999587E1	2.54000000000000004E9	-1.40536013396270132E2
1.59999999999999587E1	2.54999999999999982E9	-1.41123964799467272E2
1.59999999999999587E1	2.56000000000000005E9	-1.41606649134725204E2
1.59999999999999587E1	2.56999999999999984E9	-1.42010637516213878E2
1.59999999999999587E1	2.58000000000000007E9	-1.42355215408533664E2
1.59999999999999587E1	2.58999999999999986E9	-1.42654551178717903E2
1.59999999999999587E1	2.60000000000000009E9	-1.42919160406597934E2
1.59999999999999587E1	2.61000000000000032E9	-1.43156918973403102E2
1.59999999999999587E1	2.62000000000000011E9	-1.43373773288532402E2
1.59999999999999587E1	2.62999999999999989E9	-1.43574245724202343E2
1.59999999999999587E1	2.63999999999999968E9	-1.43761797751635978E2
1.59999999999999587E1	2.64999999999999991E9	-1.43939093753161451E2
1.59999999999999587E1	2.66000000000000014E9	-1.44108194409842882E2
1.59999999999999587E1	2.66999999999999993E9	-1.44270699728522311E2
1.59999999999999587E1	2.68000000000000016E9	-1.44427855950817907E2
1.59999999999999587E1	2.68999999999999995E9	-1.44580635875508579E2
1.59999999999999587E1	2.70000000000000018E9	-1.44729799870055453E2

var_c	indep(index, 1)	plot_vs(pnmx, noisefreq)[139, ::]
1.60999999999999588E1	2.29999999999999982E9	-1.43077414787338220E2
1.60999999999999588E1	2.31000000000000005E9	-1.42861397390008138E2
1.60999999999999588E1	2.31999999999999984E9	-1.42626018805230403E2
1.60999999999999588E1	2.33000000000000007E9	-1.42366106057242225E2
1.60999999999999588E1	2.33999999999999986E9	-1.42074855714649972E2
1.60999999999999588E1	2.35000000000000009E9	-1.41743241348344151E2
1.60999999999999588E1	2.36000000000000032E9	-1.41359167279337838E2
1.60999999999999588E1	2.37000000000000011E9	-1.40906236423570119E2
1.60999999999999588E1	2.37999999999999989E9	-1.40361917619532162E2
1.60999999999999588E1	2.38999999999999968E9	-1.39694731826457952E2
1.60999999999999588E1	2.39999999999999991E9	-1.38859744105291982E2
1.60999999999999588E1	2.41000000000000014E9	-1.37790894656490504E2
1.60999999999999588E1	2.41999999999999993E9	-1.36386868577214981E2
1.60999999999999588E1	2.43000000000000016E9	-1.34482592211234087E2
1.60999999999999588E1	2.43999999999999995E9	-1.31789179286748537E2
1.60999999999999588E1	2.45000000000000018E9	-1.27831130257836434E2
1.60999999999999588E1	2.45999999999999996E9	-1.22677456048989564E2
1.60999999999999588E1	2.46999999999999975E9	-1.26212614487823616E2
1.60999999999999588E1	2.47999999999999998E9	-1.30783469688740528E2
1.60999999999999588E1	2.48999999999999977E9	-1.33915126270593388E2
1.60999999999999588E1	2.50000000000000000E9	-1.36099031394032344E2
1.60999999999999588E1	2.51000000000000023E9	-1.37690034479676049E2
1.60999999999999588E1	2.52000000000000002E9	-1.38887478281310828E2
1.60999999999999588E1	2.53000000000000025E9	-1.39811790030907490E2
1.60999999999999588E1	2.54000000000000004E9	-1.40540974767544169E2
1.60999999999999588E1	2.54999999999999982E9	-1.41128004386463091E2
1.60999999999999588E1	2.56000000000000005E9	-1.41609972414659735E2
1.60999999999999588E1	2.56999999999999984E9	-1.42013397313777334E2
1.60999999999999588E1	2.58000000000000007E9	-1.42357527377262771E2
1.60999999999999588E1	2.58999999999999986E9	-1.42656503334604601E2
1.60999999999999588E1	2.60000000000000009E9	-1.42920820698217077E2
1.60999999999999588E1	2.61000000000000032E9	-1.43158340123337480E2
1.60999999999999588E1	2.62000000000000011E9	-1.43374996625802997E2
1.60999999999999588E1	2.62999999999999989E9	-1.43575303816932420E2
1.60999999999999588E1	2.63999999999999968E9	-1.43762716544486913E2
1.60999999999999588E1	2.64999999999999991E9	-1.43939893924507856E2
1.60999999999999588E1	2.66000000000000014E9	-1.44108892638602892E2
1.60999999999999588E1	2.66999999999999993E9	-1.44271309506383383E2
1.60999999999999588E1	2.68000000000000016E9	-1.44428388281703901E2
1.60999999999999588E1	2.68999999999999995E9	-1.44581099774731525E2
1.60999999999999588E1	2.70000000000000018E9	-1.44730202787255413E2

var_c	indep(index, 1)	plot_vs(pnmx, noisefreq)[140, ::]
1.61999999999999611E1	2.29999999999999982E9	-1.43076056556140796E2
1.61999999999999611E1	2.31000000000000005E9	-1.42860016050424687E2
1.61999999999999611E1	2.31999999999999984E9	-1.42624597378056395E2
1.61999999999999611E1	2.33000000000000007E9	-1.42364620940885178E2
1.61999999999999611E1	2.33999999999999986E9	-1.42073274133559013E2
1.61999999999999611E1	2.35000000000000009E9	-1.41741517469794442E2
1.61999999999999611E1	2.36000000000000032E9	-1.41357236535229491E2
1.61999999999999611E1	2.37000000000000011E9	-1.40904006995837494E2
1.61999999999999611E1	2.37999999999999989E9	-1.40359257083262290E2
1.61999999999999611E1	2.38999999999999968E9	-1.39691446929571783E2
1.61999999999999611E1	2.39999999999999991E9	-1.38855546122877960E2
1.61999999999999611E1	2.41000000000000014E9	-1.37785339873920565E2
1.61999999999999611E1	2.41999999999999993E9	-1.36379244468936500E2
1.61999999999999611E1	2.43000000000000016E9	-1.34471679794152155E2
1.61999999999999611E1	2.43999999999999995E9	-1.31772743496910283E2
1.61999999999999611E1	2.45000000000000018E9	-1.27805830941274312E2
1.61999999999999611E1	2.45999999999999996E9	-1.22598273666856494E2
1.61999999999999611E1	2.46999999999999975E9	-1.26244958850836175E2
1.61999999999999611E1	2.47999999999999998E9	-1.30808160914961547E2
1.61999999999999611E1	2.48999999999999977E9	-1.33932533798530029E2
1.61999999999999611E1	2.50000000000000000E9	-1.36111861895509034E2
1.61999999999999611E1	2.51000000000000023E9	-1.37699821818928236E2
1.61999999999999611E1	2.52000000000000002E9	-1.38895118742470292E2
1.61999999999999611E1	2.53000000000000025E9	-1.39817855724494855E2
1.61999999999999611E1	2.54000000000000004E9	-1.40545855418855159E2
1.61999999999999611E1	2.54999999999999982E9	-1.41131977087497940E2
1.61999999999999611E1	2.56000000000000005E9	-1.41613239479955721E2
1.61999999999999611E1	2.56999999999999984E9	-1.42016109651118927E2
1.61999999999999611E1	2.58000000000000007E9	-1.42359798710310725E2
1.61999999999999611E1	2.58999999999999986E9	-1.42658420517561568E2
1.61999999999999611E1	2.60000000000000009E9	-1.42922450641570764E2
1.61999999999999611E1	2.61000000000000032E9	-1.43159734777754521E2
1.61999999999999611E1	2.62000000000000011E9	-1.43376196656782273E2
1.61999999999999611E1	2.62999999999999989E9	-1.43576341299508270E2
1.61999999999999611E1	2.63999999999999968E9	-1.43763616942509076E2
1.61999999999999611E1	2.64999999999999991E9	-1.43940677665446093E2
1.61999999999999611E1	2.66000000000000014E9	-1.44109576094532832E2
1.61999999999999611E1	2.66999999999999993E9	-1.44271905979115278E2
1.61999999999999611E1	2.68000000000000016E9	-1.44428908583170879E2
1.61999999999999611E1	2.68999999999999995E9	-1.44581552782721245E2
1.61999999999999611E1	2.70000000000000018E9	-1.44730595812804053E2

var_c	indep(index, 1)	plot_vs(pnmx, noisefreq)[141, ::]
1.62999999999999612E1	2.29999999999999982E9	-1.43074709007218237E2
1.62999999999999612E1	2.31000000000000005E9	-1.42858645240954729E2
1.62999999999999612E1	2.31999999999999984E9	-1.42623186445476002E2
1.62999999999999612E1	2.33000000000000007E9	-1.42363146446819200E2
1.62999999999999612E1	2.33999999999999986E9	-1.42071703553485906E2
1.62999999999999612E1	2.35000000000000009E9	-1.41739805487850501E2
1.62999999999999612E1	2.36000000000000032E9	-1.41355319056880635E2
1.62999999999999612E1	2.37000000000000011E9	-1.40901793062023550E2
1.62999999999999612E1	2.37999999999999989E9	-1.40356615814791619E2
1.62999999999999612E1	2.38999999999999968E9	-1.39688186789583479E2
1.62999999999999612E1	2.39999999999999991E9	-1.38851381367820070E2
1.62999999999999612E1	2.41000000000000014E9	-1.37779831253845653E2
1.62999999999999612E1	2.41999999999999993E9	-1.36371686710641549E2
1.62999999999999612E1	2.43000000000000016E9	-1.34460867536162376E2
1.62999999999999612E1	2.43999999999999995E9	-1.31756466509890613E2
1.62999999999999612E1	2.45000000000000018E9	-1.27780802367318880E2
1.62999999999999612E1	2.45999999999999996E9	-1.22513627949060333E2
1.62999999999999612E1	2.46999999999999975E9	-1.26276959267071098E2
1.62999999999999612E1	2.47999999999999998E9	-1.30832503278619083E2
1.62999999999999612E1	2.48999999999999977E9	-1.33949686729970341E2
1.62999999999999612E1	2.50000000000000000E9	-1.36124501297533418E2
1.62999999999999612E1	2.51000000000000023E9	-1.37709460178016396E2
1.62999999999999612E1	2.52000000000000002E9	-1.38902640594735605E2
1.62999999999999612E1	2.53000000000000025E9	-1.39823825565082815E2
1.62999999999999612E1	2.54000000000000004E9	-1.40550657352270281E2
1.62999999999999612E1	2.54999999999999982E9	-1.41135884223929464E2
1.62999999999999612E1	2.56000000000000005E9	-1.41616451760658291E2
1.62999999999999612E1	2.56999999999999984E9	-1.42018775602626546E2
1.62999999999999612E1	2.58000000000000007E9	-1.42362030463961586E2
1.62999999999999612E1	2.58999999999999986E9	-1.42660303589118764E2
1.62999999999999612E1	2.60000000000000009E9	-1.42924051014269038E2
1.62999999999999612E1	2.61000000000000032E9	-1.43161103557341773E2
1.62999999999999612E1	2.62000000000000011E9	-1.43377373915592043E2
1.62999999999999612E1	2.62999999999999989E9	-1.43577358672152000E2
1.62999999999999612E1	2.63999999999999968E9	-1.43764499455329431E2
1.62999999999999612E1	2.64999999999999991E9	-1.43941445386978417E2
1.62999999999999612E1	2.66000000000000014E9	-1.44110245180341989E2
1.62999999999999612E1	2.66999999999999993E9	-1.44272489508751423E2
1.62999999999999612E1	2.68000000000000016E9	-1.44429417183054243E2
1.62999999999999612E1	2.68999999999999995E9	-1.44581995193290092E2
1.62999999999999612E1	2.70000000000000018E9	-1.44730979190260856E2

var_c	indep(index, 1)	plot_vs(pnmx, noisefreq)[142, ::]
1.63999999999999635E1	2.29999999999999982E9	-1.43073372072076777E2
1.63999999999999635E1	2.31000000000000005E9	-1.42857284864883671E2
1.63999999999999635E1	2.31999999999999984E9	-1.42621785862820105E2
1.63999999999999635E1	2.33000000000000007E9	-1.42361682486443186E2
1.63999999999999635E1	2.33999999999999986E9	-1.42070143965372653E2
1.63999999999999635E1	2.35000000000000009E9	-1.41738105200840936E2
1.63999999999999635E1	2.36000000000000032E9	-1.41353414747811534E2
1.63999999999999635E1	2.37000000000000011E9	-1.40899594501042835E2
1.63999999999999635E1	2.37999999999999989E9	-1.40353993573179037E2
1.63999999999999635E1	2.38999999999999968E9	-1.39684951117167655E2
1.63999999999999635E1	2.39999999999999991E9	-1.38847249556910191E2
1.63999999999999635E1	2.41000000000000014E9	-1.37774368253245960E2
1.63999999999999635E1	2.41999999999999993E9	-1.36364194862559751E2
1.63999999999999635E1	2.43000000000000016E9	-1.34450154310073589E2
1.63999999999999635E1	2.43999999999999995E9	-1.31740344968223777E2
1.63999999999999635E1	2.45000000000000018E9	-1.27756040185422526E2
1.63999999999999635E1	2.45999999999999996E9	-1.22422893216078998E2
1.63999999999999635E1	2.46999999999999975E9	-1.26308620514783532E2
1.63999999999999635E1	2.47999999999999998E9	-1.30856502899452720E2
1.63999999999999635E1	2.48999999999999977E9	-1.33966589929454671E2
1.63999999999999635E1	2.50000000000000000E9	-1.36136953163762753E2
1.63999999999999635E1	2.51000000000000023E9	-1.37718952526220617E2
1.63999999999999635E1	2.52000000000000002E9	-1.38910046479189786E2
1.63999999999999635E1	2.53000000000000025E9	-1.39829701347234958E2
1.63999999999999635E1	2.54000000000000004E9	-1.40555382213869917E2
1.63999999999999635E1	2.54999999999999982E9	-1.41139727646607116E2
1.63999999999999635E1	2.56000000000000005E9	-1.41619610495783332E2
1.63999999999999635E1	2.56999999999999984E9	-1.42021396213921736E2
1.63999999999999635E1	2.58000000000000007E9	-1.42364223500892528E2
1.63999999999999635E1	2.58999999999999986E9	-1.42662153418923876E2
1.63999999999999635E1	2.60000000000000009E9	-1.42925622512053452E2
1.63999999999999635E1	2.61000000000000032E9	-1.43162447139680271E2
1.63999999999999635E1	2.62000000000000011E9	-1.43378529012784428E2
1.63999999999999635E1	2.62999999999999989E9	-1.43578356389888162E2
1.63999999999999635E1	2.63999999999999968E9	-1.43765364509379534E2
1.63999999999999635E1	2.64999999999999991E9	-1.43942197524145810E2
1.63999999999999635E1	2.66000000000000014E9	-1.44110900268730235E2
1.63999999999999635E1	2.66999999999999993E9	-1.44273060421367605E2
1.63999999999999635E1	2.68000000000000016E9	-1.44429914394571712E2
1.63999999999999635E1	2.68999999999999995E9	-1.44582427272910286E2
1.63999999999999635E1	2.70000000000000018E9	-1.44731353217108571E2

var_c	indep(index, 1)	plot_vs(pnmx, noisefreq)[143, ::]
1.64999999999999636E1	2.29999999999999982E9	-1.43072045597170505E2
1.64999999999999636E1	2.31000000000000005E9	-1.42855934830350617E2
1.64999999999999636E1	2.31999999999999984E9	-1.42620395593174054E2
1.64999999999999636E1	2.33000000000000007E9	-1.42360228945067790E2
1.64999999999999636E1	2.33999999999999986E9	-1.42068595255366326E2
1.64999999999999636E1	2.35000000000000009E9	-1.41736416611631499E2
1.64999999999999636E1	2.36000000000000032E9	-1.41351523542026647E2
1.64999999999999636E1	2.37000000000000011E9	-1.40897411429767727E2
1.64999999999999636E1	2.37999999999999989E9	-1.40351390127505171E2
1.64999999999999636E1	2.38999999999999968E9	-1.39681739733918753E2
1.64999999999999636E1	2.39999999999999991E9	-1.38843150040002339E2
1.64999999999999636E1	2.41000000000000014E9	-1.37768950543546653E2
1.64999999999999636E1	2.41999999999999993E9	-1.36356768489464253E2
1.64999999999999636E1	2.43000000000000016E9	-1.34439538300037742E2
1.64999999999999636E1	2.43999999999999995E9	-1.31724377668074588E2
1.64999999999999636E1	2.45000000000000018E9	-1.27731541195459153E2
1.64999999999999636E1	2.45999999999999996E9	-1.22325375016704774E2
1.64999999999999636E1	2.46999999999999975E9	-1.26339945253906061E2
1.64999999999999636E1	2.47999999999999998E9	-1.30880166736653281E2
1.64999999999999636E1	2.48999999999999977E9	-1.33983248419606626E2
1.64999999999999636E1	2.50000000000000000E9	-1.36149221472400184E2
1.64999999999999636E1	2.51000000000000023E9	-1.37728302518560319E2
1.64999999999999636E1	2.52000000000000002E9	-1.38917338770397492E2
1.64999999999999636E1	2.53000000000000025E9	-1.39835485280387273E2
1.64999999999999636E1	2.54000000000000004E9	-1.40560031692060994E2
1.64999999999999636E1	2.54999999999999982E9	-1.41143508568872678E2
1.64999999999999636E1	2.56000000000000005E9	-1.41622716844045637E2
1.64999999999999636E1	2.56999999999999984E9	-1.42023972574440083E2
1.64999999999999636E1	2.58000000000000007E9	-1.42366378840573060E2
1.64999999999999636E1	2.58999999999999986E9	-1.42663970769281812E2
1.64999999999999636E1	2.60000000000000009E9	-1.42927165815214829E2
1.64999999999999636E1	2.61000000000000032E9	-1.43163766102261958E2
1.64999999999999636E1	2.62000000000000011E9	-1.43379662503131411E2
1.64999999999999636E1	2.62999999999999989E9	-1.43579335000963848E2
1.64999999999999636E1	2.63999999999999968E9	-1.43766212567303109E2
1.64999999999999636E1	2.64999999999999991E9	-1.43942934446998505E2
1.64999999999999636E1	2.66000000000000014E9	-1.44111541719914160E2
1.64999999999999636E1	2.66999999999999993E9	-1.44273619048156942E2
1.64999999999999636E1	2.68000000000000016E9	-1.44430400515379453E2
1.64999999999999636E1	2.68999999999999995E9	-1.44582849320493412E2
1.64999999999999636E1	2.70000000000000018E9	-1.44731718158382949E2

var_c	indep(index, 1)	plot_vs(pnmx, noisefreq)[144, ::]
1.65999999999999659E1	2.29999999999999982E9	-1.43070729534143259E2
1.65999999999999659E1	2.31000000000000005E9	-1.42854595036324983E2
1.65999999999999659E1	2.31999999999999984E9	-1.42619015515424175E2
1.65999999999999659E1	2.33000000000000007E9	-1.42358785813847910E2
1.65999999999999659E1	2.33999999999999986E9	-1.42067057318994561E2
1.65999999999999659E1	2.35000000000000009E9	-1.41734739680160593E2
1.65999999999999659E1	2.36000000000000032E9	-1.41349645370933152E2
1.65999999999999659E1	2.37000000000000011E9	-1.40895243598105013E2
1.65999999999999659E1	2.37999999999999989E9	-1.40348805423064760E2
1.65999999999999659E1	2.38999999999999968E9	-1.39678552298112679E2
1.65999999999999659E1	2.39999999999999991E9	-1.38839082787412060E2
1.65999999999999659E1	2.41000000000000014E9	-1.37763577524611125E2
1.65999999999999659E1	2.41999999999999993E9	-1.36349406201546741E2
1.65999999999999659E1	2.43000000000000016E9	-1.34429018444228676E2
1.65999999999999659E1	2.43999999999999995E9	-1.31708561903971932E2
1.65999999999999659E1	2.45000000000000018E9	-1.27707301691383490E2
1.65999999999999659E1	2.45999999999999996E9	-1.22220288614031558E2
1.65999999999999659E1	2.46999999999999975E9	-1.26370937999875688E2
1.65999999999999659E1	2.47999999999999998E9	-1.30903501059403493E2
1.65999999999999659E1	2.48999999999999977E9	-1.33999667163914404E2
1.65999999999999659E1	2.50000000000000000E9	-1.36161309602817648E2
1.65999999999999659E1	2.51000000000000023E9	-1.37737512681948604E2
1.65999999999999659E1	2.52000000000000002E9	-1.38924520146286001E2
1.65999999999999659E1	2.53000000000000025E9	-1.39841179353383072E2
1.65999999999999659E1	2.54000000000000004E9	-1.40564607598660452E2
1.65999999999999659E1	2.54999999999999982E9	-1.41147228432779515E2
1.65999999999999659E1	2.56000000000000005E9	-1.41625772123525495E2
1.65999999999999659E1	2.56999999999999984E9	-1.42026505699661043E2
1.65999999999999659E1	2.58000000000000007E9	-1.42368497253023163E2
1.65999999999999659E1	2.58999999999999986E9	-1.42665756391190168E2
1.65999999999999659E1	2.60000000000000009E9	-1.42928681644981492E2
1.65999999999999659E1	2.61000000000000032E9	-1.43165061051886755E2
1.65999999999999659E1	2.62000000000000011E9	-1.43380774862735794E2
1.65999999999999659E1	2.62999999999999989E9	-1.43580294934737118E2
1.65999999999999659E1	2.63999999999999968E9	-1.43767044023283042E2
1.65999999999999659E1	2.64999999999999991E9	-1.43943656567522393E2
1.65999999999999659E1	2.66000000000000014E9	-1.44112169878594587E2
1.65999999999999659E1	2.66999999999999993E9	-1.44274165727217629E2
1.65999999999999659E1	2.68000000000000016E9	-1.44430875828465544E2
1.65999999999999659E1	2.68999999999999995E9	-1.44583261592547774E2
1.65999999999999659E1	2.70000000000000018E9	-1.44732074217117246E2

var_c	indep(index, 1)	plot_vs(pnmx, noisefreq)[145, ::]
1.66999999999999682E1	2.29999999999999982E9	-1.43069423751642155E2
1.66999999999999682E1	2.31000000000000005E9	-1.42853265349539393E2
1.66999999999999682E1	2.31999999999999984E9	-1.42617645575444474E2
1.66999999999999682E1	2.33000000000000007E9	-1.42357352945640003E2
1.66999999999999682E1	2.33999999999999986E9	-1.42065530094928461E2
1.66999999999999682E1	2.35000000000000009E9	-1.41733074336494735E2
1.66999999999999682E1	2.36000000000000032E9	-1.41347780125299893E2
1.66999999999999682E1	2.37000000000000011E9	-1.40893090945389132E2
1.66999999999999682E1	2.37999999999999989E9	-1.40346239275580542E2
1.66999999999999682E1	2.38999999999999968E9	-1.39675388691948177E2
1.66999999999999682E1	2.39999999999999991E9	-1.38835047254960564E2
1.66999999999999682E1	2.41000000000000014E9	-1.37758248445186493E2
1.66999999999999682E1	2.41999999999999993E9	-1.36342107139321400E2
1.66999999999999682E1	2.43000000000000016E9	-1.34418593591589208E2
1.66999999999999682E1	2.43999999999999995E9	-1.31692895765203444E2
1.66999999999999682E1	2.45000000000000018E9	-1.27683317545860620E2
1.66999999999999682E1	2.45999999999999996E9	-1.22106762260662771E2
1.66999999999999682E1	2.46999999999999975E9	-1.26401601645435457E2
1.66999999999999682E1	2.47999999999999998E9	-1.30926512019695052E2
1.66999999999999682E1	2.48999999999999977E9	-1.34015850881783227E2
1.66999999999999682E1	2.50000000000000000E9	-1.36173222058838661E2
1.66999999999999682E1	2.51000000000000023E9	-1.37746586255424486E2
1.66999999999999682E1	2.52000000000000002E9	-1.38931592733224618E2
1.66999999999999682E1	2.53000000000000025E9	-1.39846785619217640E2
1.66999999999999682E1	2.54000000000000004E9	-1.40569111493650101E2
1.66999999999999682E1	2.54999999999999982E9	-1.41150888542025998E2
1.66999999999999682E1	2.56000000000000005E9	-1.41628777429935959E2
1.66999999999999682E1	2.56999999999999984E9	-1.42028996598374602E2
1.66999999999999682E1	2.58000000000000007E9	-1.42370579649179629E2
1.66999999999999682E1	2.58999999999999986E9	-1.42667511008360792E2
1.66999999999999682E1	2.60000000000000009E9	-1.42930170629821363E2
1.66999999999999682E1	2.61000000000000032E9	-1.43166332576123123E2
1.66999999999999682E1	2.62000000000000011E9	-1.43381866621822129E2
1.66999999999999682E1	2.62999999999999989E9	-1.43581236660659739E2
1.66999999999999682E1	2.63999999999999968E9	-1.43767859299162870E2
1.66999999999999682E1	2.64999999999999991E9	-1.43944364233486377E2
1.66999999999999682E1	2.66000000000000014E9	-1.44112785094499940E2
1.66999999999999682E1	2.66999999999999993E9	-1.44274700735073180E2
1.66999999999999682E1	2.68000000000000016E9	-1.44431340632763461E2
1.66999999999999682E1	2.68999999999999995E9	-1.44583664350672536E2
1.66999999999999682E1	2.70000000000000018E9	-1.44732421667736277E2

var_c	indep(index, 1)	plot_vs(pnmx, noisefreq)[146, ::]
1.67999999999999683E1	2.29999999999999982E9	-1.43068128173190368E2
1.67999999999999683E1	2.31000000000000005E9	-1.42851945735846275E2
1.67999999999999683E1	2.31999999999999984E9	-1.42616285687786437E2
1.67999999999999683E1	2.33000000000000007E9	-1.42355930291790811E2
1.67999999999999683E1	2.33999999999999986E9	-1.42064013511513032E2
1.67999999999999683E1	2.35000000000000009E9	-1.41731420362823624E2
1.67999999999999683E1	2.36000000000000032E9	-1.41345927694455797E2
1.67999999999999683E1	2.37000000000000011E9	-1.40890953176600187E2
1.67999999999999683E1	2.37999999999999989E9	-1.40343691556717021E2
1.67999999999999683E1	2.38999999999999968E9	-1.39672248714475788E2
1.67999999999999683E1	2.39999999999999991E9	-1.38831043249737762E2
1.67999999999999683E1	2.41000000000000014E9	-1.37752963048503618E2
1.67999999999999683E1	2.41999999999999993E9	-1.36334871041584726E2
1.67999999999999683E1	2.43000000000000016E9	-1.34408262075840268E2
1.67999999999999683E1	2.43999999999999995E9	-1.31677377814771623E2
1.67999999999999683E1	2.45000000000000018E9	-1.27659586044329521E2
1.67999999999999683E1	2.45999999999999996E9	-1.21983810915162461E2
1.67999999999999683E1	2.46999999999999975E9	-1.26431939504991653E2
1.67999999999999683E1	2.47999999999999998E9	-1.30949205757147480E2
1.67999999999999683E1	2.48999999999999977E9	-1.34031804646197861E2
1.67999999999999683E1	2.50000000000000000E9	-1.36184961697487283E2
1.67999999999999683E1	2.51000000000000023E9	-1.37755525881947305E2
1.67999999999999683E1	2.52000000000000002E9	-1.38938558881928986E2
1.67999999999999683E1	2.53000000000000025E9	-1.39852305864884974E2
1.67999999999999683E1	2.54000000000000004E9	-1.40573544917632587E2
1.67999999999999683E1	2.54999999999999982E9	-1.41154490328285709E2
1.67999999999999683E1	2.56000000000000005E9	-1.41631733882872290E2
1.67999999999999683E1	2.56999999999999984E9	-1.42031446237865078E2
1.67999999999999683E1	2.58000000000000007E9	-1.42372626873740882E2
1.67999999999999683E1	2.58999999999999986E9	-1.42669235433734043E2
1.67999999999999683E1	2.60000000000000009E9	-1.42931633409439240E2
1.67999999999999683E1	2.61000000000000032E9	-1.43167581260170440E2
1.67999999999999683E1	2.62000000000000011E9	-1.43382938318365660E2
1.67999999999999683E1	2.62999999999999989E9	-1.43582160638907341E2
1.67999999999999683E1	2.63999999999999968E9	-1.43768658815975203E2
1.67999999999999683E1	2.64999999999999991E9	-1.43945057836180501E2
1.67999999999999683E1	2.66000000000000014E9	-1.44113387682340122E2
1.67999999999999683E1	2.66999999999999993E9	-1.44275224393235213E2
1.67999999999999683E1	2.68000000000000016E9	-1.44431795192487900E2
1.67999999999999683E1	2.68999999999999995E9	-1.44584057841002256E2
1.67999999999999683E1	2.70000000000000018E9	-1.44732760727754717E2

var_c	indep(index, 1)	plot_vs(pnmx, noisefreq)[147, ::]
1.68999999999999706E1	2.29999999999999982E9	-1.43066842680736617E2
1.68999999999999706E1	2.31000000000000005E9	-1.42850636096479944E2
1.68999999999999706E1	2.31999999999999984E9	-1.42614935802959297E2
1.68999999999999706E1	2.33000000000000007E9	-1.42354517795726054E2
1.68999999999999706E1	2.33999999999999986E9	-1.42062507589068932E2
1.68999999999999706E1	2.35000000000000009E9	-1.41729777819284197E2
1.68999999999999706E1	2.36000000000000032E9	-1.41344087988993339E2
1.68999999999999706E1	2.37000000000000011E9	-1.40888830407059173E2
1.68999999999999706E1	2.37999999999999989E9	-1.40341162047881474E2
1.68999999999999706E1	2.38999999999999968E9	-1.39669132042935185E2
1.68999999999999706E1	2.39999999999999991E9	-1.38827070312793155E2
1.68999999999999706E1	2.41000000000000014E9	-1.37747720899904347E2
1.68999999999999706E1	2.41999999999999993E9	-1.36327696414886357E2
1.68999999999999706E1	2.43000000000000016E9	-1.34398022966447628E2
1.68999999999999706E1	2.43999999999999995E9	-1.31662004520854992E2
1.68999999999999706E1	2.45000000000000018E9	-1.27636103615977636E2
1.68999999999999706E1	2.45999999999999996E9	-1.21850340289637282E2
1.68999999999999706E1	2.46999999999999975E9	-1.26461956122425545E2
1.68999999999999706E1	2.47999999999999998E9	-1.30971588605053357E2
1.68999999999999706E1	2.48999999999999977E9	-1.34047532789274015E2
1.68999999999999706E1	2.50000000000000000E9	-1.36196532485920807E2
1.68999999999999706E1	2.51000000000000023E9	-1.37764334400376676E2
1.68999999999999706E1	2.52000000000000002E9	-1.38945420978053757E2
1.68999999999999706E1	2.53000000000000025E9	-1.39857741943668934E2
1.68999999999999706E1	2.54000000000000004E9	-1.40577909493863396E2
1.68999999999999706E1	2.54999999999999982E9	-1.41158035044890839E2
1.68999999999999706E1	2.56000000000000005E9	-1.41634642538530331E2
1.68999999999999706E1	2.56999999999999984E9	-1.42033855513048257E2
1.68999999999999706E1	2.58000000000000007E9	-1.42374639744130316E2
1.68999999999999706E1	2.58999999999999986E9	-1.42670930289474240E2
1.68999999999999706E1	2.60000000000000009E9	-1.42933070605063928E2
1.68999999999999706E1	2.61000000000000032E9	-1.43168807581801394E2
1.68999999999999706E1	2.62000000000000011E9	-1.43383990391629412E2
1.68999999999999706E1	2.62999999999999989E9	-1.43583067319284652E2
1.68999999999999706E1	2.63999999999999968E9	-1.43769442921847346E2
1.68999999999999706E1	2.64999999999999991E9	-1.43945737679428953E2
1.68999999999999706E1	2.66000000000000014E9	-1.44113977963452267E2
1.68999999999999706E1	2.66999999999999993E9	-1.44275736982807001E2
1.68999999999999706E1	2.68000000000000016E9	-1.44432239774564719E2
1.68999999999999706E1	2.68999999999999995E9	-1.44584442333509910E2
1.68999999999999706E1	2.70000000000000018E9	-1.44733091627311650E2

var_c	indep(index, 1)	plot_vs(pnmx, noisefreq)[148, ::]
1.69999999999999707E1	2.29999999999999982E9	-1.43065567202061539E2
1.69999999999999707E1	2.31000000000000005E9	-1.42849336348990708E2
1.69999999999999707E1	2.31999999999999984E9	-1.42613595738320997E2
1.69999999999999707E1	2.33000000000000007E9	-1.42353115389265072E2
1.69999999999999707E1	2.33999999999999986E9	-1.42061012107188955E2
1.69999999999999707E1	2.35000000000000009E9	-1.41728146576691683E2
1.69999999999999707E1	2.36000000000000032E9	-1.41342260931451991E2
1.69999999999999707E1	2.37000000000000011E9	-1.40886722347699411E2
1.69999999999999707E1	2.37999999999999989E9	-1.40338650598256831E2
1.69999999999999707E1	2.38999999999999968E9	-1.39666038523424252E2
1.69999999999999707E1	2.39999999999999991E9	-1.38823128236498228E2
1.69999999999999707E1	2.41000000000000014E9	-1.37742521217569225E2
1.69999999999999707E1	2.41999999999999993E9	-1.36320583111988780E2
1.69999999999999707E1	2.43000000000000016E9	-1.34387875088979802E2
1.69999999999999707E1	2.43999999999999995E9	-1.31646775103278380E2
1.69999999999999707E1	2.45000000000000018E9	-1.27612865889199667E2
1.69999999999999707E1	2.45999999999999996E9	-1.21705104789958551E2
1.69999999999999707E1	2.46999999999999975E9	-1.26491654055477332E2
1.69999999999999707E1	2.47999999999999998E9	-1.30993665378944479E2
1.69999999999999707E1	2.48999999999999977E9	-1.34063040227200925E2
1.69999999999999707E1	2.50000000000000000E9	-1.36207938190218503E2
1.69999999999999707E1	2.51000000000000023E9	-1.37773014900111601E2
1.69999999999999707E1	2.52000000000000002E9	-1.38952181173967149E2
1.69999999999999707E1	2.53000000000000025E9	-1.39863095711369056E2
1.69999999999999707E1	2.54000000000000004E9	-1.40582206574487634E2
1.69999999999999707E1	2.54999999999999982E9	-1.41161523994466753E2
1.69999999999999707E1	2.56000000000000005E9	-1.41637504584134555E2
1.69999999999999707E1	2.56999999999999984E9	-1.42036225353534351E2
1.69999999999999707E1	2.58000000000000007E9	-1.42376618947419642E2
1.69999999999999707E1	2.58999999999999986E9	-1.42672596231724880E2
1.69999999999999707E1	2.60000000000000009E9	-1.42934482791337225E2
1.69999999999999707E1	2.61000000000000032E9	-1.43170012115928502E2
1.69999999999999707E1	2.62000000000000011E9	-1.43385023340706486E2
1.69999999999999707E1	2.62999999999999989E9	-1.43583957060406386E2
1.69999999999999707E1	2.63999999999999968E9	-1.43770212038717426E2
1.69999999999999707E1	2.64999999999999991E9	-1.43946404152962470E2
1.69999999999999707E1	2.66000000000000014E9	-1.44114556251587600E2
1.69999999999999707E1	2.66999999999999993E9	-1.44276238807180346E2
1.69999999999999707E1	2.68000000000000016E9	-1.44432674635987124E2
1.69999999999999707E1	2.68999999999999995E9	-1.44584818027897866E2
1.69999999999999707E1	2.70000000000000018E9	-1.44733414578210184E2

var_c	indep(index, 1)	plot_vs(pnmx, noisefreq)[149, ::]
1.70999999999999730E1	2.29999999999999982E9	-1.43064301604607103E2
1.70999999999999730E1	2.31000000000000005E9	-1.42848046397640216E2
1.70999999999999730E1	2.31999999999999984E9	-1.42612265490872714E2
1.70999999999999730E1	2.33000000000000007E9	-1.42351722924485635E2
1.70999999999999730E1	2.33999999999999986E9	-1.42059527044824052E2
1.70999999999999730E1	2.35000000000000009E9	-1.41726526561282951E2
1.70999999999999730E1	2.36000000000000032E9	-1.41340446473739600E2
1.70999999999999730E1	2.37000000000000011E9	-1.40884629025121111E2
1.70999999999999730E1	2.37999999999999989E9	-1.40336157072927170E2
1.70999999999999730E1	2.38999999999999968E9	-1.39662967926514581E2
1.70999999999999730E1	2.39999999999999991E9	-1.38819216767001197E2
1.70999999999999730E1	2.41000000000000014E9	-1.37737363598385087E2
1.70999999999999730E1	2.41999999999999993E9	-1.36313530360605273E2
1.70999999999999730E1	2.43000000000000016E9	-1.34377817001466116E2
1.70999999999999730E1	2.43999999999999995E9	-1.31631687014163057E2
1.70999999999999730E1	2.45000000000000018E9	-1.27589871424859980E2
1.70999999999999730E1	2.45999999999999996E9	-1.21546703556015334E2
1.70999999999999730E1	2.46999999999999975E9	-1.26521036927390229E2
1.70999999999999730E1	2.47999999999999998E9	-1.31015443724740210E2
1.70999999999999730E1	2.48999999999999977E9	-1.34078330228592657E2
1.70999999999999730E1	2.50000000000000000E9	-1.36219181109613507E2
1.70999999999999730E1	2.51000000000000023E9	-1.37781569304438412E2
1.70999999999999730E1	2.52000000000000002E9	-1.38958841540500555E2
1.70999999999999730E1	2.53000000000000025E9	-1.39868368907779828E2
1.70999999999999730E1	2.54000000000000004E9	-1.40586437807396947E2
1.70999999999999730E1	2.54999999999999982E9	-1.41164958333786750E2
1.70999999999999730E1	2.56000000000000005E9	-1.41640321013020509E2
1.70999999999999730E1	2.56999999999999984E9	-1.42038556672930305E2
1.70999999999999730E1	2.58000000000000007E9	-1.42378565366710785E2
1.70999999999999730E1	2.58999999999999986E9	-1.42674234032688885E2
1.70999999999999730E1	2.60000000000000009E9	-1.42935870573985868E2
1.70999999999999730E1	2.61000000000000032E9	-1.43171195365343351E2
1.70999999999999730E1	2.62000000000000011E9	-1.43386037597407467E2
1.70999999999999730E1	2.62999999999999989E9	-1.43584830337147396E2
1.70999999999999730E1	2.63999999999999968E9	-1.43770966521929511E2
1.70999999999999730E1	2.64999999999999991E9	-1.43947057541175294E2
1.70999999999999730E1	2.66000000000000014E9	-1.44115122853580657E2
1.70999999999999730E1	2.66999999999999993E9	-1.44276730111436113E2
1.70999999999999730E1	2.68000000000000016E9	-1.44433100021022032E2
1.70999999999999730E1	2.68999999999999995E9	-1.44585185172987107E2
1.70999999999999730E1	2.70000000000000018E9	-1.44733729805586542E2

var_c	indep(index, 1)	plot_vs(pnmx, noisefreq)[150, ::]
1.71999999999999753E1	2.29999999999999982E9	-1.43063045851379456E2
1.71999999999999753E1	2.31000000000000005E9	-1.42846766154972582E2
1.71999999999999753E1	2.31999999999999984E9	-1.42610944968327580E2
1.71999999999999753E1	2.33000000000000007E9	-1.42350340324898528E2
1.71999999999999753E1	2.33999999999999986E9	-1.42058052269055546E2
1.71999999999999753E1	2.35000000000000009E9	-1.41724917641683357E2
1.71999999999999753E1	2.36000000000000032E9	-1.41338644458802576E2
1.71999999999999753E1	2.37000000000000011E9	-1.40882550253191030E2
1.71999999999999753E1	2.37999999999999989E9	-1.40333681392828891E2
1.71999999999999753E1	2.38999999999999968E9	-1.39659920022248407E2
1.71999999999999753E1	2.39999999999999991E9	-1.38815335399411222E2
1.71999999999999753E1	2.41000000000000014E9	-1.37732247726039492E2
1.71999999999999753E1	2.41999999999999993E9	-1.36306537088591462E2
1.71999999999999753E1	2.43000000000000016E9	-1.34367847721358058E2
1.71999999999999753E1	2.43999999999999995E9	-1.31616739105455371E2
1.71999999999999753E1	2.45000000000000018E9	-1.27567115210520976E2
1.71999999999999753E1	2.45999999999999996E9	-1.21373550975931943E2
1.71999999999999753E1	2.46999999999999975E9	-1.26550108550775930E2
1.71999999999999753E1	2.47999999999999998E9	-1.31036926540449583E2
1.71999999999999753E1	2.48999999999999977E9	-1.34093407951418753E2
1.71999999999999753E1	2.50000000000000000E9	-1.36230265338205969E2
1.71999999999999753E1	2.51000000000000023E9	-1.37790000612062613E2
1.71999999999999753E1	2.52000000000000002E9	-1.38965404139774096E2
1.71999999999999753E1	2.53000000000000025E9	-1.39873563231568365E2
1.71999999999999753E1	2.54000000000000004E9	-1.40590604428776134E2
1.71999999999999753E1	2.54999999999999982E9	-1.41168339250151620E2
1.71999999999999753E1	2.56000000000000005E9	-1.41643092681471972E2
1.71999999999999753E1	2.56999999999999984E9	-1.42040850290681453E2
1.71999999999999753E1	2.58000000000000007E9	-1.42380479733410970E2
1.71999999999999753E1	2.58999999999999986E9	-1.42675844240075334E2
1.71999999999999753E1	2.60000000000000009E9	-1.42937234469290919E2
1.71999999999999753E1	2.61000000000000032E9	-1.43172357789781413E2
1.71999999999999753E1	2.62000000000000011E9	-1.43387033615808379E2
1.71999999999999753E1	2.62999999999999989E9	-1.43585687485853475E2
1.71999999999999753E1	2.63999999999999968E9	-1.43771706687784939E2
1.71999999999999753E1	2.64999999999999991E9	-1.43947698221264342E2
1.71999999999999753E1	2.66000000000000014E9	-1.44115678036990280E2
1.71999999999999753E1	2.66999999999999993E9	-1.44277211162238306E2
1.71999999999999753E1	2.68000000000000016E9	-1.44433516188031730E2
1.71999999999999753E1	2.68999999999999995E9	-1.44585543996330346E2
1.71999999999999753E1	2.70000000000000018E9	-1.44734037482819899E2

var_c	indep(index, 1)	plot_vs(pnmx, noisefreq)[151, ::]
1.72999999999999754E1	2.29999999999999982E9	-1.43061799769237497E2
1.72999999999999754E1	2.31000000000000005E9	-1.42845495517595111E2
1.72999999999999754E1	2.31999999999999984E9	-1.42609634092983506E2
1.72999999999999754E1	2.33000000000000007E9	-1.42348967659038372E2
1.72999999999999754E1	2.33999999999999986E9	-1.42056587843020976E2
1.72999999999999754E1	2.35000000000000009E9	-1.41723319784662127E2
1.72999999999999754E1	2.36000000000000032E9	-1.41336854810962964E2
1.72999999999999754E1	2.37000000000000011E9	-1.40880485907189645E2
1.72999999999999754E1	2.37999999999999989E9	-1.40331223328110521E2
1.72999999999999754E1	2.38999999999999968E9	-1.39656894498453710E2
1.72999999999999754E1	2.39999999999999991E9	-1.38811483919676881E2
1.72999999999999754E1	2.41000000000000014E9	-1.37727173105346834E2
1.72999999999999754E1	2.41999999999999993E9	-1.36299602170879131E2
1.72999999999999754E1	2.43000000000000016E9	-1.34357965974337135E2
1.72999999999999754E1	2.43999999999999995E9	-1.31601928844809679E2
1.72999999999999754E1	2.45000000000000018E9	-1.27544594346593532E2
1.72999999999999754E1	2.45999999999999996E9	-1.21183873225899763E2
1.72999999999999754E1	2.46999999999999975E9	-1.26578872104056117E2
1.72999999999999754E1	2.47999999999999998E9	-1.31058121653723703E2
1.72999999999999754E1	2.48999999999999977E9	-1.34108277289244704E2
1.72999999999999754E1	2.50000000000000000E9	-1.36241193651746872E2
1.72999999999999754E1	2.51000000000000023E9	-1.37798311579563615E2
1.72999999999999754E1	2.52000000000000002E9	-1.38971871083974929E2
1.72999999999999754E1	2.53000000000000025E9	-1.39878680357030127E2
1.72999999999999754E1	2.54000000000000004E9	-1.40594707925503459E2
1.72999999999999754E1	2.54999999999999982E9	-1.41171667953147262E2
1.72999999999999754E1	2.56000000000000005E9	-1.41645820744643092E2
1.72999999999999754E1	2.56999999999999984E9	-1.42043107138222013E2
1.72999999999999754E1	2.58000000000000007E9	-1.42382362638972149E2
1.72999999999999754E1	2.58999999999999986E9	-1.42677427512557475E2
1.72999999999999754E1	2.60000000000000009E9	-1.42938575101536314E2
1.72999999999999754E1	2.61000000000000032E9	-1.43173499944131200E2
1.72999999999999754E1	2.62000000000000011E9	-1.43388011808390048E2
1.72999999999999754E1	2.62999999999999989E9	-1.43586528919131906E2
1.72999999999999754E1	2.63999999999999968E9	-1.43772432921964288E2
1.72999999999999754E1	2.64999999999999991E9	-1.43948326459066145E2
1.72999999999999754E1	2.66000000000000014E9	-1.44116222109335546E2
1.72999999999999754E1	2.66999999999999993E9	-1.44277682235334193E2
1.72999999999999754E1	2.68000000000000016E9	-1.44433923347258153E2
1.72999999999999754E1	2.68999999999999995E9	-1.44585894697255291E2
1.72999999999999754E1	2.70000000000000018E9	-1.44734337838164739E2

var_c	indep(index, 1)	plot_vs(pnmx, noisefreq)[152, ::]
1.73999999999999777E1	2.29999999999999982E9	-1.43060563346900071E2
1.73999999999999777E1	2.31000000000000005E9	-1.42844234407112047E2
1.73999999999999777E1	2.31999999999999984E9	-1.42608332776124436E2
1.73999999999999777E1	2.33000000000000007E9	-1.42347604676495409E2
1.73999999999999777E1	2.33999999999999986E9	-1.42055133564884661E2
1.73999999999999777E1	2.35000000000000009E9	-1.41721732990448768E2
1.73999999999999777E1	2.36000000000000032E9	-1.41335077447362290E2
1.73999999999999777E1	2.37000000000000011E9	-1.40878435897893262E2
1.73999999999999777E1	2.37999999999999989E9	-1.40328782831048104E2
1.73999999999999777E1	2.38999999999999968E9	-1.39653891416803377E2
1.73999999999999777E1	2.39999999999999991E9	-1.38807661938528470E2
1.73999999999999777E1	2.41000000000000014E9	-1.37722139140595390E2
1.73999999999999777E1	2.41999999999999993E9	-1.36292725812746740E2
1.73999999999999777E1	2.43000000000000016E9	-1.34348171000534222E2
1.73999999999999777E1	2.43999999999999995E9	-1.31587254241088081E2
1.73999999999999777E1	2.45000000000000018E9	-1.27522305884352449E2
1.73999999999999777E1	2.45999999999999996E9	-1.20975647548332832E2
1.73999999999999777E1	2.46999999999999975E9	-1.26607330382909122E2
1.73999999999999777E1	2.47999999999999998E9	-1.31079033300273973E2
1.73999999999999777E1	2.48999999999999977E9	-1.34122942161633141E2
1.73999999999999777E1	2.50000000000000000E9	-1.36251969370953785E2
1.73999999999999777E1	2.51000000000000023E9	-1.37806504022512444E2
1.73999999999999777E1	2.52000000000000002E9	-1.38978244255480687E2
1.73999999999999777E1	2.53000000000000025E9	-1.39883721704172248E2
1.73999999999999777E1	2.54000000000000004E9	-1.40598749559887692E2
1.73999999999999777E1	2.54999999999999982E9	-1.41174945546758535E2
1.73999999999999777E1	2.56000000000000005E9	-1.41648506060775392E2
1.73999999999999777E1	2.56999999999999984E9	-1.42045327878687044E2
1.73999999999999777E1	2.58000000000000007E9	-1.42384214936403564E2
1.73999999999999777E1	2.58999999999999986E9	-1.42678984484450444E2
1.73999999999999777E1	2.60000000000000009E9	-1.42939892946622971E2
1.73999999999999777E1	2.61000000000000032E9	-1.43174622250649053E2
1.73999999999999777E1	2.62000000000000011E9	-1.43388972626906619E2
1.73999999999999777E1	2.62999999999999989E9	-1.43587355016950258E2
1.73999999999999777E1	2.63999999999999968E9	-1.43773145548105541E2
1.73999999999999777E1	2.64999999999999991E9	-1.43948942554002501E2
1.73999999999999777E1	2.66000000000000014E9	-1.44116755315793799E2
1.73999999999999777E1	2.66999999999999993E9	-1.44278143569664175E2
1.73999999999999777E1	2.68000000000000016E9	-1.44434321749976613E2
1.73999999999999777E1	2.68999999999999995E9	-1.44586237492532921E2
1.73999999999999777E1	2.70000000000000018E9	-1.44734631043346496E2

var_c	indep(index, 1)	plot_vs(pnmx, noisefreq)[153, ::]
1.74999999999999778E1	2.29999999999999982E9	-1.43059336421739602E2
1.74999999999999778E1	2.31000000000000005E9	-1.42842982758227111E2
1.74999999999999778E1	2.31999999999999984E9	-1.42607040937956331E2
1.74999999999999778E1	2.33000000000000007E9	-1.42346251391307943E2
1.74999999999999778E1	2.33999999999999986E9	-1.42053689404929129E2
1.74999999999999778E1	2.35000000000000009E9	-1.41720157036038574E2
1.74999999999999778E1	2.36000000000000032E9	-1.41333312257206001E2
1.74999999999999778E1	2.37000000000000011E9	-1.40876400174730176E2
1.74999999999999778E1	2.37999999999999989E9	-1.40326359588698280E2
1.74999999999999778E1	2.38999999999999968E9	-1.39650910335411949E2
1.74999999999999778E1	2.39999999999999991E9	-1.38803869190782292E2
1.74999999999999778E1	2.41000000000000014E9	-1.37717145295099841E2
1.74999999999999778E1	2.41999999999999993E9	-1.36285906784955890E2
1.74999999999999778E1	2.43000000000000016E9	-1.34338460784182168E2
1.74999999999999778E1	2.43999999999999995E9	-1.31572713864243740E2
1.74999999999999778E1	2.45000000000000018E9	-1.27500247300100411E2
1.74999999999999778E1	2.45999999999999996E9	-1.20746556631087198E2
1.74999999999999778E1	2.46999999999999975E9	-1.26635487531203661E2
1.74999999999999778E1	2.47999999999999998E9	-1.31099666353998745E2
1.74999999999999778E1	2.48999999999999977E9	-1.34137407136154652E2
1.74999999999999778E1	2.50000000000000000E9	-1.36262595510125140E2
1.74999999999999778E1	2.51000000000000023E9	-1.37814580682812138E2
1.74999999999999778E1	2.52000000000000002E9	-1.38984525557511396E2
1.74999999999999778E1	2.53000000000000025E9	-1.39888689142791423E2
1.74999999999999778E1	2.54000000000000004E9	-1.40602730707895196E2
1.74999999999999778E1	2.54999999999999982E9	-1.41178173035903631E2
1.74999999999999778E1	2.56000000000000005E9	-1.41651149648042263E2
1.74999999999999778E1	2.56999999999999984E9	-1.42047513396641700E2
1.74999999999999778E1	2.58000000000000007E9	-1.42386037231545171E2
1.74999999999999778E1	2.58999999999999986E9	-1.42680515715486900E2
1.74999999999999778E1	2.60000000000000009E9	-1.42941188550088660E2
1.74999999999999778E1	2.61000000000000032E9	-1.43175725181595936E2
1.74999999999999778E1	2.62000000000000011E9	-1.43389916409387541E2
1.74999999999999778E1	2.62999999999999989E9	-1.43588166123989502E2
1.74999999999999778E1	2.63999999999999968E9	-1.43773844874822943E2
1.74999999999999778E1	2.64999999999999991E9	-1.43949546830958086E2
1.74999999999999778E1	2.66000000000000014E9	-1.44117277943123079E2
1.74999999999999778E1	2.66999999999999993E9	-1.44278595396100573E2
1.74999999999999778E1	2.68000000000000016E9	-1.44434711609118871E2
1.74999999999999778E1	2.68999999999999995E9	-1.44586572577446582E2
1.74999999999999778E1	2.70000000000000018E9	-1.44734917302469279E2

var_c	indep(index, 1)	plot_vs(pnmx, noisefreq)[154, ::]
1.75999999999999801E1	2.29999999999999982E9	-1.43058118933043654E2
1.75999999999999801E1	2.31000000000000005E9	-1.42841740442540099E2
1.75999999999999801E1	2.31999999999999984E9	-1.42605758472660860E2
1.75999999999999801E1	2.33000000000000007E9	-1.42344907692503053E2
1.75999999999999801E1	2.33999999999999986E9	-1.42052255276562778E2
1.75999999999999801E1	2.35000000000000009E9	-1.41718591897346324E2
1.75999999999999801E1	2.36000000000000032E9	-1.41331559211623126E2
1.75999999999999801E1	2.37000000000000011E9	-1.40874378458292115E2
1.75999999999999801E1	2.37999999999999989E9	-1.40323953493193310E2
1.75999999999999801E1	2.38999999999999968E9	-1.39647951157137884E2
1.75999999999999801E1	2.39999999999999991E9	-1.38800105475524194E2
1.75999999999999801E1	2.41000000000000014E9	-1.37712191352974234E2
1.75999999999999801E1	2.41999999999999993E9	-1.36279144395522889E2
1.75999999999999801E1	2.43000000000000016E9	-1.34328835072736008E2
1.75999999999999801E1	2.43999999999999995E9	-1.31558306008668491E2
1.75999999999999801E1	2.45000000000000018E9	-1.27478414805515494E2
1.75999999999999801E1	2.45999999999999996E9	-1.20493996455246255E2
1.75999999999999801E1	2.46999999999999975E9	-1.26663347000906557E2
1.75999999999999801E1	2.47999999999999998E9	-1.31120026613899410E2
1.75999999999999801E1	2.48999999999999977E9	-1.34151675136574111E2
1.75999999999999801E1	2.50000000000000000E9	-1.36273074723453935E2
1.75999999999999801E1	2.51000000000000023E9	-1.37822543792524277E2
1.75999999999999801E1	2.52000000000000002E9	-1.38990716978891315E2
1.75999999999999801E1	2.53000000000000025E9	-1.39893583949116995E2
1.75999999999999801E1	2.54000000000000004E9	-1.40606652591681991E2
1.75999999999999801E1	2.54999999999999982E9	-1.41181351602386629E2
1.75999999999999801E1	2.56000000000000005E9	-1.41653752310263004E2
1.75999999999999801E1	2.56999999999999984E9	-1.42049664436723222E2
1.75999999999999801E1	2.58000000000000007E9	-1.42387830209616761E2
1.75999999999999801E1	2.58999999999999986E9	-1.42682021770743095E2
1.75999999999999801E1	2.60000000000000009E9	-1.42942462415894167E2
1.75999999999999801E1	2.61000000000000032E9	-1.43176809159573426E2
1.75999999999999801E1	2.62000000000000011E9	-1.43390843625261910E2
1.75999999999999801E1	2.62999999999999989E9	-1.43588962573171464E2
1.75999999999999801E1	2.63999999999999968E9	-1.43774531222991664E2
1.75999999999999801E1	2.64999999999999991E9	-1.43950139548873191E2
1.75999999999999801E1	2.66000000000000014E9	-1.44117790240290389E2
1.75999999999999801E1	2.66999999999999993E9	-1.44279037962579615E2
1.75999999999999801E1	2.68000000000000016E9	-1.44435093131874348E2
1.75999999999999801E1	2.68999999999999995E9	-1.44586900155886533E2
1.75999999999999801E1	2.70000000000000018E9	-1.44735196783841547E2

var_c	indep(index, 1)	plot_vs(pnmx, noisefreq)[155, ::]
1.76999999999999824E1	2.29999999999999982E9	-1.43056910795714454E2
1.76999999999999824E1	2.31000000000000005E9	-1.42840507403577321E2
1.76999999999999824E1	2.31999999999999984E9	-1.42604485321058316E2
1.76999999999999824E1	2.33000000000000007E9	-1.42343573485904362E2
1.76999999999999824E1	2.33999999999999986E9	-1.42050831096839603E2
1.76999999999999824E1	2.35000000000000009E9	-1.41717037501860799E2
1.76999999999999824E1	2.36000000000000032E9	-1.41329818194660772E2
1.76999999999999824E1	2.37000000000000011E9	-1.40872370809988978E2
1.76999999999999824E1	2.37999999999999989E9	-1.40321564545246735E2
1.76999999999999824E1	2.38999999999999968E9	-1.39645013597666390E2
1.76999999999999824E1	2.39999999999999991E9	-1.38796370262371971E2
1.76999999999999824E1	2.41000000000000014E9	-1.37707276664812039E2
1.76999999999999824E1	2.41999999999999993E9	-1.36272437840897709E2
1.76999999999999824E1	2.43000000000000016E9	-1.34319292549705649E2
1.76999999999999824E1	2.43999999999999995E9	-1.31544028488579068E2
1.76999999999999824E1	2.45000000000000018E9	-1.27456805583888255E2
1.76999999999999824E1	2.45999999999999996E9	-1.20214987944990659E2
1.76999999999999824E1	2.46999999999999975E9	-1.26690912391098931E2
1.76999999999999824E1	2.47999999999999998E9	-1.31140118524536109E2
1.76999999999999824E1	2.48999999999999977E9	-1.34165750460357502E2
1.76999999999999824E1	2.50000000000000000E9	-1.36283410153886453E2
1.76999999999999824E1	2.51000000000000023E9	-1.37830395754762347E2
1.76999999999999824E1	2.52000000000000002E9	-1.38996820269980281E2
1.76999999999999824E1	2.53000000000000025E9	-1.39898407767032085E2
1.76999999999999824E1	2.54000000000000004E9	-1.40610516470051961E2
1.76999999999999824E1	2.54999999999999982E9	-1.41184482299586533E2
1.76999999999999824E1	2.56000000000000005E9	-1.41656314917966974E2
1.76999999999999824E1	2.56999999999999984E9	-1.42051781750549200E2
1.76999999999999824E1	2.58000000000000007E9	-1.42389594480260628E2
1.76999999999999824E1	2.58999999999999986E9	-1.42683503254515553E2
1.76999999999999824E1	2.60000000000000009E9	-1.42943714979062686E2
1.76999999999999824E1	2.61000000000000032E9	-1.43177874623262791E2
1.76999999999999824E1	2.62000000000000011E9	-1.43391754588501730E2
1.76999999999999824E1	2.62999999999999989E9	-1.43589744751622228E2
1.76999999999999824E1	2.63999999999999968E9	-1.43775204920351163E2
1.76999999999999824E1	2.64999999999999991E9	-1.43950720992797310E2
1.76999999999999824E1	2.66000000000000014E9	-1.44118292461301967E2
1.76999999999999824E1	2.66999999999999993E9	-1.44279471498645551E2
1.76999999999999824E1	2.68000000000000016E9	-1.44435466527337963E2
1.76999999999999824E1	2.68999999999999995E9	-1.44587220410005979E2
1.76999999999999824E1	2.70000000000000018E9	-1.44735469652245152E2

var_c	indep(index, 1)	plot_vs(pnmx, noisefreq)[156, ::]
1.77999999999999825E1	2.29999999999999982E9	-1.43055711915243822E2
1.77999999999999825E1	2.31000000000000005E9	-1.42839283545068918E2
1.77999999999999825E1	2.31999999999999984E9	-1.42603221404931269E2
1.77999999999999825E1	2.33000000000000007E9	-1.42342248710466746E2
1.77999999999999825E1	2.33999999999999986E9	-1.42049416796727090E2
1.77999999999999825E1	2.35000000000000009E9	-1.41715493785958158E2
1.77999999999999825E1	2.36000000000000032E9	-1.41328088977915489E2
1.77999999999999825E1	2.37000000000000011E9	-1.40870376987298540E2
1.77999999999999825E1	2.37999999999999989E9	-1.40319192421845429E2
1.77999999999999825E1	2.38999999999999968E9	-1.39642097466139559E2
1.77999999999999825E1	2.39999999999999991E9	-1.38792663395580806E2
1.77999999999999825E1	2.41000000000000014E9	-1.37702400820179016E2
1.77999999999999825E1	2.41999999999999993E9	-1.36265786854742088E2
1.77999999999999825E1	2.43000000000000016E9	-1.34309831826743875E2
1.77999999999999825E1	2.43999999999999995E9	-1.31529880130921417E2
1.77999999999999825E1	2.45000000000000018E9	-1.27435416024231585E2
1.77999999999999825E1	2.45999999999999996E9	-1.19906071309201367E2
1.77999999999999825E1	2.46999999999999975E9	-1.26718185926027194E2
1.77999999999999825E1	2.47999999999999998E9	-1.31159947623890161E2
1.77999999999999825E1	2.48999999999999977E9	-1.34179636840138161E2
1.77999999999999825E1	2.50000000000000000E9	-1.36293604293165349E2
1.77999999999999825E1	2.51000000000000023E9	-1.37838138508754815E2
1.77999999999999825E1	2.52000000000000002E9	-1.39002837184364747E2
1.77999999999999825E1	2.53000000000000025E9	-1.39903161971203605E2
1.77999999999999825E1	2.54000000000000004E9	-1.40614323519774498E2
1.77999999999999825E1	2.54999999999999982E9	-1.41187565980739516E2
1.77999999999999825E1	2.56000000000000005E9	-1.41658838379952923E2
1.77999999999999825E1	2.56999999999999984E9	-1.42053866059748612E2
1.77999999999999825E1	2.58000000000000007E9	-1.42391330707634212E2
1.77999999999999825E1	2.58999999999999986E9	-1.42684960677340533E2
1.77999999999999825E1	2.60000000000000009E9	-1.42944946777650950E2
1.77999999999999825E1	2.61000000000000032E9	-1.43178922003312481E2
1.77999999999999825E1	2.62000000000000011E9	-1.43392649747745748E2
1.77999999999999825E1	2.62999999999999989E9	-1.43590512942570325E2
1.77999999999999825E1	2.63999999999999968E9	-1.43775866234215188E2
1.77999999999999825E1	2.64999999999999991E9	-1.43951291416456018E2
1.77999999999999825E1	2.66000000000000014E9	-1.44118784853361848E2
1.77999999999999825E1	2.66999999999999993E9	-1.44279896200253188E2
1.77999999999999825E1	2.68000000000000016E9	-1.44435832003655751E2
1.77999999999999825E1	2.68999999999999995E9	-1.44587533537987301E2
1.77999999999999825E1	2.70000000000000018E9	-1.44735736094911016E2

var_c	indep(index, 1)	plot_vs(pnmx, noisefreq)[157, ::]
1.78999999999999848E1	2.29999999999999982E9	-1.43054522183825505E2
1.78999999999999848E1	2.31000000000000005E9	-1.42838068809290530E2
1.78999999999999848E1	2.31999999999999984E9	-1.42601966668818902E2
1.78999999999999848E1	2.33000000000000007E9	-1.42340933350194510E2
1.78999999999999848E1	2.33999999999999986E9	-1.42048012309277327E2
1.78999999999999848E1	2.35000000000000009E9	-1.41713960572517372E2
1.78999999999999848E1	2.36000000000000032E9	-1.41326371677370410E2
1.78999999999999848E1	2.37000000000000011E9	-1.40868396972134446E2
1.78999999999999848E1	2.37999999999999989E9	-1.40316836981290005E2
1.78999999999999848E1	2.38999999999999968E9	-1.39639202515061234E2
1.78999999999999848E1	2.39999999999999991E9	-1.38788984555592232E2
1.78999999999999848E1	2.41000000000000014E9	-1.37697563355278541E2
1.78999999999999848E1	2.41999999999999993E9	-1.36259190186416701E2
1.78999999999999848E1	2.43000000000000016E9	-1.34300452176000196E2
1.78999999999999848E1	2.43999999999999995E9	-1.31515858461625390E2
1.78999999999999848E1	2.45000000000000018E9	-1.27414243825434514E2
1.78999999999999848E1	2.45999999999999996E9	-1.19563344817325423E2
1.78999999999999848E1	2.46999999999999975E9	-1.26745171890323816E2
1.78999999999999848E1	2.47999999999999998E9	-1.31179517646038701E2
1.78999999999999848E1	2.48999999999999977E9	-1.34193337386262312E2
1.78999999999999848E1	2.50000000000000000E9	-1.36303660140219773E2
1.78999999999999848E1	2.51000000000000023E9	-1.37845774393335541E2
1.78999999999999848E1	2.52000000000000002E9	-1.39008769283063716E2
1.78999999999999848E1	2.53000000000000025E9	-1.39907847997331425E2
1.78999999999999848E1	2.54000000000000004E9	-1.40618075019025701E2
1.78999999999999848E1	2.54999999999999982E9	-1.41190603704337181E2
1.78999999999999848E1	2.56000000000000005E9	-1.41661323538064754E2
1.78999999999999848E1	2.56999999999999984E9	-1.42055918034724349E2
1.78999999999999848E1	2.58000000000000007E9	-1.42393039489909046E2
1.78999999999999848E1	2.58999999999999986E9	-1.42686394550109830E2
1.78999999999999848E1	2.60000000000000009E9	-1.42946158228918607E2
1.78999999999999848E1	2.61000000000000032E9	-1.43179951709911735E2
1.78999999999999848E1	2.62000000000000011E9	-1.43393529394442831E2
1.78999999999999848E1	2.62999999999999989E9	-1.43591267510131360E2
1.78999999999999848E1	2.63999999999999968E9	-1.43776515478553746E2
1.78999999999999848E1	2.64999999999999991E9	-1.43951851096573380E2
1.78999999999999848E1	2.66000000000000014E9	-1.44119267626637426E2
1.78999999999999848E1	2.66999999999999993E9	-1.44280312318822768E2
1.78999999999999848E1	2.68000000000000016E9	-1.44436189739880616E2
1.78999999999999848E1	2.68999999999999995E9	-1.44587839700304843E2
1.78999999999999848E1	2.70000000000000018E9	-1.44735996265672684E2

var_c	indep(index, 1)	plot_vs(pnmx, noisefreq)[158, ::]
1.79999999999999849E1	2.29999999999999982E9	-1.43053341522695843E2
1.79999999999999849E1	2.31000000000000005E9	-1.42836863069681974E2
1.79999999999999849E1	2.31999999999999984E9	-1.42600720947010728E2
1.79999999999999849E1	2.33000000000000007E9	-1.42339627245488498E2
1.79999999999999849E1	2.33999999999999986E9	-1.42046617528635322E2
1.79999999999999849E1	2.35000000000000009E9	-1.41712437899454957E2
1.79999999999999849E1	2.36000000000000032E9	-1.41324666036578361E2
1.79999999999999849E1	2.37000000000000011E9	-1.40866430612918703E2
1.79999999999999849E1	2.37999999999999989E9	-1.40314498234545182E2
1.79999999999999849E1	2.38999999999999968E9	-1.39636328613255278E2
1.79999999999999849E1	2.39999999999999991E9	-1.38785333576279268E2
1.79999999999999849E1	2.41000000000000014E9	-1.37692763985049749E2
1.79999999999999849E1	2.41999999999999993E9	-1.36252647882345235E2
1.79999999999999849E1	2.43000000000000016E9	-1.34291152431439653E2
1.79999999999999849E1	2.43999999999999995E9	-1.31501962502517555E2
1.79999999999999849E1	2.45000000000000018E9	-1.27393286652994808E2
1.79999999999999849E1	2.45999999999999996E9	-1.19182196015804354E2
1.79999999999999849E1	2.46999999999999975E9	-1.26771873125170087E2
1.79999999999999849E1	2.47999999999999998E9	-1.31198834734581937E2
1.79999999999999849E1	2.48999999999999977E9	-1.34206855857968987E2
1.79999999999999849E1	2.50000000000000000E9	-1.36313580351073083E2
1.79999999999999849E1	2.51000000000000023E9	-1.37853305520147096E2
1.79999999999999849E1	2.52000000000000002E9	-1.39014618512897536E2
1.79999999999999849E1	2.53000000000000025E9	-1.39912467314249755E2
1.79999999999999849E1	2.54000000000000004E9	-1.40621771898265813E2
1.79999999999999849E1	2.54999999999999982E9	-1.41193596569876401E2
1.79999999999999849E1	2.56000000000000005E9	-1.41663771137319694E2
1.79999999999999849E1	2.56999999999999984E9	-1.42057938436451159E2
1.79999999999999849E1	2.58000000000000007E9	-1.42394721382853162E2
1.79999999999999849E1	2.58999999999999986E9	-1.42687805409707047E2
1.79999999999999849E1	2.60000000000000009E9	-1.42947349826407377E2
1.79999999999999849E1	2.61000000000000032E9	-1.43180964134306121E2
1.79999999999999849E1	2.62000000000000011E9	-1.43394393907641460E2
1.79999999999999849E1	2.62999999999999989E9	-1.43592008733203391E2
1.79999999999999849E1	2.63999999999999968E9	-1.43777152906822225E2
1.79999999999999849E1	2.64999999999999991E9	-1.43952400269237635E2
1.79999999999999849E1	2.66000000000000014E9	-1.44119741033388316E2
1.79999999999999849E1	2.66999999999999993E9	-1.44280720021024300E2
1.79999999999999849E1	2.68000000000000016E9	-1.44436539942619224E2
1.79999999999999849E1	2.68999999999999995E9	-1.44588139088716838E2
1.79999999999999849E1	2.70000000000000018E9	-1.44736250345332085E2

var_c	indep(index, 1)	plot_vs(pnmx, noisefreq)[159, ::]
1.80999999999999872E1	2.29999999999999982E9	-1.43052169838983101E2
1.80999999999999872E1	2.31000000000000005E9	-1.42835666260300398E2
1.80999999999999872E1	2.31999999999999984E9	-1.42599484261615816E2
1.80999999999999872E1	2.33000000000000007E9	-1.42338330310113692E2
1.80999999999999872E1	2.33999999999999986E9	-1.42045232384002085E2
1.80999999999999872E1	2.35000000000000009E9	-1.41710925622326345E2
1.80999999999999872E1	2.36000000000000032E9	-1.41322972144643022E2
1.80999999999999872E1	2.37000000000000011E9	-1.40864477730605087E2
1.80999999999999872E1	2.37999999999999989E9	-1.40312175912394999E2
1.80999999999999872E1	2.38999999999999968E9	-1.39633475623854841E2
1.80999999999999872E1	2.39999999999999991E9	-1.38781709980764023E2
1.80999999999999872E1	2.41000000000000014E9	-1.37688002214648675E2
1.80999999999999872E1	2.41999999999999993E9	-1.36246158798012429E2
1.80999999999999872E1	2.43000000000000016E9	-1.34281931892398876E2
1.80999999999999872E1	2.43999999999999995E9	-1.31488190286598727E2
1.80999999999999872E1	2.45000000000000018E9	-1.27372540791844413E2
1.80999999999999872E1	2.45999999999999996E9	-1.18757301725556608E2
1.80999999999999872E1	2.46999999999999975E9	-1.26798293611997193E2
1.80999999999999872E1	2.47999999999999998E9	-1.31217901967761930E2
1.80999999999999872E1	2.48999999999999977E9	-1.34220196029656247E2
1.80999999999999872E1	2.50000000000000000E9	-1.36323367465153633E2
1.80999999999999872E1	2.51000000000000023E9	-1.37860733871544738E2
1.80999999999999872E1	2.52000000000000002E9	-1.39020386463180246E2
1.80999999999999872E1	2.53000000000000025E9	-1.39917021220850835E2
1.80999999999999872E1	2.54000000000000004E9	-1.40625415375840790E2
1.80999999999999872E1	2.54999999999999982E9	-1.41196545232219628E2
1.80999999999999872E1	2.56000000000000005E9	-1.41666182013310893E2
1.80999999999999872E1	2.56999999999999984E9	-1.42059927890188220E2
1.80999999999999872E1	2.58000000000000007E9	-1.42396377020114473E2
1.80999999999999872E1	2.58999999999999986E9	-1.42689193757777044E2
1.80999999999999872E1	2.60000000000000009E9	-1.42948521997587985E2
1.80999999999999872E1	2.61000000000000032E9	-1.43181959635693978E2
1.80999999999999872E1	2.62000000000000011E9	-1.43395243622935076E2
1.80999999999999872E1	2.62999999999999989E9	-1.43592736919888408E2
1.80999999999999872E1	2.63999999999999968E9	-1.43777778804268141E2
1.80999999999999872E1	2.64999999999999991E9	-1.43952939203355568E2
1.80999999999999872E1	2.66000000000000014E9	-1.44120205281728420E2
1.80999999999999872E1	2.66999999999999993E9	-1.44281119551089576E2
1.80999999999999872E1	2.68000000000000016E9	-1.44436882789530374E2
1.80999999999999872E1	2.68999999999999995E9	-1.44588431854806854E2
1.80999999999999872E1	2.70000000000000018E9	-1.44736498451151752E2

var_c	indep(index, 1)	plot_vs(pnmx, noisefreq)[160, ::]
1.81999999999999895E1	2.29999999999999982E9	-1.43051007037053157E2
1.81999999999999895E1	2.31000000000000005E9	-1.42834478311727686E2
1.81999999999999895E1	2.31999999999999984E9	-1.42598256488812858E2
1.81999999999999895E1	2.33000000000000007E9	-1.42337042544552284E2
1.81999999999999895E1	2.33999999999999986E9	-1.42043856845749472E2
1.81999999999999895E1	2.35000000000000009E9	-1.41709423639279919E2
1.81999999999999895E1	2.36000000000000032E9	-1.41321289709703279E2
1.81999999999999895E1	2.37000000000000011E9	-1.40862538365636736E2
1.81999999999999895E1	2.37999999999999989E9	-1.40309869944363941E2
1.81999999999999895E1	2.38999999999999968E9	-1.39630643281100686E2
1.81999999999999895E1	2.39999999999999991E9	-1.38778113663774771E2
1.81999999999999895E1	2.41000000000000014E9	-1.37683277354971412E2
1.81999999999999895E1	2.41999999999999993E9	-1.36239722472739500E2
1.81999999999999895E1	2.43000000000000016E9	-1.34272789177889118E2
1.81999999999999895E1	2.43999999999999995E9	-1.31474540179500488E2
1.81999999999999895E1	2.45000000000000018E9	-1.27352003789661072E2
1.81999999999999895E1	2.45999999999999996E9	-1.18282331530545237E2
1.81999999999999895E1	2.46999999999999975E9	-1.26824435846051164E2
1.81999999999999895E1	2.47999999999999998E9	-1.31236723952104684E2
1.81999999999999895E1	2.48999999999999977E9	-1.34233360683581493E2
1.81999999999999895E1	2.50000000000000000E9	-1.36333024114589785E2
1.81999999999999895E1	2.51000000000000023E9	-1.37868061201640191E2
1.81999999999999895E1	2.52000000000000002E9	-1.39026074638283292E2
1.81999999999999895E1	2.53000000000000025E9	-1.39921510860079890E2
1.81999999999999895E1	2.54000000000000004E9	-1.40629006598311901E2
1.81999999999999895E1	2.54999999999999982E9	-1.41199450723932185E2
1.81999999999999895E1	2.56000000000000005E9	-1.41668556847440419E2
1.81999999999999895E1	2.56999999999999984E9	-1.42061887132836340E2
1.81999999999999895E1	2.58000000000000007E9	-1.42398006934337618E2
1.81999999999999895E1	2.58999999999999986E9	-1.42690560085973073E2
1.81999999999999895E1	2.60000000000000009E9	-1.42949675134030429E2
1.81999999999999895E1	2.61000000000000032E9	-1.43182938594113063E2
1.81999999999999895E1	2.62000000000000011E9	-1.43396078855468589E2
1.81999999999999895E1	2.62999999999999989E9	-1.43593452383798481E2
1.81999999999999895E1	2.63999999999999968E9	-1.43778393438196050E2
1.81999999999999895E1	2.64999999999999991E9	-1.43953468115952221E2
1.81999999999999895E1	2.66000000000000014E9	-1.44120660627265340E2
1.81999999999999895E1	2.66999999999999993E9	-1.44281511073523094E2
1.81999999999999895E1	2.68000000000000016E9	-1.44437218466654449E2
1.81999999999999895E1	2.68999999999999995E9	-1.44588718186094423E2
1.81999999999999895E1	2.70000000000000018E9	-1.44736740749181170E2

var_c	indep(index, 1)	plot_vs(pnmx, noisefreq)[161, ::]
1.82999999999999896E1	2.29999999999999982E9	-1.43049853076182165E2
1.82999999999999896E1	2.31000000000000005E9	-1.42833299139793524E2
1.82999999999999896E1	2.31999999999999984E9	-1.42597037539036320E2
1.82999999999999896E1	2.33000000000000007E9	-1.42335763816667571E2
1.82999999999999896E1	2.33999999999999986E9	-1.42042490808354627E2
1.82999999999999896E1	2.35000000000000009E9	-1.41707931919371899E2
1.82999999999999896E1	2.36000000000000032E9	-1.41319618778948719E2
1.82999999999999896E1	2.37000000000000011E9	-1.40860612305275734E2
1.82999999999999896E1	2.37999999999999989E9	-1.40307579967073215E2
1.82999999999999896E1	2.38999999999999968E9	-1.39627831334878083E2
1.82999999999999896E1	2.39999999999999991E9	-1.38774544055292459E2
1.82999999999999896E1	2.41000000000000014E9	-1.37678589600051748E2
1.82999999999999896E1	2.41999999999999993E9	-1.36233338052464492E2
1.82999999999999896E1	2.43000000000000016E9	-1.34263723235611909E2
1.82999999999999896E1	2.43999999999999995E9	-1.31461010358985497E2
1.82999999999999896E1	2.45000000000000018E9	-1.27331672358083292E2
1.82999999999999896E1	2.45999999999999996E9	-1.17749770384472474E2
1.82999999999999896E1	2.46999999999999975E9	-1.26850303199881353E2
1.82999999999999896E1	2.47999999999999998E9	-1.31255306097722690E2
1.82999999999999896E1	2.48999999999999977E9	-1.34246353266184348E2
1.82999999999999896E1	2.50000000000000000E9	-1.36342552357828972E2
1.82999999999999896E1	2.51000000000000023E9	-1.37875289618416064E2
1.82999999999999896E1	2.52000000000000002E9	-1.39031684696488100E2
1.82999999999999896E1	2.53000000000000025E9	-1.39925937679964019E2
1.82999999999999896E1	2.54000000000000004E9	-1.40632546574254214E2
1.82999999999999896E1	2.54999999999999982E9	-1.41202314031244169E2
1.82999999999999896E1	2.56000000000000005E9	-1.41670896489889886E2
1.82999999999999896E1	2.56999999999999984E9	-1.42063816641003737E2
1.82999999999999896E1	2.58000000000000007E9	-1.42399611612423160E2
1.82999999999999896E1	2.58999999999999986E9	-1.42691904823229487E2
1.82999999999999896E1	2.60000000000000009E9	-1.42950809630860176E2
1.82999999999999896E1	2.61000000000000032E9	-1.43183901395935220E2
1.82999999999999896E1	2.62000000000000011E9	-1.43396899954318080E2
1.82999999999999896E1	2.62999999999999989E9	-1.43594155395365020E2
1.82999999999999896E1	2.63999999999999968E9	-1.43778997061659908E2
1.82999999999999896E1	2.64999999999999991E9	-1.43953987255775595E2
1.82999999999999896E1	2.66000000000000014E9	-1.44121107221908518E2
1.82999999999999896E1	2.66999999999999993E9	-1.44281894785457943E2
1.82999999999999896E1	2.68000000000000016E9	-1.44437547134998256E2
1.82999999999999896E1	2.68999999999999995E9	-1.44588998205255281E2
1.82999999999999896E1	2.70000000000000018E9	-1.44736977401046962E2

var_c	indep(index, 1)	plot_vs(pnmx, noisefreq)[162, ::]
1.83999999999999919E1	2.29999999999999982E9	-1.43048707793412122E2
1.83999999999999919E1	2.31000000000000005E9	-1.42832128619729848E2
1.83999999999999919E1	2.31999999999999984E9	-1.42595827322863000E2
1.83999999999999919E1	2.33000000000000007E9	-1.42334494085896068E2
1.83999999999999919E1	2.33999999999999986E9	-1.42041134069093067E2
1.83999999999999919E1	2.35000000000000009E9	-1.41706450351795654E2
1.83999999999999919E1	2.36000000000000032E9	-1.41317959109346525E2
1.83999999999999919E1	2.37000000000000011E9	-1.40858699453148795E2
1.83999999999999919E1	2.37999999999999989E9	-1.40305306105627237E2
1.83999999999999919E1	2.38999999999999968E9	-1.39625039568312803E2
1.83999999999999919E1	2.39999999999999991E9	-1.38771001306715958E2
1.83999999999999919E1	2.41000000000000014E9	-1.37673937913335376E2
1.83999999999999919E1	2.41999999999999993E9	-1.36227005410831392E2
1.83999999999999919E1	2.43000000000000016E9	-1.34254733762508294E2
1.83999999999999919E1	2.43999999999999995E9	-1.31447600008808685E2
1.83999999999999919E1	2.45000000000000018E9	-1.27311544674557764E2
1.83999999999999919E1	2.45999999999999996E9	-1.17150505477066313E2
1.83999999999999919E1	2.46999999999999975E9	-1.26875898782374952E2
1.83999999999999919E1	2.47999999999999998E9	-1.31273651766362276E2
1.83999999999999919E1	2.48999999999999977E9	-1.34259176931677127E2
1.83999999999999919E1	2.50000000000000000E9	-1.36351955311481032E2
1.83999999999999919E1	2.51000000000000023E9	-1.37882421369639685E2
1.83999999999999919E1	2.52000000000000002E9	-1.39037218104157367E2
1.83999999999999919E1	2.53000000000000025E9	-1.39930302882529300E2
1.83999999999999919E1	2.54000000000000004E9	-1.40636036282095667E2
1.83999999999999919E1	2.54999999999999982E9	-1.41205135839246565E2
1.83999999999999919E1	2.56000000000000005E9	-1.41673201633828638E2
1.83999999999999919E1	2.56999999999999984E9	-1.42065717137618641E2
1.83999999999999919E1	2.58000000000000007E9	-1.42401191706145092E2
1.83999999999999919E1	2.58999999999999986E9	-1.42693228485057366E2
1.83999999999999919E1	2.60000000000000009E9	-1.42951925964100290E2
1.83999999999999919E1	2.61000000000000032E9	-1.43184848359637407E2
1.83999999999999919E1	2.62000000000000011E9	-1.43397707227834759E2
1.83999999999999919E1	2.62999999999999989E9	-1.43594846256040998E2
1.83999999999999919E1	2.63999999999999968E9	-1.43779589920998530E2
1.83999999999999919E1	2.64999999999999991E9	-1.43954496824204203E2
1.83999999999999919E1	2.66000000000000014E9	-1.44121545302542087E2
1.83999999999999919E1	2.66999999999999993E9	-1.44282270876915586E2
1.83999999999999919E1	2.68000000000000016E9	-1.44437868961535298E2
1.83999999999999919E1	2.68999999999999995E9	-1.44589272107769728E2
1.83999999999999919E1	2.70000000000000018E9	-1.44737208522110783E2

var_c	indep(index, 1)	plot_vs(pnmx, noisefreq)[163, ::]
1.84999999999999920E1	2.29999999999999982E9	-1.43047571180520006E2
1.84999999999999920E1	2.31000000000000005E9	-1.42830966721700636E2
1.84999999999999920E1	2.31999999999999984E9	-1.42594625825920018E2
1.84999999999999920E1	2.33000000000000007E9	-1.42333233232303336E2
1.84999999999999920E1	2.33999999999999986E9	-1.42039786790493539E2
1.84999999999999920E1	2.35000000000000009E9	-1.41704978923621128E2
1.84999999999999920E1	2.36000000000000032E9	-1.41316310772405740E2
1.84999999999999920E1	2.37000000000000011E9	-1.40856799681049227E2
1.84999999999999920E1	2.37999999999999989E9	-1.40303048193768620E2
1.84999999999999920E1	2.38999999999999968E9	-1.39622268000078731E2
1.84999999999999920E1	2.39999999999999991E9	-1.38767484740172442E2
1.84999999999999920E1	2.41000000000000014E9	-1.37669322311666020E2
1.84999999999999920E1	2.41999999999999993E9	-1.36220723398979926E2
1.84999999999999920E1	2.43000000000000016E9	-1.34245818686424689E2
1.84999999999999920E1	2.43999999999999995E9	-1.31434307069256606E2
1.84999999999999920E1	2.45000000000000018E9	-1.27291618004559060E2
1.84999999999999920E1	2.45999999999999996E9	-1.16473211399037213E2
1.84999999999999920E1	2.46999999999999975E9	-1.26901225960476660E2
1.84999999999999920E1	2.47999999999999998E9	-1.31291765052480569E2
1.84999999999999920E1	2.48999999999999977E9	-1.34271835156527675E2
1.84999999999999920E1	2.50000000000000000E9	-1.36361234413361898E2
1.84999999999999920E1	2.51000000000000023E9	-1.37889457880273758E2
1.84999999999999920E1	2.52000000000000002E9	-1.39042676191896342E2
1.84999999999999920E1	2.53000000000000025E9	-1.39934607637414721E2
1.84999999999999920E1	2.54000000000000004E9	-1.40639476759323223E2
1.84999999999999920E1	2.54999999999999982E9	-1.41207917096277291E2
1.84999999999999920E1	2.56000000000000005E9	-1.41675472982467121E2
1.84999999999999920E1	2.56999999999999984E9	-1.42067589184110443E2
1.84999999999999920E1	2.58000000000000007E9	-1.42402747640759886E2
1.84999999999999920E1	2.58999999999999986E9	-1.42694531491070054E2
1.84999999999999920E1	2.60000000000000009E9	-1.42953024458620104E2
1.84999999999999920E1	2.61000000000000032E9	-1.43185779865137297E2
1.84999999999999920E1	2.62000000000000011E9	-1.43398500967538700E2
1.84999999999999920E1	2.62999999999999989E9	-1.43595525191617579E2
1.84999999999999920E1	2.63999999999999968E9	-1.43780172254128624E2
1.84999999999999920E1	2.64999999999999991E9	-1.43954997057590961E2
1.84999999999999920E1	2.66000000000000014E9	-1.44121975040086125E2
1.84999999999999920E1	2.66999999999999993E9	-1.44282639530794143E2
1.84999999999999920E1	2.68000000000000016E9	-1.44438184135421066E2
1.84999999999999920E1	2.68999999999999995E9	-1.44589539996974614E2
1.84999999999999920E1	2.70000000000000018E9	-1.44737434266676868E2

var_c	indep(index, 1)	plot_vs(pnmx, noisefreq)[164, ::]
1.85999999999999943E1	2.29999999999999982E9	-1.43046443061070039E2
1.85999999999999943E1	2.31000000000000005E9	-1.42829813349760437E2
1.85999999999999943E1	2.31999999999999984E9	-1.42593432865857261E2
1.85999999999999943E1	2.33000000000000007E9	-1.42331981185390322E2
1.85999999999999943E1	2.33999999999999986E9	-1.42038448715885757E2
1.85999999999999943E1	2.35000000000000009E9	-1.41703517433017478E2
1.85999999999999943E1	2.36000000000000032E9	-1.41314673623133968E2
1.85999999999999943E1	2.37000000000000011E9	-1.40854912869667892E2
1.85999999999999943E1	2.37999999999999989E9	-1.40300805901365822E2
1.85999999999999943E1	2.38999999999999968E9	-1.39619516082095130E2
1.85999999999999943E1	2.39999999999999991E9	-1.38763994306687444E2
1.85999999999999943E1	2.41000000000000014E9	-1.37664742269875218E2
1.85999999999999943E1	2.41999999999999993E9	-1.36214491687771444E2
1.85999999999999943E1	2.43000000000000016E9	-1.34236978174472732E2
1.85999999999999943E1	2.43999999999999995E9	-1.31421129987834373E2
1.85999999999999943E1	2.45000000000000018E9	-1.27271889004987537E2
1.85999999999999943E1	2.45999999999999996E9	-1.15703613530572880E2
1.85999999999999943E1	2.46999999999999975E9	-1.26926287765230073E2
1.85999999999999943E1	2.47999999999999998E9	-1.31309650778921450E2
1.85999999999999943E1	2.48999999999999977E9	-1.34284330001653518E2
1.85999999999999943E1	2.50000000000000000E9	-1.36370392769937743E2
1.85999999999999943E1	2.51000000000000023E9	-1.37896401032669380E2
1.85999999999999943E1	2.52000000000000002E9	-1.39048060725525136E2
1.85999999999999943E1	2.53000000000000025E9	-1.39938853044527800E2
1.85999999999999943E1	2.54000000000000004E9	-1.40642868984659231E2
1.85999999999999943E1	2.54999999999999982E9	-1.41210658539286804E2
1.85999999999999943E1	2.56000000000000005E9	-1.41677711222308877E2
1.85999999999999943E1	2.56999999999999984E9	-1.42069433438596437E2
1.85999999999999943E1	2.58000000000000007E9	-1.42404279975669779E2
1.85999999999999943E1	2.58999999999999986E9	-1.42695814255890463E2
1.85999999999999943E1	2.60000000000000009E9	-1.42954105548904908E2
1.85999999999999943E1	2.61000000000000032E9	-1.43186696231168087E2
1.85999999999999943E1	2.62000000000000011E9	-1.43399281483529784E2
1.85999999999999943E1	2.62999999999999989E9	-1.43596192513158827E2
1.85999999999999943E1	2.63999999999999968E9	-1.43780744322165588E2
1.85999999999999943E1	2.64999999999999991E9	-1.43955488173746238E2
1.85999999999999943E1	2.66000000000000014E9	-1.44122396666251928E2
1.85999999999999943E1	2.66999999999999993E9	-1.44283000915953430E2
1.85999999999999943E1	2.68000000000000016E9	-1.44438492793449980E2
1.85999999999999943E1	2.68999999999999995E9	-1.44589802062819528E2
1.85999999999999943E1	2.70000000000000018E9	-1.44737654765323831E2

var_c	indep(index, 1)	plot_vs(pnmx, noisefreq)[165, ::]
1.86999999999999966E1	2.29999999999999982E9	-1.43045323438113914E2
1.86999999999999966E1	2.31000000000000005E9	-1.42828668395611547E2
1.86999999999999966E1	2.31999999999999984E9	-1.42592248471706573E2
1.86999999999999966E1	2.33000000000000007E9	-1.42330737931062989E2
1.86999999999999966E1	2.33999999999999986E9	-1.42037119820751534E2
1.86999999999999966E1	2.35000000000000009E9	-1.41702065886231354E2
1.86999999999999966E1	2.36000000000000032E9	-1.41313047478385223E2
1.86999999999999966E1	2.37000000000000011E9	-1.40853039021834148E2
1.86999999999999966E1	2.37999999999999989E9	-1.40298579301535353E2
1.86999999999999966E1	2.38999999999999968E9	-1.39616784027805863E2
1.86999999999999966E1	2.39999999999999991E9	-1.38760529753324890E2
1.86999999999999966E1	2.41000000000000014E9	-1.37660197221854808E2
1.86999999999999966E1	2.41999999999999993E9	-1.36208309720118925E2
1.86999999999999966E1	2.43000000000000016E9	-1.34228210942401383E2
1.86999999999999966E1	2.43999999999999995E9	-1.31408068035883296E2
1.86999999999999966E1	2.45000000000000018E9	-1.27252355163317077E2
1.86999999999999966E1	2.45999999999999996E9	-1.14823085281954196E2
1.86999999999999966E1	2.46999999999999975E9	-1.26951088061265271E2
1.86999999999999966E1	2.47999999999999998E9	-1.31327311984041684E2
1.86999999999999966E1	2.48999999999999977E9	-1.34296665924371039E2
1.86999999999999966E1	2.50000000000000000E9	-1.36379432227014985E2
1.86999999999999966E1	2.51000000000000023E9	-1.37903252451392255E2
1.86999999999999966E1	2.52000000000000002E9	-1.39053372965091127E2
1.86999999999999966E1	2.53000000000000025E9	-1.39943040552189757E2
1.86999999999999966E1	2.54000000000000004E9	-1.40646213863742053E2
1.86999999999999966E1	2.54999999999999982E9	-1.41213361145248983E2
1.86999999999999966E1	2.56000000000000005E9	-1.41679916880545198E2
1.86999999999999966E1	2.56999999999999984E9	-1.42071250312652264E2
1.86999999999999966E1	2.58000000000000007E9	-1.42405789155571272E2
1.86999999999999966E1	2.58999999999999986E9	-1.42697077279338913E2
1.86999999999999966E1	2.60000000000000009E9	-1.42955169556542883E2
1.86999999999999966E1	2.61000000000000032E9	-1.43187597793547594E2
1.86999999999999966E1	2.62000000000000011E9	-1.43400049043934485E2
1.86999999999999966E1	2.62999999999999989E9	-1.43596848445892578E2
1.86999999999999966E1	2.63999999999999968E9	-1.43781306340374160E2
1.86999999999999966E1	2.64999999999999991E9	-1.43955970355309915E2
1.86999999999999966E1	2.66000000000000014E9	-1.44122810352201869E2
1.86999999999999966E1	2.66999999999999993E9	-1.44283355188710627E2
1.86999999999999966E1	2.68000000000000016E9	-1.44438795092262007E2
1.86999999999999966E1	2.68999999999999995E9	-1.44590058416557810E2
1.86999999999999966E1	2.70000000000000018E9	-1.44737870157151094E2

var_c	indep(index, 1)	plot_vs(pnmx, noisefreq)[166, ::]
1.87999999999999967E1	2.29999999999999982E9	-1.43044212206303945E2
1.87999999999999967E1	2.31000000000000005E9	-1.42827531825812204E2
1.87999999999999967E1	2.31999999999999984E9	-1.42591072489146908E2
1.87999999999999967E1	2.33000000000000007E9	-1.42329503315556671E2
1.87999999999999967E1	2.33999999999999986E9	-1.42035800038904036E2
1.87999999999999967E1	2.35000000000000009E9	-1.41700624151225663E2
1.87999999999999967E1	2.36000000000000032E9	-1.41311432407931448E2
1.87999999999999967E1	2.37000000000000011E9	-1.40851177924587345E2
1.87999999999999967E1	2.37999999999999989E9	-1.40296368080418388E2
1.87999999999999967E1	2.38999999999999968E9	-1.39614071404754547E2
1.87999999999999967E1	2.39999999999999991E9	-1.38757090559668050E2
1.87999999999999967E1	2.41000000000000014E9	-1.37655687021445949E2
1.87999999999999967E1	2.41999999999999993E9	-1.36202176531516228E2
1.87999999999999967E1	2.43000000000000016E9	-1.34219515861885275E2
1.87999999999999967E1	2.43999999999999995E9	-1.31395118562997526E2
1.87999999999999967E1	2.45000000000000018E9	-1.27233014336984174E2
1.87999999999999967E1	2.45999999999999996E9	-1.13806575196173432E2
1.87999999999999967E1	2.46999999999999975E9	-1.26975629227444431E2
1.87999999999999967E1	2.47999999999999998E9	-1.31344753581724483E2
1.87999999999999967E1	2.48999999999999977E9	-1.34308844476911426E2
1.87999999999999967E1	2.50000000000000000E9	-1.36388355201768263E2
1.87999999999999967E1	2.51000000000000023E9	-1.37910014158342920E2
1.87999999999999967E1	2.52000000000000002E9	-1.39058614177975204E2
1.87999999999999967E1	2.53000000000000025E9	-1.39947170896441597E2
1.87999999999999967E1	2.54000000000000004E9	-1.40649512432917501E2
1.87999999999999967E1	2.54999999999999982E9	-1.41216025442158100E2
1.87999999999999967E1	2.56000000000000005E9	-1.41682090906467661E2
1.87999999999999967E1	2.56999999999999984E9	-1.42073040580968346E2
1.87999999999999967E1	2.58000000000000007E9	-1.42407275681976042E2
1.87999999999999967E1	2.58999999999999986E9	-1.42698320895616382E2
1.87999999999999967E1	2.60000000000000009E9	-1.42956216895621058E2
1.87999999999999967E1	2.61000000000000032E9	-1.43188484857675502E2
1.87999999999999967E1	2.62000000000000011E9	-1.43400803921150755E2
1.87999999999999967E1	2.62999999999999989E9	-1.43597493252348407E2
1.87999999999999967E1	2.63999999999999968E9	-1.43781858536014395E2
1.87999999999999967E1	2.64999999999999991E9	-1.43956443821019109E2
1.87999999999999967E1	2.66000000000000014E9	-1.44123216254746223E2
1.87999999999999967E1	2.66999999999999993E9	-1.44283702549721626E2
1.87999999999999967E1	2.68000000000000016E9	-1.44439091176133116E2
1.87999999999999967E1	2.68999999999999995E9	-1.44590309223975555E2
1.87999999999999967E1	2.70000000000000018E9	-1.44738080542183578E2

var_c	indep(index, 1)	plot_vs(pnmx, noisefreq)[167, ::]
1.88999999999999990E1	2.29999999999999982E9	-1.43043109249916012E2
1.88999999999999990E1	2.31000000000000005E9	-1.42826403511449707E2
1.88999999999999990E1	2.31999999999999984E9	-1.42589904891956709E2
1.88999999999999990E1	2.33000000000000007E9	-1.42328277308113038E2
1.88999999999999990E1	2.33999999999999986E9	-1.42034489342554826E2
1.88999999999999990E1	2.35000000000000009E9	-1.41699192166083154E2
1.88999999999999990E1	2.36000000000000032E9	-1.41309828261248960E2
1.88999999999999990E1	2.37000000000000011E9	-1.40849329422323510E2
1.88999999999999990E1	2.37999999999999989E9	-1.40294172205310619E2
1.88999999999999990E1	2.38999999999999968E9	-1.39611377985221785E2
1.88999999999999990E1	2.39999999999999991E9	-1.38753676803955317E2
1.88999999999999990E1	2.41000000000000014E9	-1.37651211106854809E2
1.88999999999999990E1	2.41999999999999993E9	-1.36196092082587228E2
1.88999999999999990E1	2.43000000000000016E9	-1.34210892195110465E2
1.88999999999999990E1	2.43999999999999995E9	-1.31382280314773681E2
1.88999999999999990E1	2.45000000000000018E9	-1.27213864233550966E2
1.88999999999999990E1	2.45999999999999996E9	-1.12618635973749481E2
1.88999999999999990E1	2.46999999999999975E9	-1.26999914367431943E2
1.88999999999999990E1	2.47999999999999998E9	-1.31361979047000399E2
1.88999999999999990E1	2.48999999999999977E9	-1.34320869000515120E2
1.88999999999999990E1	2.50000000000000000E9	-1.36397163506905716E2
1.88999999999999990E1	2.51000000000000023E9	-1.37916687543507011E2
1.88999999999999990E1	2.52000000000000002E9	-1.39063785656743399E2
1.88999999999999990E1	2.53000000000000025E9	-1.39951245474243025E2
1.88999999999999990E1	2.54000000000000004E9	-1.40652765453959638E2
1.88999999999999990E1	2.54999999999999982E9	-1.41218652295921343E2
1.88999999999999990E1	2.56000000000000005E9	-1.41684233649093616E2
1.88999999999999990E1	2.56999999999999984E9	-1.42074804558718060E2
1.88999999999999990E1	2.58000000000000007E9	-1.42408740041277371E2
1.88999999999999990E1	2.58999999999999986E9	-1.42699545522065652E2
1.88999999999999990E1	2.60000000000000009E9	-1.42957247861886283E2
1.88999999999999990E1	2.61000000000000032E9	-1.43189357716122401E2
1.88999999999999990E1	2.62000000000000011E9	-1.43401546443286021E2
1.88999999999999990E1	2.62999999999999989E9	-1.43598127186585645E2
1.88999999999999990E1	2.63999999999999968E9	-1.43782401102057955E2
1.88999999999999990E1	2.64999999999999991E9	-1.43956908774643155E2
1.88999999999999990E1	2.66000000000000014E9	-1.44123614591865379E2
1.88999999999999990E1	2.66999999999999993E9	-1.44284043117641780E2
1.88999999999999990E1	2.68000000000000016E9	-1.44439381217441531E2
1.88999999999999990E1	2.68999999999999995E9	-1.44590554586788156E2
1.88999999999999990E1	2.70000000000000018E9	-1.44738286065848776E2

var_c	indep(index, 1)	plot_vs(pnmx, noisefreq)[168, ::]
1.89999999999999991E1	2.29999999999999982E9	-1.43042014506275361E2
1.89999999999999991E1	2.31000000000000005E9	-1.42825283443110518E2
1.89999999999999991E1	2.31999999999999984E9	-1.42588745617958024E2
1.89999999999999991E1	2.33000000000000007E9	-1.42327059823144531E2
1.89999999999999991E1	2.33999999999999986E9	-1.42033187517438964E2
1.89999999999999991E1	2.35000000000000009E9	-1.41697769926898998E2
1.89999999999999991E1	2.36000000000000032E9	-1.41308234922204834E2
1.89999999999999991E1	2.37000000000000011E9	-1.40847493565618676E2
1.89999999999999991E1	2.37999999999999989E9	-1.40291991559611851E2
1.89999999999999991E1	2.38999999999999968E9	-1.39608703702282244E2
1.89999999999999991E1	2.39999999999999991E9	-1.38750288005439271E2
1.89999999999999991E1	2.41000000000000014E9	-1.37646769377703548E2
1.89999999999999991E1	2.41999999999999993E9	-1.36190055589402959E2
1.89999999999999991E1	2.43000000000000016E9	-1.34202338987663583E2
1.89999999999999991E1	2.43999999999999995E9	-1.31369552803311729E2
1.89999999999999991E1	2.45000000000000018E9	-1.27194902007252253E2
1.89999999999999991E1	2.45999999999999996E9	-1.11206727158258256E2
1.89999999999999991E1	2.46999999999999975E9	-1.27023945956773998E2
1.89999999999999991E1	2.47999999999999998E9	-1.31378990897483261E2
1.89999999999999991E1	2.48999999999999977E9	-1.34332742293886209E2
1.89999999999999991E1	2.50000000000000000E9	-1.36405859436362897E2
1.89999999999999991E1	2.51000000000000023E9	-1.37923274579179744E2
1.89999999999999991E1	2.52000000000000002E9	-1.39068889130568740E2
1.89999999999999991E1	2.53000000000000025E9	-1.39955265255120942E2
1.89999999999999991E1	2.54000000000000004E9	-1.40655973891752861E2
1.89999999999999991E1	2.54999999999999982E9	-1.41221242388066304E2
1.89999999999999991E1	2.56000000000000005E9	-1.41686345968059291E2
1.89999999999999991E1	2.56999999999999984E9	-1.42076542956263729E2
1.89999999999999991E1	2.58000000000000007E9	-1.42410182613770564E2
1.89999999999999991E1	2.58999999999999986E9	-1.42700751583409269E2
1.89999999999999991E1	2.60000000000000009E9	-1.42958262809215775E2
1.89999999999999991E1	2.61000000000000032E9	-1.43190216719694763E2
1.89999999999999991E1	2.62000000000000011E9	-1.43402276823524888E2
1.89999999999999991E1	2.62999999999999989E9	-1.43598750450905421E2
1.89999999999999991E1	2.63999999999999968E9	-1.43782934278828778E2
1.89999999999999991E1	2.64999999999999991E9	-1.43957365395793646E2
1.89999999999999991E1	2.66000000000000014E9	-1.44124005495736141E2
1.89999999999999991E1	2.66999999999999993E9	-1.44284377081351534E2
1.89999999999999991E1	2.68000000000000016E9	-1.44439665332625866E2
1.89999999999999991E1	2.68999999999999995E9	-1.44590794650991827E2
1.89999999999999991E1	2.70000000000000018E9	-1.44738486834912261E2

var_c	indep(index, 1)	plot_vs(pnmx, noisefreq)[169, ::]
1.91000000000000014E1	2.29999999999999982E9	-1.43040927903076809E2
1.91000000000000014E1	2.31000000000000005E9	-1.42824171461545535E2
1.91000000000000014E1	2.31999999999999984E9	-1.42587594546030183E2
1.91000000000000014E1	2.33000000000000007E9	-1.42325850780586016E2
1.91000000000000014E1	2.33999999999999986E9	-1.42031894609322884E2
1.91000000000000014E1	2.35000000000000009E9	-1.41696357231856629E2
1.91000000000000014E1	2.36000000000000032E9	-1.41306652351933293E2
1.91000000000000014E1	2.37000000000000011E9	-1.40845670134201972E2
1.91000000000000014E1	2.37999999999999989E9	-1.40289825909215193E2
1.91000000000000014E1	2.38999999999999968E9	-1.39606048567220808E2
1.91000000000000014E1	2.39999999999999991E9	-1.38746924031652386E2
1.91000000000000014E1	2.41000000000000014E9	-1.37642361133028546E2
1.91000000000000014E1	2.41999999999999993E9	-1.36184066361132095E2
1.91000000000000014E1	2.43000000000000016E9	-1.34193855427205389E2
1.91000000000000014E1	2.43999999999999995E9	-1.31356934001875292E2
1.91000000000000014E1	2.45000000000000018E9	-1.27176125269557572E2
1.91000000000000014E1	2.45999999999999996E9	-1.09487066976623959E2
1.91000000000000014E1	2.46999999999999975E9	-1.27047728410969807E2
1.91000000000000014E1	2.47999999999999998E9	-1.31395794373295383E2
1.91000000000000014E1	2.48999999999999977E9	-1.34344466932783324E2
1.91000000000000014E1	2.50000000000000000E9	-1.36414445302829357E2
1.91000000000000014E1	2.51000000000000023E9	-1.37929776471566612E2
1.91000000000000014E1	2.52000000000000002E9	-1.39073925490330708E2
1.91000000000000014E1	2.53000000000000025E9	-1.39959231268607343E2
1.91000000000000014E1	2.54000000000000004E9	-1.40659138581166498E2
1.91000000000000014E1	2.54999999999999982E9	-1.41223796538133928E2
1.91000000000000014E1	2.56000000000000005E9	-1.41688428319151227E2
1.91000000000000014E1	2.56999999999999984E9	-1.42078256214736909E2
1.91000000000000014E1	2.58000000000000007E9	-1.42411603858669511E2
1.91000000000000014E1	2.58999999999999986E9	-1.42701939450186677E2
1.91000000000000014E1	2.60000000000000009E9	-1.42959262138444965E2
1.91000000000000014E1	2.61000000000000032E9	-1.43191062093408106E2
1.91000000000000014E1	2.62000000000000011E9	-1.43402995325393556E2
1.91000000000000014E1	2.62999999999999989E9	-1.43599363321568552E2
1.91000000000000014E1	2.63999999999999968E9	-1.43783458253070040E2
1.91000000000000014E1	2.64999999999999991E9	-1.43957813871780438E2
1.91000000000000014E1	2.66000000000000014E9	-1.44124389169747014E2
1.91000000000000014E1	2.66999999999999993E9	-1.44284704581417111E2
1.91000000000000014E1	2.68000000000000016E9	-1.44439943676574845E2
1.91000000000000014E1	2.68999999999999995E9	-1.44591029541886895E2
1.91000000000000014E1	2.70000000000000018E9	-1.44738682965252363E2

var_c	indep(index, 1)	plot_vs(pnmx, noisefreq)[170, ::]
1.92000000000000037E1	2.29999999999999982E9	-1.43039849350584292E2
1.92000000000000037E1	2.31000000000000005E9	-1.42823067558246697E2
1.92000000000000037E1	2.31999999999999984E9	-1.42586451578126905E2
1.92000000000000037E1	2.33000000000000007E9	-1.42324650112267470E2
1.92000000000000037E1	2.33999999999999986E9	-1.42030610549815295E2
1.92000000000000037E1	2.35000000000000009E9	-1.41694954061850531E2
1.92000000000000037E1	2.36000000000000032E9	-1.41305080272097117E2
1.92000000000000037E1	2.37000000000000011E9	-1.40843859067616739E2
1.92000000000000037E1	2.37999999999999989E9	-1.40287675159649483E2
1.92000000000000037E1	2.38999999999999968E9	-1.39603412010554240E2
1.92000000000000037E1	2.39999999999999991E9	-1.38743584574285039E2
1.92000000000000037E1	2.41000000000000014E9	-1.37637986108250976E2
1.92000000000000037E1	2.41999999999999993E9	-1.36178124134021106E2
1.92000000000000037E1	2.43000000000000016E9	-1.34185441287748497E2
1.92000000000000037E1	2.43999999999999995E9	-1.31344422718922837E2
1.92000000000000037E1	2.45000000000000018E9	-1.27157531749725150E2
1.92000000000000037E1	2.45999999999999996E9	-1.07312883340058840E2
1.92000000000000037E1	2.46999999999999975E9	-1.27071263162122561E2
1.92000000000000037E1	2.47999999999999998E9	-1.31412392817942658E2
1.92000000000000037E1	2.48999999999999977E9	-1.34356045491824672E2
1.92000000000000037E1	2.50000000000000000E9	-1.36422922249991863E2
1.92000000000000037E1	2.51000000000000023E9	-1.37936195179690202E2
1.92000000000000037E1	2.52000000000000002E9	-1.39078895996917451E2
1.92000000000000037E1	2.53000000000000025E9	-1.39963144507730375E2
1.92000000000000037E1	2.54000000000000004E9	-1.40662260458540489E2
1.92000000000000037E1	2.54999999999999982E9	-1.41226315417779125E2
1.92000000000000037E1	2.56000000000000005E9	-1.41690481300533300E2
1.92000000000000037E1	2.56999999999999984E9	-1.42079944848929163E2
1.92000000000000037E1	2.58000000000000007E9	-1.42413004294768708E2
1.92000000000000037E1	2.58999999999999986E9	-1.42703109465850386E2
1.92000000000000037E1	2.60000000000000009E9	-1.42960246058692375E2
1.92000000000000037E1	2.61000000000000032E9	-1.43191894186317414E2
1.92000000000000037E1	2.62000000000000011E9	-1.43403702228202601E2
1.92000000000000037E1	2.62999999999999989E9	-1.43599965982856448E2
1.92000000000000037E1	2.63999999999999968E9	-1.43783973248408481E2
1.92000000000000037E1	2.64999999999999991E9	-1.43958254373739192E2
1.92000000000000037E1	2.66000000000000014E9	-1.44124765739323069E2
1.92000000000000037E1	2.66999999999999993E9	-1.44285025771319186E2
1.92000000000000037E1	2.68000000000000016E9	-1.44440216359947438E2
1.92000000000000037E1	2.68999999999999995E9	-1.44591259370988601E2
1.92000000000000037E1	2.70000000000000018E9	-1.44738874582858479E2

var_c	indep(index, 1)	plot_vs(pnmx, noisefreq)[171, ::]
1.93000000000000038E1	2.29999999999999982E9	-1.43038778761712937E2
1.93000000000000038E1	2.31000000000000005E9	-1.42821971626093891E2
1.93000000000000038E1	2.31999999999999984E9	-1.42585316738477896E2
1.93000000000000038E1	2.33000000000000007E9	-1.42323457759126515E2
1.93000000000000038E1	2.33999999999999986E9	-1.42029335159086445E2
1.93000000000000038E1	2.35000000000000009E9	-1.41693560331677482E2
1.93000000000000038E1	2.36000000000000032E9	-1.41303518876072576E2
1.93000000000000038E1	2.37000000000000011E9	-1.40842060109128542E2
1.93000000000000038E1	2.37999999999999989E9	-1.40285539234595968E2
1.93000000000000038E1	2.38999999999999968E9	-1.39600794098262959E2
1.93000000000000038E1	2.39999999999999991E9	-1.38740269285591866E2
1.93000000000000038E1	2.41000000000000014E9	-1.37633644121879994E2
1.93000000000000038E1	2.41999999999999993E9	-1.36172227935448875E2
1.93000000000000038E1	2.43000000000000016E9	-1.34177094423861076E2
1.93000000000000038E1	2.43999999999999995E9	-1.31332017555685310E2
1.93000000000000038E1	2.45000000000000018E9	-1.27139119159200731E2
1.93000000000000038E1	2.45999999999999996E9	-1.04387681625631901E2
1.93000000000000038E1	2.46999999999999975E9	-1.27094554844095975E2
1.93000000000000038E1	2.47999999999999998E9	-1.31428789098267873E2
1.93000000000000038E1	2.48999999999999977E9	-1.34367480523536953E2
1.93000000000000038E1	2.50000000000000000E9	-1.36431293405309861E2
1.93000000000000038E1	2.51000000000000023E9	-1.37942531920632083E2
1.93000000000000038E1	2.52000000000000002E9	-1.39083802091410180E2
1.93000000000000038E1	2.53000000000000025E9	-1.39967005894379160E2
1.93000000000000038E1	2.54000000000000004E9	-1.40665340145104012E2
1.93000000000000038E1	2.54999999999999982E9	-1.41228799762209123E2
1.93000000000000038E1	2.56000000000000005E9	-1.41692505462774165E2
1.93000000000000038E1	2.56999999999999984E9	-1.42081609290187560E2
1.93000000000000038E1	2.58000000000000007E9	-1.42414384236305169E2
1.93000000000000038E1	2.58999999999999986E9	-1.42704262025820161E2
1.93000000000000038E1	2.60000000000000009E9	-1.42961214955740323E2
1.93000000000000038E1	2.61000000000000032E9	-1.43192713200708854E2
1.93000000000000038E1	2.62000000000000011E9	-1.43404397758860336E2
1.93000000000000038E1	2.62999999999999989E9	-1.43600558665382705E2
1.93000000000000038E1	2.63999999999999968E9	-1.43784479445321600E2
1.93000000000000038E1	2.64999999999999991E9	-1.43958687077878067E2
1.93000000000000038E1	2.66000000000000014E9	-1.44125135401114246E2
1.93000000000000038E1	2.66999999999999993E9	-1.44285340768936465E2
1.93000000000000038E1	2.68000000000000016E9	-1.44440483528144870E2
1.93000000000000038E1	2.68999999999999995E9	-1.44591484279182692E2
1.93000000000000038E1	2.70000000000000018E9	-1.44739061771138422E2

var_c	indep(index, 1)	plot_vs(pnmx, noisefreq)[172, ::]
1.94000000000000061E1	2.29999999999999982E9	-1.43037716072889398E2
1.94000000000000061E1	2.31000000000000005E9	-1.42820883586220249E2
1.94000000000000061E1	2.31999999999999984E9	-1.42584189870914124E2
1.94000000000000061E1	2.33000000000000007E9	-1.42322273646234221E2
1.94000000000000061E1	2.33999999999999986E9	-1.42028068439297894E2
1.94000000000000061E1	2.35000000000000009E9	-1.41692175982994728E2
1.94000000000000061E1	2.36000000000000032E9	-1.41301967863626565E2
1.94000000000000061E1	2.37000000000000011E9	-1.40840273442296593E2
1.94000000000000061E1	2.37999999999999989E9	-1.40283418005595228E2
1.94000000000000061E1	2.38999999999999968E9	-1.39598194537883047E2
1.94000000000000061E1	2.39999999999999991E9	-1.38736977949964513E2
1.94000000000000061E1	2.41000000000000014E9	-1.37629334707583917E2
1.94000000000000061E1	2.41999999999999993E9	-1.36166377849906639E2
1.94000000000000061E1	2.43000000000000016E9	-1.34168814953963134E2
1.94000000000000061E1	2.43999999999999995E9	-1.31319716983902035E2
1.94000000000000061E1	2.45000000000000018E9	-1.27120884756851282E2
1.94000000000000061E1	2.45999999999999996E9	-9.99492557745011112E1
1.94000000000000061E1	2.46999999999999975E9	-1.27117604458491407E2
1.94000000000000061E1	2.47999999999999998E9	-1.31444986947840281E2
1.94000000000000061E1	2.48999999999999977E9	-1.34378775134711215E2
1.94000000000000061E1	2.50000000000000000E9	-1.36439559511692554E2
1.94000000000000061E1	2.51000000000000023E9	-1.37948788083821272E2
1.94000000000000061E1	2.52000000000000002E9	-1.39088644776800030E2
1.94000000000000061E1	2.53000000000000025E9	-1.39970816631698058E2
1.94000000000000061E1	2.54000000000000004E9	-1.40668378640159619E2
1.94000000000000061E1	2.54999999999999982E9	-1.41231250007908171E2
1.94000000000000061E1	2.56000000000000005E9	-1.41694501460765188E2
1.94000000000000061E1	2.56999999999999984E9	-1.42083250048339904E2
1.94000000000000061E1	2.58000000000000007E9	-1.42415744148779622E2
1.94000000000000061E1	2.58999999999999986E9	-1.42705397482458851E2
1.94000000000000061E1	2.60000000000000009E9	-1.42962169096213532E2
1.94000000000000061E1	2.61000000000000032E9	-1.43193519501896516E2
1.94000000000000061E1	2.62000000000000011E9	-1.43405082158550146E2
1.94000000000000061E1	2.62999999999999989E9	-1.43601141591558390E2
1.94000000000000061E1	2.63999999999999968E9	-1.43784977023671479E2
1.94000000000000061E1	2.64999999999999991E9	-1.43959112169333614E2
1.94000000000000061E1	2.66000000000000014E9	-1.44125498300097044E2
1.94000000000000061E1	2.66999999999999993E9	-1.44285649746272560E2
1.94000000000000061E1	2.68000000000000016E9	-1.44440745318801511E2
1.94000000000000061E1	2.68999999999999995E9	-1.44591704364950258E2
1.94000000000000061E1	2.70000000000000018E9	-1.44739244654368204E2

var_c	indep(index, 1)	plot_vs(pnmx, noisefreq)[173, ::]
1.95000000000000062E1	2.29999999999999982E9	-1.43036661189662206E2
1.95000000000000062E1	2.31000000000000005E9	-1.42819803380112798E2
1.95000000000000062E1	2.31999999999999984E9	-1.42583070916644905E2
1.95000000000000062E1	2.33000000000000007E9	-1.42321097687310161E2
1.95000000000000062E1	2.33999999999999986E9	-1.42026810312177787E2
1.95000000000000062E1	2.35000000000000009E9	-1.41690800921321447E2
1.95000000000000062E1	2.36000000000000032E9	-1.41300427241592153E2
1.95000000000000062E1	2.37000000000000011E9	-1.40838498817672875E2
1.95000000000000062E1	2.37999999999999989E9	-1.40281311178581181E2
1.95000000000000062E1	2.38999999999999968E9	-1.39595613149892395E2
1.95000000000000062E1	2.39999999999999991E9	-1.38733710725931481E2
1.95000000000000062E1	2.41000000000000014E9	-1.37625057288465547E2
1.95000000000000062E1	2.41999999999999993E9	-1.36160572990731810E2
1.95000000000000062E1	2.43000000000000016E9	-1.34160601761488230E2
1.95000000000000062E1	2.43999999999999995E9	-1.31307519809325624E2
1.95000000000000062E1	2.45000000000000018E9	-1.27102827042483124E2
1.95000000000000062E1	2.45999999999999996E9	-9.05178360186352293E1
1.95000000000000062E1	2.46999999999999975E9	-1.27140417614539136E2
1.95000000000000062E1	2.47999999999999998E9	-1.31460989530722938E2
1.95000000000000062E1	2.48999999999999977E9	-1.34389931143894215E2
1.95000000000000062E1	2.50000000000000000E9	-1.36447723274735866E2
1.95000000000000062E1	2.51000000000000023E9	-1.37954965449990730E2
1.95000000000000062E1	2.52000000000000002E9	-1.39093425263260428E2
1.95000000000000062E1	2.53000000000000025E9	-1.39974577379802367E2
1.95000000000000062E1	2.54000000000000004E9	-1.40671376659310110E2
1.95000000000000062E1	2.54999999999999982E9	-1.41233667033384114E2
1.95000000000000062E1	2.56000000000000005E9	-1.41696469814934201E2
1.95000000000000062E1	2.56999999999999984E9	-1.42084867616557320E2
1.95000000000000062E1	2.58000000000000007E9	-1.42417084438377461E2
1.95000000000000062E1	2.58999999999999986E9	-1.42706516122143978E2
1.95000000000000062E1	2.60000000000000009E9	-1.42963108856505450E2
1.95000000000000062E1	2.61000000000000032E9	-1.43194313297624887E2
1.95000000000000062E1	2.62000000000000011E9	-1.43405755660281753E2
1.95000000000000062E1	2.62999999999999989E9	-1.43601714953123061E2
1.95000000000000062E1	2.63999999999999968E9	-1.43785466191482580E2
1.95000000000000062E1	2.64999999999999991E9	-1.43959529810454168E2
1.95000000000000062E1	2.66000000000000014E9	-1.44125854558598521E2
1.95000000000000062E1	2.66999999999999993E9	-1.44285952811916784E2
1.95000000000000062E1	2.68000000000000016E9	-1.44441001841294026E2
1.95000000000000062E1	2.68999999999999995E9	-1.44591919742379060E2
1.95000000000000062E1	2.70000000000000018E9	-1.44739423333171779E2

var_c	indep(index, 1)	plot_vs(pnmx, noisefreq)[174, ::]
1.96000000000000085E1	2.29999999999999982E9	-1.43035614062507799E2
1.96000000000000085E1	2.31000000000000005E9	-1.42818730884628398E2
1.96000000000000085E1	2.31999999999999984E9	-1.42581959861881957E2
1.96000000000000085E1	2.33000000000000007E9	-1.42319929829710423E2
1.96000000000000085E1	2.33999999999999986E9	-1.42025560716617916E2
1.96000000000000085E1	2.35000000000000009E9	-1.41689435042637912E2
1.96000000000000085E1	2.36000000000000032E9	-1.41298896969131427E2
1.96000000000000085E1	2.37000000000000011E9	-1.40836736045056066E2
1.96000000000000085E1	2.37999999999999989E9	-1.40279218792640226E2
1.96000000000000085E1	2.38999999999999968E9	-1.39593049839783467E2
1.96000000000000085E1	2.39999999999999991E9	-1.38730466751878945E2
1.96000000000000085E1	2.41000000000000014E9	-1.37620811889288630E2
1.96000000000000085E1	2.41999999999999993E9	-1.36154812671918712E2
1.96000000000000085E1	2.43000000000000016E9	-1.34152454578001779E2
1.96000000000000085E1	2.43999999999999995E9	-1.31295425065523652E2
1.96000000000000085E1	2.45000000000000018E9	-1.27084942981625515E2
1.96000000000000085E1	2.45999999999999996E9	-8.99540551925079868E1
1.96000000000000085E1	2.46999999999999975E9	-1.27162994747717972E2
1.96000000000000085E1	2.47999999999999998E9	-1.31476800044656650E2
1.96000000000000085E1	2.48999999999999977E9	-1.34400951091950671E2
1.96000000000000085E1	2.50000000000000000E9	-1.36455786337536766E2
1.96000000000000085E1	2.51000000000000023E9	-1.37961065357829860E2
1.96000000000000085E1	2.52000000000000002E9	-1.39098144739565810E2
1.96000000000000085E1	2.53000000000000025E9	-1.39978289425888769E2
1.96000000000000085E1	2.54000000000000004E9	-1.40674334841288329E2
1.96000000000000085E1	2.54999999999999982E9	-1.41236051377429095E2
1.96000000000000085E1	2.56000000000000005E9	-1.41698411057035289E2
1.96000000000000085E1	2.56999999999999984E9	-1.42086462423290927E2
1.96000000000000085E1	2.58000000000000007E9	-1.42418405410293580E2
1.96000000000000085E1	2.58999999999999986E9	-1.42707618398706959E2
1.96000000000000085E1	2.60000000000000009E9	-1.42964034488255898E2
1.96000000000000085E1	2.61000000000000032E9	-1.43195094826833103E2
1.96000000000000085E1	2.62000000000000011E9	-1.43406418500603317E2
1.96000000000000085E1	2.62999999999999989E9	-1.43602278976573206E2
1.96000000000000085E1	2.63999999999999968E9	-1.43785947110210488E2
1.96000000000000085E1	2.64999999999999991E9	-1.43959940140675147E2
1.96000000000000085E1	2.66000000000000014E9	-1.44126204333268548E2
1.96000000000000085E1	2.66999999999999993E9	-1.44286250124010396E2
1.96000000000000085E1	2.68000000000000016E9	-1.44441253224835053E2
1.96000000000000085E1	2.68999999999999995E9	-1.44592130526447082E2
1.96000000000000085E1	2.70000000000000018E9	-1.44739597904923523E2

var_c	indep(index, 1)	plot_vs(pnmx, noisefreq)[175, ::]
1.97000000000000108E1	2.29999999999999982E9	-1.43034574609393594E2
1.97000000000000108E1	2.31000000000000005E9	-1.42817666120762921E2
1.97000000000000108E1	2.31999999999999984E9	-1.42580856537579792E2
1.97000000000000108E1	2.33000000000000007E9	-1.42318769977323822E2
1.97000000000000108E1	2.33999999999999986E9	-1.42024319597234583E2
1.97000000000000108E1	2.35000000000000009E9	-1.41688078289264618E2
1.97000000000000108E1	2.36000000000000032E9	-1.41297376883541204E2
1.97000000000000108E1	2.37000000000000011E9	-1.40834985188379092E2
1.97000000000000108E1	2.37999999999999989E9	-1.40277140707854220E2
1.97000000000000108E1	2.38999999999999968E9	-1.39590504508358881E2
1.97000000000000108E1	2.39999999999999991E9	-1.38727246258851089E2
1.97000000000000108E1	2.41000000000000014E9	-1.37616597971917143E2
1.97000000000000108E1	2.41999999999999993E9	-1.36149096653379420E2
1.97000000000000108E1	2.43000000000000016E9	-1.34144371647873539E2
1.97000000000000108E1	2.43999999999999995E9	-1.31283431174741771E2
1.97000000000000108E1	2.45000000000000018E9	-1.27067230225823335E2
1.97000000000000108E1	2.45999999999999996E9	-9.95819514397367023E1
1.97000000000000108E1	2.46999999999999975E9	-1.27185338852409591E2
1.97000000000000108E1	2.47999999999999998E9	-1.31492423049712848E2
1.97000000000000108E1	2.48999999999999977E9	-1.34411837673089107E2
1.97000000000000108E1	2.50000000000000000E9	-1.36463749963564052E2
1.97000000000000108E1	2.51000000000000023E9	-1.37967089209768767E2
1.97000000000000108E1	2.52000000000000002E9	-1.39102804247959333E2
1.97000000000000108E1	2.53000000000000025E9	-1.39981953276213789E2
1.97000000000000108E1	2.54000000000000004E9	-1.40677254099075233E2
1.97000000000000108E1	2.54999999999999982E9	-1.41238403650969624E2
1.97000000000000108E1	2.56000000000000005E9	-1.41700325632540713E2
1.97000000000000108E1	2.56999999999999984E9	-1.42088034991506573E2
1.97000000000000108E1	2.58000000000000007E9	-1.42419707552055463E2
1.97000000000000108E1	2.58999999999999986E9	-1.42708704498689753E2
1.97000000000000108E1	2.60000000000000009E9	-1.42964946237959900E2
1.97000000000000108E1	2.61000000000000032E9	-1.43195864390395355E2
1.97000000000000108E1	2.62000000000000011E9	-1.43407070858766783E2
1.97000000000000108E1	2.62999999999999989E9	-1.43602833831774568E2
1.97000000000000108E1	2.63999999999999968E9	-1.43786419971288271E2
1.97000000000000108E1	2.64999999999999991E9	-1.43960343365734444E2
1.97000000000000108E1	2.66000000000000014E9	-1.44126547789606962E2
1.97000000000000108E1	2.66999999999999993E9	-1.44286541800154056E2
1.97000000000000108E1	2.68000000000000016E9	-1.44441499568277765E2
1.97000000000000108E1	2.68999999999999995E9	-1.44592336819072442E2
1.97000000000000108E1	2.70000000000000018E9	-1.44739768469409569E2

var_c	indep(index, 1)	plot_vs(pnmx, noisefreq)[176, ::]
1.98000000000000109E1	2.29999999999999982E9	-1.43033542710412198E2
1.98000000000000109E1	2.31000000000000005E9	-1.42816608931429778E2
1.98000000000000109E1	2.31999999999999984E9	-1.42579760907224751E2
1.98000000000000109E1	2.33000000000000007E9	-1.42317618040282068E2
1.98000000000000109E1	2.33999999999999986E9	-1.42023086720310343E2
1.98000000000000109E1	2.35000000000000009E9	-1.41686730658736515E2
1.98000000000000109E1	2.36000000000000032E9	-1.41295866872631093E2
1.98000000000000109E1	2.37000000000000011E9	-1.40833245923280570E2
1.98000000000000109E1	2.37999999999999989E9	-1.40275076671411059E2
1.98000000000000109E1	2.38999999999999968E9	-1.39587976857718532E2
1.98000000000000109E1	2.39999999999999991E9	-1.38724048653987531E2
1.98000000000000109E1	2.41000000000000014E9	-1.37612415179722491E2
1.98000000000000109E1	2.41999999999999993E9	-1.36143424213199138E2
1.98000000000000109E1	2.43000000000000016E9	-1.34136353336252556E2
1.98000000000000109E1	2.43999999999999995E9	-1.31271536899253594E2
1.98000000000000109E1	2.45000000000000018E9	-1.27049688739193556E2
1.98000000000000109E1	2.45999999999999996E9	-1.03954264507601435E2
1.98000000000000109E1	2.46999999999999975E9	-1.27207454901946559E2
1.98000000000000109E1	2.47999999999999998E9	-1.31507859898339485E2
1.98000000000000109E1	2.48999999999999977E9	-1.34422592535263652E2
1.98000000000000109E1	2.50000000000000000E9	-1.36471616566842813E2
1.98000000000000109E1	2.51000000000000023E9	-1.37973037982621305E2
1.98000000000000109E1	2.52000000000000002E9	-1.39107404825495595E2
1.98000000000000109E1	2.53000000000000025E9	-1.39985570056502273E2
1.98000000000000109E1	2.54000000000000004E9	-1.40680135001088225E2
1.98000000000000109E1	2.54999999999999982E9	-1.41240724497260528E2
1.98000000000000109E1	2.56000000000000005E9	-1.41702214126064341E2
1.98000000000000109E1	2.56999999999999984E9	-1.42089585562960918E2
1.98000000000000109E1	2.58000000000000007E9	-1.42420991163239696E2
1.98000000000000109E1	2.58999999999999986E9	-1.42709774862141314E2
1.98000000000000109E1	2.60000000000000009E9	-1.42965844427043298E2
1.98000000000000109E1	2.61000000000000032E9	-1.43196622214371239E2
1.98000000000000109E1	2.62000000000000011E9	-1.43407713022041206E2
1.98000000000000109E1	2.62999999999999989E9	-1.43603379725322133E2
1.98000000000000109E1	2.63999999999999968E9	-1.43786884925612779E2
1.98000000000000109E1	2.64999999999999991E9	-1.43960739575643437E2
1.98000000000000109E1	2.66000000000000014E9	-1.44126885053316878E2
1.98000000000000109E1	2.66999999999999993E9	-1.44286827959731112E2
1.98000000000000109E1	2.68000000000000016E9	-1.44441741001682589E2
1.98000000000000109E1	2.68999999999999995E9	-1.44592538739886622E2
1.98000000000000109E1	2.70000000000000018E9	-1.44739935125100949E2

var_c	indep(index, 1)	plot_vs(pnmx, noisefreq)[177, ::]
1.99000000000000132E1	2.29999999999999982E9	-1.43032518324532809E2
1.99000000000000132E1	2.31000000000000005E9	-1.42815559287838423E2
1.99000000000000132E1	2.31999999999999984E9	-1.42578672944959428E2
1.99000000000000132E1	2.33000000000000007E9	-1.42316474013948691E2
1.99000000000000132E1	2.33999999999999986E9	-1.42021862281624500E2
1.99000000000000132E1	2.35000000000000009E9	-1.41685391888101408E2
1.99000000000000132E1	2.36000000000000032E9	-1.41294366899587343E2
1.99000000000000132E1	2.37000000000000011E9	-1.40831518413162482E2
1.99000000000000132E1	2.37999999999999989E9	-1.40273026697942149E2
1.99000000000000132E1	2.38999999999999968E9	-1.39585466806507097E2
1.99000000000000132E1	2.39999999999999991E9	-1.38720874036598163E2
1.99000000000000132E1	2.41000000000000014E9	-1.37608263266536657E2
1.99000000000000132E1	2.41999999999999993E9	-1.36137795039028098E2
1.99000000000000132E1	2.43000000000000016E9	-1.34128397801878974E2
1.99000000000000132E1	2.43999999999999995E9	-1.31259741116798412E2
1.99000000000000132E1	2.45000000000000018E9	-1.27032313076591086E2
1.99000000000000132E1	2.45999999999999996E9	-1.06779371359837527E2
1.99000000000000132E1	2.46999999999999975E9	-1.27229344044760850E2
1.99000000000000132E1	2.47999999999999998E9	-1.31523114325505008E2
1.99000000000000132E1	2.48999999999999977E9	-1.34433218625027084E2
1.99000000000000132E1	2.50000000000000000E9	-1.36479387419056875E2
1.99000000000000132E1	2.51000000000000023E9	-1.37978913581852902E2
1.99000000000000132E1	2.52000000000000002E9	-1.39111947644220391E2
1.99000000000000132E1	2.53000000000000025E9	-1.39989140492429032E2
1.99000000000000132E1	2.54000000000000004E9	-1.40682978363237177E2
1.99000000000000132E1	2.54999999999999982E9	-1.41243014521234800E2
1.99000000000000132E1	2.56000000000000005E9	-1.41704076991010086E2
1.99000000000000132E1	2.56999999999999984E9	-1.42091114717667377E2
1.99000000000000132E1	2.58000000000000007E9	-1.42422256670296865E2
1.99000000000000132E1	2.58999999999999986E9	-1.42710829692649632E2
1.99000000000000132E1	2.60000000000000009E9	-1.42966729319249564E2
1.99000000000000132E1	2.61000000000000032E9	-1.43197368495037791E2
1.99000000000000132E1	2.62000000000000011E9	-1.43408345135845772E2
1.99000000000000132E1	2.62999999999999989E9	-1.43603916813689336E2
1.99000000000000132E1	2.63999999999999968E9	-1.43787342167206877E2
1.99000000000000132E1	2.64999999999999991E9	-1.43961128972694152E2
1.99000000000000132E1	2.66000000000000014E9	-1.44127216238690226E2
1.99000000000000132E1	2.66999999999999993E9	-1.44287108724550106E2
1.99000000000000132E1	2.68000000000000016E9	-1.44441977640500130E2
1.99000000000000132E1	2.68999999999999995E9	-1.44592736363220942E2
1.99000000000000132E1	2.70000000000000018E9	-1.44740097944855739E2

var_c	indep(index, 1)	plot_vs(pnmx, noisefreq)[178, ::]
2.00000000000000133E1	2.29999999999999982E9	-1.43031501400074701E2
2.00000000000000133E1	2.31000000000000005E9	-1.42814517055748991E2
2.00000000000000133E1	2.31999999999999984E9	-1.42577592576859580E2
2.00000000000000133E1	2.33000000000000007E9	-1.42315337818026988E2
2.00000000000000133E1	2.33999999999999986E9	-1.42020645996167016E2
2.00000000000000133E1	2.35000000000000009E9	-1.41684062143821121E2
2.00000000000000133E1	2.36000000000000032E9	-1.41292876972062831E2
2.00000000000000133E1	2.37000000000000011E9	-1.40829802429313222E2
2.00000000000000133E1	2.37999999999999989E9	-1.40270990606668078E2
2.00000000000000133E1	2.38999999999999968E9	-1.39582974078497379E2
2.00000000000000133E1	2.39999999999999991E9	-1.38717721972741170E2
2.00000000000000133E1	2.41000000000000014E9	-1.37604141714983452E2
2.00000000000000133E1	2.41999999999999993E9	-1.36132208965966539E2
2.00000000000000133E1	2.43000000000000016E9	-1.34120505380997534E2
2.00000000000000133E1	2.43999999999999995E9	-1.31248042449725899E2
2.00000000000000133E1	2.45000000000000018E9	-1.27015103125947659E2
2.00000000000000133E1	2.45999999999999996E9	-1.08845742382374944E2
2.00000000000000133E1	2.46999999999999975E9	-1.27251008367663299E2
2.00000000000000133E1	2.47999999999999998E9	-1.31538190106895558E2
2.00000000000000133E1	2.48999999999999977E9	-1.34443717829299958E2
2.00000000000000133E1	2.50000000000000000E9	-1.36487064475483733E2
2.00000000000000133E1	2.51000000000000023E9	-1.37984716861249557E2
2.00000000000000133E1	2.52000000000000002E9	-1.39116433636378822E2
2.00000000000000133E1	2.53000000000000025E9	-1.39992665572250941E2
2.00000000000000133E1	2.54000000000000004E9	-1.40685784854490370E2
2.00000000000000133E1	2.54999999999999982E9	-1.41245274237417862E2
2.00000000000000133E1	2.56000000000000005E9	-1.41705914816127132E2
2.00000000000000133E1	2.56999999999999984E9	-1.42092622834550841E2
2.00000000000000133E1	2.58000000000000007E9	-1.42423504332019535E2
2.00000000000000133E1	2.58999999999999986E9	-1.42711869419061332E2
2.00000000000000133E1	2.60000000000000009E9	-1.42967601151379720E2
2.00000000000000133E1	2.61000000000000032E9	-1.43198103506207741E2
2.00000000000000133E1	2.62000000000000011E9	-1.43408967432134538E2
2.00000000000000133E1	2.62999999999999989E9	-1.43604445309654705E2
2.00000000000000133E1	2.63999999999999968E9	-1.43787791798380660E2
2.00000000000000133E1	2.64999999999999991E9	-1.43961511677764631E2
2.00000000000000133E1	2.66000000000000014E9	-1.44127541500654344E2
2.00000000000000133E1	2.66999999999999993E9	-1.44287384213824543E2
2.00000000000000133E1	2.68000000000000016E9	-1.44442209577342551E2
2.00000000000000133E1	2.68999999999999995E9	-1.44592929805683257E2
2.00000000000000133E1	2.70000000000000018E9	-1.44740257033320896E2

var_c	indep(index, 1)	plot_vs(pnmx, noisefreq)[179, ::]
2.01000000000000156E1	2.29999999999999982E9	-1.43030491813764060E2
2.01000000000000156E1	2.31000000000000005E9	-1.42813482259880020E2
2.01000000000000156E1	2.31999999999999984E9	-1.42576519708075833E2
2.01000000000000156E1	2.33000000000000007E9	-1.42314209334380681E2
2.01000000000000156E1	2.33999999999999986E9	-1.42019437887598454E2
2.01000000000000156E1	2.35000000000000009E9	-1.41682741186797356E2
2.01000000000000156E1	2.36000000000000032E9	-1.41291396837786332E2
2.01000000000000156E1	2.37000000000000011E9	-1.40828097703696176E2
2.01000000000000156E1	2.37999999999999989E9	-1.40268968276893169E2
2.01000000000000156E1	2.38999999999999968E9	-1.39580498565660771E2
2.01000000000000156E1	2.39999999999999991E9	-1.38714592242661405E2
2.01000000000000156E1	2.41000000000000014E9	-1.37600050585779088E2
2.01000000000000156E1	2.41999999999999993E9	-1.36126664810891818E2
2.01000000000000156E1	2.43000000000000016E9	-1.34112673806301030E2
2.01000000000000156E1	2.43999999999999995E9	-1.31236440154282130E2
2.01000000000000156E1	2.45000000000000018E9	-1.26998057400391451E2
2.01000000000000156E1	2.45999999999999996E9	-1.10457930617593236E2
2.01000000000000156E1	2.46999999999999975E9	-1.27272451595833203E2
2.01000000000000156E1	2.47999999999999998E9	-1.31553089076785201E2
2.01000000000000156E1	2.48999999999999977E9	-1.34454092186482432E2
2.01000000000000156E1	2.50000000000000000E9	-1.36494648927942475E2
2.01000000000000156E1	2.51000000000000023E9	-1.37990449286890904E2
2.01000000000000156E1	2.52000000000000002E9	-1.39120864023877955E2
2.01000000000000156E1	2.53000000000000025E9	-1.39996146048666192E2
2.01000000000000156E1	2.54000000000000004E9	-1.40688555150969963E2
2.01000000000000156E1	2.54999999999999982E9	-1.41247504326152340E2
2.01000000000000156E1	2.56000000000000005E9	-1.41707727899108993E2
2.01000000000000156E1	2.56999999999999984E9	-1.42094110318982891E2
2.01000000000000156E1	2.58000000000000007E9	-1.42424734529024200E2
2.01000000000000156E1	2.58999999999999986E9	-1.42712894237091881E2
2.01000000000000156E1	2.60000000000000009E9	-1.42968460230691163E2
2.01000000000000156E1	2.61000000000000032E9	-1.43198827466702983E2
2.01000000000000156E1	2.62000000000000011E9	-1.43409580122071922E2
2.01000000000000156E1	2.62999999999999989E9	-1.43604965395183970E2
2.01000000000000156E1	2.63999999999999968E9	-1.43788234052363206E2
2.01000000000000156E1	2.64999999999999991E9	-1.43961887839823022E2
2.01000000000000156E1	2.66000000000000014E9	-1.44127860973895028E2
2.01000000000000156E1	2.66999999999999993E9	-1.44287654559051548E2
2.01000000000000156E1	2.68000000000000016E9	-1.44442436921748163E2
2.01000000000000156E1	2.68999999999999995E9	-1.44593119157592476E2
2.01000000000000156E1	2.70000000000000018E9	-1.44740412490209325E2

var_c	indep(index, 1)	plot_vs(pnmx, noisefreq)[180, ::]
2.02000000000000179E1	2.29999999999999982E9	-1.43029489531693965E2
2.02000000000000179E1	2.31000000000000005E9	-1.42812454773419728E2
2.02000000000000179E1	2.31999999999999984E9	-1.42575454247454969E2
2.02000000000000179E1	2.33000000000000007E9	-1.42313088512362151E2
2.02000000000000179E1	2.33999999999999986E9	-1.42018237850705198E2
2.02000000000000179E1	2.35000000000000009E9	-1.41681429005821213E2
2.02000000000000179E1	2.36000000000000032E9	-1.41289926476243544E2
2.02000000000000179E1	2.37000000000000011E9	-1.40826404496429136E2
2.02000000000000179E1	2.37999999999999989E9	-1.40266959494281362E2
2.02000000000000179E1	2.38999999999999968E9	-1.39578040026976025E2
2.02000000000000179E1	2.39999999999999991E9	-1.38711484801507146E2
2.02000000000000179E1	2.41000000000000014E9	-1.37595989271343244E2
2.02000000000000179E1	2.41999999999999993E9	-1.36121162585526778E2
2.02000000000000179E1	2.43000000000000016E9	-1.34104904016842141E2
2.02000000000000179E1	2.43999999999999995E9	-1.31224932504628566E2
2.02000000000000179E1	2.45000000000000018E9	-1.26981171887409228E2
2.02000000000000179E1	2.45999999999999996E9	-1.11766226906974375E2
2.02000000000000179E1	2.46999999999999975E9	-1.27293676748956508E2
2.02000000000000179E1	2.47999999999999998E9	-1.31567814395647664E2
2.02000000000000179E1	2.48999999999999977E9	-1.34464343949211740E2
2.02000000000000179E1	2.50000000000000000E9	-1.36502142631243872E2
2.02000000000000179E1	2.51000000000000023E9	-1.37996112005326066E2
2.02000000000000179E1	2.52000000000000002E9	-1.39125239641792908E2
2.02000000000000179E1	2.53000000000000025E9	-1.39999582520696664E2
2.02000000000000179E1	2.54000000000000004E9	-1.40691289896305172E2
2.02000000000000179E1	2.54999999999999982E9	-1.41249705113855217E2
2.02000000000000179E1	2.56000000000000005E9	-1.41709516759792220E2
2.02000000000000179E1	2.56999999999999984E9	-1.42095577502162529E2
2.02000000000000179E1	2.58000000000000007E9	-1.42425947645086848E2
2.02000000000000179E1	2.58999999999999986E9	-1.42713904421161430E2
2.02000000000000179E1	2.60000000000000009E9	-1.42969306798069717E2
2.02000000000000179E1	2.61000000000000032E9	-1.43199540593163488E2
2.02000000000000179E1	2.62000000000000011E9	-1.43410183346708298E2
2.02000000000000179E1	2.62999999999999989E9	-1.43605477219196120E2
2.02000000000000179E1	2.63999999999999968E9	-1.43788669035662275E2
2.02000000000000179E1	2.64999999999999991E9	-1.43962257581276498E2
2.02000000000000179E1	2.66000000000000014E9	-1.44128174757006855E2
2.02000000000000179E1	2.66999999999999993E9	-1.44287919863594771E2
2.02000000000000179E1	2.68000000000000016E9	-1.44442659781731253E2
2.02000000000000179E1	2.68999999999999995E9	-1.44593304509137788E2
2.02000000000000179E1	2.70000000000000018E9	-1.44740564378265235E2

var_c	indep(index, 1)	plot_vs(pnmx, noisefreq)[181, ::]
2.03000000000000203E1	2.29999999999999982E9	-1.43028494467648626E2
2.03000000000000203E1	2.31000000000000005E9	-1.42811434527930281E2
2.03000000000000203E1	2.31999999999999984E9	-1.42574396166578365E2
2.03000000000000203E1	2.33000000000000007E9	-1.42311975302738492E2
2.03000000000000203E1	2.33999999999999986E9	-1.42017045790198670E2
2.03000000000000203E1	2.35000000000000009E9	-1.41680125431409887E2
2.03000000000000203E1	2.36000000000000032E9	-1.41288465763660964E2
2.03000000000000203E1	2.37000000000000011E9	-1.40824722381021017E2
2.03000000000000203E1	2.37999999999999989E9	-1.40264964303815942E2
2.03000000000000203E1	2.38999999999999968E9	-1.39575598365510478E2
2.03000000000000203E1	2.39999999999999991E9	-1.38708399145784145E2
2.03000000000000203E1	2.41000000000000014E9	-1.37591957291876055E2
2.03000000000000203E1	2.41999999999999993E9	-1.36115701682254508E2
2.03000000000000203E1	2.43000000000000016E9	-1.34097194536882514E2
2.03000000000000203E1	2.43999999999999995E9	-1.31213518909128313E2
2.03000000000000203E1	2.45000000000000018E9	-1.26964445395292769E2
2.03000000000000203E1	2.45999999999999996E9	-1.12856406835919354E2
2.03000000000000203E1	2.46999999999999975E9	-1.27314686067522365E2
2.03000000000000203E1	2.47999999999999998E9	-1.31582369260463894E2
2.03000000000000203E1	2.48999999999999977E9	-1.34474475356646739E2
2.03000000000000203E1	2.50000000000000000E9	-1.36509547206009829E2
2.03000000000000203E1	2.51000000000000023E9	-1.38001706323286122E2
2.03000000000000203E1	2.52000000000000002E9	-1.39129561302985572E2
2.03000000000000203E1	2.53000000000000025E9	-1.40002976060580941E2
2.03000000000000203E1	2.54000000000000004E9	-1.40693989773338646E2
2.03000000000000203E1	2.54999999999999982E9	-1.41251877348365906E2
2.03000000000000203E1	2.56000000000000005E9	-1.41711281942262368E2
2.03000000000000203E1	2.56999999999999984E9	-1.42097024869004640E2
2.03000000000000203E1	2.58000000000000007E9	-1.42427143937110312E2
2.03000000000000203E1	2.58999999999999986E9	-1.42714900340248274E2
2.03000000000000203E1	2.60000000000000009E9	-1.42970141050083965E2
2.03000000000000203E1	2.61000000000000032E9	-1.43200243100572666E2
2.03000000000000203E1	2.62000000000000011E9	-1.43410777363089514E2
2.03000000000000203E1	2.62999999999999989E9	-1.43605980966181845E2
2.03000000000000203E1	2.63999999999999968E9	-1.43789096937229988E2
2.03000000000000203E1	2.64999999999999991E9	-1.43962621059296048E2
2.03000000000000203E1	2.66000000000000014E9	-1.44128482994888829E2
2.03000000000000203E1	2.66999999999999993E9	-1.44288180223859852E2
2.03000000000000203E1	2.68000000000000016E9	-1.44442878249366791E2
2.03000000000000203E1	2.68999999999999995E9	-1.44593485951270884E2
2.03000000000000203E1	2.70000000000000018E9	-1.44740712782197023E2

var_c	indep(index, 1)	plot_vs(pnmx, noisefreq)[182, ::]
2.04000000000000181E1	2.29999999999999982E9	-1.43027506557501538E2
2.04000000000000181E1	2.31000000000000005E9	-1.42810421448168290E2
2.04000000000000181E1	2.31999999999999984E9	-1.42573345380186289E2
2.04000000000000181E1	2.33000000000000007E9	-1.42310869653900030E2
2.04000000000000181E1	2.33999999999999986E9	-1.42015861782597774E2
2.04000000000000181E1	2.35000000000000009E9	-1.41678830508467790E2
2.04000000000000181E1	2.36000000000000032E9	-1.41287014739651751E2
2.04000000000000181E1	2.37000000000000011E9	-1.40823051489943341E2
2.04000000000000181E1	2.37999999999999989E9	-1.40262982486870613E2
2.04000000000000181E1	2.38999999999999968E9	-1.39573173572771991E2
2.04000000000000181E1	2.39999999999999991E9	-1.38705335262251794E2
2.04000000000000181E1	2.41000000000000014E9	-1.37587954889185404E2
2.04000000000000181E1	2.41999999999999993E9	-1.36110281623916141E2
2.04000000000000181E1	2.43000000000000016E9	-1.34089544625741497E2
2.04000000000000181E1	2.43999999999999995E9	-1.31202197970349110E2
2.04000000000000181E1	2.45000000000000018E9	-1.26947877169717049E2
2.04000000000000181E1	2.45999999999999996E9	-1.13782116951443202E2
2.04000000000000181E1	2.46999999999999975E9	-1.27335482182259296E2
2.04000000000000181E1	2.47999999999999998E9	-1.31596756345760779E2
2.04000000000000181E1	2.48999999999999977E9	-1.34484488224123822E2
2.04000000000000181E1	2.50000000000000000E9	-1.36516864324936682E2
2.04000000000000181E1	2.51000000000000023E9	-1.38007233262241580E2
2.04000000000000181E1	2.52000000000000002E9	-1.39133830032855266E2
2.04000000000000181E1	2.53000000000000025E9	-1.40006327324570168E2
2.04000000000000181E1	2.54000000000000004E9	-1.40696655374060620E2
2.04000000000000181E1	2.54999999999999982E9	-1.41254021383602835E2
2.04000000000000181E1	2.56000000000000005E9	-1.41713023804428850E2
2.04000000000000181E1	2.56999999999999984E9	-1.42098452671134656E2
2.04000000000000181E1	2.58000000000000007E9	-1.42428323770401910E2
2.04000000000000181E1	2.58999999999999986E9	-1.42715882205272870E2
2.04000000000000181E1	2.60000000000000009E9	-1.42970963252401506E2
2.04000000000000181E1	2.61000000000000032E9	-1.43200935174729738E2
2.04000000000000181E1	2.62000000000000011E9	-1.43411362312171486E2
2.04000000000000181E1	2.62999999999999989E9	-1.43606476780413783E2
2.04000000000000181E1	2.63999999999999968E9	-1.43789517867537775E2
2.04000000000000181E1	2.64999999999999991E9	-1.43962978396074592E2
2.04000000000000181E1	2.66000000000000014E9	-1.44128785786337721E2
2.04000000000000181E1	2.66999999999999993E9	-1.44288435757447187E2
2.04000000000000181E1	2.68000000000000016E9	-1.44443092430471465E2
2.04000000000000181E1	2.68999999999999995E9	-1.44593663584777898E2
2.04000000000000181E1	2.70000000000000018E9	-1.44740857793849687E2

var_c	indep(index, 1)	plot_vs(pnmx, noisefreq)[183, ::]
2.05000000000000204E1	2.29999999999999982E9	-1.43026525703760932E2
2.05000000000000204E1	2.31000000000000005E9	-1.42809415516134575E2
2.05000000000000204E1	2.31999999999999984E9	-1.42572301820649328E2
2.05000000000000204E1	2.33000000000000007E9	-1.42309771437761334E2
2.05000000000000204E1	2.33999999999999986E9	-1.42014685623606818E2
2.05000000000000204E1	2.35000000000000009E9	-1.41677544107042386E2
2.05000000000000204E1	2.36000000000000032E9	-1.41285573227882111E2
2.05000000000000204E1	2.37000000000000011E9	-1.40821391609085578E2
2.05000000000000204E1	2.37999999999999989E9	-1.40261013930483025E2
2.05000000000000204E1	2.38999999999999968E9	-1.39570765224797233E2
2.05000000000000204E1	2.39999999999999991E9	-1.38702292868232080E2
2.05000000000000204E1	2.41000000000000014E9	-1.37583981366280694E2
2.05000000000000204E1	2.41999999999999993E9	-1.36104902050325149E2
2.05000000000000204E1	2.43000000000000016E9	-1.34081953559935885E2
2.05000000000000204E1	2.43999999999999995E9	-1.31190968111065898E2
2.05000000000000204E1	2.45000000000000018E9	-1.26931463721858440E2
2.05000000000000204E1	2.45999999999999996E9	-1.14579478483504649E2
2.05000000000000204E1	2.46999999999999975E9	-1.27356068086759477E2
2.05000000000000204E1	2.47999999999999998E9	-1.31610978279251722E2
2.05000000000000204E1	2.48999999999999977E9	-1.34494384182790694E2
2.05000000000000204E1	2.50000000000000000E9	-1.36524094935999818E2
2.05000000000000204E1	2.51000000000000023E9	-1.38012694248184609E2
2.05000000000000204E1	2.52000000000000002E9	-1.39138047081253169E2
2.05000000000000204E1	2.53000000000000025E9	-1.40009637083577365E2
2.05000000000000204E1	2.54000000000000004E9	-1.40699287246024207E2
2.05000000000000204E1	2.54999999999999982E9	-1.41256137933605896E2
2.05000000000000204E1	2.56000000000000005E9	-1.41714742846744968E2
2.05000000000000204E1	2.56999999999999984E9	-1.42099861332037136E2
2.05000000000000204E1	2.58000000000000007E9	-1.42429487441761848E2
2.05000000000000204E1	2.58999999999999986E9	-1.42716850363251768E2
2.05000000000000204E1	2.60000000000000009E9	-1.42971773674579450E2
2.05000000000000204E1	2.61000000000000032E9	-1.43201617073345533E2
2.05000000000000204E1	2.62000000000000011E9	-1.43411938380829307E2
2.05000000000000204E1	2.62999999999999989E9	-1.43606964857186825E2
2.05000000000000204E1	2.63999999999999968E9	-1.43789931971999940E2
2.05000000000000204E1	2.64999999999999991E9	-1.43963329720510669E2
2.05000000000000204E1	2.66000000000000014E9	-1.44129083258963497E2
2.05000000000000204E1	2.66999999999999993E9	-1.44288686569378410E2
2.05000000000000204E1	2.68000000000000016E9	-1.44443302419923270E2
2.05000000000000204E1	2.68999999999999995E9	-1.44593837484371801E2
2.05000000000000204E1	2.70000000000000018E9	-1.44740999494820421E2

var_c	indep(index, 1)	plot_vs(pnmx, noisefreq)[184, ::]
2.06000000000000227E1	2.29999999999999982E9	-1.43025551889759917E2
2.06000000000000227E1	2.31000000000000005E9	-1.42808416600247945E2
2.06000000000000227E1	2.31999999999999984E9	-1.42571265439665096E2
2.06000000000000227E1	2.33000000000000007E9	-1.42308680650887176E2
2.06000000000000227E1	2.33999999999999986E9	-1.42013517220356644E2
2.06000000000000227E1	2.35000000000000009E9	-1.41676266224512348E2
2.06000000000000227E1	2.36000000000000032E9	-1.41284141161024968E2
2.06000000000000227E1	2.37000000000000011E9	-1.40819742694657091E2
2.06000000000000227E1	2.37999999999999989E9	-1.40259058468516540E2
2.06000000000000227E1	2.38999999999999968E9	-1.39568373410780677E2
2.06000000000000227E1	2.39999999999999991E9	-1.38699271788869005E2
2.06000000000000227E1	2.41000000000000014E9	-1.37580036302464270E2
2.06000000000000227E1	2.41999999999999993E9	-1.36099562489448656E2
2.06000000000000227E1	2.43000000000000016E9	-1.34074421248792497E2
2.06000000000000227E1	2.43999999999999995E9	-1.31179828686790589E2
2.06000000000000227E1	2.45000000000000018E9	-1.26915203499181595E2
2.06000000000000227E1	2.45999999999999996E9	-1.15273839972270764E2
2.06000000000000227E1	2.46999999999999975E9	-1.27376446253825315E2
2.06000000000000227E1	2.47999999999999998E9	-1.31625037680079471E2
2.06000000000000227E1	2.48999999999999977E9	-1.34504166180726714E2
2.06000000000000227E1	2.50000000000000000E9	-1.36531241100849488E2
2.06000000000000227E1	2.51000000000000023E9	-1.38018090119594716E2
2.06000000000000227E1	2.52000000000000002E9	-1.39142212830006007E2
2.06000000000000227E1	2.53000000000000025E9	-1.40012906009300231E2
2.06000000000000227E1	2.54000000000000004E9	-1.40701886143577082E2
2.06000000000000227E1	2.54999999999999982E9	-1.41258227354449817E2
2.06000000000000227E1	2.56000000000000005E9	-1.41716439373963299E2
2.06000000000000227E1	2.56999999999999984E9	-1.42101251248326532E2
2.06000000000000227E1	2.58000000000000007E9	-1.42430635238775194E2
2.06000000000000227E1	2.58999999999999986E9	-1.42717804939718262E2
2.06000000000000227E1	2.60000000000000009E9	-1.42972572482311433E2
2.06000000000000227E1	2.61000000000000032E9	-1.43202288952275625E2
2.06000000000000227E1	2.62000000000000011E9	-1.43412505765632314E2
2.06000000000000227E1	2.62999999999999989E9	-1.43607445334987260E2
2.06000000000000227E1	2.63999999999999968E9	-1.43790339397366673E2
2.06000000000000227E1	2.64999999999999991E9	-1.43963675145768133E2
2.06000000000000227E1	2.66000000000000014E9	-1.44129375518994030E2
2.06000000000000227E1	2.66999999999999993E9	-1.44288932762762045E2
2.06000000000000227E1	2.68000000000000016E9	-1.44443508283418498E2
2.06000000000000227E1	2.68999999999999995E9	-1.44594007728156226E2
2.06000000000000227E1	2.70000000000000018E9	-1.44741137934975894E2

var_c	indep(index, 1)	plot_vs(pnmx, noisefreq)[185, ::]
2.07000000000000250E1	2.29999999999999982E9	-1.43024584999599935E2
2.07000000000000250E1	2.31000000000000005E9	-1.42807424669883631E2
2.07000000000000250E1	2.31999999999999984E9	-1.42570236136574247E2
2.07000000000000250E1	2.33000000000000007E9	-1.42307597210307035E2
2.07000000000000250E1	2.33999999999999986E9	-1.42012356600279377E2
2.07000000000000250E1	2.35000000000000009E9	-1.41674996655985797E2
2.07000000000000250E1	2.36000000000000032E9	-1.41282718485101988E2
2.07000000000000250E1	2.37000000000000011E9	-1.40818104589153004E2
2.07000000000000250E1	2.37999999999999989E9	-1.40257116169935658E2
2.07000000000000250E1	2.38999999999999968E9	-1.39565997908618189E2
2.07000000000000250E1	2.39999999999999991E9	-1.38696271921646241E2
2.07000000000000250E1	2.41000000000000014E9	-1.37576119577918976E2
2.07000000000000250E1	2.41999999999999993E9	-1.36094262219976603E2
2.07000000000000250E1	2.43000000000000016E9	-1.34066945959683226E2
2.07000000000000250E1	2.43999999999999995E9	-1.31168779040608197E2
2.07000000000000250E1	2.45000000000000018E9	-1.26899095422638819E2
2.07000000000000250E1	2.45999999999999996E9	-1.15883929539140618E2
2.07000000000000250E1	2.46999999999999975E9	-1.27396617999311768E2
2.07000000000000250E1	2.47999999999999998E9	-1.31638936949744645E2
2.07000000000000250E1	2.48999999999999977E9	-1.34513835197207010E2
2.07000000000000250E1	2.50000000000000000E9	-1.36538303420584128E2
2.07000000000000250E1	2.51000000000000023E9	-1.38023422213980185E2
2.07000000000000250E1	2.52000000000000002E9	-1.39146328557541676E2
2.07000000000000250E1	2.53000000000000025E9	-1.40016134769273570E2
2.07000000000000250E1	2.54000000000000004E9	-1.40704452526080637E2
2.07000000000000250E1	2.54999999999999982E9	-1.41260290108392583E2
2.07000000000000250E1	2.56000000000000005E9	-1.41718113893781528E2
2.07000000000000250E1	2.56999999999999984E9	-1.42102622715540905E2
2.07000000000000250E1	2.58000000000000007E9	-1.42431767452921099E2
2.07000000000000250E1	2.58999999999999986E9	-1.42718746355461290E2
2.07000000000000250E1	2.60000000000000009E9	-1.42973359953700019E2
2.07000000000000250E1	2.61000000000000032E9	-1.43202951021686387E2
2.07000000000000250E1	2.62000000000000011E9	-1.43413064627413345E2
2.07000000000000250E1	2.62999999999999989E9	-1.43607918338732499E2
2.07000000000000250E1	2.63999999999999968E9	-1.43790740289783114E2
2.07000000000000250E1	2.64999999999999991E9	-1.43964014825126752E2
2.07000000000000250E1	2.66000000000000014E9	-1.44129662674971515E2
2.07000000000000250E1	2.66999999999999993E9	-1.44289174427097122E2
2.07000000000000250E1	2.68000000000000016E9	-1.44443710151174298E2
2.07000000000000250E1	2.68999999999999995E9	-1.44594174395797004E2
2.07000000000000250E1	2.70000000000000018E9	-1.44741273214270083E2

var_c	indep(index, 1)	plot_vs(pnmx, noisefreq)[186, ::]
2.08000000000000274E1	2.29999999999999982E9	-1.43023624992073306E2
2.08000000000000274E1	2.31000000000000005E9	-1.42806439654115191E2
2.08000000000000274E1	2.31999999999999984E9	-1.42569213876023815E2
2.08000000000000274E1	2.33000000000000007E9	-1.42306521017155463E2
2.08000000000000274E1	2.33999999999999986E9	-1.42011203648120388E2
2.08000000000000274E1	2.35000000000000009E9	-1.41673735435486403E2
2.08000000000000274E1	2.36000000000000032E9	-1.41281305088899622E2
2.08000000000000274E1	2.37000000000000011E9	-1.40816477179516286E2
2.08000000000000274E1	2.37999999999999989E9	-1.40255186684437239E2
2.08000000000000274E1	2.38999999999999968E9	-1.39563638362559206E2
2.08000000000000274E1	2.39999999999999991E9	-1.38693292788673728E2
2.08000000000000274E1	2.41000000000000014E9	-1.37572231167297532E2
2.08000000000000274E1	2.41999999999999993E9	-1.36089001396663090E2
2.08000000000000274E1	2.43000000000000016E9	-1.34059527676641665E2
2.08000000000000274E1	2.43999999999999995E9	-1.31157817581609537E2
2.08000000000000274E1	2.45000000000000018E9	-1.26883136629105686E2
2.08000000000000274E1	2.45999999999999996E9	-1.16423927387210568E2
2.08000000000000274E1	2.46999999999999975E9	-1.27416587680195792E2
2.08000000000000274E1	2.47999999999999998E9	-1.31652679181594179E2
2.08000000000000274E1	2.48999999999999977E9	-1.34523393337114583E2
2.08000000000000274E1	2.50000000000000000E9	-1.36545284489121288E2
2.08000000000000274E1	2.51000000000000023E9	-1.38028691481270771E2
2.08000000000000274E1	2.52000000000000002E9	-1.39150394953811984E2
2.08000000000000274E1	2.53000000000000025E9	-1.40019324333750594E2
2.08000000000000274E1	2.54000000000000004E9	-1.40706987034992270E2
2.08000000000000274E1	2.54999999999999982E9	-1.41262326741310718E2
2.08000000000000274E1	2.56000000000000005E9	-1.41719766729011765E2
2.08000000000000274E1	2.56999999999999984E9	-1.42103976050342817E2
2.08000000000000274E1	2.58000000000000007E9	-1.42432884425229811E2
2.08000000000000274E1	2.58999999999999986E9	-1.42719674728353452E2
2.08000000000000274E1	2.60000000000000009E9	-1.42974136299694510E2
2.08000000000000274E1	2.61000000000000032E9	-1.43203603457303030E2
2.08000000000000274E1	2.62000000000000011E9	-1.43413615117091386E2
2.08000000000000274E1	2.62999999999999989E9	-1.43608384051472293E2
2.08000000000000274E1	2.63999999999999968E9	-1.43791134766895534E2
2.08000000000000274E1	2.64999999999999991E9	-1.43964348839337797E2
2.08000000000000274E1	2.66000000000000014E9	-1.44129944839639457E2
2.08000000000000274E1	2.66999999999999993E9	-1.44289411671900747E2
2.08000000000000274E1	2.68000000000000016E9	-1.44443908080902106E2
2.08000000000000274E1	2.68999999999999995E9	-1.44594337581092924E2
2.08000000000000274E1	2.70000000000000018E9	-1.44741405394029576E2

var_c	indep(index, 1)	plot_vs(pnmx, noisefreq)[187, ::]
2.09000000000000252E1	2.29999999999999982E9	-1.43022671814083435E2
2.09000000000000252E1	2.31000000000000005E9	-1.42805461520357690E2
2.09000000000000252E1	2.31999999999999984E9	-1.42568198581124106E2
2.09000000000000252E1	2.33000000000000007E9	-1.42305452043966030E2
2.09000000000000252E1	2.33999999999999986E9	-1.42010058350990631E2
2.09000000000000252E1	2.35000000000000009E9	-1.41672482432191016E2
2.09000000000000252E1	2.36000000000000032E9	-1.41279900896976995E2
2.09000000000000252E1	2.37000000000000011E9	-1.40814860540507336E2
2.09000000000000252E1	2.37999999999999989E9	-1.40253270101381178E2
2.09000000000000252E1	2.38999999999999968E9	-1.39561294830827443E2
2.09000000000000252E1	2.39999999999999991E9	-1.38690334319028929E2
2.09000000000000252E1	2.41000000000000014E9	-1.37568370386609606E2
2.09000000000000252E1	2.41999999999999993E9	-1.36083779191247589E2
2.09000000000000252E1	2.43000000000000016E9	-1.34052166055200006E2
2.09000000000000252E1	2.43999999999999995E9	-1.31146943434145080E2
2.09000000000000252E1	2.45000000000000018E9	-1.26867325286877830E2
2.09000000000000252E1	2.45999999999999996E9	-1.16904811467408787E2
2.09000000000000252E1	2.46999999999999975E9	-1.27436357334808248E2
2.09000000000000252E1	2.47999999999999998E9	-1.31666266937331544E2
2.09000000000000252E1	2.48999999999999977E9	-1.34532842333199709E2
2.09000000000000252E1	2.50000000000000000E9	-1.36552184249585418E2
2.09000000000000252E1	2.51000000000000023E9	-1.38033898993189874E2
2.09000000000000252E1	2.52000000000000002E9	-1.39154412857609433E2
2.09000000000000252E1	2.53000000000000025E9	-1.40022475022640269E2
2.09000000000000252E1	2.54000000000000004E9	-1.40709490138607185E2
2.09000000000000252E1	2.54999999999999982E9	-1.41264337681391194E2
2.09000000000000252E1	2.56000000000000005E9	-1.41721398294869982E2
2.09000000000000252E1	2.56999999999999984E9	-1.42105311586524974E2
2.09000000000000252E1	2.58000000000000007E9	-1.42433986409219271E2
2.09000000000000252E1	2.58999999999999986E9	-1.42720590321749286E2
2.09000000000000252E1	2.60000000000000009E9	-1.42974901657944753E2
2.09000000000000252E1	2.61000000000000032E9	-1.43204246491552611E2
2.09000000000000252E1	2.62000000000000011E9	-1.43414157419088273E2
2.09000000000000252E1	2.62999999999999989E9	-1.43608842577204721E2
2.09000000000000252E1	2.63999999999999968E9	-1.43791522955151629E2
2.09000000000000252E1	2.64999999999999991E9	-1.43964677306353317E2
2.09000000000000252E1	2.66000000000000014E9	-1.44130222105527106E2
2.09000000000000252E1	2.66999999999999993E9	-1.44289644576105802E2
2.09000000000000252E1	2.68000000000000016E9	-1.44444102170863742E2
2.09000000000000252E1	2.68999999999999995E9	-1.44594497358134544E2
2.09000000000000252E1	2.70000000000000018E9	-1.44741534545388317E2

var_c	indep(index, 1)	plot_vs(pnmx, noisefreq)[188, ::]
2.10000000000000275E1	2.29999999999999982E9	-1.43021725332077887E2
2.10000000000000275E1	2.31000000000000005E9	-1.42804490093532821E2
2.10000000000000275E1	2.31999999999999984E9	-1.42567190171751124E2
2.10000000000000275E1	2.33000000000000007E9	-1.42304390188614271E2
2.10000000000000275E1	2.33999999999999986E9	-1.42008920536667915E2
2.10000000000000275E1	2.35000000000000009E9	-1.41671237629795277E2
2.10000000000000275E1	2.36000000000000032E9	-1.41278505899905205E2
2.10000000000000275E1	2.37000000000000011E9	-1.40813254414132016E2
2.10000000000000275E1	2.37999999999999989E9	-1.40251366058405758E2
2.10000000000000275E1	2.38999999999999968E9	-1.39558967150625213E2
2.10000000000000275E1	2.39999999999999991E9	-1.38687396414007114E2
2.10000000000000275E1	2.41000000000000014E9	-1.37564536769827472E2
2.10000000000000275E1	2.41999999999999993E9	-1.36078595063516117E2
2.10000000000000275E1	2.43000000000000016E9	-1.34044859930699167E2
2.10000000000000275E1	2.43999999999999995E9	-1.31136154997263121E2
2.10000000000000275E1	2.45000000000000018E9	-1.26851660553405532E2
2.10000000000000275E1	2.45999999999999996E9	-1.17335361618584444E2
2.10000000000000275E1	2.46999999999999975E9	-1.27455929244783639E2
2.10000000000000275E1	2.47999999999999998E9	-1.31679702007847554E2
2.10000000000000275E1	2.48999999999999977E9	-1.34542184023431832E2
2.10000000000000275E1	2.50000000000000000E9	-1.36559005341130968E2
2.10000000000000275E1	2.51000000000000023E9	-1.38039045756548440E2
2.10000000000000275E1	2.52000000000000002E9	-1.39158383030352573E2
2.10000000000000275E1	2.53000000000000025E9	-1.40025587773893734E2
2.10000000000000275E1	2.54000000000000004E9	-1.40711962489657805E2
2.10000000000000275E1	2.54999999999999982E9	-1.41266323390786819E2
2.10000000000000275E1	2.56000000000000005E9	-1.41723009036684888E2
2.10000000000000275E1	2.56999999999999984E9	-1.42106629721061961E2
2.10000000000000275E1	2.58000000000000007E9	-1.42435073645937171E2
2.10000000000000275E1	2.58999999999999986E9	-1.42721493431683033E2
2.10000000000000275E1	2.60000000000000009E9	-1.42975656339646773E2
2.10000000000000275E1	2.61000000000000032E9	-1.43204880243934984E2
2.10000000000000275E1	2.62000000000000011E9	-1.43414691656809579E2
2.10000000000000275E1	2.62999999999999989E9	-1.43609294128303078E2
2.10000000000000275E1	2.63999999999999968E9	-1.43791904991471764E2
2.10000000000000275E1	2.64999999999999991E9	-1.43965000358298978E2
2.10000000000000275E1	2.66000000000000014E9	-1.44130494598009107E2
2.10000000000000275E1	2.66999999999999993E9	-1.44289873248618106E2
2.10000000000000275E1	2.68000000000000016E9	-1.44444292491245907E2
2.10000000000000275E1	2.68999999999999995E9	-1.44594653793228112E2
2.10000000000000275E1	2.70000000000000018E9	-1.44741660735256561E2

var_c	indep(index, 1)	plot_vs(pnmx, noisefreq)[189, ::]
2.11000000000000298E1	2.29999999999999982E9	-1.43020785539022399E2
2.11000000000000298E1	2.31000000000000005E9	-1.42803525476690596E2
2.11000000000000298E1	2.31999999999999984E9	-1.42566188661892435E2
2.11000000000000298E1	2.33000000000000007E9	-1.42303335434040212E2
2.11000000000000298E1	2.33999999999999986E9	-1.42007790230422537E2
2.11000000000000298E1	2.35000000000000009E9	-1.41670000998763568E2
2.11000000000000298E1	2.36000000000000032E9	-1.41277119944289042E2
2.11000000000000298E1	2.37000000000000011E9	-1.40811658783179583E2
2.11000000000000298E1	2.37999999999999989E9	-1.40249474700184695E2
2.11000000000000298E1	2.38999999999999968E9	-1.39556655150485875E2
2.11000000000000298E1	2.39999999999999991E9	-1.38684478577798176E2
2.11000000000000298E1	2.41000000000000014E9	-1.37560730631416273E2
2.11000000000000298E1	2.41999999999999993E9	-1.36073448860427071E2
2.11000000000000298E1	2.43000000000000016E9	-1.34037608907194494E2
2.11000000000000298E1	2.43999999999999995E9	-1.31125452401386489E2
2.11000000000000298E1	2.45000000000000018E9	-1.26836139733124909E2
2.11000000000000298E1	2.45999999999999996E9	-1.17722631530891264E2
2.11000000000000298E1	2.46999999999999975E9	-1.27475304246463361E2
2.11000000000000298E1	2.47999999999999998E9	-1.31692987047619292E2
2.11000000000000298E1	2.48999999999999977E9	-1.34551420516350739E2
2.11000000000000298E1	2.50000000000000000E9	-1.36565748149526689E2
2.11000000000000298E1	2.51000000000000023E9	-1.38044132728652946E2
2.11000000000000298E1	2.52000000000000002E9	-1.39162306495966326E2
2.11000000000000298E1	2.53000000000000025E9	-1.40028663095365902E2
2.11000000000000298E1	2.54000000000000004E9	-1.40714404592128184E2
2.11000000000000298E1	2.54999999999999982E9	-1.41268284477087414E2
2.11000000000000298E1	2.56000000000000005E9	-1.41724599227246362E2
2.11000000000000298E1	2.56999999999999984E9	-1.42107930694934015E2
2.11000000000000298E1	2.58000000000000007E9	-1.42436146483656390E2
2.11000000000000298E1	2.58999999999999986E9	-1.42722384235836053E2
2.11000000000000298E1	2.60000000000000009E9	-1.42976400455774577E2
2.11000000000000298E1	2.61000000000000032E9	-1.43205504920299576E2
2.11000000000000298E1	2.62000000000000011E9	-1.43415218047238069E2
2.11000000000000298E1	2.62999999999999989E9	-1.43609738785963503E2
2.11000000000000298E1	2.63999999999999968E9	-1.43792281011828638E2
2.11000000000000298E1	2.64999999999999991E9	-1.43965318118462338E2
2.11000000000000298E1	2.66000000000000014E9	-1.44130762375403898E2
2.11000000000000298E1	2.66999999999999993E9	-1.44290097771052883E2
2.11000000000000298E1	2.68000000000000016E9	-1.44444479128539127E2
2.11000000000000298E1	2.68999999999999995E9	-1.44594806966303713E2
2.11000000000000298E1	2.70000000000000018E9	-1.44741784041848343E2

var_c	indep(index, 1)	plot_vs(pnmx, noisefreq)[190, ::]
2.12000000000000322E1	2.29999999999999982E9	-1.43019852360567024E2
2.12000000000000322E1	2.31000000000000005E9	-1.42802567441687844E2
2.12000000000000322E1	2.31999999999999984E9	-1.42565193893433140E2
2.12000000000000322E1	2.33000000000000007E9	-1.42302287728154364E2
2.12000000000000322E1	2.33999999999999986E9	-1.42006667364658723E2
2.12000000000000322E1	2.35000000000000009E9	-1.41668772303037516E2
2.12000000000000322E1	2.36000000000000032E9	-1.41275742896920109E2
2.12000000000000322E1	2.37000000000000011E9	-1.40810073493778454E2
2.12000000000000322E1	2.37999999999999989E9	-1.40247595661343682E2
2.12000000000000322E1	2.38999999999999968E9	-1.39554358623726094E2
2.12000000000000322E1	2.39999999999999991E9	-1.38681581039809565E2
2.12000000000000322E1	2.41000000000000014E9	-1.37556951507043790E2
2.12000000000000322E1	2.41999999999999993E9	-1.36068340329009230E2
2.12000000000000322E1	2.43000000000000016E9	-1.34030412489437056E2
2.12000000000000322E1	2.43999999999999995E9	-1.31114833664990837E2
2.12000000000000322E1	2.45000000000000018E9	-1.26820760505939645E2
2.12000000000000322E1	2.45999999999999996E9	-1.18072445323957087E2
2.12000000000000322E1	2.46999999999999975E9	-1.27494488020812513E2
2.12000000000000322E1	2.47999999999999998E9	-1.31706125054314560E2
2.12000000000000322E1	2.48999999999999977E9	-1.34560552931479349E2
2.12000000000000322E1	2.50000000000000000E9	-1.36572414309964918E2
2.12000000000000322E1	2.51000000000000023E9	-1.38049161201861303E2
2.12000000000000322E1	2.52000000000000002E9	-1.39166183961952417E2
2.12000000000000322E1	2.53000000000000025E9	-1.40031701676305298E2
2.12000000000000322E1	2.54000000000000004E9	-1.40716817020667362E2
2.12000000000000322E1	2.54999999999999982E9	-1.41270221037366395E2
2.12000000000000322E1	2.56000000000000005E9	-1.41726169377758460E2
2.12000000000000322E1	2.56999999999999984E9	-1.42109214955540941E2
2.12000000000000322E1	2.58000000000000007E9	-1.42437205077211604E2
2.12000000000000322E1	2.58999999999999986E9	-1.42723263011055335E2
2.12000000000000322E1	2.60000000000000009E9	-1.42977134276365492E2
2.12000000000000322E1	2.61000000000000032E9	-1.43206120681815663E2
2.12000000000000322E1	2.62000000000000011E9	-1.43415736704782160E2
2.12000000000000322E1	2.62999999999999989E9	-1.43610176692831137E2
2.12000000000000322E1	2.63999999999999968E9	-1.43792651098639168E2
2.12000000000000322E1	2.64999999999999991E9	-1.43965630650072507E2
2.12000000000000322E1	2.66000000000000014E9	-1.44131025575107219E2
2.12000000000000322E1	2.66999999999999993E9	-1.44290318216737168E2
2.12000000000000322E1	2.68000000000000016E9	-1.44444662173137028E2
2.12000000000000322E1	2.68999999999999995E9	-1.44594956951992404E2
2.12000000000000322E1	2.70000000000000018E9	-1.44741904525269227E2

var_c	indep(index, 1)	plot_vs(pnmx, noisefreq)[191, ::]
2.13000000000000345E1	2.29999999999999982E9	-1.43018925716825640E2
2.13000000000000345E1	2.31000000000000005E9	-1.42801616029269152E2
2.13000000000000345E1	2.31999999999999984E9	-1.42564205856536663E2
2.13000000000000345E1	2.33000000000000007E9	-1.42301246966697503E2
2.13000000000000345E1	2.33999999999999986E9	-1.42005551826742171E2
2.13000000000000345E1	2.35000000000000009E9	-1.41667551637789813E2
2.13000000000000345E1	2.36000000000000032E9	-1.41274374829480398E2
2.13000000000000345E1	2.37000000000000011E9	-1.40808498591883113E2
2.13000000000000345E1	2.37999999999999989E9	-1.40245729169158584E2
2.13000000000000345E1	2.38999999999999968E9	-1.39552077414382980E2
2.13000000000000345E1	2.39999999999999991E9	-1.38678703210677834E2
2.13000000000000345E1	2.41000000000000014E9	-1.37553198681183853E2
2.13000000000000345E1	2.41999999999999993E9	-1.36063268713943275E2
2.13000000000000345E1	2.43000000000000016E9	-1.34023269653542232E2
2.13000000000000345E1	2.43999999999999995E9	-1.31104298692029997E2
2.13000000000000345E1	2.45000000000000018E9	-1.26805523289417255E2
2.13000000000000345E1	2.45999999999999996E9	-1.18389602090945756E2
2.13000000000000345E1	2.46999999999999975E9	-1.27513480190012318E2
2.13000000000000345E1	2.47999999999999998E9	-1.31719117244413897E2
2.13000000000000345E1	2.48999999999999977E9	-1.34569583495307521E2
2.13000000000000345E1	2.50000000000000000E9	-1.36579005298625766E2
2.13000000000000345E1	2.51000000000000023E9	-1.38054131841680094E2
2.13000000000000345E1	2.52000000000000002E9	-1.39170016062398250E2
2.13000000000000345E1	2.53000000000000025E9	-1.40034704153094336E2
2.13000000000000345E1	2.54000000000000004E9	-1.40719200215224016E2
2.13000000000000345E1	2.54999999999999982E9	-1.41272133775640096E2
2.13000000000000345E1	2.56000000000000005E9	-1.41727719620923232E2
2.13000000000000345E1	2.56999999999999984E9	-1.42110482591184417E2
2.13000000000000345E1	2.58000000000000007E9	-1.42438249783574955E2
2.13000000000000345E1	2.58999999999999986E9	-1.42724129904105501E2
2.13000000000000345E1	2.60000000000000009E9	-1.42977857945048425E2
2.13000000000000345E1	2.61000000000000032E9	-1.43206727731199202E2
2.13000000000000345E1	2.62000000000000011E9	-1.43416247770592697E2
2.13000000000000345E1	2.62999999999999989E9	-1.43610607995146866E2
2.13000000000000345E1	2.63999999999999968E9	-1.43793015388120970E2
2.13000000000000345E1	2.64999999999999991E9	-1.43965938092919665E2
2.13000000000000345E1	2.66000000000000014E9	-1.44131284275526528E2
2.13000000000000345E1	2.66999999999999993E9	-1.44290534683435068E2
2.13000000000000345E1	2.68000000000000016E9	-1.44444841700767390E2
2.13000000000000345E1	2.68999999999999995E9	-1.44595103815436765E2
2.13000000000000345E1	2.70000000000000018E9	-1.44742022231881529E2

var_c	indep(index, 1)	plot_vs(pnmx, noisefreq)[192, ::]
2.14000000000000323E1	2.29999999999999982E9	-1.43018005568074891E2
2.14000000000000323E1	2.31000000000000005E9	-1.42800671131514778E2
2.14000000000000323E1	2.31999999999999984E9	-1.42563224450824988E2
2.14000000000000323E1	2.33000000000000007E9	-1.42300213104588291E2
2.14000000000000323E1	2.33999999999999986E9	-1.42004443550048198E2
2.14000000000000323E1	2.35000000000000009E9	-1.41666338834566075E2
2.14000000000000323E1	2.36000000000000032E9	-1.41273015568560933E2
2.14000000000000323E1	2.37000000000000011E9	-1.40806933834675285E2
2.14000000000000323E1	2.37999999999999989E9	-1.40243874802247936E2
2.14000000000000323E1	2.38999999999999968E9	-1.39549811575991733E2
2.14000000000000323E1	2.39999999999999991E9	-1.38675844977552787E2
2.14000000000000323E1	2.41000000000000014E9	-1.37549472526469918E2
2.14000000000000323E1	2.41999999999999993E9	-1.36058233701177711E2
2.14000000000000323E1	2.43000000000000016E9	-1.34016180146138408E2
2.14000000000000323E1	2.43999999999999995E9	-1.31093845754823413E2
2.14000000000000323E1	2.45000000000000018E9	-1.26790424822509484E2
2.14000000000000323E1	2.45999999999999996E9	-1.18678135893159875E2
2.14000000000000323E1	2.46999999999999975E9	-1.27532284844210420E2
2.14000000000000323E1	2.47999999999999998E9	-1.31731967012131124E2
2.14000000000000323E1	2.48999999999999977E9	-1.34578513295726365E2
2.14000000000000323E1	2.50000000000000000E9	-1.36585522012045524E2
2.14000000000000323E1	2.51000000000000023E9	-1.38059045797894164E2
2.14000000000000323E1	2.52000000000000002E9	-1.39173803532043250E2
2.14000000000000323E1	2.53000000000000025E9	-1.40037671149963328E2
2.14000000000000323E1	2.54000000000000004E9	-1.40721554642943092E2
2.14000000000000323E1	2.54999999999999982E9	-1.41274023023055606E2
2.14000000000000323E1	2.56000000000000005E9	-1.41729250532169759E2
2.14000000000000323E1	2.56999999999999984E9	-1.42111733988128131E2
2.14000000000000323E1	2.58000000000000007E9	-1.42439280799699053E2
2.14000000000000323E1	2.58999999999999986E9	-1.42724985271416394E2
2.14000000000000323E1	2.60000000000000009E9	-1.42978571691045997E2
2.14000000000000323E1	2.61000000000000032E9	-1.43207326162594173E2
2.14000000000000323E1	2.62000000000000011E9	-1.43416751377081875E2
2.14000000000000323E1	2.62999999999999989E9	-1.43611032793314397E2
2.14000000000000323E1	2.63999999999999968E9	-1.43793374005950447E2
2.14000000000000323E1	2.64999999999999991E9	-1.43966240544849455E2
2.14000000000000323E1	2.66000000000000014E9	-1.44131538565536954E2
2.14000000000000323E1	2.66999999999999993E9	-1.44290747254194485E2
2.14000000000000323E1	2.68000000000000016E9	-1.44445017764893069E2
2.14000000000000323E1	2.68999999999999995E9	-1.44595247616662204E2
2.14000000000000323E1	2.70000000000000018E9	-1.44742137249177638E2

var_c	indep(index, 1)	plot_vs(pnmx, noisefreq)[193, ::]
2.15000000000000346E1	2.29999999999999982E9	-1.43017091811555908E2
2.15000000000000346E1	2.31000000000000005E9	-1.42799732722754635E2
2.15000000000000346E1	2.31999999999999984E9	-1.42562249685642639E2
2.15000000000000346E1	2.33000000000000007E9	-1.42299186054769855E2
2.15000000000000346E1	2.33999999999999986E9	-1.42003342541211985E2
2.15000000000000346E1	2.35000000000000009E9	-1.41665133918131714E2
2.15000000000000346E1	2.36000000000000032E9	-1.41271664992273371E2
2.15000000000000346E1	2.37000000000000011E9	-1.40805379237625372E2
2.15000000000000346E1	2.37999999999999989E9	-1.40242032571241748E2
2.15000000000000346E1	2.38999999999999968E9	-1.39547560727769104E2
2.15000000000000346E1	2.39999999999999991E9	-1.38673006516646979E2
2.15000000000000346E1	2.41000000000000014E9	-1.37545772268083111E2
2.15000000000000346E1	2.41999999999999993E9	-1.36053234742690909E2
2.15000000000000346E1	2.43000000000000016E9	-1.34009143304981215E2
2.15000000000000346E1	2.43999999999999995E9	-1.31083473827630193E2
2.15000000000000346E1	2.45000000000000018E9	-1.26775462955575047E2
2.15000000000000346E1	2.45999999999999996E9	-1.18941451961031874E2
2.15000000000000346E1	2.46999999999999975E9	-1.27550903708123653E2
2.15000000000000346E1	2.47999999999999998E9	-1.31744676003200389E2
2.15000000000000346E1	2.48999999999999977E9	-1.34587344403596432E2
2.15000000000000346E1	2.50000000000000000E9	-1.36591965665463388E2
2.15000000000000346E1	2.51000000000000023E9	-1.38063903791933140E2
2.15000000000000346E1	2.52000000000000002E9	-1.39177547409384106E2
2.15000000000000346E1	2.53000000000000025E9	-1.40040603095311167E2
2.15000000000000346E1	2.54000000000000004E9	-1.40723880907573262E2
2.15000000000000346E1	2.54999999999999982E9	-1.41275889147150369E2
2.15000000000000346E1	2.56000000000000005E9	-1.41730762313572090E2
2.15000000000000346E1	2.56999999999999984E9	-1.42112969434137382E2
2.15000000000000346E1	2.58000000000000007E9	-1.42440298432538381E2
2.15000000000000346E1	2.58999999999999986E9	-1.42725829153241368E2
2.15000000000000346E1	2.60000000000000009E9	-1.42979275640653980E2
2.15000000000000346E1	2.61000000000000032E9	-1.43207916225782084E2
2.15000000000000346E1	2.62000000000000011E9	-1.43417247724571939E2
2.15000000000000346E1	2.62999999999999989E9	-1.43611451247498434E2
2.15000000000000346E1	2.63999999999999968E9	-1.43793727056468290E2
2.15000000000000346E1	2.64999999999999991E9	-1.43966538084237161E2
2.15000000000000346E1	2.66000000000000014E9	-1.44131788532363547E2
2.15000000000000346E1	2.66999999999999993E9	-1.44290956017066518E2
2.15000000000000346E1	2.68000000000000016E9	-1.44445190461034190E2
2.15000000000000346E1	2.68999999999999995E9	-1.44595388429761385E2
2.15000000000000346E1	2.70000000000000018E9	-1.44742249609265916E2

var_c	indep(index, 1)	plot_vs(pnmx, noisefreq)[194, ::]
2.16000000000000369E1	2.29999999999999982E9	-1.43016184431317539E2
2.16000000000000369E1	2.31000000000000005E9	-1.42798800721631003E2
2.16000000000000369E1	2.31999999999999984E9	-1.42561281437033593E2
2.16000000000000369E1	2.33000000000000007E9	-1.42298165764008444E2
2.16000000000000369E1	2.33999999999999986E9	-1.42002248672573561E2
2.16000000000000369E1	2.35000000000000009E9	-1.41663936707837368E2
2.16000000000000369E1	2.36000000000000032E9	-1.41270323239306528E2
2.16000000000000369E1	2.37000000000000011E9	-1.40803834678631890E2
2.16000000000000369E1	2.37999999999999989E9	-1.40240202358468857E2
2.16000000000000369E1	2.38999999999999968E9	-1.39545324974933149E2
2.16000000000000369E1	2.39999999999999991E9	-1.38670187172683912E2
2.16000000000000369E1	2.41000000000000014E9	-1.37542097937877283E2
2.16000000000000369E1	2.41999999999999993E9	-1.36048272067906484E2
2.16000000000000369E1	2.43000000000000016E9	-1.34002158176568198E2
2.16000000000000369E1	2.43999999999999995E9	-1.31073182768044960E2
2.16000000000000369E1	2.45000000000000018E9	-1.26760638390866309E2
2.16000000000000369E1	2.45999999999999996E9	-1.19182465917309943E2
2.16000000000000369E1	2.46999999999999975E9	-1.27569338124773868E2
2.16000000000000369E1	2.47999999999999998E9	-1.31757245939154233E2
2.16000000000000369E1	2.48999999999999977E9	-1.34596077960866833E2
2.16000000000000369E1	2.50000000000000000E9	-1.36598337644059509E2
2.16000000000000369E1	2.51000000000000023E9	-1.38068706881209557E2
2.16000000000000369E1	2.52000000000000002E9	-1.39181248277703928E2
2.16000000000000369E1	2.53000000000000025E9	-1.40043500876014759E2
2.16000000000000369E1	2.54000000000000004E9	-1.40726179362389869E2
2.16000000000000369E1	2.54999999999999982E9	-1.41277732534567746E2
2.16000000000000369E1	2.56000000000000005E9	-1.41732255269339436E2
2.16000000000000369E1	2.56999999999999984E9	-1.42114189273084524E2
2.16000000000000369E1	2.58000000000000007E9	-1.42441302830805117E2
2.16000000000000369E1	2.58999999999999986E9	-1.42726661852567704E2
2.16000000000000369E1	2.60000000000000009E9	-1.42979970016191693E2
2.16000000000000369E1	2.61000000000000032E9	-1.43208498027155384E2
2.16000000000000369E1	2.62000000000000011E9	-1.43417736920401917E2
2.16000000000000369E1	2.62999999999999989E9	-1.43611863468336987E2
2.16000000000000369E1	2.63999999999999968E9	-1.43794074633647240E2
2.16000000000000369E1	2.64999999999999991E9	-1.43966830839635196E2
2.16000000000000369E1	2.66000000000000014E9	-1.44132034265112496E2
2.16000000000000369E1	2.66999999999999993E9	-1.44291161027421877E2
2.16000000000000369E1	2.68000000000000016E9	-1.44445359839552712E2
2.16000000000000369E1	2.68999999999999995E9	-1.44595526323586854E2
2.16000000000000369E1	2.70000000000000018E9	-1.44742359394471798E2

var_c	indep(index, 1)	plot_vs(pnmx, noisefreq)[195, ::]
2.17000000000000393E1	2.29999999999999982E9	-1.43015283357166423E2
2.17000000000000393E1	2.31000000000000005E9	-1.42797875051937817E2
2.17000000000000393E1	2.31999999999999984E9	-1.42560319683730974E2
2.17000000000000393E1	2.33000000000000007E9	-1.42297152221952627E2
2.17000000000000393E1	2.33999999999999986E9	-1.42001161901983619E2
2.17000000000000393E1	2.35000000000000009E9	-1.41662747242165121E2
2.17000000000000393E1	2.36000000000000032E9	-1.41268989974430470E2
2.17000000000000393E1	2.37000000000000011E9	-1.40802299960717181E2
2.17000000000000393E1	2.37999999999999989E9	-1.40238384102607272E2
2.17000000000000393E1	2.38999999999999968E9	-1.39543103899696597E2
2.17000000000000393E1	2.39999999999999991E9	-1.38667386983716678E2
2.17000000000000393E1	2.41000000000000014E9	-1.37538449139223085E2
2.17000000000000393E1	2.41999999999999993E9	-1.36043344503078689E2
2.17000000000000393E1	2.43000000000000016E9	-1.33995225035797039E2
2.17000000000000393E1	2.43999999999999995E9	-1.31062970844815285E2
2.17000000000000393E1	2.45000000000000018E9	-1.26745946033828094E2
2.17000000000000393E1	2.45999999999999996E9	-1.19403679468298085E2
2.17000000000000393E1	2.46999999999999975E9	-1.27587591767611785E2
2.17000000000000393E1	2.47999999999999998E9	-1.31769680283849455E2
2.17000000000000393E1	2.48999999999999977E9	-1.34604716204675245E2
2.17000000000000393E1	2.50000000000000000E9	-1.36604638860832073E2
2.17000000000000393E1	2.51000000000000023E9	-1.38073456019156393E2
2.17000000000000393E1	2.52000000000000002E9	-1.39184906629452199E2
2.17000000000000393E1	2.53000000000000025E9	-1.40046364812556545E2
2.17000000000000393E1	2.54000000000000004E9	-1.40728450515589665E2
2.17000000000000393E1	2.54999999999999982E9	-1.41279553631544230E2
2.17000000000000393E1	2.56000000000000005E9	-1.41733729849266910E2
2.17000000000000393E1	2.56999999999999984E9	-1.42115393689221836E2
2.17000000000000393E1	2.58000000000000007E9	-1.42442294282341009E2
2.17000000000000393E1	2.58999999999999986E9	-1.42727483576178660E2
2.17000000000000393E1	2.60000000000000009E9	-1.42980654994585743E2
2.17000000000000393E1	2.61000000000000032E9	-1.43209071696311940E2
2.17000000000000393E1	2.62000000000000011E9	-1.43418219049918827E2
2.17000000000000393E1	2.62999999999999989E9	-1.43612269548226301E2
2.17000000000000393E1	2.63999999999999968E9	-1.43794416854113960E2
2.17000000000000393E1	2.64999999999999991E9	-1.43967118868497268E2
2.17000000000000393E1	2.66000000000000014E9	-1.44132275848087521E2
2.17000000000000393E1	2.66999999999999993E9	-1.44291362389743227E2
2.17000000000000393E1	2.68000000000000016E9	-1.44445525993389667E2
2.17000000000000393E1	2.68999999999999995E9	-1.44595661350760230E2
2.17000000000000393E1	2.70000000000000018E9	-1.44742466659533697E2

var_c	indep(index, 1)	plot_vs(pnmx, noisefreq)[196, ::]
2.18000000000000416E1	2.29999999999999982E9	-1.43014388503966638E2
2.18000000000000416E1	2.31000000000000005E9	-1.42796955655897273E2
2.18000000000000416E1	2.31999999999999984E9	-1.42559364329101568E2
2.18000000000000416E1	2.33000000000000007E9	-1.42296145322717882E2
2.18000000000000416E1	2.33999999999999986E9	-1.42000082188247267E2
2.18000000000000416E1	2.35000000000000009E9	-1.41661565409441037E2
2.18000000000000416E1	2.36000000000000032E9	-1.41267665359173922E2
2.18000000000000416E1	2.37000000000000011E9	-1.40800775176876458E2
2.18000000000000416E1	2.37999999999999989E9	-1.40236577610927959E2
2.18000000000000416E1	2.38999999999999968E9	-1.39540897542342979E2
2.18000000000000416E1	2.39999999999999991E9	-1.38664605645282024E2
2.18000000000000416E1	2.41000000000000014E9	-1.37534825472743738E2
2.18000000000000416E1	2.41999999999999993E9	-1.36038452246729191E2
2.18000000000000416E1	2.43000000000000016E9	-1.33988342232955171E2
2.18000000000000416E1	2.43999999999999995E9	-1.31052837437356451E2
2.18000000000000416E1	2.45000000000000018E9	-1.26731386568653148E2
2.18000000000000416E1	2.45999999999999996E9	-1.19607237181584192E2
2.18000000000000416E1	2.46999999999999975E9	-1.27605666349015312E2
2.18000000000000416E1	2.47999999999999998E9	-1.31781979591948240E2
2.18000000000000416E1	2.48999999999999977E9	-1.34613259613316716E2
2.18000000000000416E1	2.50000000000000000E9	-1.36610870348513447E2
2.18000000000000416E1	2.51000000000000023E9	-1.38078151837545837E2
2.18000000000000416E1	2.52000000000000002E9	-1.39188523322615687E2
2.18000000000000416E1	2.53000000000000025E9	-1.40049195672007265E2
2.18000000000000416E1	2.54000000000000004E9	-1.40730694901067355E2
2.18000000000000416E1	2.54999999999999982E9	-1.41281352883908129E2
2.18000000000000416E1	2.56000000000000005E9	-1.41735186316043693E2
2.18000000000000416E1	2.56999999999999984E9	-1.42116582996538665E2
2.18000000000000416E1	2.58000000000000007E9	-1.42443273021462269E2
2.18000000000000416E1	2.58999999999999986E9	-1.42728294480565365E2
2.18000000000000416E1	2.60000000000000009E9	-1.42981330731549194E2
2.18000000000000416E1	2.61000000000000032E9	-1.43209637436105286E2
2.18000000000000416E1	2.62000000000000011E9	-1.43418694323711837E2
2.18000000000000416E1	2.62999999999999989E9	-1.43612669645852753E2
2.18000000000000416E1	2.63999999999999968E9	-1.43794753821417176E2
2.18000000000000416E1	2.64999999999999991E9	-1.43967402294113977E2
2.18000000000000416E1	2.66000000000000014E9	-1.44132513376263804E2
2.18000000000000416E1	2.66999999999999993E9	-1.44291560154182963E2
2.18000000000000416E1	2.68000000000000016E9	-1.44445688977615361E2
2.18000000000000416E1	2.68999999999999995E9	-1.44595793588149202E2
2.18000000000000416E1	2.70000000000000018E9	-1.44742571438862444E2

var_c	indep(index, 1)	plot_vs(pnmx, noisefreq)[197, ::]
2.19000000000000394E1	2.29999999999999982E9	-1.43013499819674017E2
2.19000000000000394E1	2.31000000000000005E9	-1.42796042527913336E2
2.19000000000000394E1	2.31999999999999984E9	-1.42558415331946442E2
2.19000000000000394E1	2.33000000000000007E9	-1.42295145043920757E2
2.19000000000000394E1	2.33999999999999986E9	-1.41999009462318448E2
2.19000000000000394E1	2.35000000000000009E9	-1.41660391157897481E2
2.19000000000000394E1	2.36000000000000032E9	-1.41266349100819655E2
2.19000000000000394E1	2.37000000000000011E9	-1.40799260149952143E2
2.19000000000000394E1	2.37999999999999989E9	-1.40234782832132554E2
2.19000000000000394E1	2.38999999999999968E9	-1.39538705737489233E2
2.19000000000000394E1	2.39999999999999991E9	-1.38661843178312649E2
2.19000000000000394E1	2.41000000000000014E9	-1.37531226986753952E2
2.19000000000000394E1	2.41999999999999993E9	-1.36033594714303474E2
2.19000000000000394E1	2.43000000000000016E9	-1.33981510225151323E2
2.19000000000000394E1	2.43999999999999995E9	-1.31042781974548772E2
2.19000000000000394E1	2.45000000000000018E9	-1.26716957842952604E2
2.19000000000000394E1	2.45999999999999996E9	-1.19795010743019326E2
2.19000000000000394E1	2.46999999999999975E9	-1.27623563928862582E2
2.19000000000000394E1	2.47999999999999998E9	-1.31794147162645969E2
2.19000000000000394E1	2.48999999999999977E9	-1.34621710466278310E2
2.19000000000000394E1	2.50000000000000000E9	-1.36617033590894943E2
2.19000000000000394E1	2.51000000000000023E9	-1.38082795244735612E2
2.19000000000000394E1	2.52000000000000002E9	-1.39192099111627066E2
2.19000000000000394E1	2.53000000000000025E9	-1.40051993640677552E2
2.19000000000000394E1	2.54000000000000004E9	-1.40732912921313824E2
2.19000000000000394E1	2.54999999999999982E9	-1.41283130511239863E2
2.19000000000000394E1	2.56000000000000005E9	-1.41736624972445502E2
2.19000000000000394E1	2.56999999999999984E9	-1.42117757486488849E2
2.19000000000000394E1	2.58000000000000007E9	-1.42444239231214942E2
2.19000000000000394E1	2.58999999999999986E9	-1.42729094771605114E2
2.19000000000000394E1	2.60000000000000009E9	-1.42981997420074558E2
2.19000000000000394E1	2.61000000000000032E9	-1.43210195325400735E2
2.19000000000000394E1	2.62000000000000011E9	-1.43419162814223311E2
2.19000000000000394E1	2.62999999999999989E9	-1.43613063823696008E2
2.19000000000000394E1	2.63999999999999968E9	-1.43795085649139276E2
2.19000000000000394E1	2.64999999999999991E9	-1.43967681207074061E2
2.19000000000000394E1	2.66000000000000014E9	-1.44132746931490585E2
2.19000000000000394E1	2.66999999999999993E9	-1.44291754403574690E2
2.19000000000000394E1	2.68000000000000016E9	-1.44445848848390090E2
2.19000000000000394E1	2.68999999999999995E9	-1.44595923079119215E2
2.19000000000000394E1	2.70000000000000018E9	-1.44742673813480671E2

var_c	indep(index, 1)	plot_vs(pnmx, noisefreq)[198, ::]
2.20000000000000417E1	2.29999999999999982E9	-1.43012617247418383E2
2.20000000000000417E1	2.31000000000000005E9	-1.42795135572947229E2
2.20000000000000417E1	2.31999999999999984E9	-1.42557472631168869E2
2.20000000000000417E1	2.33000000000000007E9	-1.42294151250319012E2
2.20000000000000417E1	2.33999999999999986E9	-1.41997943638664936E2
2.20000000000000417E1	2.35000000000000009E9	-1.41659224367934122E2
2.20000000000000417E1	2.36000000000000032E9	-1.41265041264854263E2
2.20000000000000417E1	2.37000000000000011E9	-1.40797754845760714E2
2.20000000000000417E1	2.37999999999999989E9	-1.40232999671543301E2
2.20000000000000417E1	2.38999999999999968E9	-1.39536528399458648E2
2.20000000000000417E1	2.39999999999999991E9	-1.38659099223027016E2
2.20000000000000417E1	2.41000000000000014E9	-1.37527653413433115E2
2.20000000000000417E1	2.41999999999999993E9	-1.36028771578533325E2
2.20000000000000417E1	2.43000000000000016E9	-1.33974728115870390E2
2.20000000000000417E1	2.43999999999999995E9	-1.31032803085485794E2
2.20000000000000417E1	2.45000000000000018E9	-1.26702659455650379E2
2.20000000000000417E1	2.45999999999999996E9	-1.19968627663106986E2
2.20000000000000417E1	2.46999999999999975E9	-1.27641287648036883E2
2.20000000000000417E1	2.47999999999999998E9	-1.31806184450623265E2
2.20000000000000417E1	2.48999999999999977E9	-1.34630069936685492E2
2.20000000000000417E1	2.50000000000000000E9	-1.36623129452254477E2
2.20000000000000417E1	2.51000000000000023E9	-1.38087387201299006E2
2.20000000000000417E1	2.52000000000000002E9	-1.39195634637623078E2
2.20000000000000417E1	2.53000000000000025E9	-1.40054759622202085E2
2.20000000000000417E1	2.54000000000000004E9	-1.40735104957617208E2
2.20000000000000417E1	2.54999999999999982E9	-1.41284886966927381E2
2.20000000000000417E1	2.56000000000000005E9	-1.41738046135408302E2
2.20000000000000417E1	2.56999999999999984E9	-1.42118917366181607E2
2.20000000000000417E1	2.58000000000000007E9	-1.42445193182889263E2
2.20000000000000417E1	2.58999999999999986E9	-1.42729884642974181E2
2.20000000000000417E1	2.60000000000000009E9	-1.42982655175815032E2
2.20000000000000417E1	2.61000000000000032E9	-1.43210745599345901E2
2.20000000000000417E1	2.62000000000000011E9	-1.43419624665611645E2
2.20000000000000417E1	2.62999999999999989E9	-1.43613452256239538E2
2.20000000000000417E1	2.63999999999999968E9	-1.43795412411752865E2
2.20000000000000417E1	2.64999999999999991E9	-1.43967955663720315E2
2.20000000000000417E1	2.66000000000000014E9	-1.44132976556707693E2
2.20000000000000417E1	2.66999999999999993E9	-1.44291945213965489E2
2.20000000000000417E1	2.68000000000000016E9	-1.44446005681939438E2
2.20000000000000417E1	2.68999999999999995E9	-1.44596049888480094E2
2.20000000000000417E1	2.70000000000000018E9	-1.44742773815976067E2

var_c	indep(index, 1)	plot_vs(pnmx, noisefreq)[199, ::]
2.21000000000000441E1	2.29999999999999982E9	-1.43011740755092331E2
2.21000000000000441E1	2.31000000000000005E9	-1.42794234714925916E2
2.21000000000000441E1	2.31999999999999984E9	-1.42556536176788251E2
2.21000000000000441E1	2.33000000000000007E9	-1.42293163983911053E2
2.21000000000000441E1	2.33999999999999986E9	-1.41996884645628763E2
2.21000000000000441E1	2.35000000000000009E9	-1.41658065091568131E2
2.21000000000000441E1	2.36000000000000032E9	-1.41263741711587487E2
2.21000000000000441E1	2.37000000000000011E9	-1.40796259069006413E2
2.21000000000000441E1	2.37999999999999989E9	-1.40231228029343469E2
2.21000000000000441E1	2.38999999999999968E9	-1.39534365327017329E2
2.21000000000000441E1	2.39999999999999991E9	-1.38656373503788588E2
2.21000000000000441E1	2.41000000000000014E9	-1.37524104364733790E2
2.21000000000000441E1	2.41999999999999993E9	-1.36023982434324986E2
2.21000000000000441E1	2.43000000000000016E9	-1.33967994980394312E2
2.21000000000000441E1	2.43999999999999995E9	-1.31022900404708520E2
2.21000000000000441E1	2.45000000000000018E9	-1.26688488004764710E2
2.21000000000000441E1	2.45999999999999996E9	-1.20129506493809890E2
2.21000000000000441E1	2.46999999999999975E9	-1.27658837789611779E2
2.21000000000000441E1	2.47999999999999998E9	-1.31818093035914830E2
2.21000000000000441E1	2.48999999999999977E9	-1.34638339298360599E2
2.21000000000000441E1	2.50000000000000000E9	-1.36629159137173750E2
2.21000000000000441E1	2.51000000000000023E9	-1.38091928634328798E2
2.21000000000000441E1	2.52000000000000002E9	-1.39199130289364459E2
2.21000000000000441E1	2.53000000000000025E9	-1.40057494174549846E2
2.21000000000000441E1	2.54000000000000004E9	-1.40737271533800223E2
2.21000000000000441E1	2.54999999999999982E9	-1.41286622559007413E2
2.21000000000000441E1	2.56000000000000005E9	-1.41739450078911533E2
2.21000000000000441E1	2.56999999999999984E9	-1.42120062909404088E2
2.21000000000000441E1	2.58000000000000007E9	-1.42446135037429911E2
2.21000000000000441E1	2.58999999999999986E9	-1.42730664292723008E2
2.21000000000000441E1	2.60000000000000009E9	-1.42983304182696247E2
2.21000000000000441E1	2.61000000000000032E9	-1.43211288328692210E2
2.21000000000000441E1	2.62000000000000011E9	-1.43420080009129447E2
2.21000000000000441E1	2.62999999999999989E9	-1.43613834993348921E2
2.21000000000000441E1	2.63999999999999968E9	-1.43795734229536443E2
2.21000000000000441E1	2.64999999999999991E9	-1.43968225785599380E2
2.21000000000000441E1	2.66000000000000014E9	-1.44133202370752977E2
2.21000000000000441E1	2.66999999999999993E9	-1.44292132659036731E2
2.21000000000000441E1	2.68000000000000016E9	-1.44446159551717601E2
2.21000000000000441E1	2.68999999999999995E9	-1.44596174086905993E2
2.21000000000000441E1	2.70000000000000018E9	-1.44742871505584914E2

var_c	indep(index, 1)	plot_vs(pnmx, noisefreq)[200, ::]
2.21999999999999975E1	2.29999999999999982E9	-1.43010870235454535E2
2.21999999999999975E1	2.31000000000000005E9	-1.42793339900921645E2
2.21999999999999975E1	2.31999999999999984E9	-1.42555605949724051E2
2.21999999999999975E1	2.33000000000000007E9	-1.42292183130955285E2
2.21999999999999975E1	2.33999999999999986E9	-1.41995832522088783E2
2.21999999999999975E1	2.35000000000000009E9	-1.41656913109503613E2
2.21999999999999975E1	2.36000000000000032E9	-1.41262450401788642E2
2.21999999999999975E1	2.37000000000000011E9	-1.40794772897393816E2
2.21999999999999975E1	2.37999999999999989E9	-1.40229467679814412E2
2.21999999999999975E1	2.38999999999999968E9	-1.39532216343969706E2
2.21999999999999975E1	2.39999999999999991E9	-1.38653666278002907E2
2.21999999999999975E1	2.41000000000000014E9	-1.37520579609558347E2
2.21999999999999975E1	2.41999999999999993E9	-1.36019227090481953E2
2.21999999999999975E1	2.43000000000000016E9	-1.33961310494542318E2
2.21999999999999975E1	2.43999999999999995E9	-1.31013072690661514E2
2.21999999999999975E1	2.45000000000000018E9	-1.26674443029475325E2
2.21999999999999975E1	2.45999999999999996E9	-1.20278908620674563E2
2.21999999999999975E1	2.46999999999999975E9	-1.27676217950750703E2
2.21999999999999975E1	2.47999999999999998E9	-1.31829875449591793E2
2.21999999999999975E1	2.48999999999999977E9	-1.34646520620691446E2
2.21999999999999975E1	2.50000000000000000E9	-1.36635123364155886E2
2.21999999999999975E1	2.51000000000000023E9	-1.38096420236230744E2
2.21999999999999975E1	2.52000000000000002E9	-1.39202587132412359E2
2.21999999999999975E1	2.53000000000000025E9	-1.40060197519803498E2
2.21999999999999975E1	2.54000000000000004E9	-1.40739412957290200E2
2.21999999999999975E1	2.54999999999999982E9	-1.41288337698768118E2
2.21999999999999975E1	2.56000000000000005E9	-1.41740837111458040E2
2.21999999999999975E1	2.56999999999999984E9	-1.42121194336608347E2
2.21999999999999975E1	2.58000000000000007E9	-1.42447065101458703E2
2.21999999999999975E1	2.58999999999999986E9	-1.42731433877882985E2
2.21999999999999975E1	2.60000000000000009E9	-1.42983944618196013E2
2.21999999999999975E1	2.61000000000000032E9	-1.43211823674320238E2
2.21999999999999975E1	2.62000000000000011E9	-1.43420528962708471E2
2.21999999999999975E1	2.62999999999999989E9	-1.43614212193884372E2
2.21999999999999975E1	2.63999999999999968E9	-1.43796051176711104E2
2.21999999999999975E1	2.64999999999999991E9	-1.43968491634537421E2
2.21999999999999975E1	2.66000000000000014E9	-1.44133424432978496E2
2.21999999999999975E1	2.66999999999999993E9	-1.44292316791420316E2
2.21999999999999975E1	2.68000000000000016E9	-1.44446310501137876E2
2.21999999999999975E1	2.68999999999999995E9	-1.44596295691815335E2
2.21999999999999975E1	2.70000000000000018E9	-1.44742966935001816E2


