var_c	indep(index, 1)	plot_vs(pnmx, noisefreq)[0, ::]
2.20000000000000018E0	2.29999999999999982E9	-1.42661295472584815E2
2.20000000000000018E0	2.31000000000000005E9	-1.42411571804579706E2
2.20000000000000018E0	2.31999999999999984E9	-1.42150375969490539E2
2.20000000000000018E0	2.33000000000000007E9	-1.41876357582225654E2
2.20000000000000018E0	2.33999999999999986E9	-1.41587970002888097E2
2.20000000000000018E0	2.35000000000000009E9	-1.41283447539289231E2
2.20000000000000018E0	2.36000000000000032E9	-1.40960782808302088E2
2.20000000000000018E0	2.37000000000000011E9	-1.40617705487253097E2
2.20000000000000018E0	2.37999999999999989E9	-1.40251663599126353E2
2.20000000000000018E0	2.38999999999999968E9	-1.39859807467771113E2
2.20000000000000018E0	2.39999999999999991E9	-1.39438973549498035E2
2.20000000000000018E0	2.41000000000000014E9	-1.38985655618741499E2
2.20000000000000018E0	2.41999999999999993E9	-1.38495926785489121E2
2.20000000000000018E0	2.43000000000000016E9	-1.37965215561060051E2
2.20000000000000018E0	2.43999999999999995E9	-1.37387687915309487E2
2.20000000000000018E0	2.45000000000000018E9	-1.36754609539085692E2
2.20000000000000018E0	2.45999999999999996E9	-1.36050086567521156E2
2.20000000000000018E0	2.46999999999999975E9	-1.35239975016987080E2
2.20000000000000018E0	2.47999999999999998E9	-1.34242423630565311E2
2.20000000000000018E0	2.48999999999999977E9	-1.32847136659714415E2
2.20000000000000018E0	2.50000000000000000E9	-1.30492923209212219E2
2.20000000000000018E0	2.51000000000000023E9	-1.25892802466355369E2
2.20000000000000018E0	2.52000000000000002E9	-1.23650380521268666E2
2.20000000000000018E0	2.53000000000000025E9	-1.29298880758910006E2
2.20000000000000018E0	2.54000000000000004E9	-1.32296110530063626E2
2.20000000000000018E0	2.54999999999999982E9	-1.33946119989837653E2
2.20000000000000018E0	2.56000000000000005E9	-1.35053186107291534E2
2.20000000000000018E0	2.56999999999999984E9	-1.35919049770531908E2
2.20000000000000018E0	2.58000000000000007E9	-1.36658480163503127E2
2.20000000000000018E0	2.58999999999999986E9	-1.37317709544701305E2
2.20000000000000018E0	2.60000000000000009E9	-1.37917141054089387E2
2.20000000000000018E0	2.61000000000000032E9	-1.38467201574267929E2
2.20000000000000018E0	2.62000000000000011E9	-1.38974372843878347E2
2.20000000000000018E0	2.62999999999999989E9	-1.39443500761392958E2
2.20000000000000018E0	2.63999999999999968E9	-1.39878666642398830E2
2.20000000000000018E0	2.64999999999999991E9	-1.40283501943980915E2
2.20000000000000018E0	2.66000000000000014E9	-1.40661294462593811E2
2.20000000000000018E0	2.66999999999999993E9	-1.41015022081283226E2
2.20000000000000018E0	2.68000000000000016E9	-1.41347366793033347E2
2.20000000000000018E0	2.68999999999999995E9	-1.41660726655579250E2
2.20000000000000018E0	2.70000000000000018E9	-1.41957231065708767E2

var_c	indep(index, 1)	plot_vs(pnmx, noisefreq)[1, ::]
3.30000000000000027E0	2.29999999999999982E9	-1.43130010002698960E2
3.30000000000000027E0	2.31000000000000005E9	-1.42892219906459905E2
3.30000000000000027E0	2.31999999999999984E9	-1.42640202600207622E2
3.30000000000000027E0	2.33000000000000007E9	-1.42371512240937603E2
3.30000000000000027E0	2.33999999999999986E9	-1.42083189566882773E2
3.30000000000000027E0	2.35000000000000009E9	-1.41771650752790124E2
3.30000000000000027E0	2.36000000000000032E9	-1.41432552013759749E2
3.30000000000000027E0	2.37000000000000011E9	-1.41060624315646854E2
3.30000000000000027E0	2.37999999999999989E9	-1.40649470325974213E2
3.30000000000000027E0	2.38999999999999968E9	-1.40191311013255082E2
3.30000000000000027E0	2.39999999999999991E9	-1.39676657557644379E2
3.30000000000000027E0	2.41000000000000014E9	-1.39093854650823756E2
3.30000000000000027E0	2.41999999999999993E9	-1.38428358208544067E2
3.30000000000000027E0	2.43000000000000016E9	-1.37661380431964764E2
3.30000000000000027E0	2.43999999999999995E9	-1.36766851032650338E2
3.30000000000000027E0	2.45000000000000018E9	-1.35703584860466964E2
3.30000000000000027E0	2.45999999999999996E9	-1.34393235814262413E2
3.30000000000000027E0	2.46999999999999975E9	-1.32656256870285061E2
3.30000000000000027E0	2.47999999999999998E9	-1.30041507228602482E2
3.30000000000000027E0	2.48999999999999977E9	-1.25748185603335472E2
3.30000000000000027E0	2.50000000000000000E9	-1.24051089248138924E2
3.30000000000000027E0	2.51000000000000023E9	-1.28968407134794805E2
3.30000000000000027E0	2.52000000000000002E9	-1.32093869965180266E2
3.30000000000000027E0	2.53000000000000025E9	-1.34068426676918873E2
3.30000000000000027E0	2.54000000000000004E9	-1.35504371077927366E2
3.30000000000000027E0	2.54999999999999982E9	-1.36648003280919239E2
3.30000000000000027E0	2.56000000000000005E9	-1.37601457696090934E2
3.30000000000000027E0	2.56999999999999984E9	-1.38414784281245007E2
3.30000000000000027E0	2.58000000000000007E9	-1.39117847349637169E2
3.30000000000000027E0	2.58999999999999986E9	-1.39731436096162054E2
3.30000000000000027E0	2.60000000000000009E9	-1.40271401153280806E2
3.30000000000000027E0	2.61000000000000032E9	-1.40750386270128303E2
3.30000000000000027E0	2.62000000000000011E9	-1.41178685393221892E2
3.30000000000000027E0	2.62999999999999989E9	-1.41564751787620891E2
3.30000000000000027E0	2.63999999999999968E9	-1.41915550851651662E2
3.30000000000000027E0	2.64999999999999991E9	-1.42236829103944329E2
3.30000000000000027E0	2.66000000000000014E9	-1.42533329669800279E2
3.30000000000000027E0	2.66999999999999993E9	-1.42808968562930128E2
3.30000000000000027E0	2.68000000000000016E9	-1.43066980071997607E2
3.30000000000000027E0	2.68999999999999995E9	-1.43310036882628022E2
3.30000000000000027E0	2.70000000000000018E9	-1.43540349229299502E2

var_c	indep(index, 1)	plot_vs(pnmx, noisefreq)[2, ::]
4.40000000000000036E0	2.29999999999999982E9	-1.43241710517695120E2
4.40000000000000036E0	2.31000000000000005E9	-1.43012896076008333E2
4.40000000000000036E0	2.31999999999999984E9	-1.42768545856529872E2
4.40000000000000036E0	2.33000000000000007E9	-1.42505501739169027E2
4.40000000000000036E0	2.33999999999999986E9	-1.42219830646475209E2
4.40000000000000036E0	2.35000000000000009E9	-1.41906617889183617E2
4.40000000000000036E0	2.36000000000000032E9	-1.41559700190019444E2
4.40000000000000036E0	2.37000000000000011E9	-1.41171317013104369E2
4.40000000000000036E0	2.37999999999999989E9	-1.40731651837996274E2
4.40000000000000036E0	2.38999999999999968E9	-1.40228217275625489E2
4.40000000000000036E0	2.39999999999999991E9	-1.39645010068224051E2
4.40000000000000036E0	2.41000000000000014E9	-1.38961294294629512E2
4.40000000000000036E0	2.41999999999999993E9	-1.38149710033566864E2
4.40000000000000036E0	2.43000000000000016E9	-1.37172951909355967E2
4.40000000000000036E0	2.43999999999999995E9	-1.35976862400053067E2
4.40000000000000036E0	2.45000000000000018E9	-1.34473121981515265E2
4.40000000000000036E0	2.45999999999999996E9	-1.32489318960211788E2
4.40000000000000036E0	2.46999999999999975E9	-1.29632406793797172E2
4.40000000000000036E0	2.47999999999999998E9	-1.25357163866938537E2
4.40000000000000036E0	2.48999999999999977E9	-1.24317315265554784E2
4.40000000000000036E0	2.50000000000000000E9	-1.28979730684632665E2
4.40000000000000036E0	2.51000000000000023E9	-1.32160614121748909E2
4.40000000000000036E0	2.52000000000000002E9	-1.34315259506128371E2
4.40000000000000036E0	2.53000000000000025E9	-1.35923491263015039E2
4.40000000000000036E0	2.54000000000000004E9	-1.37192734992193888E2
4.40000000000000036E0	2.54999999999999982E9	-1.38224210107266043E2
4.40000000000000036E0	2.56000000000000005E9	-1.39077748021831016E2
4.40000000000000036E0	2.56999999999999984E9	-1.39793828077858451E2
4.40000000000000036E0	2.58000000000000007E9	-1.40401959522173003E2
4.40000000000000036E0	2.58999999999999986E9	-1.40924497008587224E2
4.40000000000000036E0	2.60000000000000009E9	-1.41378719978263190E2
4.40000000000000036E0	2.61000000000000032E9	-1.41778136085056050E2
4.40000000000000036E0	2.62000000000000011E9	-1.42133378775251873E2
4.40000000000000036E0	2.62999999999999989E9	-1.42452860103151502E2
4.40000000000000036E0	2.63999999999999968E9	-1.42743260799514471E2
4.40000000000000036E0	2.64999999999999991E9	-1.43009904424159595E2
4.40000000000000036E0	2.66000000000000014E9	-1.43257046149278344E2
4.40000000000000036E0	2.66999999999999993E9	-1.43488096968352652E2
4.40000000000000036E0	2.68000000000000016E9	-1.43705798772832094E2
4.40000000000000036E0	2.68999999999999995E9	-1.43912361136171940E2
4.40000000000000036E0	2.70000000000000018E9	-1.44109569103979984E2

var_c	indep(index, 1)	plot_vs(pnmx, noisefreq)[3, ::]
5.50000000000000000E0	2.29999999999999982E9	-1.43262993527334537E2
5.50000000000000000E0	2.31000000000000005E9	-1.43039881768513877E2
5.50000000000000000E0	2.31999999999999984E9	-1.42800473224477664E2
5.50000000000000000E0	2.33000000000000007E9	-1.42541137439537624E2
5.50000000000000000E0	2.33999999999999986E9	-1.42257274144172685E2
5.50000000000000000E0	2.35000000000000009E9	-1.41943025597419670E2
5.50000000000000000E0	2.36000000000000032E9	-1.41590891672137076E2
5.50000000000000000E0	2.37000000000000011E9	-1.41191209730548595E2
5.50000000000000000E0	2.37999999999999989E9	-1.40731442240967408E2
5.50000000000000000E0	2.38999999999999968E9	-1.40195182575152688E2
5.50000000000000000E0	2.39999999999999991E9	-1.39560729220091018E2
5.50000000000000000E0	2.41000000000000014E9	-1.38798958584269716E2
5.50000000000000000E0	2.41999999999999993E9	-1.37869945755303713E2
5.50000000000000000E0	2.43000000000000016E9	-1.36717073156603286E2
5.50000000000000000E0	2.43999999999999995E9	-1.35255255701711796E2
5.50000000000000000E0	2.45000000000000018E9	-1.33342977041286526E2
5.50000000000000000E0	2.45999999999999996E9	-1.30707520451765014E2
5.50000000000000000E0	2.46999999999999975E9	-1.26857321861993744E2
5.50000000000000000E0	2.47999999999999998E9	-1.17995424624459244E2
5.50000000000000000E0	2.48999999999999977E9	-1.27364740081193606E2
5.50000000000000000E0	2.50000000000000000E9	-1.31172503997652368E2
5.50000000000000000E0	2.51000000000000023E9	-1.33766504936997821E2
5.50000000000000000E0	2.52000000000000002E9	-1.35658826431936941E2
5.50000000000000000E0	2.53000000000000025E9	-1.37110621067166050E2
5.50000000000000000E0	2.54000000000000004E9	-1.38257703758389461E2
5.50000000000000000E0	2.54999999999999982E9	-1.39182466469108479E2
5.50000000000000000E0	2.56000000000000005E9	-1.39940280519775762E2
5.50000000000000000E0	2.56999999999999984E9	-1.40570570501490488E2
5.50000000000000000E0	2.58000000000000007E9	-1.41102340208130217E2
5.50000000000000000E0	2.58999999999999986E9	-1.41557350646843672E2
5.50000000000000000E0	2.60000000000000009E9	-1.41952137690157265E2
5.50000000000000000E0	2.61000000000000032E9	-1.42299381008070003E2
5.50000000000000000E0	2.62000000000000011E9	-1.42608872353523952E2
5.50000000000000000E0	2.62999999999999989E9	-1.42888218152073798E2
5.50000000000000000E0	2.63999999999999968E9	-1.43143357897981738E2
5.50000000000000000E0	2.64999999999999991E9	-1.43378951531524645E2
5.50000000000000000E0	2.66000000000000014E9	-1.43598670704719522E2
5.50000000000000000E0	2.66999999999999993E9	-1.43805419758179820E2
5.50000000000000000E0	2.68000000000000016E9	-1.44001504359596888E2
5.50000000000000000E0	2.68999999999999995E9	-1.44188760668778904E2
5.50000000000000000E0	2.70000000000000018E9	-1.44368655127128842E2

var_c	indep(index, 1)	plot_vs(pnmx, noisefreq)[4, ::]
6.59999999999999964E0	2.29999999999999982E9	-1.43253690952503598E2
6.59999999999999964E0	2.31000000000000005E9	-1.43034043834226776E2
6.59999999999999964E0	2.31999999999999984E9	-1.42797558919124556E2
6.59999999999999964E0	2.33000000000000007E9	-1.42540270573190719E2
6.59999999999999964E0	2.33999999999999986E9	-1.42257098245968860E2
6.59999999999999964E0	2.35000000000000009E9	-1.41941493658328954E2
6.59999999999999964E0	2.36000000000000032E9	-1.41584959707949132E2
6.59999999999999964E0	2.37000000000000011E9	-1.41176385059005782E2
6.59999999999999964E0	2.37999999999999989E9	-1.40701110032143450E2
6.59999999999999964E0	2.38999999999999968E9	-1.40139587003616350E2
6.59999999999999964E0	2.39999999999999991E9	-1.39465401060662453E2
6.59999999999999964E0	2.41000000000000014E9	-1.38642224564956873E2
6.59999999999999964E0	2.41999999999999993E9	-1.37618845917916022E2
6.59999999999999964E0	2.43000000000000016E9	-1.36320369392531227E2
6.59999999999999964E0	2.43999999999999995E9	-1.34630889443146096E2
6.59999999999999964E0	2.45000000000000018E9	-1.32355058281970384E2
6.59999999999999964E0	2.45999999999999996E9	-1.29138109286751535E2
6.59999999999999964E0	2.46999999999999975E9	-1.24780716924238200E2
6.59999999999999964E0	2.47999999999999998E9	-1.24624068062623294E2
6.59999999999999964E0	2.48999999999999977E9	-1.29193545206018845E2
6.59999999999999964E0	2.50000000000000000E9	-1.32502969562233597E2
6.59999999999999964E0	2.51000000000000023E9	-1.34836610350487973E2
6.59999999999999964E0	2.52000000000000002E9	-1.36567792660513931E2
6.59999999999999964E0	2.53000000000000025E9	-1.37897323650182324E2
6.59999999999999964E0	2.54000000000000004E9	-1.38943401003449707E2
6.59999999999999964E0	2.54999999999999982E9	-1.39782501816990279E2
6.59999999999999964E0	2.56000000000000005E9	-1.40467213702403004E2
6.59999999999999964E0	2.56999999999999984E9	-1.41035087473854448E2
6.59999999999999964E0	2.58000000000000007E9	-1.41513587147361442E2
6.59999999999999964E0	2.58999999999999986E9	-1.41923125672563133E2
6.59999999999999964E0	2.60000000000000009E9	-1.42279052272043449E2
6.59999999999999964E0	2.61000000000000032E9	-1.42593013907871624E2
6.59999999999999964E0	2.62000000000000011E9	-1.42873915589879741E2
6.59999999999999964E0	2.62999999999999989E9	-1.43128611041018527E2
6.59999999999999964E0	2.63999999999999968E9	-1.43362406513046126E2
6.59999999999999964E0	2.64999999999999991E9	-1.43579432349964153E2
6.59999999999999964E0	2.66000000000000014E9	-1.43782918959658956E2
6.59999999999999964E0	2.66999999999999993E9	-1.43975403872198959E2
6.59999999999999964E0	2.68000000000000016E9	-1.44158887945711456E2
6.59999999999999964E0	2.68999999999999995E9	-1.44334954125270376E2
6.59999999999999964E0	2.70000000000000018E9	-1.44504858146637649E2

var_c	indep(index, 1)	plot_vs(pnmx, noisefreq)[5, ::]
7.69999999999999929E0	2.29999999999999982E9	-1.43233435332382131E2
7.69999999999999929E0	2.31000000000000005E9	-1.43015844909343826E2
7.69999999999999929E0	2.31999999999999984E9	-1.42780979757786985E2
7.69999999999999929E0	2.33000000000000007E9	-1.42524620838378224E2
7.69999999999999929E0	2.33999999999999986E9	-1.42241322761736377E2
7.69999999999999929E0	2.35000000000000009E9	-1.41924009623459879E2
7.69999999999999929E0	2.36000000000000032E9	-1.41563416377751250E2
7.69999999999999929E0	2.37000000000000011E9	-1.41147304444185306E2
7.69999999999999929E0	2.37999999999999989E9	-1.40659342342145410E2
7.69999999999999929E0	2.38999999999999968E9	-1.40077468812779204E2
7.69999999999999929E0	2.39999999999999991E9	-1.39371423638355529E2
7.69999999999999929E0	2.41000000000000014E9	-1.38498852232146530E2
7.69999999999999929E0	2.41999999999999993E9	-1.37398780480791682E2
7.69999999999999929E0	2.43000000000000016E9	-1.35979812733652605E2
7.69999999999999929E0	2.43999999999999995E9	-1.34096869670596996E2
7.69999999999999929E0	2.45000000000000018E9	-1.31503269827898528E2
7.69999999999999929E0	2.45999999999999996E9	-1.27801109475112162E2
7.69999999999999929E0	2.46999999999999975E9	-1.23124470580833223E2
7.69999999999999929E0	2.47999999999999998E9	-1.26107304234297501E2
7.69999999999999929E0	2.48999999999999977E9	-1.30411615396162173E2
7.69999999999999929E0	2.50000000000000000E9	-1.33435605801356783E2
7.69999999999999929E0	2.51000000000000023E9	-1.35594624133907082E2
7.69999999999999929E0	2.52000000000000002E9	-1.37201322127767233E2
7.69999999999999929E0	2.53000000000000025E9	-1.38433816415751254E2
7.69999999999999929E0	2.54000000000000004E9	-1.39401395298981812E2
7.69999999999999929E0	2.54999999999999982E9	-1.40176003806903426E2
7.69999999999999929E0	2.56000000000000005E9	-1.40807344991274985E2
7.69999999999999929E0	2.56999999999999984E9	-1.41330859020058086E2
7.69999999999999929E0	2.58000000000000007E9	-1.41772354099706965E2
7.69999999999999929E0	2.58999999999999986E9	-1.42150906352095885E2
7.69999999999999929E0	2.60000000000000009E9	-1.42480776148609500E2
7.69999999999999929E0	2.61000000000000032E9	-1.42772722246046979E2
7.69999999999999929E0	2.62000000000000011E9	-1.43034926262629414E2
7.69999999999999929E0	2.62999999999999989E9	-1.43273653644423060E2
7.69999999999999929E0	2.63999999999999968E9	-1.43493732689112030E2
7.69999999999999929E0	2.64999999999999991E9	-1.43698905122165432E2
7.69999999999999929E0	2.66000000000000014E9	-1.43892085383967627E2
7.69999999999999929E0	2.66999999999999993E9	-1.44075553510479648E2
7.69999999999999929E0	2.68000000000000016E9	-1.44251100036332325E2
7.69999999999999929E0	2.68999999999999995E9	-1.44420135666902327E2
7.69999999999999929E0	2.70000000000000018E9	-1.44583774740568516E2

var_c	indep(index, 1)	plot_vs(pnmx, noisefreq)[6, ::]
8.79999999999999893E0	2.29999999999999982E9	-1.43209790309335916E2
8.79999999999999893E0	2.31000000000000005E9	-1.42993381790002405E2
8.79999999999999893E0	2.31999999999999984E9	-1.42759322338369166E2
8.79999999999999893E0	2.33000000000000007E9	-1.42503191485488068E2
8.79999999999999893E0	2.33999999999999986E9	-1.42219254545142304E2
8.79999999999999893E0	2.35000000000000009E9	-1.41900016950294838E2
8.79999999999999893E0	2.36000000000000032E9	-1.41535602644902303E2
8.79999999999999893E0	2.37000000000000011E9	-1.41112873204389411E2
8.79999999999999893E0	2.37999999999999989E9	-1.40614154370114086E2
8.79999999999999893E0	2.38999999999999968E9	-1.40015350224575852E2
8.79999999999999893E0	2.39999999999999991E9	-1.39283051906432886E2
8.79999999999999893E0	2.41000000000000014E9	-1.38369888404636088E2
8.79999999999999893E0	2.41999999999999993E9	-1.37206565408776382E2
8.79999999999999893E0	2.43000000000000016E9	-1.35687136444094958E2
8.79999999999999893E0	2.43999999999999995E9	-1.33639717409556669E2
8.79999999999999893E0	2.45000000000000018E9	-1.30770545274251582E2
8.79999999999999893E0	2.45999999999999996E9	-1.26691404598706026E2
8.79999999999999893E0	2.46999999999999975E9	-1.17833846810864240E2
8.79999999999999893E0	2.47999999999999998E9	-1.27244977789177982E2
8.79999999999999893E0	2.48999999999999977E9	-1.31299560017448824E2
8.79999999999999893E0	2.50000000000000000E9	-1.34122924213234862E2
8.79999999999999893E0	2.51000000000000023E9	-1.36147315829877735E2
8.79999999999999893E0	2.52000000000000002E9	-1.37655607354809861E2
8.79999999999999893E0	2.53000000000000025E9	-1.38812287353669084E2
8.79999999999999893E0	2.54000000000000004E9	-1.39719817161840809E2
8.79999999999999893E0	2.54999999999999982E9	-1.40446131839171962E2
8.79999999999999893E0	2.56000000000000005E9	-1.41038264432366089E2
8.79999999999999893E0	2.56999999999999984E9	-1.41529722737459407E2
8.79999999999999893E0	2.58000000000000007E9	-1.41944850176678017E2
8.79999999999999893E0	2.58999999999999986E9	-1.42301584299347605E2
8.79999999999999893E0	2.60000000000000009E9	-1.42613290407173232E2
8.79999999999999893E0	2.61000000000000032E9	-1.42890019600199136E2
8.79999999999999893E0	2.62000000000000011E9	-1.43139391971902130E2
8.79999999999999893E0	2.62999999999999989E9	-1.43367226442822848E2
8.79999999999999893E0	2.63999999999999968E9	-1.43577994996974012E2
8.79999999999999893E0	2.64999999999999991E9	-1.43775154440107156E2
8.79999999999999893E0	2.66000000000000014E9	-1.43961390470761286E2
8.79999999999999893E0	2.66999999999999993E9	-1.44138798862948692E2
8.79999999999999893E0	2.68000000000000016E9	-1.44309021192800535E2
8.79999999999999893E0	2.68999999999999995E9	-1.44473347237944383E2
8.79999999999999893E0	2.70000000000000018E9	-1.44632792777431063E2

var_c	indep(index, 1)	plot_vs(pnmx, noisefreq)[7, ::]
9.89999999999999858E0	2.29999999999999982E9	-1.43185873988138068E2
9.89999999999999858E0	2.31000000000000005E9	-1.42970100312509163E2
9.89999999999999858E0	2.31999999999999984E9	-1.42736341794199317E2
9.89999999999999858E0	2.33000000000000007E9	-1.42480012448750748E2
9.89999999999999858E0	2.33999999999999986E9	-1.42195140351093174E2
9.89999999999999858E0	2.35000000000000009E9	-1.41873888245034618E2
9.89999999999999858E0	2.36000000000000032E9	-1.41505880832970066E2
9.89999999999999858E0	2.37000000000000011E9	-1.41077243560867105E2
9.89999999999999858E0	2.37999999999999989E9	-1.40569201990503045E2
9.89999999999999858E0	2.38999999999999968E9	-1.39955987069748700E2
9.89999999999999858E0	2.39999999999999991E9	-1.39201584531920686E2
9.89999999999999858E0	2.41000000000000014E9	-1.38254430001272977E2
9.89999999999999858E0	2.41999999999999993E9	-1.37038157320871123E2
9.89999999999999858E0	2.43000000000000016E9	-1.35434128356922345E2
9.89999999999999858E0	2.43999999999999995E9	-1.33246275130979130E2
9.89999999999999858E0	2.45000000000000018E9	-1.30138893315199877E2
9.89999999999999858E0	2.45999999999999996E9	-1.25790944551927231E2
9.89999999999999858E0	2.46999999999999975E9	-1.23178133842556092E2
9.89999999999999858E0	2.47999999999999998E9	-1.28130292198287576E2
9.89999999999999858E0	2.48999999999999977E9	-1.31976486277110583E2
9.89999999999999858E0	2.50000000000000000E9	-1.34643504822367865E2
9.89999999999999858E0	2.51000000000000023E9	-1.36560649729669104E2
9.89999999999999858E0	2.52000000000000002E9	-1.37990897905683219E2
9.89999999999999858E0	2.53000000000000025E9	-1.39088278477680904E2
9.89999999999999858E0	2.54000000000000004E9	-1.39949552422782064E2
9.89999999999999858E0	2.54999999999999982E9	-1.40639195216284407E2
9.89999999999999858E0	2.56000000000000005E9	-1.41201929512983448E2
9.89999999999999858E0	2.56999999999999984E9	-1.41669615868086707E2
9.89999999999999858E0	2.58000000000000007E9	-1.42065372921597333E2
9.89999999999999858E0	2.58999999999999986E9	-1.42406207393828899E2
9.89999999999999858E0	2.60000000000000009E9	-1.42704767402955435E2
9.89999999999999858E0	2.61000000000000032E9	-1.42970547226982547E2
9.89999999999999858E0	2.62000000000000011E9	-1.43210731974974181E2
9.89999999999999858E0	2.62999999999999989E9	-1.43430799110868690E2
9.89999999999999858E0	2.63999999999999968E9	-1.43634951436736702E2
9.89999999999999858E0	2.64999999999999991E9	-1.43826432514920599E2
9.89999999999999858E0	2.66000000000000014E9	-1.44007758378620654E2
9.89999999999999858E0	2.66999999999999993E9	-1.44180889108248889E2
9.89999999999999858E0	2.68000000000000016E9	-1.44347357336794024E2
9.89999999999999858E0	2.68999999999999995E9	-1.44508364877274120E2
9.89999999999999858E0	2.70000000000000018E9	-1.44664856226044281E2

var_c	indep(index, 1)	plot_vs(pnmx, noisefreq)[8, ::]
1.09999999999999987E1	2.29999999999999982E9	-1.43162983606350780E2
1.09999999999999987E1	2.31000000000000005E9	-1.42947499172587800E2
1.09999999999999987E1	2.31999999999999984E9	-1.42713729555346314E2
1.09999999999999987E1	2.33000000000000007E9	-1.42456949085247087E2
1.09999999999999987E1	2.33999999999999986E9	-1.42170986272276467E2
1.09999999999999987E1	2.35000000000000009E9	-1.41847717030148557E2
1.09999999999999987E1	2.36000000000000032E9	-1.41476348666809559E2
1.09999999999999987E1	2.37000000000000011E9	-1.41042391924543398E2
1.09999999999999987E1	2.37999999999999989E9	-1.40526154289668925E2
1.09999999999999987E1	2.38999999999999968E9	-1.39900468852714299E2
1.09999999999999987E1	2.39999999999999991E9	-1.39127137737178375E2
1.09999999999999987E1	2.41000000000000014E9	-1.38151061163970379E2
1.09999999999999987E1	2.41999999999999993E9	-1.36889843766388486E2
1.09999999999999987E1	2.43000000000000016E9	-1.35213818105548533E2
1.09999999999999987E1	2.43999999999999995E9	-1.32905346146066217E2
1.09999999999999987E1	2.45000000000000018E9	-1.29592246289975921E2
1.09999999999999987E1	2.45999999999999996E9	-1.25072510264320558E2
1.09999999999999987E1	2.46999999999999975E9	-1.24001009113562644E2
1.09999999999999987E1	2.47999999999999998E9	-1.28835575051447426E2
1.09999999999999987E1	2.48999999999999977E9	-1.32505975956640043E2
1.09999999999999987E1	2.50000000000000000E9	-1.35046567571307552E2
1.09999999999999987E1	2.51000000000000023E9	-1.36877259407781704E2
1.09999999999999987E1	2.52000000000000002E9	-1.38245144459658920E2
1.09999999999999987E1	2.53000000000000025E9	-1.39295650043177988E2
1.09999999999999987E1	2.54000000000000004E9	-1.40120753132314446E2
1.09999999999999987E1	2.54999999999999982E9	-1.40782004548619755E2
1.09999999999999987E1	2.56000000000000005E9	-1.41322181282616510E2
1.09999999999999987E1	2.56999999999999984E9	-1.41771768688670985E2
1.09999999999999987E1	2.58000000000000007E9	-1.42152877488916363E2
1.09999999999999987E1	2.58999999999999986E9	-1.42481758410526527E2
1.09999999999999987E1	2.60000000000000009E9	-1.42770484526393115E2
1.09999999999999987E1	2.61000000000000032E9	-1.43028108773732354E2
1.09999999999999987E1	2.62000000000000011E9	-1.43261475105262837E2
1.09999999999999987E1	2.62999999999999989E9	-1.43475795532856809E2
1.09999999999999987E1	2.63999999999999968E9	-1.43675065210427233E2
1.09999999999999987E1	2.64999999999999991E9	-1.43862364395679032E2
1.09999999999999987E1	2.66000000000000014E9	-1.44040079830221934E2
1.09999999999999987E1	2.66999999999999993E9	-1.44210068847158990E2
1.09999999999999987E1	2.68000000000000016E9	-1.44373781901178511E2
1.09999999999999987E1	2.68999999999999995E9	-1.44532354808243957E2
1.09999999999999987E1	2.70000000000000018E9	-1.44686678729462548E2

var_c	indep(index, 1)	plot_vs(pnmx, noisefreq)[9, ::]
1.20999999999999974E1	2.29999999999999982E9	-1.43141614274520923E2
1.20999999999999974E1	2.31000000000000005E9	-1.42926199152588107E2
1.20999999999999974E1	2.31999999999999984E9	-1.42692226700991909E2
1.20999999999999974E1	2.33000000000000007E9	-1.42434851064639134E2
1.20999999999999974E1	2.33999999999999986E9	-1.42147730065573619E2
1.20999999999999974E1	2.35000000000000009E9	-1.41822494753176853E2
1.20999999999999974E1	2.36000000000000032E9	-1.41447997104904699E2
1.20999999999999974E1	2.37000000000000011E9	-1.41009226056266668E2
1.20999999999999974E1	2.37999999999999989E9	-1.40485710277958264E2
1.20999999999999974E1	2.38999999999999968E9	-1.39849097445414872E2
1.20999999999999974E1	2.39999999999999991E9	-1.39059336356007601E2
1.20999999999999974E1	2.41000000000000014E9	-1.38058316781718382E2
1.20999999999999974E1	2.41999999999999993E9	-1.36758470603522153E2
1.20999999999999974E1	2.43000000000000016E9	-1.35020541910793268E2
1.20999999999999974E1	2.43999999999999995E9	-1.32607791681812826E2
1.20999999999999974E1	2.45000000000000018E9	-1.29116991147536875E2
1.20999999999999974E1	2.45999999999999996E9	-1.24501093774770522E2
1.20999999999999974E1	2.46999999999999975E9	-1.24593402840033218E2
1.20999999999999974E1	2.47999999999999998E9	-1.29407866147279504E2
1.20999999999999974E1	2.48999999999999977E9	-1.32928094105974770E2
1.20999999999999974E1	2.50000000000000000E9	-1.35364884840454036E2
1.20999999999999974E1	2.51000000000000023E9	-1.37125183281199070E2
1.20999999999999974E1	2.52000000000000002E9	-1.38442672162709179E2
1.20999999999999974E1	2.53000000000000025E9	-1.39455597047208579E2
1.20999999999999974E1	2.54000000000000004E9	-1.40251927094767526E2
1.20999999999999974E1	2.54999999999999982E9	-1.40890758132327276E2
1.20999999999999974E1	2.56000000000000005E9	-1.41413238067590408E2
1.20999999999999974E1	2.56999999999999984E9	-1.41848709552256880E2
1.20999999999999974E1	2.58000000000000007E9	-1.42218452163355202E2
1.20999999999999974E1	2.58999999999999986E9	-1.42538099037919652E2
1.20999999999999974E1	2.60000000000000009E9	-1.42819257935555055E2
1.20999999999999974E1	2.61000000000000032E9	-1.43070627382370086E2
1.20999999999999974E1	2.62000000000000011E9	-1.43298779349042515E2
1.20999999999999974E1	2.62999999999999989E9	-1.43508715615020632E2
1.20999999999999974E1	2.63999999999999968E9	-1.43704267802493413E2
1.20999999999999974E1	2.64999999999999991E9	-1.43888388116668731E2
1.20999999999999974E1	2.66000000000000014E9	-1.44063362433290676E2
1.20999999999999974E1	2.66999999999999993E9	-1.44230968247500324E2
1.20999999999999974E1	2.68000000000000016E9	-1.44392592364053818E2
1.20999999999999974E1	2.68999999999999995E9	-1.44549319645046870E2
1.20999999999999974E1	2.70000000000000018E9	-1.44702000232927719E2

var_c	indep(index, 1)	plot_vs(pnmx, noisefreq)[10, ::]
1.31999999999999984E1	2.29999999999999982E9	-1.43121898723538798E2
1.31999999999999984E1	2.31000000000000005E9	-1.42906412623351420E2
1.31999999999999984E1	2.31999999999999984E9	-1.42672121495856996E2
1.31999999999999984E1	2.33000000000000007E9	-1.42414074678008595E2
1.31999999999999984E1	2.33999999999999986E9	-1.42125781729991729E2
1.31999999999999984E1	2.35000000000000009E9	-1.41798661568313711E2
1.31999999999999984E1	2.36000000000000032E9	-1.41421259596881344E2
1.31999999999999984E1	2.37000000000000011E9	-1.40978115034426676E2
1.31999999999999984E1	2.37999999999999989E9	-1.40448086869845978E2
1.31999999999999984E1	2.38999999999999968E9	-1.39801804379332384E2
1.31999999999999984E1	2.39999999999999991E9	-1.38997624562708255E2
1.31999999999999984E1	2.41000000000000014E9	-1.37974846423024244E2
1.31999999999999984E1	2.41999999999999993E9	-1.36641431876326558E2
1.31999999999999984E1	2.43000000000000016E9	-1.34849765707651170E2
1.31999999999999984E1	2.43999999999999995E9	-1.32346265398739815E2
1.31999999999999984E1	2.45000000000000018E9	-1.28701829146265956E2
1.31999999999999984E1	2.45999999999999996E9	-1.24032862666130650E2
1.31999999999999984E1	2.46999999999999975E9	-1.25108918621810217E2
1.31999999999999984E1	2.47999999999999998E9	-1.29878729213770217E2
1.31999999999999984E1	2.48999999999999977E9	-1.33270130840799417E2
1.31999999999999984E1	2.50000000000000000E9	-1.35620841875557430E2
1.31999999999999984E1	2.51000000000000023E9	-1.37323204210126693E2
1.31999999999999984E1	2.52000000000000002E9	-1.38599448525519819E2
1.31999999999999984E1	2.53000000000000025E9	-1.39581795363436312E2
1.31999999999999984E1	2.54000000000000004E9	-1.40354849800992376E2
1.31999999999999984E1	2.54999999999999982E9	-1.40975644252871346E2
1.31999999999999984E1	2.56000000000000005E9	-1.41483959807939108E2
1.31999999999999984E1	2.56999999999999984E9	-1.41908184170746421E2
1.31999999999999984E1	2.58000000000000007E9	-1.42268907162845193E2
1.31999999999999984E1	2.58999999999999986E9	-1.42581252536710479E2
1.31999999999999984E1	2.60000000000000009E9	-1.42856446477798893E2
1.31999999999999984E1	2.61000000000000032E9	-1.43102898911699450E2
1.31999999999999984E1	2.62000000000000011E9	-1.43326961366212702E2
1.31999999999999984E1	2.62999999999999989E9	-1.43533466058696657E2
1.31999999999999984E1	2.63999999999999968E9	-1.43726113261545807E2
1.31999999999999984E1	2.64999999999999991E9	-1.43907752755609231E2
1.31999999999999984E1	2.66000000000000014E9	-1.44080590038647549E2
1.31999999999999984E1	2.66999999999999993E9	-1.44246339090729703E2
1.31999999999999984E1	2.68000000000000016E9	-1.44406336302476035E2
1.31999999999999984E1	2.68999999999999995E9	-1.44561626253901876E2
1.31999999999999984E1	2.70000000000000018E9	-1.44713026747398232E2

var_c	indep(index, 1)	plot_vs(pnmx, noisefreq)[11, ::]
1.42999999999999972E1	2.29999999999999982E9	-1.43103804956262093E2
1.42999999999999972E1	2.31000000000000005E9	-1.42888158814857458E2
1.42999999999999972E1	2.31999999999999984E9	-1.42653481436985130E2
1.42999999999999972E1	2.33000000000000007E9	-1.42394729831279632E2
1.42999999999999972E1	2.33999999999999986E9	-1.42105283203070254E2
1.42999999999999972E1	2.35000000000000009E9	-1.41776374705393415E2
1.42999999999999972E1	2.36000000000000032E9	-1.41396281708760041E2
1.42999999999999972E1	2.37000000000000011E9	-1.40949151478409784E2
1.42999999999999972E1	2.37999999999999989E9	-1.40413260149304797E2
1.42999999999999972E1	2.38999999999999968E9	-1.39758352281534770E2
1.42999999999999972E1	2.39999999999999991E9	-1.38941402348009402E2
1.42999999999999972E1	2.41000000000000014E9	-1.37899458121912244E2
1.42999999999999972E1	2.41999999999999993E9	-1.36536587993439396E2
1.42999999999999972E1	2.43000000000000016E9	-1.34697859172952916E2
1.42999999999999972E1	2.43999999999999995E9	-1.32114868874716640E2
1.42999999999999972E1	2.45000000000000018E9	-1.28337436006781580E2
1.42999999999999972E1	2.45999999999999996E9	-1.23607303107068023E2
1.42999999999999972E1	2.46999999999999975E9	-1.25567640035186678E2
1.42999999999999972E1	2.47999999999999998E9	-1.30270644362594545E2
1.42999999999999972E1	2.48999999999999977E9	-1.33551357354468458E2
1.42999999999999972E1	2.50000000000000000E9	-1.35830026721398367E2
1.42999999999999972E1	2.51000000000000023E9	-1.37484171598847182E2
1.42999999999999972E1	2.52000000000000002E9	-1.38726228742809732E2
1.42999999999999972E1	2.53000000000000025E9	-1.39683339276224472E2
1.42999999999999972E1	2.54000000000000004E9	-1.40437269795824138E2
1.42999999999999972E1	2.54999999999999982E9	-1.41043308966479319E2
1.42999999999999972E1	2.56000000000000005E9	-1.41540083752038770E2
1.42999999999999972E1	2.56999999999999984E9	-1.41955178075940158E2
1.42999999999999972E1	2.58000000000000007E9	-1.42308603182145665E2
1.42999999999999972E1	2.58999999999999986E9	-1.42615058107574599E2
1.42999999999999972E1	2.60000000000000009E9	-1.42885452554555825E2
1.42999999999999972E1	2.61000000000000032E9	-1.43127957577996856E2
1.42999999999999972E1	2.62000000000000011E9	-1.43348743449639926E2
1.42999999999999972E1	2.62999999999999989E9	-1.43552503376860785E2
1.42999999999999972E1	2.63999999999999968E9	-1.43742830294587920E2
1.42999999999999972E1	2.64999999999999991E9	-1.43922490497217015E2
1.42999999999999972E1	2.66000000000000014E9	-1.44093624220164096E2
1.42999999999999972E1	2.66999999999999993E9	-1.44257893955286143E2
1.42999999999999972E1	2.68000000000000016E9	-1.44416595336207410E2
1.42999999999999972E1	2.68999999999999995E9	-1.44570740439313572E2
1.42999999999999972E1	2.70000000000000018E9	-1.44721121042838852E2

var_c	indep(index, 1)	plot_vs(pnmx, noisefreq)[12, ::]
1.53999999999999959E1	2.29999999999999982E9	-1.43087229988667608E2
1.53999999999999959E1	2.31000000000000005E9	-1.42871368220701589E2
1.53999999999999959E1	2.31999999999999984E9	-1.42636268148176071E2
1.53999999999999959E1	2.33000000000000007E9	-1.42376804519799016E2
1.53999999999999959E1	2.33999999999999986E9	-1.42086240961956034E2
1.53999999999999959E1	2.35000000000000009E9	-1.41755646279604020E2
1.53999999999999959E1	2.36000000000000032E9	-1.41373061276532463E2
1.53999999999999959E1	2.37000000000000011E9	-1.40922288088924885E2
1.53999999999999959E1	2.37999999999999989E9	-1.40381090653254237E2
1.53999999999999959E1	2.38999999999999968E9	-1.39718436903293197E2
1.53999999999999959E1	2.39999999999999991E9	-1.38890088806771006E2
1.53999999999999959E1	2.41000000000000014E9	-1.37831120652129213E2
1.53999999999999959E1	2.41999999999999993E9	-1.36442182655322264E2
1.53999999999999959E1	2.43000000000000016E9	-1.34561903556835083E2
1.53999999999999959E1	2.43999999999999995E9	-1.31908853504674584E2
1.53999999999999959E1	2.45000000000000018E9	-1.28016123980025998E2
1.53999999999999959E1	2.45999999999999996E9	-1.23119361524518522E2
1.53999999999999959E1	2.46999999999999975E9	-1.25976302836079435E2
1.53999999999999959E1	2.47999999999999998E9	-1.30600258700731042E2
1.53999999999999959E1	2.48999999999999977E9	-1.33785668281095349E2
1.53999999999999959E1	2.50000000000000000E9	-1.36003493562779343E2
1.53999999999999959E1	2.51000000000000023E9	-1.37617067732125009E2
1.53999999999999959E1	2.52000000000000002E9	-1.38830441343728750E2
1.53999999999999959E1	2.53000000000000025E9	-1.39766448200013871E2
1.53999999999999959E1	2.54000000000000004E9	-1.40504442796294549E2
1.53999999999999959E1	2.54999999999999982E9	-1.41098229465921721E2
1.53999999999999959E1	2.56000000000000005E9	-1.41585452675877499E2
1.53999999999999959E1	2.56999999999999984E9	-1.41993013532156676E2
1.53999999999999959E1	2.58000000000000007E9	-1.42340433723563309E2
1.53999999999999959E1	2.58999999999999986E9	-1.42642053909041988E2
1.53999999999999959E1	2.60000000000000009E9	-1.42908517590713258E2
1.53999999999999959E1	2.61000000000000032E9	-1.43147796181850384E2
1.53999999999999959E1	2.62000000000000011E9	-1.43365908537797226E2
1.53999999999999959E1	2.62999999999999989E9	-1.43567432173222320E2
1.53999999999999959E1	2.63999999999999968E9	-1.43755870961850007E2
1.53999999999999959E1	2.64999999999999991E9	-1.43933922137902548E2
1.53999999999999959E1	2.66000000000000014E9	-1.44103671953841816E2
1.53999999999999959E1	2.66999999999999993E9	-1.44266740531150894E2
1.53999999999999959E1	2.68000000000000016E9	-1.44424389965447864E2
1.53999999999999959E1	2.68999999999999995E9	-1.44577605669963360E2
1.53999999999999959E1	2.70000000000000018E9	-1.44727158079201246E2

var_c	indep(index, 1)	plot_vs(pnmx, noisefreq)[13, ::]
1.64999999999999969E1	2.29999999999999982E9	-1.43072045538842785E2
1.64999999999999969E1	2.31000000000000005E9	-1.42855934762327141E2
1.64999999999999969E1	2.31999999999999984E9	-1.42620395508341802E2
1.64999999999999969E1	2.33000000000000007E9	-1.42360228895766316E2
1.64999999999999969E1	2.33999999999999986E9	-1.42068595138433085E2
1.64999999999999969E1	2.35000000000000009E9	-1.41736416564114398E2
1.64999999999999969E1	2.36000000000000032E9	-1.41351523485891484E2
1.64999999999999969E1	2.37000000000000011E9	-1.40897411332219580E2
1.64999999999999969E1	2.37999999999999989E9	-1.40351390044047974E2
1.64999999999999969E1	2.38999999999999968E9	-1.39681739610449496E2
1.64999999999999969E1	2.39999999999999991E9	-1.38843149872628713E2
1.64999999999999969E1	2.41000000000000014E9	-1.37768950273205237E2
1.64999999999999969E1	2.41999999999999993E9	-1.36356768301088693E2
1.64999999999999969E1	2.43000000000000016E9	-1.34439537886710414E2
1.64999999999999969E1	2.43999999999999995E9	-1.31724377307869056E2
1.64999999999999969E1	2.45000000000000018E9	-1.27731540423900825E2
1.64999999999999969E1	2.45999999999999996E9	-1.22325365223284122E2
1.64999999999999969E1	2.46999999999999975E9	-1.26339946230597522E2
1.64999999999999969E1	2.47999999999999998E9	-1.30880166960776334E2
1.64999999999999969E1	2.48999999999999977E9	-1.33983248629451213E2
1.64999999999999969E1	2.50000000000000000E9	-1.36149221544449062E2
1.64999999999999969E1	2.51000000000000023E9	-1.37728302657801183E2
1.64999999999999969E1	2.52000000000000002E9	-1.38917338866590145E2
1.64999999999999969E1	2.53000000000000025E9	-1.39835485404331950E2
1.64999999999999969E1	2.54000000000000004E9	-1.40560031715458988E2
1.64999999999999969E1	2.54999999999999982E9	-1.41143508544092922E2
1.64999999999999969E1	2.56000000000000005E9	-1.41622716907220902E2
1.64999999999999969E1	2.56999999999999984E9	-1.42023972597846404E2
1.64999999999999969E1	2.58000000000000007E9	-1.42366378834363561E2
1.64999999999999969E1	2.58999999999999986E9	-1.42663970769981940E2
1.64999999999999969E1	2.60000000000000009E9	-1.42927165798066547E2
1.64999999999999969E1	2.61000000000000032E9	-1.43163766083902178E2
1.64999999999999969E1	2.62000000000000011E9	-1.43379662487406323E2
1.64999999999999969E1	2.62999999999999989E9	-1.43579334974256101E2
1.64999999999999969E1	2.63999999999999968E9	-1.43766212546400607E2
1.64999999999999969E1	2.64999999999999991E9	-1.43942934446713111E2
1.64999999999999969E1	2.66000000000000014E9	-1.44111541710335134E2
1.64999999999999969E1	2.66999999999999993E9	-1.44273619036987855E2
1.64999999999999969E1	2.68000000000000016E9	-1.44430400502129674E2
1.64999999999999969E1	2.68999999999999995E9	-1.44582849298548743E2
1.64999999999999969E1	2.70000000000000018E9	-1.44731718139072596E2

var_c	indep(index, 1)	plot_vs(pnmx, noisefreq)[14, ::]
1.75999999999999979E1	2.29999999999999982E9	-1.43058118904638198E2
1.75999999999999979E1	2.31000000000000005E9	-1.42841740405278772E2
1.75999999999999979E1	2.31999999999999984E9	-1.42605758432506247E2
1.75999999999999979E1	2.33000000000000007E9	-1.42344907633436901E2
1.75999999999999979E1	2.33999999999999986E9	-1.42052255236906477E2
1.75999999999999979E1	2.35000000000000009E9	-1.41718591855061971E2
1.75999999999999979E1	2.36000000000000032E9	-1.41331559117341454E2
1.75999999999999979E1	2.37000000000000011E9	-1.40874378409066492E2
1.75999999999999979E1	2.37999999999999989E9	-1.40323953462629269E2
1.75999999999999979E1	2.38999999999999968E9	-1.39647950988621750E2
1.75999999999999979E1	2.39999999999999991E9	-1.38800105328917223E2
1.75999999999999979E1	2.41000000000000014E9	-1.37712191222027625E2
1.75999999999999979E1	2.41999999999999993E9	-1.36279144192182455E2
1.75999999999999979E1	2.43000000000000016E9	-1.34328834809239295E2
1.75999999999999979E1	2.43999999999999995E9	-1.31558305729588243E2
1.75999999999999979E1	2.45000000000000018E9	-1.27478414431209552E2
1.75999999999999979E1	2.45999999999999996E9	-1.20493992819683915E2
1.75999999999999979E1	2.46999999999999975E9	-1.26663347450704533E2
1.75999999999999979E1	2.47999999999999998E9	-1.31120026746609386E2
1.75999999999999979E1	2.48999999999999977E9	-1.34151675211923083E2
1.75999999999999979E1	2.50000000000000000E9	-1.36273074766593871E2
1.75999999999999979E1	2.51000000000000023E9	-1.37822543866170077E2
1.75999999999999979E1	2.52000000000000002E9	-1.38990717102479411E2
1.75999999999999979E1	2.53000000000000025E9	-1.39893583981866487E2
1.75999999999999979E1	2.54000000000000004E9	-1.40606652588901904E2
1.75999999999999979E1	2.54999999999999982E9	-1.41181351632760554E2
1.75999999999999979E1	2.56000000000000005E9	-1.41653752301455671E2
1.75999999999999979E1	2.56999999999999984E9	-1.42049664426854805E2
1.75999999999999979E1	2.58000000000000007E9	-1.42387830207921451E2
1.75999999999999979E1	2.58999999999999986E9	-1.42682021757098965E2
1.75999999999999979E1	2.60000000000000009E9	-1.42942462397127823E2
1.75999999999999979E1	2.61000000000000032E9	-1.43176809159563301E2
1.75999999999999979E1	2.62000000000000011E9	-1.43390843626512998E2
1.75999999999999979E1	2.62999999999999989E9	-1.43588962579222001E2
1.75999999999999979E1	2.63999999999999968E9	-1.43774531213071244E2
1.75999999999999979E1	2.64999999999999991E9	-1.43950139540170063E2
1.75999999999999979E1	2.66000000000000014E9	-1.44117790233442666E2
1.75999999999999979E1	2.66999999999999993E9	-1.44279037953197387E2
1.75999999999999979E1	2.68000000000000016E9	-1.44435093121241431E2
1.75999999999999979E1	2.68999999999999995E9	-1.44586900142969577E2
1.75999999999999979E1	2.70000000000000018E9	-1.44735196779428543E2

var_c	indep(index, 1)	plot_vs(pnmx, noisefreq)[15, ::]
1.86999999999999988E1	2.29999999999999982E9	-1.43045323414358361E2
1.86999999999999988E1	2.31000000000000005E9	-1.42828668381060964E2
1.86999999999999988E1	2.31999999999999984E9	-1.42592248448301762E2
1.86999999999999988E1	2.33000000000000007E9	-1.42330737891466974E2
1.86999999999999988E1	2.33999999999999986E9	-1.42037119805195466E2
1.86999999999999988E1	2.35000000000000009E9	-1.41702065830043056E2
1.86999999999999988E1	2.36000000000000032E9	-1.41313047489150168E2
1.86999999999999988E1	2.37000000000000011E9	-1.40853038988314228E2
1.86999999999999988E1	2.37999999999999989E9	-1.40298579264947110E2
1.86999999999999988E1	2.38999999999999968E9	-1.39616783957606860E2
1.86999999999999988E1	2.39999999999999991E9	-1.38760529627846441E2
1.86999999999999988E1	2.41000000000000014E9	-1.37660197087494440E2
1.86999999999999988E1	2.41999999999999993E9	-1.36208309480454082E2
1.86999999999999988E1	2.43000000000000016E9	-1.34228210865186415E2
1.86999999999999988E1	2.43999999999999995E9	-1.31408067675239471E2
1.86999999999999988E1	2.45000000000000018E9	-1.27252355039224008E2
1.86999999999999988E1	2.45999999999999996E9	-1.14823101047639353E2
1.86999999999999988E1	2.46999999999999975E9	-1.26951088212000629E2
1.86999999999999988E1	2.47999999999999998E9	-1.31327312330380996E2
1.86999999999999988E1	2.48999999999999977E9	-1.34296665885394395E2
1.86999999999999988E1	2.50000000000000000E9	-1.36379432319660099E2
1.86999999999999988E1	2.51000000000000023E9	-1.37903252464656356E2
1.86999999999999988E1	2.52000000000000002E9	-1.39053372969548206E2
1.86999999999999988E1	2.53000000000000025E9	-1.39943040521942130E2
1.86999999999999988E1	2.54000000000000004E9	-1.40646213905567619E2
1.86999999999999988E1	2.54999999999999982E9	-1.41213361194811804E2
1.86999999999999988E1	2.56000000000000005E9	-1.41679916946307816E2
1.86999999999999988E1	2.56999999999999984E9	-1.42071250270089378E2
1.86999999999999988E1	2.58000000000000007E9	-1.42405789157299445E2
1.86999999999999988E1	2.58999999999999986E9	-1.42697077255846372E2
1.86999999999999988E1	2.60000000000000009E9	-1.42955169568061735E2
1.86999999999999988E1	2.61000000000000032E9	-1.43187597785565779E2
1.86999999999999988E1	2.62000000000000011E9	-1.43400049035564803E2
1.86999999999999988E1	2.62999999999999989E9	-1.43596848436507019E2
1.86999999999999988E1	2.63999999999999968E9	-1.43781306338584569E2
1.86999999999999988E1	2.64999999999999991E9	-1.43955970347030826E2
1.86999999999999988E1	2.66000000000000014E9	-1.44122810342023144E2
1.86999999999999988E1	2.66999999999999993E9	-1.44283355187998374E2
1.86999999999999988E1	2.68000000000000016E9	-1.44438795085780547E2
1.86999999999999988E1	2.68999999999999995E9	-1.44590058407095223E2
1.86999999999999988E1	2.70000000000000018E9	-1.44737870149522840E2

var_c	indep(index, 1)	plot_vs(pnmx, noisefreq)[16, ::]
1.97999999999999998E1	2.29999999999999982E9	-1.43033542701533722E2
1.97999999999999998E1	2.31000000000000005E9	-1.42816608905523590E2
1.97999999999999998E1	2.31999999999999984E9	-1.42579760901936270E2
1.97999999999999998E1	2.33000000000000007E9	-1.42317618046840688E2
1.97999999999999998E1	2.33999999999999986E9	-1.42023086730369852E2
1.97999999999999998E1	2.35000000000000009E9	-1.41686730605240374E2
1.97999999999999998E1	2.36000000000000032E9	-1.41295866868520537E2
1.97999999999999998E1	2.37000000000000011E9	-1.40833245879697588E2
1.97999999999999998E1	2.37999999999999989E9	-1.40275076646965191E2
1.97999999999999998E1	2.38999999999999968E9	-1.39587976878939801E2
1.97999999999999998E1	2.39999999999999991E9	-1.38724048581878434E2
1.97999999999999998E1	2.41000000000000014E9	-1.37612415143238476E2
1.97999999999999998E1	2.41999999999999993E9	-1.36143424209295927E2
1.97999999999999998E1	2.43000000000000016E9	-1.34136352882753052E2
1.97999999999999998E1	2.43999999999999995E9	-1.31271536478788731E2
1.97999999999999998E1	2.45000000000000018E9	-1.27049688046738640E2
1.97999999999999998E1	2.45999999999999996E9	-1.03954329733681661E2
1.97999999999999998E1	2.46999999999999975E9	-1.27207455000211533E2
1.97999999999999998E1	2.47999999999999998E9	-1.31507859802541183E2
1.97999999999999998E1	2.48999999999999977E9	-1.34422592661298812E2
1.97999999999999998E1	2.50000000000000000E9	-1.36471616510206295E2
1.97999999999999998E1	2.51000000000000023E9	-1.37973038041471097E2
1.97999999999999998E1	2.52000000000000002E9	-1.39107404788392963E2
1.97999999999999998E1	2.53000000000000025E9	-1.39985570084041488E2
1.97999999999999998E1	2.54000000000000004E9	-1.40680135020216324E2
1.97999999999999998E1	2.54999999999999982E9	-1.41240724510672111E2
1.97999999999999998E1	2.56000000000000005E9	-1.41702214150455807E2
1.97999999999999998E1	2.56999999999999984E9	-1.42089585604783331E2
1.97999999999999998E1	2.58000000000000007E9	-1.42420991156915244E2
1.97999999999999998E1	2.58999999999999986E9	-1.42709774833076564E2
1.97999999999999998E1	2.60000000000000009E9	-1.42965844426419753E2
1.97999999999999998E1	2.61000000000000032E9	-1.43196622195487278E2
1.97999999999999998E1	2.62000000000000011E9	-1.43407713016886529E2
1.97999999999999998E1	2.62999999999999989E9	-1.43603379718542179E2
1.97999999999999998E1	2.63999999999999968E9	-1.43786884923770053E2
1.97999999999999998E1	2.64999999999999991E9	-1.43960739570819629E2
1.97999999999999998E1	2.66000000000000014E9	-1.44126885044591591E2
1.97999999999999998E1	2.66999999999999993E9	-1.44286827953570729E2
1.97999999999999998E1	2.68000000000000016E9	-1.44441741004098145E2
1.97999999999999998E1	2.68999999999999995E9	-1.44592538732018117E2
1.97999999999999998E1	2.70000000000000018E9	-1.44739935113769613E2

var_c	indep(index, 1)	plot_vs(pnmx, noisefreq)[17, ::]
2.09000000000000030E1	2.29999999999999982E9	-1.43022671803360346E2
2.09000000000000030E1	2.31000000000000005E9	-1.42805461493474484E2
2.09000000000000030E1	2.31999999999999984E9	-1.42568198553586933E2
2.09000000000000030E1	2.33000000000000007E9	-1.42305452031416690E2
2.09000000000000030E1	2.33999999999999986E9	-1.42010058308141507E2
2.09000000000000030E1	2.35000000000000009E9	-1.41672482447063386E2
2.09000000000000030E1	2.36000000000000032E9	-1.41279900908095213E2
2.09000000000000030E1	2.37000000000000011E9	-1.40814860503028427E2
2.09000000000000030E1	2.37999999999999989E9	-1.40253270006630260E2
2.09000000000000030E1	2.38999999999999968E9	-1.39561294696812022E2
2.09000000000000030E1	2.39999999999999991E9	-1.38690334361118062E2
2.09000000000000030E1	2.41000000000000014E9	-1.37568370223920722E2
2.09000000000000030E1	2.41999999999999993E9	-1.36083779161851193E2
2.09000000000000030E1	2.43000000000000016E9	-1.34052166018018437E2
2.09000000000000030E1	2.43999999999999995E9	-1.31146943251523984E2
2.09000000000000030E1	2.45000000000000018E9	-1.26867325230521333E2
2.09000000000000030E1	2.45999999999999996E9	-1.16904815045180710E2
2.09000000000000030E1	2.46999999999999975E9	-1.27436357188687555E2
2.09000000000000030E1	2.47999999999999998E9	-1.31666267115299052E2
2.09000000000000030E1	2.48999999999999977E9	-1.34532842352302251E2
2.09000000000000030E1	2.50000000000000000E9	-1.36552184256112019E2
2.09000000000000030E1	2.51000000000000023E9	-1.38033898996069304E2
2.09000000000000030E1	2.52000000000000002E9	-1.39154412896124358E2
2.09000000000000030E1	2.53000000000000025E9	-1.40022475021387782E2
2.09000000000000030E1	2.54000000000000004E9	-1.40709490112473246E2
2.09000000000000030E1	2.54999999999999982E9	-1.41264337677579022E2
2.09000000000000030E1	2.56000000000000005E9	-1.41721398334520599E2
2.09000000000000030E1	2.56999999999999984E9	-1.42105311652623145E2
2.09000000000000030E1	2.58000000000000007E9	-1.42433986443796146E2
2.09000000000000030E1	2.58999999999999986E9	-1.42720590325460961E2
2.09000000000000030E1	2.60000000000000009E9	-1.42974901668648013E2
2.09000000000000030E1	2.61000000000000032E9	-1.43204246489453668E2
2.09000000000000030E1	2.62000000000000011E9	-1.43414157410684973E2
2.09000000000000030E1	2.62999999999999989E9	-1.43608842599191489E2
2.09000000000000030E1	2.63999999999999968E9	-1.43791522951415485E2
2.09000000000000030E1	2.64999999999999991E9	-1.43964677315245293E2
2.09000000000000030E1	2.66000000000000014E9	-1.44130222103314942E2
2.09000000000000030E1	2.66999999999999993E9	-1.44289644572134579E2
2.09000000000000030E1	2.68000000000000016E9	-1.44444102161451826E2
2.09000000000000030E1	2.68999999999999995E9	-1.44594497350899998E2
2.09000000000000030E1	2.70000000000000018E9	-1.44741534551106055E2

var_c	indep(index, 1)	plot_vs(pnmx, noisefreq)[18, ::]
2.20000000000000018E1	2.29999999999999982E9	-1.43012617238477491E2
2.20000000000000018E1	2.31000000000000005E9	-1.42795135566007469E2
2.20000000000000018E1	2.31999999999999984E9	-1.42557472628156989E2
2.20000000000000018E1	2.33000000000000007E9	-1.42294151245613021E2
2.20000000000000018E1	2.33999999999999986E9	-1.41997943646295588E2
2.20000000000000018E1	2.35000000000000009E9	-1.41659224365063596E2
2.20000000000000018E1	2.36000000000000032E9	-1.41265041194566798E2
2.20000000000000018E1	2.37000000000000011E9	-1.40797754855256807E2
2.20000000000000018E1	2.37999999999999989E9	-1.40232999683724091E2
2.20000000000000018E1	2.38999999999999968E9	-1.39536528386716752E2
2.20000000000000018E1	2.39999999999999991E9	-1.38659099231436445E2
2.20000000000000018E1	2.41000000000000014E9	-1.37527653394737515E2
2.20000000000000018E1	2.41999999999999993E9	-1.36028771557794204E2
2.20000000000000018E1	2.43000000000000016E9	-1.33974727930831361E2
2.20000000000000018E1	2.43999999999999995E9	-1.31032803053749758E2
2.20000000000000018E1	2.45000000000000018E9	-1.26702659417105012E2
2.20000000000000018E1	2.45999999999999996E9	-1.19968626165213532E2
2.20000000000000018E1	2.46999999999999975E9	-1.27641287691155081E2
2.20000000000000018E1	2.47999999999999998E9	-1.31806184584950858E2
2.20000000000000018E1	2.48999999999999977E9	-1.34630069850217127E2
2.20000000000000018E1	2.50000000000000000E9	-1.36623129526855491E2
2.20000000000000018E1	2.51000000000000023E9	-1.38087387202856426E2
2.20000000000000018E1	2.52000000000000002E9	-1.39195634674887536E2
2.20000000000000018E1	2.53000000000000025E9	-1.40054759676076346E2
2.20000000000000018E1	2.54000000000000004E9	-1.40735105000554817E2
2.20000000000000018E1	2.54999999999999982E9	-1.41284886999691639E2
2.20000000000000018E1	2.56000000000000005E9	-1.41738046132069906E2
2.20000000000000018E1	2.56999999999999984E9	-1.42118917374220555E2
2.20000000000000018E1	2.58000000000000007E9	-1.42445193180852447E2
2.20000000000000018E1	2.58999999999999986E9	-1.42729884639444671E2
2.20000000000000018E1	2.60000000000000009E9	-1.42982655172629647E2
2.20000000000000018E1	2.61000000000000032E9	-1.43210745576804799E2
2.20000000000000018E1	2.62000000000000011E9	-1.43419624658404854E2
2.20000000000000018E1	2.62999999999999989E9	-1.43613452245140572E2
2.20000000000000018E1	2.63999999999999968E9	-1.43795412411629542E2
2.20000000000000018E1	2.64999999999999991E9	-1.43967955666982350E2
2.20000000000000018E1	2.66000000000000014E9	-1.44132976557562076E2
2.20000000000000018E1	2.66999999999999993E9	-1.44291945219783702E2
2.20000000000000018E1	2.68000000000000016E9	-1.44446005683915013E2
2.20000000000000018E1	2.68999999999999995E9	-1.44596049890013889E2
2.20000000000000018E1	2.70000000000000018E9	-1.44742773814792480E2

var_c	indep(index, 1)	plot_vs(pnmx, noisefreq)[19, ::]
2.31000000000000050E1	2.29999999999999982E9	-1.43003296268253277E2
2.31000000000000050E1	2.31000000000000005E9	-1.42785550178142229E2
2.31000000000000050E1	2.31999999999999984E9	-1.42547503084438398E2
2.31000000000000050E1	2.33000000000000007E9	-1.42283635197995406E2
2.31000000000000050E1	2.33999999999999986E9	-1.41986659492444156E2
2.31000000000000050E1	2.35000000000000009E9	-1.41646867383437836E2
2.31000000000000050E1	2.36000000000000032E9	-1.41251188529076410E2
2.31000000000000050E1	2.37000000000000011E9	-1.40781812182897803E2
2.31000000000000050E1	2.37999999999999989E9	-1.40214121749439657E2
2.31000000000000050E1	2.38999999999999968E9	-1.39513491268573553E2
2.31000000000000050E1	2.39999999999999991E9	-1.38630091448087911E2
2.31000000000000050E1	2.41000000000000014E9	-1.37489911058821646E2
2.31000000000000050E1	2.41999999999999993E9	-1.35977886804154680E2
2.31000000000000050E1	2.43000000000000016E9	-1.33903259259873164E2
2.31000000000000050E1	2.43999999999999995E9	-1.30927864794097726E2
2.31000000000000050E1	2.45000000000000018E9	-1.26553477667485104E2
2.31000000000000050E1	2.45999999999999996E9	-1.21253531967791339E2
2.31000000000000050E1	2.46999999999999975E9	-1.27825315869277523E2
2.31000000000000050E1	2.47999999999999998E9	-1.31930537573722750E2
2.31000000000000050E1	2.48999999999999977E9	-1.34716381036849908E2
2.31000000000000050E1	2.50000000000000000E9	-1.36686026265903471E2
2.31000000000000050E1	2.51000000000000023E9	-1.38134724165002121E2
2.31000000000000050E1	2.52000000000000002E9	-1.39232040795709855E2
2.31000000000000050E1	2.53000000000000025E9	-1.40083209028796651E2
2.31000000000000050E1	2.54000000000000004E9	-1.40757622836451701E2
2.31000000000000050E1	2.54999999999999982E9	-1.41302905952949120E2
2.31000000000000050E1	2.56000000000000005E9	-1.41752604552114425E2
2.31000000000000050E1	2.56999999999999984E9	-1.42130781009988771E2
2.31000000000000050E1	2.58000000000000007E9	-1.42454934291438917E2
2.31000000000000050E1	2.58999999999999986E9	-1.42737935684101380E2
2.31000000000000050E1	2.60000000000000009E9	-1.42989346041784526E2
2.31000000000000050E1	2.61000000000000032E9	-1.43216330245379342E2
2.31000000000000050E1	2.62000000000000011E9	-1.43424300199705312E2
2.31000000000000050E1	2.62999999999999989E9	-1.43617372803461762E2
2.31000000000000050E1	2.63999999999999968E9	-1.43798699390648843E2
2.31000000000000050E1	2.64999999999999991E9	-1.43970705343373351E2
2.31000000000000050E1	2.66000000000000014E9	-1.44135265792166622E2
2.31000000000000050E1	2.66999999999999993E9	-1.44293835713513086E2
2.31000000000000050E1	2.68000000000000016E9	-1.44447547309207103E2
2.31000000000000050E1	2.68999999999999995E9	-1.44597283126033949E2
2.31000000000000050E1	2.70000000000000018E9	-1.44743731746303839E2

var_c	indep(index, 1)	plot_vs(pnmx, noisefreq)[20, ::]
2.42000000000000082E1	2.29999999999999982E9	-1.42994635759988609E2
2.42000000000000082E1	2.31000000000000005E9	-1.42776633363153338E2
2.42000000000000082E1	2.31999999999999984E9	-1.42538218278872608E2
2.42000000000000082E1	2.33000000000000007E9	-1.42273831195172096E2
2.42000000000000082E1	2.33999999999999986E9	-1.41976130449557836E2
2.42000000000000082E1	2.35000000000000009E9	-1.41635330793632153E2
2.42000000000000082E1	2.36000000000000032E9	-1.41238252472566006E2
2.42000000000000082E1	2.37000000000000011E9	-1.40766927438801615E2
2.42000000000000082E1	2.37999999999999989E9	-1.40196507472405241E2
2.42000000000000082E1	2.38999999999999968E9	-1.39492018325114597E2
2.42000000000000082E1	2.39999999999999991E9	-1.38603090581717270E2
2.42000000000000082E1	2.41000000000000014E9	-1.37454836572053862E2
2.42000000000000082E1	2.41999999999999993E9	-1.35930682939280745E2
2.42000000000000082E1	2.43000000000000016E9	-1.33837094255509981E2
2.42000000000000082E1	2.43999999999999995E9	-1.30831067181666372E2
2.42000000000000082E1	2.45000000000000018E9	-1.26417897278978364E2
2.42000000000000082E1	2.45999999999999996E9	-1.21933457855187810E2
2.42000000000000082E1	2.46999999999999975E9	-1.27991114606510203E2
2.42000000000000082E1	2.47999999999999998E9	-1.32041690463415384E2
2.42000000000000082E1	2.48999999999999977E9	-1.34793462045943491E2
2.42000000000000082E1	2.50000000000000000E9	-1.36742131379163157E2
2.42000000000000082E1	2.51000000000000023E9	-1.38176881350725766E2
2.42000000000000082E1	2.52000000000000002E9	-1.39264401643277291E2
2.42000000000000082E1	2.53000000000000025E9	-1.40108443957491713E2
2.42000000000000082E1	2.54000000000000004E9	-1.40777551466650741E2
2.42000000000000082E1	2.54999999999999982E9	-1.41318814503507584E2
2.42000000000000082E1	2.56000000000000005E9	-1.41765424573932575E2
2.42000000000000082E1	2.56999999999999984E9	-1.42141198765587018E2
2.42000000000000082E1	2.58000000000000007E9	-1.42463462112917538E2
2.42000000000000082E1	2.58999999999999986E9	-1.42744960181556335E2
2.42000000000000082E1	2.60000000000000009E9	-1.42995161938644677E2
2.42000000000000082E1	2.61000000000000032E9	-1.43221164113710664E2
2.42000000000000082E1	2.62000000000000011E9	-1.43428327736404349E2
2.42000000000000082E1	2.62999999999999989E9	-1.43620731159667558E2
2.42000000000000082E1	2.63999999999999968E9	-1.43801496581306143E2
2.42000000000000082E1	2.64999999999999991E9	-1.43973026900883760E2
2.42000000000000082E1	2.66000000000000014E9	-1.44137179893915546E2
2.42000000000000082E1	2.66999999999999993E9	-1.44295397072859943E2
2.42000000000000082E1	2.68000000000000016E9	-1.44448800055932591E2
2.42000000000000082E1	2.68999999999999995E9	-1.44598263048950848E2
2.42000000000000082E1	2.70000000000000018E9	-1.44744468075510180E2

var_c	indep(index, 1)	plot_vs(pnmx, noisefreq)[21, ::]
2.53000000000000069E1	2.29999999999999982E9	-1.42986571105827287E2
2.53000000000000069E1	2.31000000000000005E9	-1.42768321252312624E2
2.53000000000000069E1	2.31999999999999984E9	-1.42529554228499311E2
2.53000000000000069E1	2.33000000000000007E9	-1.42264674163768801E2
2.53000000000000069E1	2.33999999999999986E9	-1.41966288647542505E2
2.53000000000000069E1	2.35000000000000009E9	-1.41624541389897129E2
2.53000000000000069E1	2.36000000000000032E9	-1.41226151650532938E2
2.53000000000000069E1	2.37000000000000011E9	-1.40753005835469991E2
2.53000000000000069E1	2.37999999999999989E9	-1.40180041507133413E2
2.53000000000000069E1	2.38999999999999968E9	-1.39471963055664405E2
2.53000000000000069E1	2.39999999999999991E9	-1.38577902166320444E2
2.53000000000000069E1	2.41000000000000014E9	-1.37422162208914700E2
2.53000000000000069E1	2.41999999999999993E9	-1.35886777863102393E2
2.53000000000000069E1	2.43000000000000016E9	-1.33775664413005346E2
2.53000000000000069E1	2.43999999999999995E9	-1.30741501869559151E2
2.53000000000000069E1	2.45000000000000018E9	-1.26294305011828945E2
2.53000000000000069E1	2.45999999999999996E9	-1.22356129164153393E2
2.53000000000000069E1	2.46999999999999975E9	-1.28140995444989692E2
2.53000000000000069E1	2.47999999999999998E9	-1.32141568205324278E2
2.53000000000000069E1	2.48999999999999977E9	-1.34862678134646452E2
2.53000000000000069E1	2.50000000000000000E9	-1.36792459359717067E2
2.53000000000000069E1	2.51000000000000023E9	-1.38214641161452789E2
2.53000000000000069E1	2.52000000000000002E9	-1.39293335383155092E2
2.53000000000000069E1	2.53000000000000025E9	-1.40130962031621320E2
2.53000000000000069E1	2.54000000000000004E9	-1.40795296651286894E2
2.53000000000000069E1	2.54999999999999982E9	-1.41332947431340150E2
2.53000000000000069E1	2.56000000000000005E9	-1.41776785351248180E2
2.53000000000000069E1	2.56999999999999984E9	-1.42150405737796404E2
2.53000000000000069E1	2.58000000000000007E9	-1.42470976339119804E2
2.53000000000000069E1	2.58999999999999986E9	-1.42751129348741013E2
2.53000000000000069E1	2.60000000000000009E9	-1.43000250750347568E2
2.53000000000000069E1	2.61000000000000032E9	-1.43225375872894123E2
2.53000000000000069E1	2.62000000000000011E9	-1.43431819885722645E2
2.53000000000000069E1	2.62999999999999989E9	-1.43623626664017823E2
2.53000000000000069E1	2.63999999999999968E9	-1.43803891960168828E2
2.53000000000000069E1	2.64999999999999991E9	-1.43974998616896488E2
2.53000000000000069E1	2.66000000000000014E9	-1.44138788823005504E2
2.53000000000000069E1	2.66999999999999993E9	-1.44296692001528770E2
2.53000000000000069E1	2.68000000000000016E9	-1.44449820270483320E2
2.53000000000000069E1	2.68999999999999995E9	-1.44599040440197180E2
2.53000000000000069E1	2.70000000000000018E9	-1.44745028596150371E2

var_c	indep(index, 1)	plot_vs(pnmx, noisefreq)[22, ::]
2.64000000000000101E1	2.29999999999999982E9	-1.42979045390411796E2
2.64000000000000101E1	2.31000000000000005E9	-1.42760557142103961E2
2.64000000000000101E1	2.31999999999999984E9	-1.42521453872632220E2
2.64000000000000101E1	2.33000000000000007E9	-1.42256105732109184E2
2.64000000000000101E1	2.33999999999999986E9	-1.41957073024055402E2
2.64000000000000101E1	2.35000000000000009E9	-1.41614433580211907E2
2.64000000000000101E1	2.36000000000000032E9	-1.41214812960219360E2
2.64000000000000101E1	2.37000000000000011E9	-1.40739962249669359E2
2.64000000000000101E1	2.37999999999999989E9	-1.40164620851205979E2
2.64000000000000101E1	2.38999999999999968E9	-1.39453195388905637E2
2.64000000000000101E1	2.39999999999999991E9	-1.38554355405850993E2
2.64000000000000101E1	2.41000000000000014E9	-1.37391655068410090E2
2.64000000000000101E1	2.41999999999999993E9	-1.35845840276220864E2
2.64000000000000101E1	2.43000000000000016E9	-1.33718477817865189E2
2.64000000000000101E1	2.43999999999999995E9	-1.30658391015138831E2
2.64000000000000101E1	2.45000000000000018E9	-1.26181318858819669E2
2.64000000000000101E1	2.45999999999999996E9	-1.22652227082623400E2
2.64000000000000101E1	2.46999999999999975E9	-1.28276945263886888E2
2.64000000000000101E1	2.47999999999999998E9	-1.32231750112920454E2
2.64000000000000101E1	2.48999999999999977E9	-1.34925144848698197E2
2.64000000000000101E1	2.50000000000000000E9	-1.36837836201301255E2
2.64000000000000101E1	2.51000000000000023E9	-1.38248638785847322E2
2.64000000000000101E1	2.52000000000000002E9	-1.39319343071321566E2
2.64000000000000101E1	2.53000000000000025E9	-1.40151165381502629E2
2.64000000000000101E1	2.54000000000000004E9	-1.40811185305153863E2
2.64000000000000101E1	2.54999999999999982E9	-1.41345573998171226E2
2.64000000000000101E1	2.56000000000000005E9	-1.41786911025584628E2
2.64000000000000101E1	2.56999999999999984E9	-1.42158590224330661E2
2.64000000000000101E1	2.58000000000000007E9	-1.42477636744488256E2
2.64000000000000101E1	2.58999999999999986E9	-1.42756579782185744E2
2.64000000000000101E1	2.60000000000000009E9	-1.43004730210310838E2
2.64000000000000101E1	2.61000000000000032E9	-1.43229067769509411E2
2.64000000000000101E1	2.62000000000000011E9	-1.43434866103651038E2
2.64000000000000101E1	2.62999999999999989E9	-1.43626137827350475E2
2.64000000000000101E1	2.63999999999999968E9	-1.43805954965841876E2
2.64000000000000101E1	2.64999999999999991E9	-1.43976682126097977E2
2.64000000000000101E1	2.66000000000000014E9	-1.44140147512390993E2
2.64000000000000101E1	2.66999999999999993E9	-1.44297769569201395E2
2.64000000000000101E1	2.68000000000000016E9	-1.44450651966360111E2
2.64000000000000101E1	2.68999999999999995E9	-1.44599654738961680E2
2.64000000000000101E1	2.70000000000000018E9	-1.44745448708476410E2

var_c	indep(index, 1)	plot_vs(pnmx, noisefreq)[23, ::]
2.75000000000000089E1	2.29999999999999982E9	-1.42972008253197602E2
2.75000000000000089E1	2.31000000000000005E9	-1.42753290769458596E2
2.75000000000000089E1	2.31999999999999984E9	-1.42513866511900256E2
2.75000000000000089E1	2.33000000000000007E9	-1.42248073749927539E2
2.75000000000000089E1	2.33999999999999986E9	-1.41948428918236580E2
2.75000000000000089E1	2.35000000000000009E9	-1.41604948364021599E2
2.75000000000000089E1	2.36000000000000032E9	-1.41204170394805661E2
2.75000000000000089E1	2.37000000000000011E9	-1.40727720556938740E2
2.75000000000000089E1	2.37999999999999989E9	-1.40150153837140912E2
2.75000000000000089E1	2.38999999999999968E9	-1.39435599802222376E2
2.75000000000000089E1	2.39999999999999991E9	-1.38532299277651383E2
2.75000000000000089E1	2.41000000000000014E9	-1.37363110467303673E2
2.75000000000000089E1	2.41999999999999993E9	-1.35807581840898850E2
2.75000000000000089E1	2.43000000000000016E9	-1.33665109302070606E2
2.75000000000000089E1	2.43999999999999995E9	-1.30581064151938020E2
2.75000000000000089E1	2.45000000000000018E9	-1.26077745742080505E2
2.75000000000000089E1	2.45999999999999996E9	-1.22878949865098375E2
2.75000000000000089E1	2.46999999999999975E9	-1.28400671263785893E2
2.75000000000000089E1	2.47999999999999998E9	-1.32313542605916412E2
2.75000000000000089E1	2.48999999999999977E9	-1.34981778905773564E2
2.75000000000000089E1	2.50000000000000000E9	-1.36878940731816723E2
2.75000000000000089E1	2.51000000000000023E9	-1.38279395759297219E2
2.75000000000000089E1	2.52000000000000002E9	-1.39342834804406168E2
2.75000000000000089E1	2.53000000000000025E9	-1.40169382095065531E2
2.75000000000000089E1	2.54000000000000004E9	-1.40825484119273314E2
2.75000000000000089E1	2.54999999999999982E9	-1.41356913300623654E2
2.75000000000000089E1	2.56000000000000005E9	-1.41795983431402184E2
2.75000000000000089E1	2.56999999999999984E9	-1.42165904708966240E2
2.75000000000000089E1	2.58000000000000007E9	-1.42483572304119521E2
2.75000000000000089E1	2.58999999999999986E9	-1.42761421676044242E2
2.75000000000000089E1	2.60000000000000009E9	-1.43008695144042641E2
2.75000000000000089E1	2.61000000000000032E9	-1.43232321929079132E2
2.75000000000000089E1	2.62000000000000011E9	-1.43437537977227292E2
2.75000000000000089E1	2.62999999999999989E9	-1.43628327489108987E2
2.75000000000000089E1	2.63999999999999968E9	-1.43807740953211183E2
2.75000000000000089E1	2.64999999999999991E9	-1.43978126453923538E2
2.75000000000000089E1	2.66000000000000014E9	-1.44141299467774964E2
2.75000000000000089E1	2.66999999999999993E9	-1.44298668595256929E2
2.75000000000000089E1	2.68000000000000016E9	-1.44451329745365564E2
2.75000000000000089E1	2.68999999999999995E9	-1.44600136928457301E2
2.75000000000000089E1	2.70000000000000018E9	-1.44745756146632432E2

var_c	indep(index, 1)	plot_vs(pnmx, noisefreq)[24, ::]
2.86000000000000121E1	2.29999999999999982E9	-1.42965415013033570E2
2.86000000000000121E1	2.31000000000000005E9	-1.42746477458151899E2
2.86000000000000121E1	2.31999999999999984E9	-1.42506746761781034E2
2.86000000000000121E1	2.33000000000000007E9	-1.42240531495054512E2
2.86000000000000121E1	2.33999999999999986E9	-1.41940307284389644E2
2.86000000000000121E1	2.35000000000000009E9	-1.41596032675435546E2
2.86000000000000121E1	2.36000000000000032E9	-1.41194164877272832E2
2.86000000000000121E1	2.37000000000000011E9	-1.40716212240706229E2
2.86000000000000121E1	2.37999999999999989E9	-1.40136557861756161E2
2.86000000000000121E1	2.38999999999999968E9	-1.39419073501506663E2
2.86000000000000121E1	2.39999999999999991E9	-1.38511599869098023E2
2.86000000000000121E1	2.41000000000000014E9	-1.37336347137238413E2
2.86000000000000121E1	2.41999999999999993E9	-1.35771749740218195E2
2.86000000000000121E1	2.43000000000000016E9	-1.33615188409833308E2
2.86000000000000121E1	2.43999999999999995E9	-1.30508936425685707E2
2.86000000000000121E1	2.45000000000000018E9	-1.25982552180191409E2
2.86000000000000121E1	2.45999999999999996E9	-1.23064213344750817E2
2.86000000000000121E1	2.46999999999999975E9	-1.28513641359550435E2
2.86000000000000121E1	2.47999999999999998E9	-1.32388034334155580E2
2.86000000000000121E1	2.48999999999999977E9	-1.35033343767172487E2
2.86000000000000121E1	2.50000000000000000E9	-1.36916335680770263E2
2.86000000000000121E1	2.51000000000000023E9	-1.38307343061336252E2
2.86000000000000121E1	2.52000000000000002E9	-1.39364149191780240E2
2.86000000000000121E1	2.53000000000000025E9	-1.40185882732897471E2
2.86000000000000121E1	2.54000000000000004E9	-1.40838412210129316E2
2.86000000000000121E1	2.54999999999999982E9	-1.41367144881296580E2
2.86000000000000121E1	2.56000000000000005E9	-1.41804151364416753E2
2.86000000000000121E1	2.56999999999999984E9	-1.42172473909646202E2
2.86000000000000121E1	2.58000000000000007E9	-1.42488888397812818E2
2.86000000000000121E1	2.58999999999999986E9	-1.42765744669127814E2
2.86000000000000121E1	2.60000000000000009E9	-1.43012222453988280E2
2.86000000000000121E1	2.61000000000000032E9	-1.43235204863793797E2
2.86000000000000121E1	2.62000000000000011E9	-1.43439893361425708E2
2.86000000000000121E1	2.62999999999999989E9	-1.43630246269576611E2
2.86000000000000121E1	2.63999999999999968E9	-1.43809294424274969E2
2.86000000000000121E1	2.64999999999999991E9	-1.43979370878465751E2
2.86000000000000121E1	2.66000000000000014E9	-1.44142279523095285E2
2.86000000000000121E1	2.66999999999999993E9	-1.44299419984423083E2
2.86000000000000121E1	2.68000000000000016E9	-1.44451881120262682E2
2.86000000000000121E1	2.68999999999999995E9	-1.44600511492923878E2
2.86000000000000121E1	2.70000000000000018E9	-1.44745972688837066E2

var_c	indep(index, 1)	plot_vs(pnmx, noisefreq)[25, ::]
2.97000000000000153E1	2.29999999999999982E9	-1.42959226222542424E2
2.97000000000000153E1	2.31000000000000005E9	-1.42740077440112612E2
2.97000000000000153E1	2.31999999999999984E9	-1.42500054196962145E2
2.97000000000000153E1	2.33000000000000007E9	-1.42233437356077053E2
2.97000000000000153E1	2.33999999999999986E9	-1.41932663895128752E2
2.97000000000000153E1	2.35000000000000009E9	-1.41587638948324357E2
2.97000000000000153E1	2.36000000000000032E9	-1.41184743359554354E2
2.97000000000000153E1	2.37000000000000011E9	-1.40705376026473239E2
2.97000000000000153E1	2.37999999999999989E9	-1.40123759490645661E2
2.97000000000000153E1	2.38999999999999968E9	-1.39403524770655207E2
2.97000000000000153E1	2.39999999999999991E9	-1.38492138838223622E2
2.97000000000000153E1	2.41000000000000014E9	-1.37311206588296342E2
2.97000000000000153E1	2.41999999999999993E9	-1.35738121225721864E2
2.97000000000000153E1	2.43000000000000016E9	-1.33568390515579227E2
2.97000000000000153E1	2.43999999999999995E9	-1.30441502849195734E2
2.97000000000000153E1	2.45000000000000018E9	-1.25894843492340569E2
2.97000000000000153E1	2.45999999999999996E9	-1.23222788769954650E2
2.97000000000000153E1	2.46999999999999975E9	-1.28617116220523497E2
2.97000000000000153E1	2.47999999999999998E9	-1.32456138197463136E2
2.97000000000000153E1	2.48999999999999977E9	-1.35080476374993164E2
2.97000000000000153E1	2.50000000000000000E9	-1.36950490799739244E2
2.97000000000000153E1	2.51000000000000023E9	-1.38332840053137995E2
2.97000000000000153E1	2.52000000000000002E9	-1.39383567497308425E2
2.97000000000000153E1	2.53000000000000025E9	-1.40200891792401561E2
2.97000000000000153E1	2.54000000000000004E9	-1.40850151032476001E2
2.97000000000000153E1	2.54999999999999982E9	-1.41376417376510277E2
2.97000000000000153E1	2.56000000000000005E9	-1.41811537911827967E2
2.97000000000000153E1	2.56999999999999984E9	-1.42178400372682789E2
2.97000000000000153E1	2.58000000000000007E9	-1.42493671470414873E2
2.97000000000000153E1	2.58999999999999986E9	-1.42769622290638121E2
2.97000000000000153E1	2.60000000000000009E9	-1.43015375170860848E2
2.97000000000000153E1	2.61000000000000032E9	-1.43237770948555831E2
2.97000000000000153E1	2.62000000000000011E9	-1.43441979428212640E2
2.97000000000000153E1	2.62999999999999989E9	-1.43631935344513439E2
2.97000000000000153E1	2.63999999999999968E9	-1.43810651507606391E2
2.97000000000000153E1	2.64999999999999991E9	-1.43980447206510664E2
2.97000000000000153E1	2.66000000000000014E9	-1.44143115758440499E2
2.97000000000000153E1	2.66999999999999993E9	-1.44300048587340513E2
2.97000000000000153E1	2.68000000000000016E9	-1.44452328158691001E2
2.97000000000000153E1	2.68999999999999995E9	-1.44600797966923267E2
2.97000000000000153E1	2.70000000000000018E9	-1.44746115682631049E2

var_c	indep(index, 1)	plot_vs(pnmx, noisefreq)[26, ::]
3.08000000000000140E1	2.29999999999999982E9	-1.42953406629036506E2
3.08000000000000140E1	2.31000000000000005E9	-1.42734055250521408E2
3.08000000000000140E1	2.31999999999999984E9	-1.42493752811240348E2
3.08000000000000140E1	2.33000000000000007E9	-1.42226753884973034E2
3.08000000000000140E1	2.33999999999999986E9	-1.41925459552147304E2
3.08000000000000140E1	2.35000000000000009E9	-1.41579724440640353E2
3.08000000000000140E1	2.36000000000000032E9	-1.41175858164421841E2
3.08000000000000140E1	2.37000000000000011E9	-1.40695156933079257E2
3.08000000000000140E1	2.37999999999999989E9	-1.40111693152759731E2
3.08000000000000140E1	2.38999999999999968E9	-1.39388871842249196E2
3.08000000000000140E1	2.39999999999999991E9	-1.38473810620238624E2
3.08000000000000140E1	2.41000000000000014E9	-1.37287547226347639E2
3.08000000000000140E1	2.41999999999999993E9	-1.35706501093048226E2
3.08000000000000140E1	2.43000000000000016E9	-1.33524432163823925E2
3.08000000000000140E1	2.43999999999999995E9	-1.30378318640698243E2
3.08000000000000140E1	2.45000000000000018E9	-1.25813838596845273E2
3.08000000000000140E1	2.45999999999999996E9	-1.23362994728181286E2
3.08000000000000140E1	2.46999999999999975E9	-1.28712181844461826E2
3.08000000000000140E1	2.47999999999999998E9	-1.32518622258971108E2
3.08000000000000140E1	2.48999999999999977E9	-1.35123713347144769E2
3.08000000000000140E1	2.50000000000000000E9	-1.36981801351055066E2
3.08000000000000140E1	2.51000000000000023E9	-1.38356188080331211E2
3.08000000000000140E1	2.52000000000000002E9	-1.39401325859339353E2
3.08000000000000140E1	2.53000000000000025E9	-1.40214597294493504E2
3.08000000000000140E1	2.54000000000000004E9	-1.40860852276696891E2
3.08000000000000140E1	2.54999999999999982E9	-1.41384854492390377E2
3.08000000000000140E1	2.56000000000000005E9	-1.41818245096525430E2
3.08000000000000140E1	2.56999999999999984E9	-1.42183769395608262E2
3.08000000000000140E1	2.58000000000000007E9	-1.42497993228458975E2
3.08000000000000140E1	2.58999999999999986E9	-1.42773115407810325E2
3.08000000000000140E1	2.60000000000000009E9	-1.43018205343772142E2
3.08000000000000140E1	2.61000000000000032E9	-1.43240064900762776E2
3.08000000000000140E1	2.62000000000000011E9	-1.43443835030672906E2
3.08000000000000140E1	2.62999999999999989E9	-1.43633428520879192E2
3.08000000000000140E1	2.63999999999999968E9	-1.43811841732108214E2
3.08000000000000140E1	2.64999999999999991E9	-1.43981381372197381E2
3.08000000000000140E1	2.66000000000000014E9	-1.44143831026677516E2
3.08000000000000140E1	2.66999999999999993E9	-1.44300574577127105E2
3.08000000000000140E1	2.68000000000000016E9	-1.44452688639949445E2
3.08000000000000140E1	2.68999999999999995E9	-1.44601012091246472E2
3.08000000000000140E1	2.70000000000000018E9	-1.44746198983795815E2

var_c	indep(index, 1)	plot_vs(pnmx, noisefreq)[27, ::]
3.19000000000000172E1	2.29999999999999982E9	-1.42947924965047313E2
3.19000000000000172E1	2.31000000000000005E9	-1.42728379328325294E2
3.19000000000000172E1	2.31999999999999984E9	-1.42487810153442118E2
3.19000000000000172E1	2.33000000000000007E9	-1.42220447523705884E2
3.19000000000000172E1	2.33999999999999986E9	-1.41918658609702719E2
3.19000000000000172E1	2.35000000000000009E9	-1.41572250655766019E2
3.19000000000000172E1	2.36000000000000032E9	-1.41167466239794992E2
3.19000000000000172E1	2.37000000000000011E9	-1.40685505428647750E2
3.19000000000000172E1	2.37999999999999989E9	-1.40100299142258011E2
3.19000000000000172E1	2.38999999999999968E9	-1.39375041254451704E2
3.19000000000000172E1	2.39999999999999991E9	-1.38456520910257863E2
3.19000000000000172E1	2.41000000000000014E9	-1.37265243749059485E2
3.19000000000000172E1	2.41999999999999993E9	-1.35676715472917619E2
3.19000000000000172E1	2.43000000000000016E9	-1.33483061295822636E2
3.19000000000000172E1	2.43999999999999995E9	-1.30318994717310632E2
3.19000000000000172E1	2.45000000000000018E9	-1.25738854103985642E2
3.19000000000000172E1	2.45999999999999996E9	-1.23489753729530749E2
3.19000000000000172E1	2.46999999999999975E9	-1.28799774334257178E2
3.19000000000000172E1	2.47999999999999998E9	-1.32576141364422284E2
3.19000000000000172E1	2.48999999999999977E9	-1.35163510252597918E2
3.19000000000000172E1	2.50000000000000000E9	-1.37010601559884160E2
3.19000000000000172E1	2.51000000000000023E9	-1.38377642352915187E2
3.19000000000000172E1	2.52000000000000002E9	-1.39417623425277570E2
3.19000000000000172E1	2.53000000000000025E9	-1.40227157157223314E2
3.19000000000000172E1	2.54000000000000004E9	-1.40870643333439083E2
3.19000000000000172E1	2.54999999999999982E9	-1.41392560271409407E2
3.19000000000000172E1	2.56000000000000005E9	-1.41824358735789358E2
3.19000000000000172E1	2.56999999999999984E9	-1.42188652163057339E2
3.19000000000000172E1	2.58000000000000007E9	-1.42501913607132114E2
3.19000000000000172E1	2.58999999999999986E9	-1.42776274655893287E2
3.19000000000000172E1	2.60000000000000009E9	-1.43020756156470941E2
3.19000000000000172E1	2.61000000000000032E9	-1.43242123936681942E2
3.19000000000000172E1	2.62000000000000011E9	-1.43445492164154120E2
3.19000000000000172E1	2.62999999999999989E9	-1.43634753627237477E2
3.19000000000000172E1	2.63999999999999968E9	-1.43812889430406754E2
3.19000000000000172E1	2.64999999999999991E9	-1.43982194687989740E2
3.19000000000000172E1	2.66000000000000014E9	-1.44144444003917771E2
3.19000000000000172E1	2.66999999999999993E9	-1.44301014369860203E2
3.19000000000000172E1	2.68000000000000016E9	-1.44452977001271243E2
3.19000000000000172E1	2.68999999999999995E9	-1.44601166540324710E2
3.19000000000000172E1	2.70000000000000018E9	-1.44746233728824159E2

var_c	indep(index, 1)	plot_vs(pnmx, noisefreq)[28, ::]
3.30000000000000160E1	2.29999999999999982E9	-1.42942753220907770E2
3.30000000000000160E1	2.31000000000000005E9	-1.42723021278379703E2
3.30000000000000160E1	2.31999999999999984E9	-1.42482197258785304E2
3.30000000000000160E1	2.33000000000000007E9	-1.42214488149629070E2
3.30000000000000160E1	2.33999999999999986E9	-1.41912229166511961E2
3.30000000000000160E1	2.35000000000000009E9	-1.41565182930606248E2
3.30000000000000160E1	2.36000000000000032E9	-1.41159529041416887E2
3.30000000000000160E1	2.37000000000000011E9	-1.40676376818275739E2
3.30000000000000160E1	2.37999999999999989E9	-1.40089524753349837E2
3.30000000000000160E1	2.38999999999999968E9	-1.39361967285117849E2
3.30000000000000160E1	2.39999999999999991E9	-1.38440185411757599E2
3.30000000000000160E1	2.41000000000000014E9	-1.37244184187588258E2
3.30000000000000160E1	2.41999999999999993E9	-1.35648609806927567E2
3.30000000000000160E1	2.43000000000000016E9	-1.33444055855763999E2
3.30000000000000160E1	2.43999999999999995E9	-1.30263186581640378E2
3.30000000000000160E1	2.45000000000000018E9	-1.25669292376191821E2
3.30000000000000160E1	2.45999999999999996E9	-1.23606107021375777E2
3.30000000000000160E1	2.46999999999999975E9	-1.28880704051754869E2
3.30000000000000160E1	2.47999999999999998E9	-1.32629253917361845E2
3.30000000000000160E1	2.48999999999999977E9	-1.35200253757917466E2
3.30000000000000160E1	2.50000000000000000E9	-1.37037176024807827E2
3.30000000000000160E1	2.51000000000000023E9	-1.38397419764103269E2
3.30000000000000160E1	2.52000000000000002E9	-1.39432629074045478E2
3.30000000000000160E1	2.53000000000000025E9	-1.40238705673956510E2
3.30000000000000160E1	2.54000000000000004E9	-1.40879632132242816E2
3.30000000000000160E1	2.54999999999999982E9	-1.41399622613420717E2
3.30000000000000160E1	2.56000000000000005E9	-1.41829950864582721E2
3.30000000000000160E1	2.56999999999999984E9	-1.42193108838870841E2
3.30000000000000160E1	2.58000000000000007E9	-1.42505482824128027E2
3.30000000000000160E1	2.58999999999999986E9	-1.42779142638899681E2
3.30000000000000160E1	2.60000000000000009E9	-1.43023063799151062E2
3.30000000000000160E1	2.61000000000000032E9	-1.43243979001043220E2
3.30000000000000160E1	2.62000000000000011E9	-1.43446977608608783E2
3.30000000000000160E1	2.62999999999999989E9	-1.43635933844415176E2
3.30000000000000160E1	2.63999999999999968E9	-1.43813814759580749E2
3.30000000000000160E1	2.64999999999999991E9	-1.43982904708968862E2
3.30000000000000160E1	2.66000000000000014E9	-1.44144970059134647E2
3.30000000000000160E1	2.66999999999999993E9	-1.44301381434222598E2
3.30000000000000160E1	2.68000000000000016E9	-1.44453205043699917E2
3.30000000000000160E1	2.68999999999999995E9	-1.44601271660317865E2
3.30000000000000160E1	2.70000000000000018E9	-1.44746228929491805E2

var_c	indep(index, 1)	plot_vs(pnmx, noisefreq)[29, ::]
3.41000000000000147E1	2.29999999999999982E9	-1.42937866296643623E2
3.41000000000000147E1	2.31000000000000005E9	-1.42717955663386920E2
3.41000000000000147E1	2.31999999999999984E9	-1.42476888122597156E2
3.41000000000000147E1	2.33000000000000007E9	-1.42208848684883926E2
3.41000000000000147E1	2.33999999999999986E9	-1.41906142369645893E2
3.41000000000000147E1	2.35000000000000009E9	-1.41558490017260596E2
3.41000000000000147E1	2.36000000000000032E9	-1.41152011539359479E2
3.41000000000000147E1	2.37000000000000011E9	-1.40667730955119863E2
3.41000000000000147E1	2.37999999999999989E9	-1.40079321780955501E2
3.41000000000000147E1	2.38999999999999968E9	-1.39349590884400754E2
3.41000000000000147E1	2.39999999999999991E9	-1.38424728611422521E2
3.41000000000000147E1	2.41000000000000014E9	-1.37224268537497851E2
3.41000000000000147E1	2.41999999999999993E9	-1.35622047157878467E2
3.41000000000000147E1	2.43000000000000016E9	-1.33407218704680530E2
3.41000000000000147E1	2.43999999999999995E9	-1.30210590981936347E2
3.41000000000000147E1	2.45000000000000018E9	-1.25604626714908441E2
3.41000000000000147E1	2.45999999999999996E9	-1.23714012066463552E2
3.41000000000000147E1	2.46999999999999975E9	-1.28955674095915884E2
3.41000000000000147E1	2.47999999999999998E9	-1.32678436741839278E2
3.41000000000000147E1	2.48999999999999977E9	-1.35234276815885957E2
3.41000000000000147E1	2.50000000000000000E9	-1.37061768659396588E2
3.41000000000000147E1	2.51000000000000023E9	-1.38415705385718346E2
3.41000000000000147E1	2.52000000000000002E9	-1.39446487112719186E2
3.41000000000000147E1	2.53000000000000025E9	-1.40249356991769614E2
3.41000000000000147E1	2.54000000000000004E9	-1.40887910467962252E2
3.41000000000000147E1	2.54999999999999982E9	-1.41406115837075053E2
3.41000000000000147E1	2.56000000000000005E9	-1.41835082998379680E2
3.41000000000000147E1	2.56999999999999984E9	-1.42197190042425392E2
3.41000000000000147E1	2.58000000000000007E9	-1.42508743360067802E2
3.41000000000000147E1	2.58999999999999986E9	-1.42781755118216802E2
3.41000000000000147E1	2.60000000000000009E9	-1.43025158785467710E2
3.41000000000000147E1	2.61000000000000032E9	-1.43245656177070835E2
3.41000000000000147E1	2.62000000000000011E9	-1.43448313810631634E2
3.41000000000000147E1	2.62999999999999989E9	-1.43636988563678103E2
3.41000000000000147E1	2.63999999999999968E9	-1.43814634531655416E2
3.41000000000000147E1	2.64999999999999991E9	-1.43983526086985103E2
3.41000000000000147E1	2.66000000000000014E9	-1.44145421989720401E2
3.41000000000000147E1	2.66999999999999993E9	-1.44301686910153282E2
3.41000000000000147E1	2.68000000000000016E9	-1.44453382508004280E2
3.41000000000000147E1	2.68999999999999995E9	-1.44601335893269956E2
3.41000000000000147E1	2.70000000000000018E9	-1.44746191912312239E2

var_c	indep(index, 1)	plot_vs(pnmx, noisefreq)[30, ::]
3.52000000000000179E1	2.29999999999999982E9	-1.42933241704231295E2
3.52000000000000179E1	2.31000000000000005E9	-1.42713159701594128E2
3.52000000000000179E1	2.31999999999999984E9	-1.42471859188921313E2
3.52000000000000179E1	2.33000000000000007E9	-1.42203504539080439E2
3.52000000000000179E1	2.33999999999999986E9	-1.41900372391891638E2
3.52000000000000179E1	2.35000000000000009E9	-1.41552143599338609E2
3.52000000000000179E1	2.36000000000000032E9	-1.41144882219430245E2
3.52000000000000179E1	2.37000000000000011E9	-1.40659531584044872E2
3.52000000000000179E1	2.37999999999999989E9	-1.40069646998864283E2
3.52000000000000179E1	2.38999999999999968E9	-1.39337858624050681E2
3.52000000000000179E1	2.39999999999999991E9	-1.38410082535686696E2
3.52000000000000179E1	2.41000000000000014E9	-1.37205407006307301E2
3.52000000000000179E1	2.41999999999999993E9	-1.35596903818262615E2
3.52000000000000179E1	2.43000000000000016E9	-1.33372373876046479E2
3.52000000000000179E1	2.43999999999999995E9	-1.30160936822334850E2
3.52000000000000179E1	2.45000000000000018E9	-1.25544392279806027E2
3.52000000000000179E1	2.45999999999999996E9	-1.23814777763119643E2
3.52000000000000179E1	2.46999999999999975E9	-1.29025297628633440E2
3.52000000000000179E1	2.47999999999999998E9	-1.32724104831644030E2
3.52000000000000179E1	2.48999999999999977E9	-1.35265866904669663E2
3.52000000000000179E1	2.50000000000000000E9	-1.37084589615436592E2
3.52000000000000179E1	2.51000000000000023E9	-1.38432658961268418E2
3.52000000000000179E1	2.52000000000000002E9	-1.39459321779833267E2
3.52000000000000179E1	2.53000000000000025E9	-1.40259209317260014E2
3.52000000000000179E1	2.54000000000000004E9	-1.40895556908508524E2
3.52000000000000179E1	2.54999999999999982E9	-1.41412103988150961E2
3.52000000000000179E1	2.56000000000000005E9	-1.41839807205735902E2
3.52000000000000179E1	2.56999999999999984E9	-1.42200939197141962E2
3.52000000000000179E1	2.58000000000000007E9	-1.42511731561597976E2
3.52000000000000179E1	2.58999999999999986E9	-1.42784142537820458E2
3.52000000000000179E1	2.60000000000000009E9	-1.43027066900279687E2
3.52000000000000179E1	2.61000000000000032E9	-1.43247177544863957E2
3.52000000000000179E1	2.62000000000000011E9	-1.43449519622552835E2
3.52000000000000179E1	2.62999999999999989E9	-1.43637934080005292E2
3.52000000000000179E1	2.63999999999999968E9	-1.43815362842273409E2
3.52000000000000179E1	2.64999999999999991E9	-1.43984071055397989E2
3.52000000000000179E1	2.66000000000000014E9	-1.44145810388434770E2
3.52000000000000179E1	2.66999999999999993E9	-1.44301940051089472E2
3.52000000000000179E1	2.68000000000000016E9	-1.44453517377732088E2
3.52000000000000179E1	2.68999999999999995E9	-1.44601366188025660E2
3.52000000000000179E1	2.70000000000000018E9	-1.44746128664018303E2

var_c	indep(index, 1)	plot_vs(pnmx, noisefreq)[31, ::]
3.63000000000000167E1	2.29999999999999982E9	-1.42928859239919936E2
3.63000000000000167E1	2.31000000000000005E9	-1.42708612782767008E2
3.63000000000000167E1	2.31999999999999984E9	-1.42467089288633519E2
3.63000000000000167E1	2.33000000000000007E9	-1.42198433672660540E2
3.63000000000000167E1	2.33999999999999986E9	-1.41894895464701842E2
3.63000000000000167E1	2.35000000000000009E9	-1.41546118130460075E2
3.63000000000000167E1	2.36000000000000032E9	-1.41138112451084519E2
3.63000000000000167E1	2.37000000000000011E9	-1.40651745528091499E2
3.63000000000000167E1	2.37999999999999989E9	-1.40060461354972343E2
3.63000000000000167E1	2.38999999999999968E9	-1.39326722442823403E2
3.63000000000000167E1	2.39999999999999991E9	-1.38396185799978233E2
3.63000000000000167E1	2.41000000000000014E9	-1.37187518800363639E2
3.63000000000000167E1	2.41999999999999993E9	-1.35573070033569776E2
3.63000000000000167E1	2.43000000000000016E9	-1.33339363226263607E2
3.63000000000000167E1	2.43999999999999995E9	-1.30113983836959912E2
3.63000000000000167E1	2.45000000000000018E9	-1.25488178825387764E2
3.63000000000000167E1	2.45999999999999996E9	-1.23909319914453997E2
3.63000000000000167E1	2.46999999999999975E9	-1.29090107891746553E2
3.63000000000000167E1	2.47999999999999998E9	-1.32766615054698578E2
3.63000000000000167E1	2.48999999999999977E9	-1.35295271072220147E2
3.63000000000000167E1	2.50000000000000000E9	-1.37105820896047459E2
3.63000000000000167E1	2.51000000000000023E9	-1.38448418236304072E2
3.63000000000000167E1	2.52000000000000002E9	-1.39471239978964512E2
3.63000000000000167E1	2.53000000000000025E9	-1.40268347151854700E2
3.63000000000000167E1	2.54000000000000004E9	-1.40902639197786117E2
3.63000000000000167E1	2.54999999999999982E9	-1.41417641742509859E2
3.63000000000000167E1	2.56000000000000005E9	-1.41844168503500034E2
3.63000000000000167E1	2.56999999999999984E9	-1.42204393382913130E2
3.63000000000000167E1	2.58000000000000007E9	-1.42514478157407276E2
3.63000000000000167E1	2.58999999999999986E9	-1.42786330988320609E2
3.63000000000000167E1	2.60000000000000009E9	-1.43028810122494621E2
3.63000000000000167E1	2.61000000000000032E9	-1.43248561777066397E2
3.63000000000000167E1	2.62000000000000011E9	-1.43450611143133155E2
3.63000000000000167E1	2.62999999999999989E9	-1.43638784164404898E2
3.63000000000000167E1	2.63999999999999968E9	-1.43816011588960357E2
3.63000000000000167E1	2.64999999999999991E9	-1.43984549909986126E2
3.63000000000000167E1	2.66000000000000014E9	-1.44146144198745341E2
3.63000000000000167E1	2.66999999999999993E9	-1.44302148551571374E2
3.63000000000000167E1	2.68000000000000016E9	-1.44453616346928615E2
3.63000000000000167E1	2.68999999999999995E9	-1.44601368275000941E2
3.63000000000000167E1	2.70000000000000018E9	-1.44746044105127192E2

var_c	indep(index, 1)	plot_vs(pnmx, noisefreq)[32, ::]
3.74000000000000199E1	2.29999999999999982E9	-1.42924700623237055E2
3.74000000000000199E1	2.31000000000000005E9	-1.42704296268828190E2
3.74000000000000199E1	2.31999999999999984E9	-1.42462559325414739E2
3.74000000000000199E1	2.33000000000000007E9	-1.42193616050845639E2
3.74000000000000199E1	2.33999999999999986E9	-1.41889690449679517E2
3.74000000000000199E1	2.35000000000000009E9	-1.41540390369811075E2
3.74000000000000199E1	2.36000000000000032E9	-1.41131676329523303E2
3.74000000000000199E1	2.37000000000000011E9	-1.40644343192808452E2
3.74000000000000199E1	2.37999999999999989E9	-1.40051729253452817E2
3.74000000000000199E1	2.38999999999999968E9	-1.39316138836480263E2
3.74000000000000199E1	2.39999999999999991E9	-1.38382983176816543E2
3.74000000000000199E1	2.41000000000000014E9	-1.37170531216131564E2
3.74000000000000199E1	2.41999999999999993E9	-1.35550446335074115E2
3.74000000000000199E1	2.43000000000000016E9	-1.33308045548010945E2
3.74000000000000199E1	2.43999999999999995E9	-1.30069516026951915E2
3.74000000000000199E1	2.45000000000000018E9	-1.25435620366079781E2
3.74000000000000199E1	2.45999999999999996E9	-1.23998308906136323E2
3.74000000000000199E1	2.46999999999999975E9	-1.29150574183936673E2
3.74000000000000199E1	2.47999999999999998E9	-1.32806279799805593E2
3.74000000000000199E1	2.48999999999999977E9	-1.35322706074829568E2
3.74000000000000199E1	2.50000000000000000E9	-1.37125619911735552E2
3.74000000000000199E1	2.51000000000000023E9	-1.38463102924366011E2
3.74000000000000199E1	2.52000000000000002E9	-1.39482334515126016E2
3.74000000000000199E1	2.53000000000000025E9	-1.40276843800286422E2
3.74000000000000199E1	2.54000000000000004E9	-1.40909215839753532E2
3.74000000000000199E1	2.54999999999999982E9	-1.41422776465086697E2
3.74000000000000199E1	2.56000000000000005E9	-1.41848205565533592E2
3.74000000000000199E1	2.56999999999999984E9	-1.42207584509400342E2
3.74000000000000199E1	2.58000000000000007E9	-1.42517009756408397E2
3.74000000000000199E1	2.58999999999999986E9	-1.42788342665189161E2
3.74000000000000199E1	2.60000000000000009E9	-1.43030407347453004E2
3.74000000000000199E1	2.61000000000000032E9	-1.43249824889822608E2
3.74000000000000199E1	2.62000000000000011E9	-1.43451601951506369E2
3.74000000000000199E1	2.62999999999999989E9	-1.43639550578625430E2
3.74000000000000199E1	2.63999999999999968E9	-1.43816590844727688E2
3.74000000000000199E1	2.64999999999999991E9	-1.43984971331501610E2
3.74000000000000199E1	2.66000000000000014E9	-1.44146430896289290E2
3.74000000000000199E1	2.66999999999999993E9	-1.44302318882510061E2
3.74000000000000199E1	2.68000000000000016E9	-1.44453684949526839E2
3.74000000000000199E1	2.68999999999999995E9	-1.44601346937977882E2
3.74000000000000199E1	2.70000000000000018E9	-1.44745942277392592E2

var_c	indep(index, 1)	plot_vs(pnmx, noisefreq)[33, ::]
3.85000000000000231E1	2.29999999999999982E9	-1.42920749399961045E2
3.85000000000000231E1	2.31000000000000005E9	-1.42700193426868971E2
3.85000000000000231E1	2.31999999999999984E9	-1.42458251951159776E2
3.85000000000000231E1	2.33000000000000007E9	-1.42189033445597524E2
3.85000000000000231E1	2.33999999999999986E9	-1.41884737867686139E2
3.85000000000000231E1	2.35000000000000009E9	-1.41534939267062088E2
3.85000000000000231E1	2.36000000000000032E9	-1.41125550258645971E2
3.85000000000000231E1	2.37000000000000011E9	-1.40637297266452954E2
3.85000000000000231E1	2.37999999999999989E9	-1.40043418582781842E2
3.85000000000000231E1	2.38999999999999968E9	-1.39306068325231491E2
3.85000000000000231E1	2.39999999999999991E9	-1.38370424552190907E2
3.85000000000000231E1	2.41000000000000014E9	-1.37154378151874989E2
3.85000000000000231E1	2.41999999999999993E9	-1.35528943582643757E2
3.85000000000000231E1	2.43000000000000016E9	-1.33278294129011843E2
3.85000000000000231E1	2.43999999999999995E9	-1.30027342504299614E2
3.85000000000000231E1	2.45000000000000018E9	-1.25386394019145930E2
3.85000000000000231E1	2.45999999999999996E9	-1.24082258396611000E2
3.85000000000000231E1	2.46999999999999975E9	-1.29207106600340893E2
3.85000000000000231E1	2.47999999999999998E9	-1.32843370573585284E2
3.85000000000000231E1	2.48999999999999977E9	-1.35348360472524942E2
3.85000000000000231E1	2.50000000000000000E9	-1.37144125313248910E2
3.85000000000000231E1	2.51000000000000023E9	-1.38476817634736138E2
3.85000000000000231E1	2.52000000000000002E9	-1.39492686353025785E2
3.85000000000000231E1	2.53000000000000025E9	-1.40284762693419252E2
3.85000000000000231E1	2.54000000000000004E9	-1.40915337700083154E2
3.85000000000000231E1	2.54999999999999982E9	-1.41427549217765436E2
3.85000000000000231E1	2.56000000000000005E9	-1.41851951864936621E2
3.85000000000000231E1	2.56999999999999984E9	-1.42210540176996814E2
3.85000000000000231E1	2.58000000000000007E9	-1.42519349320655953E2
3.85000000000000231E1	2.58999999999999986E9	-1.42790196770280131E2
3.85000000000000231E1	2.60000000000000009E9	-1.43031874661559577E2
3.85000000000000231E1	2.61000000000000032E9	-1.43250980607777145E2
3.85000000000000231E1	2.62000000000000011E9	-1.43452503812434928E2
3.85000000000000231E1	2.62999999999999989E9	-1.43640243270074253E2
3.85000000000000231E1	2.63999999999999968E9	-1.43817109229027507E2
3.85000000000000231E1	2.64999999999999991E9	-1.43985342700592911E2
3.85000000000000231E1	2.66000000000000014E9	-1.44146676835007215E2
3.85000000000000231E1	2.66999999999999993E9	-1.44302456488489717E2
3.85000000000000231E1	2.68000000000000016E9	-1.44453727872518956E2
3.85000000000000231E1	2.68999999999999995E9	-1.44601306100336524E2
3.85000000000000231E1	2.70000000000000018E9	-1.44745826511029962E2

var_c	indep(index, 1)	plot_vs(pnmx, noisefreq)[34, ::]
3.96000000000000218E1	2.29999999999999982E9	-1.42916990575555380E2
3.96000000000000218E1	2.31000000000000005E9	-1.42696288946923233E2
3.96000000000000218E1	2.31999999999999984E9	-1.42454151281077079E2
3.96000000000000218E1	2.33000000000000007E9	-1.42184669472798397E2
3.96000000000000218E1	2.33999999999999986E9	-1.41880020254712735E2
3.96000000000000218E1	2.35000000000000009E9	-1.41529745508932625E2
3.96000000000000218E1	2.36000000000000032E9	-1.41119712766183869E2
3.96000000000000218E1	2.37000000000000011E9	-1.40630583233576600E2
3.96000000000000218E1	2.37999999999999989E9	-1.40035500112944389E2
3.96000000000000218E1	2.38999999999999968E9	-1.39296474967036987E2
3.96000000000000218E1	2.39999999999999991E9	-1.38358464644863832E2
3.96000000000000218E1	2.41000000000000014E9	-1.37139000716773962E2
3.96000000000000218E1	2.41999999999999993E9	-1.35508480299927614E2
3.96000000000000218E1	2.43000000000000016E9	-1.33249993762417107E2
3.96000000000000218E1	2.43999999999999995E9	-1.29987287060202061E2
3.96000000000000218E1	2.45000000000000018E9	-1.25340210340517433E2
3.96000000000000218E1	2.45999999999999996E9	-1.24161579477694706E2
3.96000000000000218E1	2.46999999999999975E9	-1.29260068232557224E2
3.96000000000000218E1	2.47999999999999998E9	-1.32878127894415421E2
3.96000000000000218E1	2.48999999999999977E9	-1.35372399938884347E2
3.96000000000000218E1	2.50000000000000000E9	-1.37161457908859230E2
3.96000000000000218E1	2.51000000000000023E9	-1.38489653785278843E2
3.96000000000000218E1	2.52000000000000002E9	-1.39502366272632039E2
3.96000000000000218E1	2.53000000000000025E9	-1.40292159911140946E2
3.96000000000000218E1	2.54000000000000004E9	-1.40921049177847602E2
3.96000000000000218E1	2.54999999999999982E9	-1.41431995836908819E2
3.96000000000000218E1	2.56000000000000005E9	-1.41855436578209182E2
3.96000000000000218E1	2.56999999999999984E9	-1.42213284324607758E2
3.96000000000000218E1	2.58000000000000007E9	-1.42521516752531174E2
3.96000000000000218E1	2.58999999999999986E9	-1.42791909973163089E2
3.96000000000000218E1	2.60000000000000009E9	-1.43033226128641355E2
3.96000000000000218E1	2.61000000000000032E9	-1.43252040774164247E2
3.96000000000000218E1	2.62000000000000011E9	-1.43453326760715982E2
3.96000000000000218E1	2.62999999999999989E9	-1.43640870877970839E2
3.96000000000000218E1	2.63999999999999968E9	-1.43817574057449393E2
3.96000000000000218E1	2.64999999999999991E9	-1.43985670324916226E2
3.96000000000000218E1	2.66000000000000014E9	-1.44146887393517287E2
3.96000000000000218E1	2.66999999999999993E9	-1.44302565949820227E2
3.96000000000000218E1	2.68000000000000016E9	-1.44453749003265797E2
3.96000000000000218E1	2.68999999999999995E9	-1.44601249093634721E2
3.96000000000000218E1	2.70000000000000018E9	-1.44745699584403376E2

var_c	indep(index, 1)	plot_vs(pnmx, noisefreq)[35, ::]
4.07000000000000206E1	2.29999999999999982E9	-1.42913410620191894E2
4.07000000000000206E1	2.31000000000000005E9	-1.42692568954436427E2
4.07000000000000206E1	2.31999999999999984E9	-1.42450243178488645E2
4.07000000000000206E1	2.33000000000000007E9	-1.42180509049027637E2
4.07000000000000206E1	2.33999999999999986E9	-1.41875521469384047E2
4.07000000000000206E1	2.35000000000000009E9	-1.41524791805325134E2
4.07000000000000206E1	2.36000000000000032E9	-1.41114144250028661E2
4.07000000000000206E1	2.37000000000000011E9	-1.40624178439186132E2
4.07000000000000206E1	2.37999999999999989E9	-1.40027947034623734E2
4.07000000000000206E1	2.38999999999999968E9	-1.39287325982557531E2
4.07000000000000206E1	2.39999999999999991E9	-1.38347061806420268E2
4.07000000000000206E1	2.41000000000000014E9	-1.37124344444428714E2
4.07000000000000206E1	2.41999999999999993E9	-1.35488983366183247E2
4.07000000000000206E1	2.43000000000000016E9	-1.33223041167544909E2
4.07000000000000206E1	2.43999999999999995E9	-1.29949194758161868E2
4.07000000000000206E1	2.45000000000000018E9	-1.25296810884654075E2
4.07000000000000206E1	2.45999999999999996E9	-1.24236616936068356E2
4.07000000000000206E1	2.46999999999999975E9	-1.29309780338661584E2
4.07000000000000206E1	2.47999999999999998E9	-1.32910762379598313E2
4.07000000000000206E1	2.48999999999999977E9	-1.35394970033680595E2
4.07000000000000206E1	2.50000000000000000E9	-1.37177724223440634E2
4.07000000000000206E1	2.51000000000000023E9	-1.38501691937148719E2
4.07000000000000206E1	2.52000000000000002E9	-1.39511436374887898E2
4.07000000000000206E1	2.53000000000000025E9	-1.40299084034469423E2
4.07000000000000206E1	2.54000000000000004E9	-1.40926389094440951E2
4.07000000000000206E1	2.54999999999999982E9	-1.41436147726302730E2
4.07000000000000206E1	2.56000000000000005E9	-1.41858685299015219E2
4.07000000000000206E1	2.56999999999999984E9	-1.42215838024616881E2
4.07000000000000206E1	2.58000000000000007E9	-1.42523529424437401E2
4.07000000000000206E1	2.58999999999999986E9	-1.42793496758524840E2
4.07000000000000206E1	2.60000000000000009E9	-1.43034473871501322E2
4.07000000000000206E1	2.61000000000000032E9	-1.43253015599896938E2
4.07000000000000206E1	2.62000000000000011E9	-1.43454079514310906E2
4.07000000000000206E1	2.62999999999999989E9	-1.43641440771542461E2
4.07000000000000206E1	2.63999999999999968E9	-1.43817991663872102E2
4.07000000000000206E1	2.64999999999999991E9	-1.43985959582243539E2
4.07000000000000206E1	2.66000000000000014E9	-1.44147067171804255E2
4.07000000000000206E1	2.66999999999999993E9	-1.44302651206575172E2
4.07000000000000206E1	2.68000000000000016E9	-1.44453751655296170E2
4.07000000000000206E1	2.68999999999999995E9	-1.44601178691784815E2
4.07000000000000206E1	2.70000000000000018E9	-1.44745563799399934E2

var_c	indep(index, 1)	plot_vs(pnmx, noisefreq)[36, ::]
4.18000000000000238E1	2.29999999999999982E9	-1.42909997193241400E2
4.18000000000000238E1	2.31000000000000005E9	-1.42689020884307594E2
4.18000000000000238E1	2.31999999999999984E9	-1.42446514412000402E2
4.18000000000000238E1	2.33000000000000007E9	-1.42176538461779622E2
4.18000000000000238E1	2.33999999999999986E9	-1.41871226880680057E2
4.18000000000000238E1	2.35000000000000009E9	-1.41520061952664489E2
4.18000000000000238E1	2.36000000000000032E9	-1.41108826985785263E2
4.18000000000000238E1	2.37000000000000011E9	-1.40618062563470825E2
4.18000000000000238E1	2.37999999999999989E9	-1.40020735142856312E2
4.18000000000000238E1	2.38999999999999968E9	-1.39278591656553408E2
4.18000000000000238E1	2.39999999999999991E9	-1.38336178644072816E2
4.18000000000000238E1	2.41000000000000014E9	-1.37110360018774080E2
4.18000000000000238E1	2.41999999999999993E9	-1.35470386318569025E2
4.18000000000000238E1	2.43000000000000016E9	-1.33197341371546818E2
4.18000000000000238E1	2.43999999999999995E9	-1.29912924241156458E2
4.18000000000000238E1	2.45000000000000018E9	-1.25255963477642451E2
4.18000000000000238E1	2.45999999999999996E9	-1.24307669067718263E2
4.18000000000000238E1	2.46999999999999975E9	-1.29356524870774736E2
4.18000000000000238E1	2.47999999999999998E9	-1.32941460123901178E2
4.18000000000000238E1	2.48999999999999977E9	-1.35416200689347610E2
4.18000000000000238E1	2.50000000000000000E9	-1.37193018416544188E2
4.18000000000000238E1	2.51000000000000023E9	-1.38513003083942499E2
4.18000000000000238E1	2.52000000000000002E9	-1.39519951686425014E2
4.18000000000000238E1	2.53000000000000025E9	-1.40305578177592194E2
4.18000000000000238E1	2.54000000000000004E9	-1.40931391789427485E2
4.18000000000000238E1	2.54999999999999982E9	-1.41440032245298442E2
4.18000000000000238E1	2.56000000000000005E9	-1.41861720180798723E2
4.18000000000000238E1	2.56999999999999984E9	-1.42218219469994800E2
4.18000000000000238E1	2.58000000000000007E9	-1.42525402406230683E2
4.18000000000000238E1	2.58999999999999986E9	-1.42794969633171909E2
4.18000000000000238E1	2.60000000000000009E9	-1.43035628445799712E2
4.18000000000000238E1	2.61000000000000032E9	-1.43253914082917966E2
4.18000000000000238E1	2.62000000000000011E9	-1.43454769599895360E2
4.18000000000000238E1	2.62999999999999989E9	-1.43641959357800353E2
4.18000000000000238E1	2.63999999999999968E9	-1.43818367476782449E2
4.18000000000000238E1	2.64999999999999991E9	-1.43986215102597059E2
4.18000000000000238E1	2.66000000000000014E9	-1.44147220108418050E2
4.18000000000000238E1	2.66999999999999993E9	-1.44302715587629926E2
4.18000000000000238E1	2.68000000000000016E9	-1.44453738632287054E2
4.18000000000000238E1	2.68999999999999995E9	-1.44601097207075169E2
4.18000000000000238E1	2.70000000000000018E9	-1.44745421060814405E2

var_c	indep(index, 1)	plot_vs(pnmx, noisefreq)[37, ::]
4.29000000000000270E1	2.29999999999999982E9	-1.42906739084939316E2
4.29000000000000270E1	2.31000000000000005E9	-1.42685633205182993E2
4.29000000000000270E1	2.31999999999999984E9	-1.42442953156911001E2
4.29000000000000270E1	2.33000000000000007E9	-1.42172745152038349E2
4.29000000000000270E1	2.33999999999999986E9	-1.41867123072089862E2
4.29000000000000270E1	2.35000000000000009E9	-1.41515541538046996E2
4.29000000000000270E1	2.36000000000000032E9	-1.41103744510602125E2
4.29000000000000270E1	2.37000000000000011E9	-1.40612216446368832E2
4.29000000000000270E1	2.37999999999999989E9	-1.40013841987101229E2
4.29000000000000270E1	2.38999999999999968E9	-1.39270244849191971E2
4.29000000000000270E1	2.39999999999999991E9	-1.38325780542185051E2
4.29000000000000270E1	2.41000000000000014E9	-1.37097002873747398E2
4.29000000000000270E1	2.41999999999999993E9	-1.35452628261340013E2
4.29000000000000270E1	2.43000000000000016E9	-1.33172809664393665E2
4.29000000000000270E1	2.43999999999999995E9	-1.29878346842853998E2
4.29000000000000270E1	2.45000000000000018E9	-1.25217461992384793E2
4.29000000000000270E1	2.45999999999999996E9	-1.24375001583945899E2
4.29000000000000270E1	2.46999999999999975E9	-1.29400557781040448E2
4.29000000000000270E1	2.47999999999999998E9	-1.32970386543836372E2
4.29000000000000270E1	2.48999999999999977E9	-1.35436206260670211E2
4.29000000000000270E1	2.50000000000000000E9	-1.37207424222725027E2
4.29000000000000270E1	2.51000000000000023E9	-1.38523650501271289E2
4.29000000000000270E1	2.52000000000000002E9	-1.39527960777637738E2
4.29000000000000270E1	2.53000000000000025E9	-1.40311680328070976E2
4.29000000000000270E1	2.54000000000000004E9	-1.40936087450392611E2
4.29000000000000270E1	2.54999999999999982E9	-1.41443673780590240E2
4.29000000000000270E1	2.56000000000000005E9	-1.41864561146674650E2
4.29000000000000270E1	2.56999999999999984E9	-1.42220444825125836E2
4.29000000000000270E1	2.58000000000000007E9	-1.42527149087352933E2
4.29000000000000270E1	2.58999999999999986E9	-1.42796339785194748E2
4.29000000000000270E1	2.60000000000000009E9	-1.43036699104196385E2
4.29000000000000270E1	2.61000000000000032E9	-1.43254743912547977E2
4.29000000000000270E1	2.62000000000000011E9	-1.43455403583970265E2
4.29000000000000270E1	2.62999999999999989E9	-1.43642432214219062E2
4.29000000000000270E1	2.63999999999999968E9	-1.43818706224902360E2
4.29000000000000270E1	2.64999999999999991E9	-1.43986440869150734E2
4.29000000000000270E1	2.66000000000000014E9	-1.44147349562144500E2
4.29000000000000270E1	2.66999999999999993E9	-1.44302761903728127E2
4.29000000000000270E1	2.68000000000000016E9	-1.44453712316915350E2
4.29000000000000270E1	2.68999999999999995E9	-1.44601006636798135E2
4.29000000000000270E1	2.70000000000000018E9	-1.44745272965892235E2

var_c	indep(index, 1)	plot_vs(pnmx, noisefreq)[38, ::]
4.40000000000000302E1	2.29999999999999982E9	-1.42903625996400541E2
4.40000000000000302E1	2.31000000000000005E9	-1.42682395312479326E2
4.40000000000000302E1	2.31999999999999984E9	-1.42439548507916003E2
4.40000000000000302E1	2.33000000000000007E9	-1.42169117698898195E2
4.40000000000000302E1	2.33999999999999986E9	-1.41863197868298530E2
4.40000000000000302E1	2.35000000000000009E9	-1.41511216995863864E2
4.40000000000000302E1	2.36000000000000032E9	-1.41098881804314313E2
4.40000000000000302E1	2.37000000000000011E9	-1.40606623194273905E2
4.40000000000000302E1	2.37999999999999989E9	-1.40007247251393174E2
4.40000000000000302E1	2.38999999999999968E9	-1.39262260563769003E2
4.40000000000000302E1	2.39999999999999991E9	-1.38315836247894453E2
4.40000000000000302E1	2.41000000000000014E9	-1.37084231730808059E2
4.40000000000000302E1	2.41999999999999993E9	-1.35435654100973357E2
4.40000000000000302E1	2.43000000000000016E9	-1.33149368088423370E2
4.40000000000000302E1	2.43999999999999995E9	-1.29845346605421708E2
4.40000000000000302E1	2.45000000000000018E9	-1.25181116446571616E2
4.40000000000000302E1	2.45999999999999996E9	-1.24438852631145025E2
4.40000000000000302E1	2.46999999999999975E9	-1.29442102352746669E2
4.40000000000000302E1	2.47999999999999998E9	-1.32997689563369237E2
4.40000000000000302E1	2.48999999999999977E9	-1.35455087898222959E2
4.40000000000000302E1	2.50000000000000000E9	-1.37221015793122203E2
4.40000000000000302E1	2.51000000000000023E9	-1.38533689747079247E2
4.40000000000000302E1	2.52000000000000002E9	-1.39535506523192310E2
4.40000000000000302E1	2.53000000000000025E9	-1.40317424434510363E2
4.40000000000000302E1	2.54000000000000004E9	-1.40940502787603461E2
4.40000000000000302E1	2.54999999999999982E9	-1.41447093718060546E2
4.40000000000000302E1	2.56000000000000005E9	-1.41867225440274991E2
4.40000000000000302E1	2.56999999999999984E9	-1.42222528385123281E2
4.40000000000000302E1	2.58000000000000007E9	-1.42528781117346970E2
4.40000000000000302E1	2.58999999999999986E9	-1.42797616863070798E2
4.40000000000000302E1	2.60000000000000009E9	-1.43037694011028438E2
4.40000000000000302E1	2.61000000000000032E9	-1.43255512007610086E2
4.40000000000000302E1	2.62000000000000011E9	-1.43455987204604263E2
4.40000000000000302E1	2.62999999999999989E9	-1.43642864173690210E2
4.40000000000000302E1	2.63999999999999968E9	-1.43819011983438827E2
4.40000000000000302E1	2.64999999999999991E9	-1.43986640360969931E2
4.40000000000000302E1	2.66000000000000014E9	-1.44147458458648825E2
4.40000000000000302E1	2.66999999999999993E9	-1.44302792620614762E2
4.40000000000000302E1	2.68000000000000016E9	-1.44453674712695301E2
4.40000000000000302E1	2.68999999999999995E9	-1.44600908610525636E2
4.40000000000000302E1	2.70000000000000018E9	-1.44745120849602205E2

var_c	indep(index, 1)	plot_vs(pnmx, noisefreq)[39, ::]
4.43999999999999950E1	2.29999999999999982E9	-1.42902528054251299E2
4.43999999999999950E1	2.31000000000000005E9	-1.42681253182235479E2
4.43999999999999950E1	2.31999999999999984E9	-1.42438347275946975E2
4.43999999999999950E1	2.33000000000000007E9	-1.42167837625814375E2
4.43999999999999950E1	2.33999999999999986E9	-1.41861812526924114E2
4.43999999999999950E1	2.35000000000000009E9	-1.41509690592160409E2
4.43999999999999950E1	2.36000000000000032E9	-1.41097165285757264E2
4.43999999999999950E1	2.37000000000000011E9	-1.40604648731315462E2
4.43999999999999950E1	2.37999999999999989E9	-1.40004919465039679E2
4.43999999999999950E1	2.38999999999999968E9	-1.39259442465276262E2
4.43999999999999950E1	2.39999999999999991E9	-1.38312326839510180E2
4.43999999999999950E1	2.41000000000000014E9	-1.37079725646427120E2
4.43999999999999950E1	2.41999999999999993E9	-1.35429665723460424E2
4.43999999999999950E1	2.43000000000000016E9	-1.33141099811947528E2
4.43999999999999950E1	2.43999999999999995E9	-1.29833716006376543E2
4.43999999999999950E1	2.45000000000000018E9	-1.25168400990579176E2
4.43999999999999950E1	2.45999999999999996E9	-1.24461251909222947E2
4.43999999999999950E1	2.46999999999999975E9	-1.29456632713611386E2
4.43999999999999950E1	2.47999999999999998E9	-1.33007241365886442E2
4.43999999999999950E1	2.48999999999999977E9	-1.35461693772611769E2
4.43999999999999950E1	2.50000000000000000E9	-1.37225769261557007E2
4.43999999999999950E1	2.51000000000000023E9	-1.38537199601968730E2
4.43999999999999950E1	2.52000000000000002E9	-1.39538143346705823E2
4.43999999999999950E1	2.53000000000000025E9	-1.40319430348786112E2
4.43999999999999950E1	2.54000000000000004E9	-1.40942043639926284E2
4.43999999999999950E1	2.54999999999999982E9	-1.41448286215281027E2
4.43999999999999950E1	2.56000000000000005E9	-1.41868153515173612E2
4.43999999999999950E1	2.56999999999999984E9	-1.42223253356843626E2
4.43999999999999950E1	2.58000000000000007E9	-1.42529348262745459E2
4.43999999999999950E1	2.58999999999999986E9	-1.42798059897475094E2
4.43999999999999950E1	2.60000000000000009E9	-1.43038038414281732E2
4.43999999999999950E1	2.61000000000000032E9	-1.43255777159287190E2
4.43999999999999950E1	2.62000000000000011E9	-1.43456187944570068E2
4.43999999999999950E1	2.62999999999999989E9	-1.43643011959950551E2
4.43999999999999950E1	2.63999999999999968E9	-1.43819115709582768E2
4.43999999999999950E1	2.64999999999999991E9	-1.43986706989061131E2
4.43999999999999950E1	2.66000000000000014E9	-1.44147493460626541E2
4.43999999999999950E1	2.66999999999999993E9	-1.44302800337577675E2
4.43999999999999950E1	2.68000000000000016E9	-1.44453658594372003E2
4.43999999999999950E1	2.68999999999999995E9	-1.44600871397402431E2
4.43999999999999950E1	2.70000000000000018E9	-1.44745064755329311E2


