var_c	indep(index, 1)	plot_vs(pnmx, noisefreq)[0, ::]
2.20000000000000018E0	3.00000000000000000E8	-1.35545684738752792E2
2.20000000000000018E0	3.10000000000000009E8	-1.35822176497737335E2
2.20000000000000018E0	3.20000000000000018E8	-1.36089324550090862E2
2.20000000000000018E0	3.29999999999999982E8	-1.36347682140624293E2
2.20000000000000018E0	3.39999999999999991E8	-1.36597752593772936E2
2.20000000000000018E0	3.50000000000000000E8	-1.36839995212749788E2
2.20000000000000018E0	3.60000000000000009E8	-1.37074829592568959E2
2.20000000000000018E0	3.70000000000000018E8	-1.37302640885196992E2
2.20000000000000018E0	3.79999999999999982E8	-1.37523782678609963E2
2.20000000000000018E0	3.89999999999999991E8	-1.37738580717463099E2
2.20000000000000018E0	4.00000000000000000E8	-1.37947335554473893E2
2.20000000000000018E0	4.09999999999999964E8	-1.38150325016346764E2
2.20000000000000018E0	4.20000000000000018E8	-1.38347806512911076E2
2.20000000000000018E0	4.29999999999999982E8	-1.38540018702133039E2
2.20000000000000018E0	4.40000000000000036E8	-1.38727183531125653E2
2.20000000000000018E0	4.50000000000000000E8	-1.38909507466447280E2
2.20000000000000018E0	4.59999999999999964E8	-1.39087182929706321E2
2.20000000000000018E0	4.70000000000000018E8	-1.39260389599131917E2
2.20000000000000018E0	4.79999999999999982E8	-1.39429295344085458E2
2.20000000000000018E0	4.90000000000000036E8	-1.39594057188333953E2
2.20000000000000018E0	5.00000000000000000E8	-1.39754822210080709E2
2.20000000000000018E0	5.09999999999999964E8	-1.39911728518925771E2
2.20000000000000018E0	5.20000000000000018E8	-1.40064905486693991E2
2.20000000000000018E0	5.29999999999999982E8	-1.40214474969057279E2
2.20000000000000018E0	5.40000000000000036E8	-1.40360551414381729E2
2.20000000000000018E0	5.50000000000000000E8	-1.40503242533698547E2
2.20000000000000018E0	5.59999999999999964E8	-1.40642649914748175E2
2.20000000000000018E0	5.70000000000000018E8	-1.40778869320742506E2
2.20000000000000018E0	5.79999999999999982E8	-1.40911991025474381E2
2.20000000000000018E0	5.90000000000000036E8	-1.41042100341628096E2
2.20000000000000018E0	6.00000000000000000E8	-1.41169277944830718E2
2.20000000000000018E0	6.09999999999999964E8	-1.41293599958873672E2
2.20000000000000018E0	6.20000000000000018E8	-1.41415138542006780E2
2.20000000000000018E0	6.29999999999999982E8	-1.41533961873806846E2
2.20000000000000018E0	6.40000000000000036E8	-1.41650134596899813E2
2.20000000000000018E0	6.50000000000000000E8	-1.41763717934240718E2
2.20000000000000018E0	6.59999999999999964E8	-1.41874769900399178E2
2.20000000000000018E0	6.70000000000000018E8	-1.41983345556933260E2
2.20000000000000018E0	6.79999999999999982E8	-1.42089496988187891E2
2.20000000000000018E0	6.90000000000000036E8	-1.42193273793012565E2
2.20000000000000018E0	7.00000000000000000E8	-1.42294722990155043E2
2.20000000000000018E0	7.09999999999999964E8	-1.42393889113575378E2
2.20000000000000018E0	7.20000000000000018E8	-1.42490814597916571E2
2.20000000000000018E0	7.29999999999999982E8	-1.42585539648846749E2
2.20000000000000018E0	7.40000000000000036E8	-1.42678102493504499E2
2.20000000000000018E0	7.50000000000000000E8	-1.42768539514481985E2
2.20000000000000018E0	7.59999999999999964E8	-1.42856885198648875E2
2.20000000000000018E0	7.70000000000000018E8	-1.42943172306689847E2
2.20000000000000018E0	7.79999999999999982E8	-1.43027432049523684E2
2.20000000000000018E0	7.90000000000000036E8	-1.43109694082726446E2
2.20000000000000018E0	8.00000000000000000E8	-1.43189986517006873E2
2.20000000000000018E0	8.09999999999999964E8	-1.43268336082823100E2
2.20000000000000018E0	8.19999999999999929E8	-1.43344768323503557E2
2.20000000000000018E0	8.30000000000000071E8	-1.43419307324991752E2
2.20000000000000018E0	8.40000000000000036E8	-1.43491976053571646E2
2.20000000000000018E0	8.50000000000000000E8	-1.43562796318673191E2
2.20000000000000018E0	8.59999999999999964E8	-1.43631788867955601E2
2.20000000000000018E0	8.69999999999999929E8	-1.43698973393683271E2
2.20000000000000018E0	8.80000000000000071E8	-1.43764368591165570E2
2.20000000000000018E0	8.90000000000000036E8	-1.43827992159724860E2
2.20000000000000018E0	9.00000000000000000E8	-1.43889860919337198E2
2.20000000000000018E0	9.09999999999999964E8	-1.43949990846773490E2
2.20000000000000018E0	9.19999999999999929E8	-1.44008397183420511E2
2.20000000000000018E0	9.30000000000000071E8	-1.44065094139478989E2
2.20000000000000018E0	9.40000000000000036E8	-1.44120095367118095E2
2.20000000000000018E0	9.50000000000000000E8	-1.44173413778465975E2
2.20000000000000018E0	9.59999999999999964E8	-1.44225061518271280E2
2.20000000000000018E0	9.69999999999999929E8	-1.44275050134409311E2
2.20000000000000018E0	9.80000000000000071E8	-1.44323390556138476E2
2.20000000000000018E0	9.90000000000000036E8	-1.44370093032252433E2
2.20000000000000018E0	1.00000000000000000E9	-1.44415167335472461E2
2.20000000000000018E0	1.01000000000000001E9	-1.44458622643757861E2
2.20000000000000018E0	1.02000000000000002E9	-1.44500467558944523E2
2.20000000000000018E0	1.03000000000000003E9	-1.44540710224223301E2
2.20000000000000018E0	1.04000000000000004E9	-1.44579358372485656E2
2.20000000000000018E0	1.05000000000000004E9	-1.44616419090123394E2
2.20000000000000018E0	1.06000000000000005E9	-1.44651899203815537E2
2.20000000000000018E0	1.06999999999999984E9	-1.44685805002444789E2
2.20000000000000018E0	1.08000000000000007E9	-1.44718142418251938E2
2.20000000000000018E0	1.09000000000000008E9	-1.44748916977300679E2
2.20000000000000018E0	1.10000000000000009E9	-1.44778133800088926E2
2.20000000000000018E0	1.10999999999999988E9	-1.44805797740398634E2
2.20000000000000018E0	1.11999999999999988E9	-1.44831913194566186E2
2.20000000000000018E0	1.13000000000000012E9	-1.44856484292243470E2
2.20000000000000018E0	1.14000000000000012E9	-1.44879514815449717E2
2.20000000000000018E0	1.14999999999999991E9	-1.44901008242794371E2
2.20000000000000018E0	1.15999999999999992E9	-1.44920967783643229E2
2.20000000000000018E0	1.16999999999999993E9	-1.44939396376875562E2
2.20000000000000018E0	1.18000000000000016E9	-1.44956296588120814E2
2.20000000000000018E0	1.18999999999999995E9	-1.44971670807532349E2
2.20000000000000018E0	1.19999999999999996E9	-1.44985521165379838E2
2.20000000000000018E0	1.20999999999999996E9	-1.44997849476445673E2
2.20000000000000018E0	1.21999999999999997E9	-1.45008657368256566E2
2.20000000000000018E0	1.22999999999999998E9	-1.45017946253137753E2
2.20000000000000018E0	1.23999999999999999E9	-1.45025717268208720E2
2.20000000000000018E0	1.25000000000000000E9	-1.45031971334876220E2
2.20000000000000018E0	1.26000000000000001E9	-1.45036709135055508E2
2.20000000000000018E0	1.27000000000000002E9	-1.45039931192345750E2
2.20000000000000018E0	1.28000000000000003E9	-1.45041637844275195E2
2.20000000000000018E0	1.29000000000000004E9	-1.45041829064879946E2
2.20000000000000018E0	1.30000000000000004E9	-1.45040504781452562E2
2.20000000000000018E0	1.31000000000000005E9	-1.45037664678487666E2
2.20000000000000018E0	1.31999999999999984E9	-1.45033308191475840E2
2.20000000000000018E0	1.33000000000000007E9	-1.45027434623834028E2
2.20000000000000018E0	1.34000000000000008E9	-1.45020043018201705E2
2.20000000000000018E0	1.35000000000000009E9	-1.45011132223878803E2
2.20000000000000018E0	1.35999999999999988E9	-1.45000700932168436E2
2.20000000000000018E0	1.36999999999999988E9	-1.44988747587513389E2
2.20000000000000018E0	1.38000000000000012E9	-1.44975270419295055E2
2.20000000000000018E0	1.39000000000000012E9	-1.44960267517931629E2
2.20000000000000018E0	1.39999999999999991E9	-1.44943736661937272E2
2.20000000000000018E0	1.40999999999999992E9	-1.44925675491746087E2
2.20000000000000018E0	1.41999999999999993E9	-1.44906081399243369E2
2.20000000000000018E0	1.43000000000000016E9	-1.44884951514661209E2
2.20000000000000018E0	1.43999999999999995E9	-1.44862282800657205E2
2.20000000000000018E0	1.44999999999999996E9	-1.44838071935085710E2
2.20000000000000018E0	1.45999999999999996E9	-1.44812315340198383E2
2.20000000000000018E0	1.46999999999999997E9	-1.44785009226641881E2
2.20000000000000018E0	1.47999999999999998E9	-1.44756149524119793E2
2.20000000000000018E0	1.48999999999999999E9	-1.44725731822120118E2
2.20000000000000018E0	1.50000000000000000E9	-1.44693751572528595E2
2.20000000000000018E0	1.51000000000000001E9	-1.44660203789269559E2
2.20000000000000018E0	1.52000000000000002E9	-1.44625083239749985E2
2.20000000000000018E0	1.53000000000000003E9	-1.44588384419873917E2
2.20000000000000018E0	1.54000000000000004E9	-1.44550101411551801E2
2.20000000000000018E0	1.55000000000000004E9	-1.44510227998152541E2
2.20000000000000018E0	1.56000000000000005E9	-1.44468757617783150E2
2.20000000000000018E0	1.56999999999999984E9	-1.44425683316288112E2
2.20000000000000018E0	1.58000000000000007E9	-1.44380997736410044E2
2.20000000000000018E0	1.59000000000000008E9	-1.44334693160016281E2
2.20000000000000018E0	1.60000000000000009E9	-1.44286761415875397E2
2.20000000000000018E0	1.61000000000000010E9	-1.44237193885129544E2
2.20000000000000018E0	1.61999999999999988E9	-1.44185981513185202E2
2.20000000000000018E0	1.63000000000000012E9	-1.44133114772028614E2
2.20000000000000018E0	1.63999999999999990E9	-1.44078583596643695E2
2.20000000000000018E0	1.64999999999999991E9	-1.44022377423996817E2
2.20000000000000018E0	1.66000000000000014E9	-1.43964485159852940E2
2.20000000000000018E0	1.66999999999999993E9	-1.43904895105639907E2
2.20000000000000018E0	1.68000000000000016E9	-1.43843594986069734E2
2.20000000000000018E0	1.68999999999999995E9	-1.43780571928261591E2
2.20000000000000018E0	1.69999999999999996E9	-1.43715812335499216E2
2.20000000000000018E0	1.71000000000000019E9	-1.43649302059015072E2
2.20000000000000018E0	1.71999999999999997E9	-1.43581026109979781E2
2.20000000000000018E0	1.72999999999999998E9	-1.43510968847440945E2
2.20000000000000018E0	1.73999999999999977E9	-1.43439113828950404E2
2.20000000000000018E0	1.75000000000000000E9	-1.43365443810313509E2
2.20000000000000018E0	1.76000000000000023E9	-1.43289940708307251E2
2.20000000000000018E0	1.77000000000000002E9	-1.43212585564535244E2
2.20000000000000018E0	1.78000000000000003E9	-1.43133358498547181E2
2.20000000000000018E0	1.78999999999999981E9	-1.43052238674470944E2
2.20000000000000018E0	1.80000000000000004E9	-1.42969204246219350E2
2.20000000000000018E0	1.81000000000000005E9	-1.42884232334207950E2
2.20000000000000018E0	1.81999999999999984E9	-1.42797298949352047E2
2.20000000000000018E0	1.83000000000000007E9	-1.42708379011107001E2
2.20000000000000018E0	1.83999999999999986E9	-1.42617446195118136E2
2.20000000000000018E0	1.85000000000000009E9	-1.42524472942953118E2
2.20000000000000018E0	1.86000000000000010E9	-1.42429430426872061E2
2.20000000000000018E0	1.86999999999999988E9	-1.42332288421069708E2
2.20000000000000018E0	1.88000000000000012E9	-1.42233015307031341E2
2.20000000000000018E0	1.88999999999999990E9	-1.42131577989224489E2
2.20000000000000018E0	1.89999999999999991E9	-1.42027941792970580E2
2.20000000000000018E0	1.91000000000000014E9	-1.41922070485380081E2
2.20000000000000018E0	1.91999999999999993E9	-1.41813926079126928E2
2.20000000000000018E0	1.93000000000000016E9	-1.41703468863394511E2
2.20000000000000018E0	1.93999999999999995E9	-1.41590657282150079E2
2.20000000000000018E0	1.94999999999999996E9	-1.41475447849539115E2
2.20000000000000018E0	1.96000000000000019E9	-1.41357795087580818E2
2.20000000000000018E0	1.96999999999999997E9	-1.41237651381507279E2
2.20000000000000018E0	1.97999999999999998E9	-1.41114967025026306E2
2.20000000000000018E0	1.98999999999999977E9	-1.40989689915762595E2
2.20000000000000018E0	2.00000000000000000E9	-1.40861765672721928E2
2.20000000000000018E0	2.01000000000000023E9	-1.40731137393241990E2
2.20000000000000018E0	2.02000000000000002E9	-1.40597745607378255E2
2.20000000000000018E0	2.03000000000000025E9	-1.40461528170135930E2
2.20000000000000018E0	2.04000000000000004E9	-1.40322420159154815E2
2.20000000000000018E0	2.04999999999999982E9	-1.40180353768414645E2
2.20000000000000018E0	2.06000000000000005E9	-1.40035258176692912E2
2.20000000000000018E0	2.06999999999999984E9	-1.39887059483149767E2
2.20000000000000018E0	2.08000000000000007E9	-1.39735680572699117E2
2.20000000000000018E0	2.08999999999999986E9	-1.39581041090284863E2
2.20000000000000018E0	2.10000000000000009E9	-1.39423057204272882E2
2.20000000000000018E0	2.11000000000000032E9	-1.39261641697446814E2
2.20000000000000018E0	2.12000000000000011E9	-1.39096703792474385E2
2.20000000000000018E0	2.12999999999999989E9	-1.38928149157110759E2
2.20000000000000018E0	2.13999999999999968E9	-1.38755879820365502E2
2.20000000000000018E0	2.14999999999999991E9	-1.38579794249452370E2
2.20000000000000018E0	2.16000000000000014E9	-1.38399787320955570E2
2.20000000000000018E0	2.16999999999999993E9	-1.38215750469147602E2
2.20000000000000018E0	2.18000000000000016E9	-1.38027571775147728E2
2.20000000000000018E0	2.18999999999999995E9	-1.37835136209735909E2
2.20000000000000018E0	2.20000000000000018E9	-1.37638325938800499E2
2.20000000000000018E0	2.20999999999999996E9	-1.37437020749221062E2
2.20000000000000018E0	2.21999999999999975E9	-1.37231098590069500E2
2.20000000000000018E0	2.22999999999999998E9	-1.37020436272896662E2
2.20000000000000018E0	2.23999999999999977E9	-1.36804910441138849E2
2.20000000000000018E0	2.25000000000000000E9	-1.36584398703520948E2
2.20000000000000018E0	2.26000000000000023E9	-1.36358781164690357E2
2.20000000000000018E0	2.27000000000000002E9	-1.36127942249985279E2
2.20000000000000018E0	2.28000000000000025E9	-1.35891773045390774E2
2.20000000000000018E0	2.29000000000000004E9	-1.35650174171966675E2
2.20000000000000018E0	2.29999999999999982E9	-1.35403059344997034E2
2.20000000000000018E0	2.31000000000000005E9	-1.35150359755547766E2
2.20000000000000018E0	2.31999999999999984E9	-1.34892029456550122E2
2.20000000000000018E0	2.33000000000000007E9	-1.34628051911947511E2
2.20000000000000018E0	2.33999999999999986E9	-1.34358448009148157E2
2.20000000000000018E0	2.35000000000000009E9	-1.34083285738724922E2
2.20000000000000018E0	2.36000000000000032E9	-1.33802691907967786E2
2.20000000000000018E0	2.37000000000000011E9	-1.33516866114333554E2
2.20000000000000018E0	2.37999999999999989E9	-1.33226097378176811E2
2.20000000000000018E0	2.38999999999999968E9	-1.32930783649382023E2
2.20000000000000018E0	2.39999999999999991E9	-1.32631454373444257E2
2.20000000000000018E0	2.41000000000000014E9	-1.32328796052834119E2
2.20000000000000018E0	2.41999999999999993E9	-1.32023680257670861E2
2.20000000000000018E0	2.43000000000000016E9	-1.31717192862217969E2
2.20000000000000018E0	2.43999999999999995E9	-1.31410661995109823E2
2.20000000000000018E0	2.45000000000000018E9	-1.31105679987018431E2
2.20000000000000018E0	2.45999999999999996E9	-1.30804110946932584E2
2.20000000000000018E0	2.46999999999999975E9	-1.30508069036501029E2
2.20000000000000018E0	2.47999999999999998E9	-1.30219839730902409E2
2.20000000000000018E0	2.48999999999999977E9	-1.29941689999987675E2
2.20000000000000018E0	2.50000000000000000E9	-1.29675450805046166E2
2.20000000000000018E0	2.51000000000000023E9	-1.29421589069995524E2
2.20000000000000018E0	2.52000000000000002E9	-1.29176977381788349E2
2.20000000000000018E0	2.53000000000000025E9	-1.28928738759478279E2
2.20000000000000018E0	2.54000000000000004E9	-1.28633406157353680E2
2.20000000000000018E0	2.54999999999999982E9	-1.28121697282257907E2
2.20000000000000018E0	2.56000000000000005E9	-1.26396513439869684E2
2.20000000000000018E0	2.56999999999999984E9	-1.08636253483623269E2
2.20000000000000018E0	2.58000000000000007E9	-1.26228389811260988E2
2.20000000000000018E0	2.58999999999999986E9	-1.28108145260108075E2
2.20000000000000018E0	2.60000000000000009E9	-1.28637355306094703E2
2.20000000000000018E0	2.61000000000000032E9	-1.28934401822493916E2
2.20000000000000018E0	2.62000000000000011E9	-1.29181698445362980E2
2.20000000000000018E0	2.62999999999999989E9	-1.29425046665032029E2
2.20000000000000018E0	2.63999999999999968E9	-1.29677851503463692E2
2.20000000000000018E0	2.64999999999999991E9	-1.29943360261134977E2
2.20000000000000018E0	2.66000000000000014E9	-1.30221115866386472E2
2.20000000000000018E0	2.66999999999999993E9	-1.30509265333791213E2
2.20000000000000018E0	2.68000000000000016E9	-1.30805511565570387E2
2.20000000000000018E0	2.68999999999999995E9	-1.31107538883617813E2
2.20000000000000018E0	2.70000000000000018E9	-1.31413205765786789E2
2.20000000000000018E0	2.70999999999999996E9	-1.31720624551373122E2
2.20000000000000018E0	2.71999999999999975E9	-1.32028183386036391E2
2.20000000000000018E0	2.72999999999999998E9	-1.32334538478367181E2
2.20000000000000018E0	2.73999999999999977E9	-1.32638591799610683E2
2.20000000000000018E0	2.75000000000000000E9	-1.32939462760600469E2
2.20000000000000018E0	2.76000000000000023E9	-1.33236458553319492E2
2.20000000000000018E0	2.77000000000000002E9	-1.33529045731059792E2
2.20000000000000018E0	2.78000000000000025E9	-1.33816824319176164E2
2.20000000000000018E0	2.79000000000000004E9	-1.34099504907076050E2
2.20000000000000018E0	2.79999999999999982E9	-1.34376888874339473E2
2.20000000000000018E0	2.81000000000000005E9	-1.34648851512092982E2
2.20000000000000018E0	2.81999999999999984E9	-1.34915327832910314E2
2.20000000000000018E0	2.83000000000000007E9	-1.35176300713228881E2
2.20000000000000018E0	2.83999999999999986E9	-1.35431791075387808E2
2.20000000000000018E0	2.85000000000000009E9	-1.35681849726983561E2
2.20000000000000018E0	2.86000000000000032E9	-1.35926550740647034E2
2.20000000000000018E0	2.87000000000000011E9	-1.36165985975425308E2
2.20000000000000018E0	2.87999999999999989E9	-1.36400260644745464E2
2.20000000000000018E0	2.88999999999999968E9	-1.36629489677507276E2
2.20000000000000018E0	2.89999999999999991E9	-1.36853794826294117E2
2.20000000000000018E0	2.91000000000000014E9	-1.37073302309268397E2
2.20000000000000018E0	2.91999999999999993E9	-1.37288140873674713E2
2.20000000000000018E0	2.93000000000000016E9	-1.37498440363387853E2
2.20000000000000018E0	2.93999999999999995E9	-1.37704330434984912E2
2.20000000000000018E0	2.95000000000000018E9	-1.37905939686321855E2
2.20000000000000018E0	2.95999999999999996E9	-1.38103394889604170E2
2.20000000000000018E0	2.96999999999999975E9	-1.38296820449322899E2
2.20000000000000018E0	2.97999999999999998E9	-1.38486337939559645E2
2.20000000000000018E0	2.98999999999999977E9	-1.38672065839002223E2
2.20000000000000018E0	3.00000000000000000E9	-1.38854119276601962E2

var_c	indep(index, 1)	plot_vs(pnmx, noisefreq)[1, ::]
2.30000000000000027E0	3.00000000000000000E8	-1.37465365619050450E2
2.30000000000000027E0	3.10000000000000009E8	-1.37741767983930186E2
2.30000000000000027E0	3.20000000000000018E8	-1.38008827104204723E2
2.30000000000000027E0	3.29999999999999982E8	-1.38267096405183487E2
2.30000000000000027E0	3.39999999999999991E8	-1.38517079171250890E2
2.30000000000000027E0	3.50000000000000000E8	-1.38759234565394785E2
2.30000000000000027E0	3.60000000000000009E8	-1.38993982416581097E2
2.30000000000000027E0	3.70000000000000018E8	-1.39221707719042653E2
2.30000000000000027E0	3.79999999999999982E8	-1.39442764130948449E2
2.30000000000000027E0	3.89999999999999991E8	-1.39657477258277396E2
2.30000000000000027E0	4.00000000000000000E8	-1.39866147768437932E2
2.30000000000000027E0	4.09999999999999964E8	-1.40069053370127028E2
2.30000000000000027E0	4.20000000000000018E8	-1.40266451424084604E2
2.30000000000000027E0	4.29999999999999982E8	-1.40458580716735737E2
2.30000000000000027E0	4.40000000000000036E8	-1.40645663014918654E2
2.30000000000000027E0	4.50000000000000000E8	-1.40827904762801426E2
2.30000000000000027E0	4.59999999999999964E8	-1.41005498466614698E2
2.30000000000000027E0	4.70000000000000018E8	-1.41178623674516457E2
2.30000000000000027E0	4.79999999999999982E8	-1.41347448218365201E2
2.30000000000000027E0	4.90000000000000036E8	-1.41512129112736784E2
2.30000000000000027E0	5.00000000000000000E8	-1.41672813578197698E2
2.30000000000000027E0	5.09999999999999964E8	-1.41829639386491069E2
2.30000000000000027E0	5.20000000000000018E8	-1.41982736187645653E2
2.30000000000000027E0	5.29999999999999982E8	-1.42132225663671563E2
2.30000000000000027E0	5.40000000000000036E8	-1.42278222215220085E2
2.30000000000000027E0	5.50000000000000000E8	-1.42420833598157404E2
2.30000000000000027E0	5.59999999999999964E8	-1.42560161439095845E2
2.30000000000000027E0	5.70000000000000018E8	-1.42696301349854648E2
2.30000000000000027E0	5.79999999999999982E8	-1.42829343660710562E2
2.30000000000000027E0	5.90000000000000036E8	-1.42959373787745725E2
2.30000000000000027E0	6.00000000000000000E8	-1.43086472225307415E2
2.30000000000000027E0	6.09999999999999964E8	-1.43210715202963246E2
2.30000000000000027E0	6.20000000000000018E8	-1.43332174836358117E2
2.30000000000000027E0	6.29999999999999982E8	-1.43450919281613709E2
2.30000000000000027E0	6.40000000000000036E8	-1.43567013244520081E2
2.30000000000000027E0	6.50000000000000000E8	-1.43680517931177909E2
2.30000000000000027E0	6.59999999999999964E8	-1.43791491320649567E2
2.30000000000000027E0	6.70000000000000018E8	-1.43899988495064779E2
2.30000000000000027E0	6.79999999999999982E8	-1.44006061583221578E2
2.30000000000000027E0	6.90000000000000036E8	-1.44109760193254921E2
2.30000000000000027E0	7.00000000000000000E8	-1.44211131241887314E2
2.30000000000000027E0	7.09999999999999964E8	-1.44310219464715206E2
2.30000000000000027E0	7.20000000000000018E8	-1.44407067215469409E2
2.30000000000000027E0	7.29999999999999982E8	-1.44501714701128381E2
2.30000000000000027E0	7.40000000000000036E8	-1.44594200218073810E2
2.30000000000000027E0	7.50000000000000000E8	-1.44684560110109284E2
2.30000000000000027E0	7.59999999999999964E8	-1.44772828903012596E2
2.30000000000000027E0	7.70000000000000018E8	-1.44859039408902279E2
2.30000000000000027E0	7.79999999999999982E8	-1.44943222880055878E2
2.30000000000000027E0	7.90000000000000036E8	-1.45025408926975130E2
2.30000000000000027E0	8.00000000000000000E8	-1.45105625710440966E2
2.30000000000000027E0	8.09999999999999964E8	-1.45183900133973687E2
2.30000000000000027E0	8.19999999999999929E8	-1.45260257511288216E2
2.30000000000000027E0	8.30000000000000071E8	-1.45334722141803296E2
2.30000000000000027E0	8.40000000000000036E8	-1.45407317012742454E2
2.30000000000000027E0	8.50000000000000000E8	-1.45478063954192893E2
2.30000000000000027E0	8.59999999999999964E8	-1.45546983716524103E2
2.30000000000000027E0	8.69999999999999929E8	-1.45614096049460873E2
2.30000000000000027E0	8.80000000000000071E8	-1.45679419687422707E2
2.30000000000000027E0	8.90000000000000036E8	-1.45742972352553535E2
2.30000000000000027E0	9.00000000000000000E8	-1.45804770975298004E2
2.30000000000000027E0	9.09999999999999964E8	-1.45864831517814042E2
2.30000000000000027E0	9.19999999999999929E8	-1.45923169186841095E2
2.30000000000000027E0	9.30000000000000071E8	-1.45979798438894859E2
2.30000000000000027E0	9.40000000000000036E8	-1.46034732831044112E2
2.30000000000000027E0	9.50000000000000000E8	-1.46087985312003688E2
2.30000000000000027E0	9.59999999999999964E8	-1.46139568147620258E2
2.30000000000000027E0	9.69999999999999929E8	-1.46189492937001164E2
2.30000000000000027E0	9.80000000000000071E8	-1.46237770547749557E2
2.30000000000000027E0	9.90000000000000036E8	-1.46284411450543717E2
2.30000000000000027E0	1.00000000000000000E9	-1.46329425321709294E2
2.30000000000000027E0	1.01000000000000001E9	-1.46372821486589033E2
2.30000000000000027E0	1.02000000000000002E9	-1.46414608534431379E2
2.30000000000000027E0	1.03000000000000003E9	-1.46454794772980645E2
2.30000000000000027E0	1.04000000000000004E9	-1.46493387831118826E2
2.30000000000000027E0	1.05000000000000004E9	-1.46530394989649815E2
2.30000000000000027E0	1.06000000000000005E9	-1.46565823088267244E2
2.30000000000000027E0	1.06999999999999984E9	-1.46599678446013160E2
2.30000000000000027E0	1.08000000000000007E9	-1.46631967113021355E2
2.30000000000000027E0	1.09000000000000008E9	-1.46662694631473189E2
2.30000000000000027E0	1.10000000000000009E9	-1.46691866247324798E2
2.30000000000000027E0	1.10999999999999988E9	-1.46719486750563766E2
2.30000000000000027E0	1.11999999999999988E9	-1.46745560734371994E2
2.30000000000000027E0	1.13000000000000012E9	-1.46770092340700264E2
2.30000000000000027E0	1.14000000000000012E9	-1.46793085407467716E2
2.30000000000000027E0	1.14999999999999991E9	-1.46814543531609409E2
2.30000000000000027E0	1.15999999999999992E9	-1.46834469962424841E2
2.30000000000000027E0	1.16999999999999993E9	-1.46852867641376661E2
2.30000000000000027E0	1.18000000000000016E9	-1.46869739290647439E2
2.30000000000000027E0	1.18999999999999995E9	-1.46885087384670721E2
2.30000000000000027E0	1.19999999999999996E9	-1.46898914010563253E2
2.30000000000000027E0	1.20999999999999996E9	-1.46911221159438732E2
2.30000000000000027E0	1.21999999999999997E9	-1.46922010558087424E2
2.30000000000000027E0	1.22999999999999998E9	-1.46931283546925551E2
2.30000000000000027E0	1.23999999999999999E9	-1.46939041496172140E2
2.30000000000000027E0	1.25000000000000000E9	-1.46945285333071074E2
2.30000000000000027E0	1.26000000000000001E9	-1.46950015833786019E2
2.30000000000000027E0	1.27000000000000002E9	-1.46953233609281031E2
2.30000000000000027E0	1.28000000000000003E9	-1.46954939026350595E2
2.30000000000000027E0	1.29000000000000004E9	-1.46955132195953353E2
2.30000000000000027E0	1.30000000000000004E9	-1.46953813157416047E2
2.30000000000000027E0	1.31000000000000005E9	-1.46950981588178031E2
2.30000000000000027E0	1.31999999999999984E9	-1.46946637067879893E2
2.30000000000000027E0	1.33000000000000007E9	-1.46940778994374233E2
2.30000000000000027E0	1.34000000000000008E9	-1.46933406482948392E2
2.30000000000000027E0	1.35000000000000009E9	-1.46924518474215970E2
2.30000000000000027E0	1.35999999999999988E9	-1.46914113767194143E2
2.30000000000000027E0	1.36999999999999988E9	-1.46902190904344288E2
2.30000000000000027E0	1.38000000000000012E9	-1.46888748181760564E2
2.30000000000000027E0	1.39000000000000012E9	-1.46873783832829341E2
2.30000000000000027E0	1.39999999999999991E9	-1.46857295711897295E2
2.30000000000000027E0	1.40999999999999992E9	-1.46839281591215598E2
2.30000000000000027E0	1.41999999999999993E9	-1.46819738922266185E2
2.30000000000000027E0	1.43000000000000016E9	-1.46798665041442233E2
2.30000000000000027E0	1.43999999999999995E9	-1.46776056914379316E2
2.30000000000000027E0	1.44999999999999996E9	-1.46751911383315514E2
2.30000000000000027E0	1.45999999999999996E9	-1.46726225024607171E2
2.30000000000000027E0	1.46999999999999997E9	-1.46698994117670667E2
2.30000000000000027E0	1.47999999999999998E9	-1.46670214768318141E2
2.30000000000000027E0	1.48999999999999999E9	-1.46639882681211242E2
2.30000000000000027E0	1.50000000000000000E9	-1.46607993420486094E2
2.30000000000000027E0	1.51000000000000001E9	-1.46574542203719771E2
2.30000000000000027E0	1.52000000000000002E9	-1.46539523897183743E2
2.30000000000000027E0	1.53000000000000003E9	-1.46502933118235346E2
2.30000000000000027E0	1.54000000000000004E9	-1.46464764186264573E2
2.30000000000000027E0	1.55000000000000004E9	-1.46425010994818661E2
2.30000000000000027E0	1.56000000000000005E9	-1.46383667145020779E2
2.30000000000000027E0	1.56999999999999984E9	-1.46340725904084001E2
2.30000000000000027E0	1.58000000000000007E9	-1.46296180069513282E2
2.30000000000000027E0	1.59000000000000008E9	-1.46250022093438670E2
2.30000000000000027E0	1.60000000000000009E9	-1.46202244028120898E2
2.30000000000000027E0	1.61000000000000010E9	-1.46152837422464810E2
2.30000000000000027E0	1.61999999999999988E9	-1.46101793477311648E2
2.30000000000000027E0	1.63000000000000012E9	-1.46049102857655044E2
2.30000000000000027E0	1.63999999999999990E9	-1.45994755742715121E2
2.30000000000000027E0	1.64999999999999991E9	-1.45938741767813518E2
2.30000000000000027E0	1.66000000000000014E9	-1.45881050099012222E2
2.30000000000000027E0	1.66999999999999993E9	-1.45821669325309955E2
2.30000000000000027E0	1.68000000000000016E9	-1.45760587425876009E2
2.30000000000000027E0	1.68999999999999995E9	-1.45697791786822828E2
2.30000000000000027E0	1.69999999999999996E9	-1.45633269095141826E2
2.30000000000000027E0	1.71000000000000019E9	-1.45567005517153403E2
2.30000000000000027E0	1.71999999999999997E9	-1.45498986378310291E2
2.30000000000000027E0	1.72999999999999998E9	-1.45429196332619548E2
2.30000000000000027E0	1.73999999999999977E9	-1.45357619305699015E2
2.30000000000000027E0	1.75000000000000000E9	-1.45284238371584240E2
2.30000000000000027E0	1.76000000000000023E9	-1.45209035829567945E2
2.30000000000000027E0	1.77000000000000002E9	-1.45131993065097098E2
2.30000000000000027E0	1.78000000000000003E9	-1.45053090610807911E2
2.30000000000000027E0	1.78999999999999981E9	-1.44972308006268724E2
2.30000000000000027E0	1.80000000000000004E9	-1.44889623845984605E2
2.30000000000000027E0	1.81000000000000005E9	-1.44805015658030056E2
2.30000000000000027E0	1.81999999999999984E9	-1.44718459909496233E2
2.30000000000000027E0	1.83000000000000007E9	-1.44629931940342749E2
2.30000000000000027E0	1.83999999999999986E9	-1.44539405914514307E2
2.30000000000000027E0	1.85000000000000009E9	-1.44446854751864806E2
2.30000000000000027E0	1.86000000000000010E9	-1.44352250088459422E2
2.30000000000000027E0	1.86999999999999988E9	-1.44255562249550762E2
2.30000000000000027E0	1.88000000000000012E9	-1.44156760063883627E2
2.30000000000000027E0	1.88999999999999990E9	-1.44055810973411225E2
2.30000000000000027E0	1.89999999999999991E9	-1.43952680836129665E2
2.30000000000000027E0	1.91000000000000014E9	-1.43847333906608310E2
2.30000000000000027E0	1.91999999999999993E9	-1.43739732755171756E2
2.30000000000000027E0	1.93000000000000016E9	-1.43629838179875402E2
2.30000000000000027E0	1.93999999999999995E9	-1.43517609122169354E2
2.30000000000000027E0	1.94999999999999996E9	-1.43403002597814067E2
2.30000000000000027E0	1.96000000000000019E9	-1.43285973620919083E2
2.30000000000000027E0	1.96999999999999997E9	-1.43166475030157359E2
2.30000000000000027E0	1.97999999999999998E9	-1.43044457509919631E2
2.30000000000000027E0	1.98999999999999977E9	-1.42919869365320351E2
2.30000000000000027E0	2.00000000000000000E9	-1.42792656519933026E2
2.30000000000000027E0	2.01000000000000023E9	-1.42662762339055815E2
2.30000000000000027E0	2.02000000000000002E9	-1.42530127520668759E2
2.30000000000000027E0	2.03000000000000025E9	-1.42394689978005329E2
2.30000000000000027E0	2.04000000000000004E9	-1.42256384791567481E2
2.30000000000000027E0	2.04999999999999982E9	-1.42115143932501065E2
2.30000000000000027E0	2.06000000000000005E9	-1.41970896217683240E2
2.30000000000000027E0	2.06999999999999984E9	-1.41823567207201928E2
2.30000000000000027E0	2.08000000000000007E9	-1.41673079008575420E2
2.30000000000000027E0	2.08999999999999986E9	-1.41519350160239088E2
2.30000000000000027E0	2.10000000000000009E9	-1.41362295471325239E2
2.30000000000000027E0	2.11000000000000032E9	-1.41201825949621451E2
2.30000000000000027E0	2.12000000000000011E9	-1.41037848628418772E2
2.30000000000000027E0	2.12999999999999989E9	-1.40870266424409007E2
2.30000000000000027E0	2.13999999999999968E9	-1.40698978081350612E2
2.30000000000000027E0	2.14999999999999991E9	-1.40523878072544939E2
2.30000000000000027E0	2.16000000000000014E9	-1.40344856512269334E2
2.30000000000000027E0	2.16999999999999993E9	-1.40161799127197750E2
2.30000000000000027E0	2.18000000000000016E9	-1.39974587292808561E2
2.30000000000000027E0	2.18999999999999995E9	-1.39783098079491652E2
2.30000000000000027E0	2.20000000000000018E9	-1.39587204371664630E2
2.30000000000000027E0	2.20999999999999996E9	-1.39386775149064635E2
2.30000000000000027E0	2.21999999999999975E9	-1.39181675748113598E2
2.30000000000000027E0	2.22999999999999998E9	-1.38971768446524857E2
2.30000000000000027E0	2.23999999999999977E9	-1.38756913031114193E2
2.30000000000000027E0	2.25000000000000000E9	-1.38536967780854181E2
2.30000000000000027E0	2.26000000000000023E9	-1.38311790615344199E2
2.30000000000000027E0	2.27000000000000002E9	-1.38081240627829649E2
2.30000000000000027E0	2.28000000000000025E9	-1.37845180118127031E2
2.30000000000000027E0	2.29000000000000004E9	-1.37603477110657724E2
2.30000000000000027E0	2.29999999999999982E9	-1.37356008612231850E2
2.30000000000000027E0	2.31000000000000005E9	-1.37102664690757203E2
2.30000000000000027E0	2.31999999999999984E9	-1.36843353612303309E2
2.30000000000000027E0	2.33000000000000007E9	-1.36578008262264206E2
2.30000000000000027E0	2.33999999999999986E9	-1.36306594112815227E2
2.30000000000000027E0	2.35000000000000009E9	-1.36029119071649562E2
2.30000000000000027E0	2.36000000000000032E9	-1.35745645587890840E2
2.30000000000000027E0	2.37000000000000011E9	-1.35456305357102780E2
2.30000000000000027E0	2.37999999999999989E9	-1.35161317078420717E2
2.30000000000000027E0	2.38999999999999968E9	-1.34861007509229891E2
2.30000000000000027E0	2.39999999999999991E9	-1.34555836087513869E2
2.30000000000000027E0	2.41000000000000014E9	-1.34246422852655956E2
2.30000000000000027E0	2.41999999999999993E9	-1.33933578864244596E2
2.30000000000000027E0	2.43000000000000016E9	-1.33618337042317559E2
2.30000000000000027E0	2.43999999999999995E9	-1.33301979228425616E2
2.30000000000000027E0	2.45000000000000018E9	-1.32986051441775377E2
2.30000000000000027E0	2.45999999999999996E9	-1.32672352272341665E2
2.30000000000000027E0	2.46999999999999975E9	-1.32362866297835025E2
2.30000000000000027E0	2.47999999999999998E9	-1.32059587555413560E2
2.30000000000000027E0	2.48999999999999977E9	-1.31764119019776449E2
2.30000000000000027E0	2.50000000000000000E9	-1.31476788104655773E2
2.30000000000000027E0	2.51000000000000023E9	-1.31194612454479986E2
2.30000000000000027E0	2.52000000000000002E9	-1.30906152249678032E2
2.30000000000000027E0	2.53000000000000025E9	-1.30576368726961256E2
2.30000000000000027E0	2.54000000000000004E9	-1.30091354039233176E2
2.30000000000000027E0	2.54999999999999982E9	-1.28983041194172809E2
2.30000000000000027E0	2.56000000000000005E9	-1.24243581802522751E2
2.30000000000000027E0	2.56999999999999984E9	-1.21617068089961977E2
2.30000000000000027E0	2.58000000000000007E9	-1.28603776252313051E2
2.30000000000000027E0	2.58999999999999986E9	-1.29991290312644558E2
2.30000000000000027E0	2.60000000000000009E9	-1.30532791773848489E2
2.30000000000000027E0	2.61000000000000032E9	-1.30875734455599346E2
2.30000000000000027E0	2.62000000000000011E9	-1.31166093782446014E2
2.30000000000000027E0	2.62999999999999989E9	-1.31446994855721222E2
2.30000000000000027E0	2.63999999999999968E9	-1.31732404677558401E2
2.30000000000000027E0	2.64999999999999991E9	-1.32026187460488975E2
2.30000000000000027E0	2.66000000000000014E9	-1.32328319396306471E2
2.30000000000000027E0	2.66999999999999993E9	-1.32637273680459300E2
2.30000000000000027E0	2.68000000000000016E9	-1.32951038364757834E2
2.30000000000000027E0	2.68999999999999995E9	-1.33267573484527535E2
2.30000000000000027E0	2.70000000000000018E9	-1.33585013509604145E2
2.30000000000000027E0	2.70999999999999996E9	-1.33901746080140249E2
2.30000000000000027E0	2.71999999999999975E9	-1.34216429119304848E2
2.30000000000000027E0	2.72999999999999998E9	-1.34527977782134411E2
2.30000000000000027E0	2.73999999999999977E9	-1.34835537797883842E2
2.30000000000000027E0	2.75000000000000000E9	-1.35138454196155688E2
2.30000000000000027E0	2.76000000000000023E9	-1.35436240038013178E2
2.30000000000000027E0	2.77000000000000002E9	-1.35728547522415632E2
2.30000000000000027E0	2.78000000000000025E9	-1.36015142394895894E2
2.30000000000000027E0	2.79000000000000004E9	-1.36295881977441935E2
2.30000000000000027E0	2.79999999999999982E9	-1.36570696620200294E2
2.30000000000000027E0	2.81000000000000005E9	-1.36839574301030220E2
2.30000000000000027E0	2.81999999999999984E9	-1.37102547919584938E2
2.30000000000000027E0	2.83000000000000007E9	-1.37359684987856068E2
2.30000000000000027E0	2.83999999999999986E9	-1.37611079252338975E2
2.30000000000000027E0	2.85000000000000009E9	-1.37856843926661865E2
2.30000000000000027E0	2.86000000000000032E9	-1.38097106303094352E2
2.30000000000000027E0	2.87000000000000011E9	-1.38332003439569684E2
2.30000000000000027E0	2.87999999999999989E9	-1.38561678747116201E2
2.30000000000000027E0	2.88999999999999968E9	-1.38786279312768634E2
2.30000000000000027E0	2.89999999999999991E9	-1.39005953762012635E2
2.30000000000000027E0	2.91000000000000014E9	-1.39220850623318415E2
2.30000000000000027E0	2.91999999999999993E9	-1.39431117120013015E2
2.30000000000000027E0	2.93000000000000016E9	-1.39636898130149278E2
2.30000000000000027E0	2.93999999999999995E9	-1.39838335549627457E2
2.30000000000000027E0	2.95000000000000018E9	-1.40035567714844600E2
2.30000000000000027E0	2.95999999999999996E9	-1.40228729054641121E2
2.30000000000000027E0	2.96999999999999975E9	-1.40417949846321566E2
2.30000000000000027E0	2.97999999999999998E9	-1.40603356036685234E2
2.30000000000000027E0	2.98999999999999977E9	-1.40785069181504663E2
2.30000000000000027E0	3.00000000000000000E9	-1.40963206441890976E2

var_c	indep(index, 1)	plot_vs(pnmx, noisefreq)[2, ::]
2.40000000000000036E0	3.00000000000000000E8	-1.38595500559533380E2
2.40000000000000036E0	3.10000000000000009E8	-1.38871830422948017E2
2.40000000000000036E0	3.20000000000000018E8	-1.39138817309407559E2
2.40000000000000036E0	3.29999999999999982E8	-1.39397014620338044E2
2.40000000000000036E0	3.39999999999999991E8	-1.39646925842490965E2
2.40000000000000036E0	3.50000000000000000E8	-1.39889009909358997E2
2.40000000000000036E0	3.60000000000000009E8	-1.40123686815351745E2
2.40000000000000036E0	3.70000000000000018E8	-1.40351341458664258E2
2.40000000000000036E0	3.79999999999999982E8	-1.40572327467223657E2
2.40000000000000036E0	3.89999999999999991E8	-1.40786970600924488E2
2.40000000000000036E0	4.00000000000000000E8	-1.40995571389422203E2
2.40000000000000036E0	4.09999999999999964E8	-1.41198407560854200E2
2.40000000000000036E0	4.20000000000000018E8	-1.41395736400876659E2
2.40000000000000036E0	4.29999999999999982E8	-1.41587796782449082E2
2.40000000000000036E0	4.40000000000000036E8	-1.41774810332501855E2
2.40000000000000036E0	4.50000000000000000E8	-1.41956983522044311E2
2.40000000000000036E0	4.59999999999999964E8	-1.42134508887738154E2
2.40000000000000036E0	4.70000000000000018E8	-1.42307565887005305E2
2.40000000000000036E0	4.79999999999999982E8	-1.42476322404907396E2
2.40000000000000036E0	4.90000000000000036E8	-1.42640935433191518E2
2.40000000000000036E0	5.00000000000000000E8	-1.42801552019819411E2
2.40000000000000036E0	5.09999999999999964E8	-1.42958310125821741E2
2.40000000000000036E0	5.20000000000000018E8	-1.43111339262186510E2
2.40000000000000036E0	5.29999999999999982E8	-1.43260761160850336E2
2.40000000000000036E0	5.40000000000000036E8	-1.43406690146933480E2
2.40000000000000036E0	5.50000000000000000E8	-1.43549234024303529E2
2.40000000000000036E0	5.59999999999999964E8	-1.43688494433205238E2
2.40000000000000036E0	5.70000000000000018E8	-1.43824566882947424E2
2.40000000000000036E0	5.79999999999999982E8	-1.43957541749676809E2
2.40000000000000036E0	5.90000000000000036E8	-1.44087504455804138E2
2.40000000000000036E0	6.00000000000000000E8	-1.44214535507701780E2
2.40000000000000036E0	6.09999999999999964E8	-1.44338711092588068E2
2.40000000000000036E0	6.20000000000000018E8	-1.44460103324950251E2
2.40000000000000036E0	6.29999999999999982E8	-1.44578780426852060E2
2.40000000000000036E0	6.40000000000000036E8	-1.44694807026299133E2
2.40000000000000036E0	6.50000000000000000E8	-1.44808244356739158E2
2.40000000000000036E0	6.59999999999999964E8	-1.44919150423071841E2
2.40000000000000036E0	6.70000000000000018E8	-1.45027580300617709E2
2.40000000000000036E0	6.79999999999999982E8	-1.45133586151795924E2
2.40000000000000036E0	6.90000000000000036E8	-1.45237217585580214E2
2.40000000000000036E0	7.00000000000000000E8	-1.45338521507043339E2
2.40000000000000036E0	7.09999999999999964E8	-1.45437542676772491E2
2.40000000000000036E0	7.20000000000000018E8	-1.45534323445801417E2
2.40000000000000036E0	7.29999999999999982E8	-1.45628904101027912E2
2.40000000000000036E0	7.40000000000000036E8	-1.45721322891653582E2
2.40000000000000036E0	7.50000000000000000E8	-1.45811616244252029E2
2.40000000000000036E0	7.59999999999999964E8	-1.45899818636285739E2
2.40000000000000036E0	7.70000000000000018E8	-1.45985962929432733E2
2.40000000000000036E0	7.79999999999999982E8	-1.46070080394990454E2
2.40000000000000036E0	7.90000000000000036E8	-1.46152200679181643E2
2.40000000000000036E0	8.00000000000000000E8	-1.46232352014717537E2
2.40000000000000036E0	8.09999999999999964E8	-1.46310561196687883E2
2.40000000000000036E0	8.19999999999999929E8	-1.46386853692853491E2
2.40000000000000036E0	8.30000000000000071E8	-1.46461253793237312E2
2.40000000000000036E0	8.40000000000000036E8	-1.46533784538317446E2
2.40000000000000036E0	8.50000000000000000E8	-1.46604467746146372E2
2.40000000000000036E0	8.59999999999999964E8	-1.46673324180219034E2
2.40000000000000036E0	8.69999999999999929E8	-1.46740373721510564E2
2.40000000000000036E0	8.80000000000000071E8	-1.46805634982222299E2
2.40000000000000036E0	8.90000000000000036E8	-1.46869125917233667E2
2.40000000000000036E0	9.00000000000000000E8	-1.46930863347312379E2
2.40000000000000036E0	9.09999999999999964E8	-1.46990863350703194E2
2.40000000000000036E0	9.19999999999999929E8	-1.47049141114290660E2
2.40000000000000036E0	9.30000000000000071E8	-1.47105711147998797E2
2.40000000000000036E0	9.40000000000000036E8	-1.47160587111441910E2
2.40000000000000036E0	9.50000000000000000E8	-1.47213781910432173E2
2.40000000000000036E0	9.59999999999999964E8	-1.47265307936212131E2
2.40000000000000036E0	9.69999999999999929E8	-1.47315176723318642E2
2.40000000000000036E0	9.80000000000000071E8	-1.47363399309331422E2
2.40000000000000036E0	9.90000000000000036E8	-1.47409986131966031E2
2.40000000000000036E0	1.00000000000000000E9	-1.47454946945937904E2
2.40000000000000036E0	1.01000000000000001E9	-1.47498291064450715E2
2.40000000000000036E0	1.02000000000000002E9	-1.47540027252061590E2
2.40000000000000036E0	1.03000000000000003E9	-1.47580163735238590E2
2.40000000000000036E0	1.04000000000000004E9	-1.47618708266176424E2
2.40000000000000036E0	1.05000000000000004E9	-1.47655668138489449E2
2.40000000000000036E0	1.06000000000000005E9	-1.47691050311052186E2
2.40000000000000036E0	1.06999999999999984E9	-1.47724861105195027E2
2.40000000000000036E0	1.08000000000000007E9	-1.47757106611584943E2
2.40000000000000036E0	1.09000000000000008E9	-1.47787792458335843E2
2.40000000000000036E0	1.10000000000000009E9	-1.47816923895567198E2
2.40000000000000036E0	1.10999999999999988E9	-1.47844505887661226E2
2.40000000000000036E0	1.11999999999999988E9	-1.47870542973001018E2
2.40000000000000036E0	1.13000000000000012E9	-1.47895039392614613E2
2.40000000000000036E0	1.14000000000000012E9	-1.47917999041800430E2
2.40000000000000036E0	1.14999999999999991E9	-1.47939425563756033E2
2.40000000000000036E0	1.15999999999999992E9	-1.47959322260037540E2
2.40000000000000036E0	1.16999999999999993E9	-1.47977692192102195E2
2.40000000000000036E0	1.18000000000000016E9	-1.47994538149770949E2
2.40000000000000036E0	1.18999999999999995E9	-1.48009862572001594E2
2.40000000000000036E0	1.19999999999999996E9	-1.48023667709249862E2
2.40000000000000036E0	1.20999999999999996E9	-1.48035955606743386E2
2.40000000000000036E0	1.21999999999999997E9	-1.48046727976549830E2
2.40000000000000036E0	1.22999999999999998E9	-1.48055986368032788E2
2.40000000000000036E0	1.23999999999999999E9	-1.48063732100378576E2
2.40000000000000036E0	1.25000000000000000E9	-1.48069966152674626E2
2.40000000000000036E0	1.26000000000000001E9	-1.48074689540502868E2
2.40000000000000036E0	1.27000000000000002E9	-1.48077902775713399E2
2.40000000000000036E0	1.28000000000000003E9	-1.48079606387979901E2
2.40000000000000036E0	1.29000000000000004E9	-1.48079800557686903E2
2.40000000000000036E0	1.30000000000000004E9	-1.48078485388496928E2
2.40000000000000036E0	1.31000000000000005E9	-1.48075660633600559E2
2.40000000000000036E0	1.31999999999999984E9	-1.48071325986720925E2
2.40000000000000036E0	1.33000000000000007E9	-1.48065480840178187E2
2.40000000000000036E0	1.34000000000000008E9	-1.48058124493852605E2
2.40000000000000036E0	1.35000000000000009E9	-1.48049255939275737E2
2.40000000000000036E0	1.35999999999999988E9	-1.48038874067188653E2
2.40000000000000036E0	1.36999999999999988E9	-1.48026977472938337E2
2.40000000000000036E0	1.38000000000000012E9	-1.48013564668024777E2
2.40000000000000036E0	1.39000000000000012E9	-1.47998633810301561E2
2.40000000000000036E0	1.39999999999999991E9	-1.47982182975211218E2
2.40000000000000036E0	1.40999999999999992E9	-1.47964209983942352E2
2.40000000000000036E0	1.41999999999999993E9	-1.47944712436142156E2
2.40000000000000036E0	1.43000000000000016E9	-1.47923687683462468E2
2.40000000000000036E0	1.43999999999999995E9	-1.47901132928868861E2
2.40000000000000036E0	1.44999999999999996E9	-1.47877045054646095E2
2.40000000000000036E0	1.45999999999999996E9	-1.47851420740418393E2
2.40000000000000036E0	1.46999999999999997E9	-1.47824256441348467E2
2.40000000000000036E0	1.47999999999999998E9	-1.47795548309004188E2
2.40000000000000036E0	1.48999999999999999E9	-1.47765292284424454E2
2.40000000000000036E0	1.50000000000000000E9	-1.47733483979746749E2
2.40000000000000036E0	1.51000000000000001E9	-1.47700118760516697E2
2.40000000000000036E0	1.52000000000000002E9	-1.47665191661625350E2
2.40000000000000036E0	1.53000000000000003E9	-1.47628697501934369E2
2.40000000000000036E0	1.54000000000000004E9	-1.47590630620687580E2
2.40000000000000036E0	1.55000000000000004E9	-1.47550985193172335E2
2.40000000000000036E0	1.56000000000000005E9	-1.47509754942194560E2
2.40000000000000036E0	1.56999999999999984E9	-1.47466933265253775E2
2.40000000000000036E0	1.58000000000000007E9	-1.47422513193207805E2
2.40000000000000036E0	1.59000000000000008E9	-1.47376487380260768E2
2.40000000000000036E0	1.60000000000000009E9	-1.47328847996499279E2
2.40000000000000036E0	1.61000000000000010E9	-1.47279586885682301E2
2.40000000000000036E0	1.61999999999999988E9	-1.47228695381937302E2
2.40000000000000036E0	1.63000000000000012E9	-1.47176164407976651E2
2.40000000000000036E0	1.63999999999999990E9	-1.47121984334914124E2
2.40000000000000036E0	1.64999999999999991E9	-1.47066145117276981E2
2.40000000000000036E0	1.66000000000000014E9	-1.47008636094580014E2
2.40000000000000036E0	1.66999999999999993E9	-1.46949446115145754E2
2.40000000000000036E0	1.68000000000000016E9	-1.46888563424310470E2
2.40000000000000036E0	1.68999999999999995E9	-1.46825975710301404E2
2.40000000000000036E0	1.69999999999999996E9	-1.46761669979260212E2
2.40000000000000036E0	1.71000000000000019E9	-1.46695632615682747E2
2.40000000000000036E0	1.71999999999999997E9	-1.46627849307375202E2
2.40000000000000036E0	1.72999999999999998E9	-1.46558305075499851E2
2.40000000000000036E0	1.73999999999999977E9	-1.46486984108470142E2
2.40000000000000036E0	1.75000000000000000E9	-1.46413869891768078E2
2.40000000000000036E0	1.76000000000000023E9	-1.46338945058606851E2
2.40000000000000036E0	1.77000000000000002E9	-1.46262191411793996E2
2.40000000000000036E0	1.78000000000000003E9	-1.46183589836900496E2
2.40000000000000036E0	1.78999999999999981E9	-1.46103120326810698E2
2.40000000000000036E0	1.80000000000000004E9	-1.46020761876312366E2
2.40000000000000036E0	1.81000000000000005E9	-1.45936492462294143E2
2.40000000000000036E0	1.81999999999999984E9	-1.45850289028893476E2
2.40000000000000036E0	1.83000000000000007E9	-1.45762127367571903E2
2.40000000000000036E0	1.83999999999999986E9	-1.45671982123694854E2
2.40000000000000036E0	1.85000000000000009E9	-1.45579826762119269E2
2.40000000000000036E0	1.86000000000000010E9	-1.45485633401466230E2
2.40000000000000036E0	1.86999999999999988E9	-1.45389372880029799E2
2.40000000000000036E0	1.88000000000000012E9	-1.45291014630212878E2
2.40000000000000036E0	1.88999999999999990E9	-1.45190526602319436E2
2.40000000000000036E0	1.89999999999999991E9	-1.45087875235652541E2
2.40000000000000036E0	1.91000000000000014E9	-1.44983025360332873E2
2.40000000000000036E0	1.91999999999999993E9	-1.44875940119211499E2
2.40000000000000036E0	1.93000000000000016E9	-1.44766580888277852E2
2.40000000000000036E0	1.93999999999999995E9	-1.44654907199263283E2
2.40000000000000036E0	1.94999999999999996E9	-1.44540876647078176E2
2.40000000000000036E0	1.96000000000000019E9	-1.44424444788730111E2
2.40000000000000036E0	1.96999999999999997E9	-1.44305565032808603E2
2.40000000000000036E0	1.97999999999999998E9	-1.44184188574572891E2
2.40000000000000036E0	1.98999999999999977E9	-1.44060264209009903E2
2.40000000000000036E0	2.00000000000000000E9	-1.43933738311347703E2
2.40000000000000036E0	2.01000000000000023E9	-1.43804554645996441E2
2.40000000000000036E0	2.02000000000000002E9	-1.43672654237038655E2
2.40000000000000036E0	2.03000000000000025E9	-1.43537975249924621E2
2.40000000000000036E0	2.04000000000000004E9	-1.43400452859388339E2
2.40000000000000036E0	2.04999999999999982E9	-1.43260019066196698E2
2.40000000000000036E0	2.06000000000000005E9	-1.43116602566476314E2
2.40000000000000036E0	2.06999999999999984E9	-1.42970128572878674E2
2.40000000000000036E0	2.08000000000000007E9	-1.42820518680153263E2
2.40000000000000036E0	2.08999999999999986E9	-1.42667690600686736E2
2.40000000000000036E0	2.10000000000000009E9	-1.42511558074133582E2
2.40000000000000036E0	2.11000000000000032E9	-1.42352030656832396E2
2.40000000000000036E0	2.12000000000000011E9	-1.42189013488613125E2
2.40000000000000036E0	2.12999999999999989E9	-1.42022407145498919E2
2.40000000000000036E0	2.13999999999999968E9	-1.41852107455314869E2
2.40000000000000036E0	2.14999999999999991E9	-1.41678005290550546E2
2.40000000000000036E0	2.16000000000000014E9	-1.41499986418168189E2
2.40000000000000036E0	2.16999999999999993E9	-1.41317931321743862E2
2.40000000000000036E0	2.18000000000000016E9	-1.41131715105957878E2
2.40000000000000036E0	2.18999999999999995E9	-1.40941207374672750E2
2.40000000000000036E0	2.20000000000000018E9	-1.40746272223076430E2
2.40000000000000036E0	2.20999999999999996E9	-1.40546768211972006E2
2.40000000000000036E0	2.21999999999999975E9	-1.40342548545729962E2
2.40000000000000036E0	2.22999999999999998E9	-1.40133461269662374E2
2.40000000000000036E0	2.23999999999999977E9	-1.39919349678228766E2
2.40000000000000036E0	2.25000000000000000E9	-1.39700052885850257E2
2.40000000000000036E0	2.26000000000000023E9	-1.39475406744247143E2
2.40000000000000036E0	2.27000000000000002E9	-1.39245244948211755E2
2.40000000000000036E0	2.28000000000000025E9	-1.39009400730099952E2
2.40000000000000036E0	2.29000000000000004E9	-1.38767708980653537E2
2.40000000000000036E0	2.29999999999999982E9	-1.38520009106200015E2
2.40000000000000036E0	2.31000000000000005E9	-1.38266148751815243E2
2.40000000000000036E0	2.31999999999999984E9	-1.38005988605016117E2
2.40000000000000036E0	2.33000000000000007E9	-1.37739408549083864E2
2.40000000000000036E0	2.33999999999999986E9	-1.37466315503224079E2
2.40000000000000036E0	2.35000000000000009E9	-1.37186653291005989E2
2.40000000000000036E0	2.36000000000000032E9	-1.36900415019177002E2
2.40000000000000036E0	2.37000000000000011E9	-1.36607658365759677E2
2.40000000000000036E0	2.37999999999999989E9	-1.36308524315121060E2
2.40000000000000036E0	2.38999999999999968E9	-1.36003259658969822E2
2.40000000000000036E0	2.39999999999999991E9	-1.35692243507873456E2
2.40000000000000036E0	2.41000000000000014E9	-1.35376017410473870E2
2.40000000000000036E0	2.41999999999999993E9	-1.35055317881113313E2
2.40000000000000036E0	2.43000000000000016E9	-1.34731108209291328E2
2.40000000000000036E0	2.43999999999999995E9	-1.34404603196387540E2
2.40000000000000036E0	2.45000000000000018E9	-1.34077274319011086E2
2.40000000000000036E0	2.45999999999999996E9	-1.33750811311585904E2
2.40000000000000036E0	2.46999999999999975E9	-1.33426993680931738E2
2.40000000000000036E0	2.47999999999999998E9	-1.33107377774318736E2
2.40000000000000036E0	2.48999999999999977E9	-1.32792595846713835E2
2.40000000000000036E0	2.50000000000000000E9	-1.32480784051802769E2
2.40000000000000036E0	2.51000000000000023E9	-1.32163849473402206E2
2.40000000000000036E0	2.52000000000000002E9	-1.31817598928012214E2
2.40000000000000036E0	2.53000000000000025E9	-1.31371084512468372E2
2.40000000000000036E0	2.54000000000000004E9	-1.30587413467273872E2
2.40000000000000036E0	2.54999999999999982E9	-1.28432375513531327E2
2.40000000000000036E0	2.56000000000000005E9	-1.17988841228900920E2
2.40000000000000036E0	2.56999999999999984E9	-1.26304352032445988E2
2.40000000000000036E0	2.58000000000000007E9	-1.30072849817333536E2
2.40000000000000036E0	2.58999999999999986E9	-1.31171193966518196E2
2.40000000000000036E0	2.60000000000000009E9	-1.31699501140678255E2
2.40000000000000036E0	2.61000000000000032E9	-1.32068848674246286E2
2.40000000000000036E0	2.62000000000000011E9	-1.32390913989834891E2
2.40000000000000036E0	2.62999999999999989E9	-1.32702117281712906E2
2.40000000000000036E0	2.63999999999999968E9	-1.33014851850309079E2
2.40000000000000036E0	2.64999999999999991E9	-1.33332609619055775E2
2.40000000000000036E0	2.66000000000000014E9	-1.33655354773341828E2
2.40000000000000036E0	2.66999999999999993E9	-1.33981694732102108E2
2.40000000000000036E0	2.68000000000000016E9	-1.34309827599215992E2
2.40000000000000036E0	2.68999999999999995E9	-1.34637965569215323E2
2.40000000000000036E0	2.70000000000000018E9	-1.34964515387163941E2
2.40000000000000036E0	2.70999999999999996E9	-1.35288141298383158E2
2.40000000000000036E0	2.71999999999999975E9	-1.35607770811595807E2
2.40000000000000036E0	2.72999999999999998E9	-1.35922574070011959E2
2.40000000000000036E0	2.73999999999999977E9	-1.36231932600009431E2
2.40000000000000036E0	2.75000000000000000E9	-1.36535405702076718E2
2.40000000000000036E0	2.76000000000000023E9	-1.36832698524146168E2
2.40000000000000036E0	2.77000000000000002E9	-1.37123633538189726E2
2.40000000000000036E0	2.78000000000000025E9	-1.37408126130044694E2
2.40000000000000036E0	2.79000000000000004E9	-1.37686164116340892E2
2.40000000000000036E0	2.79999999999999982E9	-1.37957790943514125E2
2.40000000000000036E0	2.81000000000000005E9	-1.38223092043966944E2
2.40000000000000036E0	2.81999999999999984E9	-1.38482183923296764E2
2.40000000000000036E0	2.83000000000000007E9	-1.38735205410362794E2
2.40000000000000036E0	2.83999999999999986E9	-1.38982310878768933E2
2.40000000000000036E0	2.85000000000000009E9	-1.39223664803369962E2
2.40000000000000036E0	2.86000000000000032E9	-1.39459437642984763E2
2.40000000000000036E0	2.87000000000000011E9	-1.39689802641353333E2
2.40000000000000036E0	2.87999999999999989E9	-1.39914933314024603E2
2.40000000000000036E0	2.88999999999999968E9	-1.40135001720266761E2
2.40000000000000036E0	2.89999999999999991E9	-1.40350176973165519E2
2.40000000000000036E0	2.91000000000000014E9	-1.40560624362829190E2
2.40000000000000036E0	2.91999999999999993E9	-1.40766504559994177E2
2.40000000000000036E0	2.93000000000000016E9	-1.40967973226802457E2
2.40000000000000036E0	2.93999999999999995E9	-1.41165180653533895E2
2.40000000000000036E0	2.95000000000000018E9	-1.41358271629266485E2
2.40000000000000036E0	2.95999999999999996E9	-1.41547385350333998E2
2.40000000000000036E0	2.96999999999999975E9	-1.41732655500563243E2
2.40000000000000036E0	2.97999999999999998E9	-1.41914210222486870E2
2.40000000000000036E0	2.98999999999999977E9	-1.42092172328630162E2
2.40000000000000036E0	3.00000000000000000E9	-1.42266659403143647E2

var_c	indep(index, 1)	plot_vs(pnmx, noisefreq)[3, ::]
2.50000000000000044E0	3.00000000000000000E8	-1.39357590655490982E2
2.50000000000000044E0	3.10000000000000009E8	-1.39633861266202652E2
2.50000000000000044E0	3.20000000000000018E8	-1.39900789029371087E2
2.50000000000000044E0	3.29999999999999982E8	-1.40158927316161730E2
2.50000000000000044E0	3.39999999999999991E8	-1.40408779608442269E2
2.50000000000000044E0	3.50000000000000000E8	-1.40650804941565655E2
2.50000000000000044E0	3.60000000000000009E8	-1.40885423206756455E2
2.50000000000000044E0	3.70000000000000018E8	-1.41113019389961680E2
2.50000000000000044E0	3.79999999999999982E8	-1.41333947118451375E2
2.50000000000000044E0	3.89999999999999991E8	-1.41548532029889218E2
2.50000000000000044E0	4.00000000000000000E8	-1.41757074701998920E2
2.50000000000000044E0	4.09999999999999964E8	-1.41959852938496200E2
2.50000000000000044E0	4.20000000000000018E8	-1.42157123934807705E2
2.50000000000000044E0	4.29999999999999982E8	-1.42349126441697593E2
2.50000000000000044E0	4.40000000000000036E8	-1.42536082337222569E2
2.50000000000000044E0	4.50000000000000000E8	-1.42718197931371593E2
2.50000000000000044E0	4.59999999999999964E8	-1.42895665675507400E2
2.50000000000000044E0	4.70000000000000018E8	-1.43068665183770594E2
2.50000000000000044E0	4.79999999999999982E8	-1.43237364136463530E2
2.50000000000000044E0	4.90000000000000036E8	-1.43401919620255880E2
2.50000000000000044E0	5.00000000000000000E8	-1.43562478722655440E2
2.50000000000000044E0	5.09999999999999964E8	-1.43719179323479018E2
2.50000000000000044E0	5.20000000000000018E8	-1.43872150910681684E2
2.50000000000000044E0	5.29999999999999982E8	-1.44021515204892125E2
2.50000000000000044E0	5.40000000000000036E8	-1.44167386574511447E2
2.50000000000000044E0	5.50000000000000000E8	-1.44309872834600594E2
2.50000000000000044E0	5.59999999999999964E8	-1.44449075486996703E2
2.50000000000000044E0	5.70000000000000018E8	-1.44585090187700338E2
2.50000000000000044E0	5.79999999999999982E8	-1.44718007293153295E2
2.50000000000000044E0	5.90000000000000036E8	-1.44847912123528832E2
2.50000000000000044E0	6.00000000000000000E8	-1.44974885220992578E2
2.50000000000000044E0	6.09999999999999964E8	-1.45099002800130505E2
2.50000000000000044E0	6.20000000000000018E8	-1.45220336978798592E2
2.50000000000000044E0	6.29999999999999982E8	-1.45338956006044340E2
2.50000000000000044E0	6.40000000000000036E8	-1.45454924502624050E2
2.50000000000000044E0	6.50000000000000000E8	-1.45568303609590366E2
2.50000000000000044E0	6.59999999999999964E8	-1.45679151510795402E2
2.50000000000000044E0	6.70000000000000018E8	-1.45787523162514998E2
2.50000000000000044E0	6.79999999999999982E8	-1.45893470743905596E2
2.50000000000000044E0	6.90000000000000036E8	-1.45997043918514002E2
2.50000000000000044E0	7.00000000000000000E8	-1.46098289634609957E2
2.50000000000000044E0	7.09999999999999964E8	-1.46197252570603720E2
2.50000000000000044E0	7.20000000000000018E8	-1.46293975132861021E2
2.50000000000000044E0	7.29999999999999982E8	-1.46388497640996218E2
2.50000000000000044E0	7.40000000000000036E8	-1.46480858376984990E2
2.50000000000000044E0	7.50000000000000000E8	-1.46571093708317624E2
2.50000000000000044E0	7.59999999999999964E8	-1.46659238204254483E2
2.50000000000000044E0	7.70000000000000018E8	-1.46745324758554618E2
2.50000000000000044E0	7.79999999999999982E8	-1.46829384584491907E2
2.50000000000000044E0	7.90000000000000036E8	-1.46911447435344700E2
2.50000000000000044E0	8.00000000000000000E8	-1.46991541488544142E2
2.50000000000000044E0	8.09999999999999964E8	-1.47069693592435491E2
2.50000000000000044E0	8.19999999999999929E8	-1.47145929283870291E2
2.50000000000000044E0	8.30000000000000071E8	-1.47220272832928556E2
2.50000000000000044E0	8.40000000000000036E8	-1.47292747259019352E2
2.50000000000000044E0	8.50000000000000000E8	-1.47363374524223434E2
2.50000000000000044E0	8.59999999999999964E8	-1.47432175395642218E2
2.50000000000000044E0	8.69999999999999929E8	-1.47499169678066600E2
2.50000000000000044E0	8.80000000000000071E8	-1.47564376160605382E2
2.50000000000000044E0	8.90000000000000036E8	-1.47627812692897353E2
2.50000000000000044E0	9.00000000000000000E8	-1.47689496203627102E2
2.50000000000000044E0	9.09999999999999964E8	-1.47749442859181612E2
2.50000000000000044E0	9.19999999999999929E8	-1.47807667772005735E2
2.50000000000000044E0	9.30000000000000071E8	-1.47864185534122639E2
2.50000000000000044E0	9.40000000000000036E8	-1.47919009821577818E2
2.50000000000000044E0	9.50000000000000000E8	-1.47972153675103724E2
2.50000000000000044E0	9.59999999999999964E8	-1.48023629366230169E2
2.50000000000000044E0	9.69999999999999929E8	-1.48073448610621816E2
2.50000000000000044E0	9.80000000000000071E8	-1.48121622370641393E2
2.50000000000000044E0	9.90000000000000036E8	-1.48168161183229863E2
2.50000000000000044E0	1.00000000000000000E9	-1.48213074900191133E2
2.50000000000000044E0	1.01000000000000001E9	-1.48256372790290247E2
2.50000000000000044E0	1.02000000000000002E9	-1.48298063654920709E2
2.50000000000000044E0	1.03000000000000003E9	-1.48338155818408945E2
2.50000000000000044E0	1.04000000000000004E9	-1.48376657050864336E2
2.50000000000000044E0	1.05000000000000004E9	-1.48413574777201185E2
2.50000000000000044E0	1.06000000000000005E9	-1.48448915830739647E2
2.50000000000000044E0	1.06999999999999984E9	-1.48482686716297341E2
2.50000000000000044E0	1.08000000000000007E9	-1.48514893549774851E2
2.50000000000000044E0	1.09000000000000008E9	-1.48545541972165296E2
2.50000000000000044E0	1.10000000000000009E9	-1.48574637367292950E2
2.50000000000000044E0	1.10999999999999988E9	-1.48602184640214707E2
2.50000000000000044E0	1.11999999999999988E9	-1.48628188422470608E2
2.50000000000000044E0	1.13000000000000012E9	-1.48652653020138059E2
2.50000000000000044E0	1.14000000000000012E9	-1.48675582406650109E2
2.50000000000000044E0	1.14999999999999991E9	-1.48696980254701616E2
2.50000000000000044E0	1.15999999999999992E9	-1.48716849929862649E2
2.50000000000000044E0	1.16999999999999993E9	-1.48735194533259918E2
2.50000000000000044E0	1.18000000000000016E9	-1.48752016881454496E2
2.50000000000000044E0	1.18999999999999995E9	-1.48767319544308130E2
2.50000000000000044E0	1.19999999999999996E9	-1.48781104786590346E2
2.50000000000000044E0	1.20999999999999996E9	-1.48793374747540486E2
2.50000000000000044E0	1.21999999999999997E9	-1.48804131192677036E2
2.50000000000000044E0	1.22999999999999998E9	-1.48813375703440331E2
2.50000000000000044E0	1.23999999999999999E9	-1.48821109680466224E2
2.50000000000000044E0	1.25000000000000000E9	-1.48827334213912699E2
2.50000000000000044E0	1.26000000000000001E9	-1.48832050296260721E2
2.50000000000000044E0	1.27000000000000002E9	-1.48835258605853826E2
2.50000000000000044E0	1.28000000000000003E9	-1.48836959641052324E2
2.50000000000000044E0	1.29000000000000004E9	-1.48837153759396124E2
2.50000000000000044E0	1.30000000000000004E9	-1.48835841039340044E2
2.50000000000000044E0	1.31000000000000005E9	-1.48833021366579432E2
2.50000000000000044E0	1.31999999999999984E9	-1.48828694500852032E2
2.50000000000000044E0	1.33000000000000007E9	-1.48822859928581641E2
2.50000000000000044E0	1.34000000000000008E9	-1.48815516994326869E2
2.50000000000000044E0	1.35000000000000009E9	-1.48806664800951216E2
2.50000000000000044E0	1.35999999999999988E9	-1.48796302299670380E2
2.50000000000000044E0	1.36999999999999988E9	-1.48784428195204166E2
2.50000000000000044E0	1.38000000000000012E9	-1.48771041078499677E2
2.50000000000000044E0	1.39000000000000012E9	-1.48756139168954604E2
2.50000000000000044E0	1.39999999999999991E9	-1.48739720707778766E2
2.50000000000000044E0	1.40999999999999992E9	-1.48721783545157149E2
2.50000000000000044E0	1.41999999999999993E9	-1.48702325404976010E2
2.50000000000000044E0	1.43000000000000016E9	-1.48681343746722194E2
2.50000000000000044E0	1.43999999999999995E9	-1.48658835856640548E2
2.50000000000000044E0	1.44999999999999996E9	-1.48634798741286867E2
2.50000000000000044E0	1.45999999999999996E9	-1.48609229227670769E2
2.50000000000000044E0	1.46999999999999997E9	-1.48582123838769498E2
2.50000000000000044E0	1.47999999999999998E9	-1.48553478854116316E2
2.50000000000000044E0	1.48999999999999999E9	-1.48523290359451066E2
2.50000000000000044E0	1.50000000000000000E9	-1.48491554085203425E2
2.50000000000000044E0	1.51000000000000001E9	-1.48458265523463018E2
2.50000000000000044E0	1.52000000000000002E9	-1.48423419885849572E2
2.50000000000000044E0	1.53000000000000003E9	-1.48387012056803402E2
2.50000000000000044E0	1.54000000000000004E9	-1.48349036639852683E2
2.50000000000000044E0	1.55000000000000004E9	-1.48309487861120792E2
2.50000000000000044E0	1.56000000000000005E9	-1.48268359669097327E2
2.50000000000000044E0	1.56999999999999984E9	-1.48225645603849232E2
2.50000000000000044E0	1.58000000000000007E9	-1.48181338893102810E2
2.50000000000000044E0	1.59000000000000008E9	-1.48135432336412132E2
2.50000000000000044E0	1.60000000000000009E9	-1.48087918344912839E2
2.50000000000000044E0	1.61000000000000010E9	-1.48038788916484387E2
2.50000000000000044E0	1.61999999999999988E9	-1.47988035637877724E2
2.50000000000000044E0	1.63000000000000012E9	-1.47935649593366980E2
2.50000000000000044E0	1.63999999999999990E9	-1.47881621417637588E2
2.50000000000000044E0	1.64999999999999991E9	-1.47825941301421970E2
2.50000000000000044E0	1.66000000000000014E9	-1.47768598808157159E2
2.50000000000000044E0	1.66999999999999993E9	-1.47709583048126714E2
2.50000000000000044E0	1.68000000000000016E9	-1.47648882559453698E2
2.50000000000000044E0	1.68999999999999995E9	-1.47586485264466627E2
2.50000000000000044E0	1.69999999999999996E9	-1.47522378500916940E2
2.50000000000000044E0	1.71000000000000019E9	-1.47456548921761676E2
2.50000000000000044E0	1.71999999999999997E9	-1.47388982544173386E2
2.50000000000000044E0	1.72999999999999998E9	-1.47319664733753841E2
2.50000000000000044E0	1.73999999999999977E9	-1.47248579989137585E2
2.50000000000000044E0	1.75000000000000000E9	-1.47175712180505514E2
2.50000000000000044E0	1.76000000000000023E9	-1.47101044300667305E2
2.50000000000000044E0	1.77000000000000002E9	-1.47024558541990524E2
2.50000000000000044E0	1.78000000000000003E9	-1.46946236216132076E2
2.50000000000000044E0	1.78999999999999981E9	-1.46866057691088892E2
2.50000000000000044E0	1.80000000000000004E9	-1.46784002450073769E2
2.50000000000000044E0	1.81000000000000005E9	-1.46700048881441525E2
2.50000000000000044E0	1.81999999999999984E9	-1.46614174418415111E2
2.50000000000000044E0	1.83000000000000007E9	-1.46526355328561908E2
2.50000000000000044E0	1.83999999999999986E9	-1.46436566793522571E2
2.50000000000000044E0	1.85000000000000009E9	-1.46344782758255243E2
2.50000000000000044E0	1.86000000000000010E9	-1.46250975910433745E2
2.50000000000000044E0	1.86999999999999988E9	-1.46155117623967534E2
2.50000000000000044E0	1.88000000000000012E9	-1.46057177924290427E2
2.50000000000000044E0	1.88999999999999990E9	-1.45957125331018700E2
2.50000000000000044E0	1.89999999999999991E9	-1.45854926906034565E2
2.50000000000000044E0	1.91000000000000014E9	-1.45750548072354968E2
2.50000000000000044E0	1.91999999999999993E9	-1.45643952591783910E2
2.50000000000000044E0	1.93000000000000016E9	-1.45535102499995128E2
2.50000000000000044E0	1.93999999999999995E9	-1.45423957945652615E2
2.50000000000000044E0	1.94999999999999996E9	-1.45310477146088202E2
2.50000000000000044E0	1.96000000000000019E9	-1.45194616324667325E2
2.50000000000000044E0	1.96999999999999997E9	-1.45076329510162005E2
2.50000000000000044E0	1.97999999999999998E9	-1.44955568468946150E2
2.50000000000000044E0	1.98999999999999977E9	-1.44832282636782139E2
2.50000000000000044E0	2.00000000000000000E9	-1.44706418922047342E2
2.50000000000000044E0	2.01000000000000023E9	-1.44577921578468027E2
2.50000000000000044E0	2.02000000000000002E9	-1.44446732102179465E2
2.50000000000000044E0	2.03000000000000025E9	-1.44312789050776513E2
2.50000000000000044E0	2.04000000000000004E9	-1.44176027892365921E2
2.50000000000000044E0	2.04999999999999982E9	-1.44036380784613227E2
2.50000000000000044E0	2.06000000000000005E9	-1.43893776505640059E2
2.50000000000000044E0	2.06999999999999984E9	-1.43748140148685311E2
2.50000000000000044E0	2.08000000000000007E9	-1.43599392967250417E2
2.50000000000000044E0	2.08999999999999986E9	-1.43447452157726296E2
2.50000000000000044E0	2.10000000000000009E9	-1.43292230617654925E2
2.50000000000000044E0	2.11000000000000032E9	-1.43133636742089210E2
2.50000000000000044E0	2.12000000000000011E9	-1.42971574125800727E2
2.50000000000000044E0	2.12999999999999989E9	-1.42805941319855489E2
2.50000000000000044E0	2.13999999999999968E9	-1.42636631604356978E2
2.50000000000000044E0	2.14999999999999991E9	-1.42463532623434719E2
2.50000000000000044E0	2.16000000000000014E9	-1.42286526212338371E2
2.50000000000000044E0	2.16999999999999993E9	-1.42105488040005046E2
2.50000000000000044E0	2.18000000000000016E9	-1.41920287371144926E2
2.50000000000000044E0	2.18999999999999995E9	-1.41730786827036814E2
2.50000000000000044E0	2.20000000000000018E9	-1.41536842128353202E2
2.50000000000000044E0	2.20999999999999996E9	-1.41338301931976718E2
2.50000000000000044E0	2.21999999999999975E9	-1.41135007712250027E2
2.50000000000000044E0	2.22999999999999998E9	-1.40926793728448874E2
2.50000000000000044E0	2.23999999999999977E9	-1.40713487126456549E2
2.50000000000000044E0	2.25000000000000000E9	-1.40494908195728896E2
2.50000000000000044E0	2.26000000000000023E9	-1.40270870873514153E2
2.50000000000000044E0	2.27000000000000002E9	-1.40041183553199411E2
2.50000000000000044E0	2.28000000000000025E9	-1.39805650249047586E2
2.50000000000000044E0	2.29000000000000004E9	-1.39564072349503365E2
2.50000000000000044E0	2.29999999999999982E9	-1.39316250993889201E2
2.50000000000000044E0	2.31000000000000005E9	-1.39061990345532993E2
2.50000000000000044E0	2.31999999999999984E9	-1.38801101967820606E2
2.50000000000000044E0	2.33000000000000007E9	-1.38533410619065012E2
2.50000000000000044E0	2.33999999999999986E9	-1.38258761818837184E2
2.50000000000000044E0	2.35000000000000009E9	-1.37977031612329548E2
2.50000000000000044E0	2.36000000000000032E9	-1.37688139077188465E2
2.50000000000000044E0	2.37000000000000011E9	-1.37392062027464212E2
2.50000000000000044E0	2.37999999999999989E9	-1.37088856561832229E2
2.50000000000000044E0	2.38999999999999968E9	-1.36778680858954926E2
2.50000000000000044E0	2.39999999999999991E9	-1.36461823354355771E2
2.50000000000000044E0	2.41000000000000014E9	-1.36138734888413238E2
2.50000000000000044E0	2.41999999999999993E9	-1.35810062953099986E2
2.50000000000000044E0	2.43000000000000016E9	-1.35476683700991551E2
2.50000000000000044E0	2.43999999999999995E9	-1.35139722674549634E2
2.50000000000000044E0	2.45000000000000018E9	-1.34800545948844541E2
2.50000000000000044E0	2.45999999999999996E9	-1.34460685992619866E2
2.50000000000000044E0	2.46999999999999975E9	-1.34121630762720234E2
2.50000000000000044E0	2.47999999999999998E9	-1.33784327113152646E2
2.50000000000000044E0	2.48999999999999977E9	-1.33448066426495959E2
2.50000000000000044E0	2.50000000000000000E9	-1.33107937301824153E2
2.50000000000000044E0	2.51000000000000023E9	-1.32748588473058726E2
2.50000000000000044E0	2.52000000000000002E9	-1.32327061319138539E2
2.50000000000000044E0	2.53000000000000025E9	-1.31716851908516963E2
2.50000000000000044E0	2.54000000000000004E9	-1.30479009431963933E2
2.50000000000000044E0	2.54999999999999982E9	-1.26605394113542991E2
2.50000000000000044E0	2.56000000000000005E9	-1.18144200593910109E2
2.50000000000000044E0	2.56999999999999984E9	-1.28609600663136758E2
2.50000000000000044E0	2.58000000000000007E9	-1.31094891839685723E2
2.50000000000000044E0	2.58999999999999986E9	-1.32016666752357947E2
2.50000000000000044E0	2.60000000000000009E9	-1.32532001351321438E2
2.50000000000000044E0	2.61000000000000032E9	-1.32920787537904572E2
2.50000000000000044E0	2.62000000000000011E9	-1.33268750219820564E2
2.50000000000000044E0	2.62999999999999989E9	-1.33605636783050463E2
2.50000000000000044E0	2.63999999999999968E9	-1.33941784575593714E2
2.50000000000000044E0	2.64999999999999991E9	-1.34280020157339974E2
2.50000000000000044E0	2.66000000000000014E9	-1.34620161915101777E2
2.50000000000000044E0	2.66999999999999993E9	-1.34960903771088603E2
2.50000000000000044E0	2.68000000000000016E9	-1.35300645016793242E2
2.50000000000000044E0	2.68999999999999995E9	-1.35637854551603088E2
2.50000000000000044E0	2.70000000000000018E9	-1.35971217209608675E2
2.50000000000000044E0	2.70999999999999996E9	-1.36299675814007859E2
2.50000000000000044E0	2.71999999999999975E9	-1.36622424306807533E2
2.50000000000000044E0	2.72999999999999998E9	-1.36938879885470044E2
2.50000000000000044E0	2.73999999999999977E9	-1.37248648182444866E2
2.50000000000000044E0	2.75000000000000000E9	-1.37551488528074084E2
2.50000000000000044E0	2.76000000000000023E9	-1.37847282358291268E2
2.50000000000000044E0	2.77000000000000002E9	-1.38136006024508395E2
2.50000000000000044E0	2.78000000000000025E9	-1.38417708138395024E2
2.50000000000000044E0	2.79000000000000004E9	-1.38692491091477965E2
2.50000000000000044E0	2.79999999999999982E9	-1.38960496323270810E2
2.50000000000000044E0	2.81000000000000005E9	-1.39221892616255616E2
2.50000000000000044E0	2.81999999999999984E9	-1.39476867030448548E2
2.50000000000000044E0	2.83000000000000007E9	-1.39725617888190046E2
2.50000000000000044E0	2.83999999999999986E9	-1.39968349422462723E2
2.50000000000000044E0	2.85000000000000009E9	-1.40205267749280971E2
2.50000000000000044E0	2.86000000000000032E9	-1.40436577889009118E2
2.50000000000000044E0	2.87000000000000011E9	-1.40662481582865651E2
2.50000000000000044E0	2.87999999999999989E9	-1.40883175741136557E2
2.50000000000000044E0	2.88999999999999968E9	-1.41098851392872815E2
2.50000000000000044E0	2.89999999999999991E9	-1.41309692959778710E2
2.50000000000000044E0	2.91000000000000014E9	-1.41515877841003368E2
2.50000000000000044E0	2.91999999999999993E9	-1.41717576245704557E2
2.50000000000000044E0	2.93000000000000016E9	-1.41914951086366203E2
2.50000000000000044E0	2.93999999999999995E9	-1.42108158068703627E2
2.50000000000000044E0	2.95000000000000018E9	-1.42297345809101272E2
2.50000000000000044E0	2.95999999999999996E9	-1.42482656077086878E2
2.50000000000000044E0	2.96999999999999975E9	-1.42664223975757909E2
2.50000000000000044E0	2.97999999999999998E9	-1.42842178245491835E2
2.50000000000000044E0	2.98999999999999977E9	-1.43016641516268583E2
2.50000000000000044E0	3.00000000000000000E9	-1.43187730600308272E2

var_c	indep(index, 1)	plot_vs(pnmx, noisefreq)[4, ::]
2.60000000000000053E0	3.00000000000000000E8	-1.39909463719079907E2
2.60000000000000053E0	3.10000000000000009E8	-1.40185685739871002E2
2.60000000000000053E0	3.20000000000000018E8	-1.40452564861389284E2
2.60000000000000053E0	3.29999999999999982E8	-1.40710654527959500E2
2.60000000000000053E0	3.39999999999999991E8	-1.40960458090154317E2
2.60000000000000053E0	3.50000000000000000E8	-1.41202434761426954E2
2.60000000000000053E0	3.60000000000000009E8	-1.41437004382754417E2
2.60000000000000053E0	3.70000000000000018E8	-1.41664551862255861E2
2.60000000000000053E0	3.79999999999999982E8	-1.41885430981456517E2
2.60000000000000053E0	3.89999999999999991E8	-1.42099967214847811E2
2.60000000000000053E0	4.00000000000000000E8	-1.42308461193421754E2
2.60000000000000053E0	4.09999999999999964E8	-1.42511190807079857E2
2.60000000000000053E0	4.20000000000000018E8	-1.42708413108318721E2
2.60000000000000053E0	4.29999999999999982E8	-1.42900366935959977E2
2.60000000000000053E0	4.40000000000000036E8	-1.43087274052725100E2
2.60000000000000053E0	4.50000000000000000E8	-1.43269340912757848E2
2.60000000000000053E0	4.59999999999999964E8	-1.43446759824654380E2
2.60000000000000053E0	4.70000000000000018E8	-1.43619710461668060E2
2.60000000000000053E0	4.79999999999999982E8	-1.43788360447191321E2
2.60000000000000053E0	4.90000000000000036E8	-1.43952866929768297E2
2.60000000000000053E0	5.00000000000000000E8	-1.44113376908787427E2
2.60000000000000053E0	5.09999999999999964E8	-1.44270028349918911E2
2.60000000000000053E0	5.20000000000000018E8	-1.44422950670734851E2
2.60000000000000053E0	5.29999999999999982E8	-1.44572265556890356E2
2.60000000000000053E0	5.40000000000000036E8	-1.44718087509000060E2
2.60000000000000053E0	5.50000000000000000E8	-1.44860524196743623E2
2.60000000000000053E0	5.59999999999999964E8	-1.44999677142057615E2
2.60000000000000053E0	5.70000000000000018E8	-1.45135642082011884E2
2.60000000000000053E0	5.79999999999999982E8	-1.45268509289870207E2
2.60000000000000053E0	5.90000000000000036E8	-1.45398364098537103E2
2.60000000000000053E0	6.00000000000000000E8	-1.45525287108604795E2
2.60000000000000053E0	6.09999999999999964E8	-1.45649354503715966E2
2.60000000000000053E0	6.20000000000000018E8	-1.45770638351892168E2
2.60000000000000053E0	6.29999999999999982E8	-1.45889206960897466E2
2.60000000000000053E0	6.40000000000000036E8	-1.46005124922472129E2
2.60000000000000053E0	6.50000000000000000E8	-1.46118453463594200E2
2.60000000000000053E0	6.59999999999999964E8	-1.46229250685891587E2
2.60000000000000053E0	6.70000000000000018E8	-1.46337571575401282E2
2.60000000000000053E0	6.79999999999999982E8	-1.46443468390122478E2
2.60000000000000053E0	6.90000000000000036E8	-1.46546990691761003E2
2.60000000000000053E0	7.00000000000000000E8	-1.46648185518663521E2
2.60000000000000053E0	7.09999999999999964E8	-1.46747097512513247E2
2.60000000000000053E0	7.20000000000000018E8	-1.46843769173903338E2
2.60000000000000053E0	7.29999999999999982E8	-1.46938240780797669E2
2.60000000000000053E0	7.40000000000000036E8	-1.47030550591603104E2
2.60000000000000053E0	7.50000000000000000E8	-1.47120735021710902E2
2.60000000000000053E0	7.59999999999999964E8	-1.47208828748712173E2
2.60000000000000053E0	7.70000000000000018E8	-1.47294864535021364E2
2.60000000000000053E0	7.79999999999999982E8	-1.47378873662379961E2
2.60000000000000053E0	7.90000000000000036E8	-1.47460885963812194E2
2.60000000000000053E0	8.00000000000000000E8	-1.47540929572424862E2
2.60000000000000053E0	8.09999999999999964E8	-1.47619031378958177E2
2.60000000000000053E0	8.19999999999999929E8	-1.47695216998398315E2
2.60000000000000053E0	8.30000000000000071E8	-1.47769510596024967E2
2.60000000000000053E0	8.40000000000000036E8	-1.47841935352224341E2
2.60000000000000053E0	8.50000000000000000E8	-1.47912513139727886E2
2.60000000000000053E0	8.59999999999999964E8	-1.47981264825260217E2
2.60000000000000053E0	8.69999999999999929E8	-1.48048210211850018E2
2.60000000000000053E0	8.80000000000000071E8	-1.48113368131019341E2
2.60000000000000053E0	8.90000000000000036E8	-1.48176756466894566E2
2.60000000000000053E0	9.00000000000000000E8	-1.48238392166235511E2
2.60000000000000053E0	9.09999999999999964E8	-1.48298291366096846E2
2.60000000000000053E0	9.19999999999999929E8	-1.48356469356130782E2
2.60000000000000053E0	9.30000000000000071E8	-1.48412940626142387E2
2.60000000000000053E0	9.40000000000000036E8	-1.48467718903535983E2
2.60000000000000053E0	9.50000000000000000E8	-1.48520817308993469E2
2.60000000000000053E0	9.59999999999999964E8	-1.48572248155520614E2
2.60000000000000053E0	9.69999999999999929E8	-1.48622023121496860E2
2.60000000000000053E0	9.80000000000000071E8	-1.48670153356949486E2
2.60000000000000053E0	9.90000000000000036E8	-1.48716649212479313E2
2.60000000000000053E0	1.00000000000000000E9	-1.48761520738140041E2
2.60000000000000053E0	1.01000000000000001E9	-1.48804777189388449E2
2.60000000000000053E0	1.02000000000000002E9	-1.48846427430609141E2
2.60000000000000053E0	1.03000000000000003E9	-1.48886479782626213E2
2.60000000000000053E0	1.04000000000000004E9	-1.48924942161361762E2
2.60000000000000053E0	1.05000000000000004E9	-1.48961821865425370E2
2.60000000000000053E0	1.06000000000000005E9	-1.48997125870830915E2
2.60000000000000053E0	1.06999999999999984E9	-1.49030860770011953E2
2.60000000000000053E0	1.08000000000000007E9	-1.49063032639741477E2
2.60000000000000053E0	1.09000000000000008E9	-1.49093647184472111E2
2.60000000000000053E0	1.10000000000000009E9	-1.49122709819093702E2
2.60000000000000053E0	1.10999999999999988E9	-1.49150225561624517E2
2.60000000000000053E0	1.11999999999999988E9	-1.49176199058956915E2
2.60000000000000053E0	1.13000000000000012E9	-1.49200634617838079E2
2.60000000000000053E0	1.14000000000000012E9	-1.49223536343376351E2
2.60000000000000053E0	1.14999999999999991E9	-1.49244907853457787E2
2.60000000000000053E0	1.15999999999999992E9	-1.49264752674676116E2
2.60000000000000053E0	1.16999999999999993E9	-1.49283073902870411E2
2.60000000000000053E0	1.18000000000000016E9	-1.49299874411460509E2
2.60000000000000053E0	1.18999999999999995E9	-1.49315156822018968E2
2.60000000000000053E0	1.19999999999999996E9	-1.49328923506995936E2
2.60000000000000053E0	1.20999999999999996E9	-1.49341176555589872E2
2.60000000000000053E0	1.21999999999999997E9	-1.49351917859623429E2
2.60000000000000053E0	1.22999999999999998E9	-1.49361149071524668E2
2.60000000000000053E0	1.23999999999999999E9	-1.49368871607445941E2
2.60000000000000053E0	1.25000000000000000E9	-1.49375086657782363E2
2.60000000000000053E0	1.26000000000000001E9	-1.49379795224267875E2
2.60000000000000053E0	1.27000000000000002E9	-1.49382998112104559E2
2.60000000000000053E0	1.28000000000000003E9	-1.49384695880689522E2
2.60000000000000053E0	1.29000000000000004E9	-1.49384888883878775E2
2.60000000000000053E0	1.30000000000000004E9	-1.49383577335482931E2
2.60000000000000053E0	1.31000000000000005E9	-1.49380761196492196E2
2.60000000000000053E0	1.31999999999999984E9	-1.49376440231389962E2
2.60000000000000053E0	1.33000000000000007E9	-1.49370614076235309E2
2.60000000000000053E0	1.34000000000000008E9	-1.49363282071215520E2
2.60000000000000053E0	1.35000000000000009E9	-1.49354443501596235E2
2.60000000000000053E0	1.35999999999999988E9	-1.49344097262033126E2
2.60000000000000053E0	1.36999999999999988E9	-1.49332242262355419E2
2.60000000000000053E0	1.38000000000000012E9	-1.49318877094987146E2
2.60000000000000053E0	1.39000000000000012E9	-1.49304000140344284E2
2.60000000000000053E0	1.39999999999999991E9	-1.49287609658808029E2
2.60000000000000053E0	1.40999999999999992E9	-1.49269703640082807E2
2.60000000000000053E0	1.41999999999999993E9	-1.49250279859591517E2
2.60000000000000053E0	1.43000000000000016E9	-1.49229335933175622E2
2.60000000000000053E0	1.43999999999999995E9	-1.49206869195344427E2
2.60000000000000053E0	1.44999999999999996E9	-1.49182876787110152E2
2.60000000000000053E0	1.45999999999999996E9	-1.49157355615691123E2
2.60000000000000053E0	1.46999999999999997E9	-1.49130302354066435E2
2.60000000000000053E0	1.47999999999999998E9	-1.49101713376211054E2
2.60000000000000053E0	1.48999999999999999E9	-1.49071584880575991E2
2.60000000000000053E0	1.50000000000000000E9	-1.49039912750711978E2
2.60000000000000053E0	1.51000000000000001E9	-1.49006692580763089E2
2.60000000000000053E0	1.52000000000000002E9	-1.48971919734108615E2
2.60000000000000053E0	1.53000000000000003E9	-1.48935589243456468E2
2.60000000000000053E0	1.54000000000000004E9	-1.48897695804620822E2
2.60000000000000053E0	1.55000000000000004E9	-1.48858233897504189E2
2.60000000000000053E0	1.56000000000000005E9	-1.48817197537212698E2
2.60000000000000053E0	1.56999999999999984E9	-1.48774580463533357E2
2.60000000000000053E0	1.58000000000000007E9	-1.48730376078256255E2
2.60000000000000053E0	1.59000000000000008E9	-1.48684577345412561E2
2.60000000000000053E0	1.60000000000000009E9	-1.48637176872897747E2
2.60000000000000053E0	1.61000000000000010E9	-1.48588166877424244E2
2.60000000000000053E0	1.61999999999999988E9	-1.48537539109632499E2
2.60000000000000053E0	1.63000000000000012E9	-1.48485284895576397E2
2.60000000000000053E0	1.63999999999999990E9	-1.48431395072371797E2
2.60000000000000053E0	1.64999999999999991E9	-1.48375860044312669E2
2.60000000000000053E0	1.66000000000000014E9	-1.48318669682066684E2
2.60000000000000053E0	1.66999999999999993E9	-1.48259813308211319E2
2.60000000000000053E0	1.68000000000000016E9	-1.48199279696815212E2
2.60000000000000053E0	1.68999999999999995E9	-1.48137057082257884E2
2.60000000000000053E0	1.69999999999999996E9	-1.48073133082032915E2
2.60000000000000053E0	1.71000000000000019E9	-1.48007494653917204E2
2.60000000000000053E0	1.71999999999999997E9	-1.47940128154626405E2
2.60000000000000053E0	1.72999999999999998E9	-1.47871019207643184E2
2.60000000000000053E0	1.73999999999999977E9	-1.47800152711445465E2
2.60000000000000053E0	1.75000000000000000E9	-1.47727512881349554E2
2.60000000000000053E0	1.76000000000000023E9	-1.47653083082871972E2
2.60000000000000053E0	1.77000000000000002E9	-1.47576845892011610E2
2.60000000000000053E0	1.78000000000000003E9	-1.47498783031040315E2
2.60000000000000053E0	1.78999999999999981E9	-1.47418875304581976E2
2.60000000000000053E0	1.80000000000000004E9	-1.47337102584636415E2
2.60000000000000053E0	1.81000000000000005E9	-1.47253443793166072E2
2.60000000000000053E0	1.81999999999999984E9	-1.47167876795270258E2
2.60000000000000053E0	1.83000000000000007E9	-1.47080378372837162E2
2.60000000000000053E0	1.83999999999999986E9	-1.46990924206203566E2
2.60000000000000053E0	1.85000000000000009E9	-1.46899488786885790E2
2.60000000000000053E0	1.86000000000000010E9	-1.46806045359974657E2
2.60000000000000053E0	1.86999999999999988E9	-1.46710565874123011E2
2.60000000000000053E0	1.88000000000000012E9	-1.46613020933354976E2
2.60000000000000053E0	1.88999999999999990E9	-1.46513379677216649E2
2.60000000000000053E0	1.89999999999999991E9	-1.46411609795061359E2
2.60000000000000053E0	1.91000000000000014E9	-1.46307677333220232E2
2.60000000000000053E0	1.91999999999999993E9	-1.46201546756705580E2
2.60000000000000053E0	1.93000000000000016E9	-1.46093180734120742E2
2.60000000000000053E0	1.93999999999999995E9	-1.45982540101805780E2
2.60000000000000053E0	1.94999999999999996E9	-1.45869583776713130E2
2.60000000000000053E0	1.96000000000000019E9	-1.45754268664316422E2
2.60000000000000053E0	1.96999999999999997E9	-1.45636549477496358E2
2.60000000000000053E0	1.97999999999999998E9	-1.45516378673768654E2
2.60000000000000053E0	1.98999999999999977E9	-1.45393706352589658E2
2.60000000000000053E0	2.00000000000000000E9	-1.45268480056549931E2
2.60000000000000053E0	2.01000000000000023E9	-1.45140644665453822E2
2.60000000000000053E0	2.02000000000000002E9	-1.45010142229137773E2
2.60000000000000053E0	2.03000000000000025E9	-1.44876911812096187E2
2.60000000000000053E0	2.04000000000000004E9	-1.44740889302064457E2
2.60000000000000053E0	2.04999999999999982E9	-1.44602007248723341E2
2.60000000000000053E0	2.06000000000000005E9	-1.44460194566279743E2
2.60000000000000053E0	2.06999999999999984E9	-1.44315376471717749E2
2.60000000000000053E0	2.08000000000000007E9	-1.44167474102758209E2
2.60000000000000053E0	2.08999999999999986E9	-1.44016404311026580E2
2.60000000000000053E0	2.10000000000000009E9	-1.43862079432633960E2
2.60000000000000053E0	2.11000000000000032E9	-1.43704406963914222E2
2.60000000000000053E0	2.12000000000000011E9	-1.43543289222671921E2
2.60000000000000053E0	2.12999999999999989E9	-1.43378623078824941E2
2.60000000000000053E0	2.13999999999999968E9	-1.43210299546353492E2
2.60000000000000053E0	2.14999999999999991E9	-1.43038203493649019E2
2.60000000000000053E0	2.16000000000000014E9	-1.42862213158212570E2
2.60000000000000053E0	2.16999999999999993E9	-1.42682199815534005E2
2.60000000000000053E0	2.18000000000000016E9	-1.42498027332965793E2
2.60000000000000053E0	2.18999999999999995E9	-1.42309551788404520E2
2.60000000000000053E0	2.20000000000000018E9	-1.42116621021910694E2
2.60000000000000053E0	2.20999999999999996E9	-1.41919074234548992E2
2.60000000000000053E0	2.21999999999999975E9	-1.41716741654789469E2
2.60000000000000053E0	2.22999999999999998E9	-1.41509444203523116E2
2.60000000000000053E0	2.23999999999999977E9	-1.41296993315955777E2
2.60000000000000053E0	2.25000000000000000E9	-1.41079190797655829E2
2.60000000000000053E0	2.26000000000000023E9	-1.40855829000516652E2
2.60000000000000053E0	2.27000000000000002E9	-1.40626691127594716E2
2.60000000000000053E0	2.28000000000000025E9	-1.40391552033151212E2
2.60000000000000053E0	2.29000000000000004E9	-1.40150179375368289E2
2.60000000000000053E0	2.29999999999999982E9	-1.39902335556898239E2
2.60000000000000053E0	2.31000000000000005E9	-1.39647780413557476E2
2.60000000000000053E0	2.31999999999999984E9	-1.39386275092566381E2
2.60000000000000053E0	2.33000000000000007E9	-1.39117587362291117E2
2.60000000000000053E0	2.33999999999999986E9	-1.38841498806626129E2
2.60000000000000053E0	2.35000000000000009E9	-1.38557814305693094E2
2.60000000000000053E0	2.36000000000000032E9	-1.38266374513732826E2
2.60000000000000053E0	2.37000000000000011E9	-1.37967071828229249E2
2.60000000000000053E0	2.37999999999999989E9	-1.37659870541280283E2
2.60000000000000053E0	2.38999999999999968E9	-1.37344831702446113E2
2.60000000000000053E0	2.39999999999999991E9	-1.37022142810930880E2
2.60000000000000053E0	2.41000000000000014E9	-1.36692151651775706E2
2.60000000000000053E0	2.41999999999999993E9	-1.36355401848251701E2
2.60000000000000053E0	2.43000000000000016E9	-1.36012664224673419E2
2.60000000000000053E0	2.43999999999999995E9	-1.35664951554685076E2
2.60000000000000053E0	2.45000000000000018E9	-1.35313491271182418E2
2.60000000000000053E0	2.45999999999999996E9	-1.34959605242805591E2
2.60000000000000053E0	2.46999999999999975E9	-1.34604392429155562E2
2.60000000000000053E0	2.47999999999999998E9	-1.34247991784279042E2
2.60000000000000053E0	2.48999999999999977E9	-1.33887914693952159E2
2.60000000000000053E0	2.50000000000000000E9	-1.33515154982642881E2
2.60000000000000053E0	2.51000000000000023E9	-1.33104381664943783E2
2.60000000000000053E0	2.52000000000000002E9	-1.32585930859168100E2
2.60000000000000053E0	2.53000000000000025E9	-1.31750654143641333E2
2.60000000000000053E0	2.54000000000000004E9	-1.29845897262342080E2
2.60000000000000053E0	2.54999999999999982E9	-1.23365449955486239E2
2.60000000000000053E0	2.56000000000000005E9	-1.23831754072499134E2
2.60000000000000053E0	2.56999999999999984E9	-1.30026024775376636E2
2.60000000000000053E0	2.58000000000000007E9	-1.31858720083669967E2
2.60000000000000053E0	2.58999999999999986E9	-1.32668435833235776E2
2.60000000000000053E0	2.60000000000000009E9	-1.33175808884664204E2
2.60000000000000053E0	2.61000000000000032E9	-1.33581392754397710E2
2.60000000000000053E0	2.62000000000000011E9	-1.33951782710911727E2
2.60000000000000053E0	2.62999999999999989E9	-1.34310987308266849E2
2.60000000000000053E0	2.63999999999999968E9	-1.34667369240682122E2
2.60000000000000053E0	2.64999999999999991E9	-1.35023079062369566E2
2.60000000000000053E0	2.66000000000000014E9	-1.35377791570826811E2
2.60000000000000053E0	2.66999999999999993E9	-1.35730302438799155E2
2.60000000000000053E0	2.68000000000000016E9	-1.36079229616209463E2
2.60000000000000053E0	2.68999999999999995E9	-1.36423311653976276E2
2.60000000000000053E0	2.70000000000000018E9	-1.36761517252014775E2
2.60000000000000053E0	2.70999999999999996E9	-1.37093066467168034E2
2.60000000000000053E0	2.71999999999999975E9	-1.37417412409143047E2
2.60000000000000053E0	2.72999999999999998E9	-1.37734207688981947E2
2.60000000000000053E0	2.73999999999999977E9	-1.38043267562010441E2
2.60000000000000053E0	2.75000000000000000E9	-1.38344535301911731E2
2.60000000000000053E0	2.76000000000000023E9	-1.38638051950883434E2
2.60000000000000053E0	2.77000000000000002E9	-1.38923931136631440E2
2.60000000000000053E0	2.78000000000000025E9	-1.39202338696738370E2
2.60000000000000053E0	2.79000000000000004E9	-1.39473476522983519E2
2.60000000000000053E0	2.79999999999999982E9	-1.39737570025865532E2
2.60000000000000053E0	2.81000000000000005E9	-1.39994858536749289E2
2.60000000000000053E0	2.81999999999999984E9	-1.40245588088118289E2
2.60000000000000053E0	2.83000000000000007E9	-1.40490006001583256E2
2.60000000000000053E0	2.83999999999999986E9	-1.40728357090541989E2
2.60000000000000053E0	2.85000000000000009E9	-1.40960880813494449E2
2.60000000000000053E0	2.86000000000000032E9	-1.41187809451626944E2
2.60000000000000053E0	2.87000000000000011E9	-1.41409366839877615E2
2.60000000000000053E0	2.87999999999999989E9	-1.41625767612630638E2
2.60000000000000053E0	2.88999999999999968E9	-1.41837216885567208E2
2.60000000000000053E0	2.89999999999999991E9	-1.42043910075185487E2
2.60000000000000053E0	2.91000000000000014E9	-1.42246033037784469E2
2.60000000000000053E0	2.91999999999999993E9	-1.42443762251551398E2
2.60000000000000053E0	2.93000000000000016E9	-1.42637265155356596E2
2.60000000000000053E0	2.93999999999999995E9	-1.42826700451503719E2
2.60000000000000053E0	2.95000000000000018E9	-1.43012218595934404E2
2.60000000000000053E0	2.95999999999999996E9	-1.43193962129011010E2
2.60000000000000053E0	2.96999999999999975E9	-1.43372066165559642E2
2.60000000000000053E0	2.97999999999999998E9	-1.43546658732755184E2
2.60000000000000053E0	2.98999999999999977E9	-1.43717861248994927E2
2.60000000000000053E0	3.00000000000000000E9	-1.43885788875182041E2

var_c	indep(index, 1)	plot_vs(pnmx, noisefreq)[5, ::]
2.70000000000000062E0	3.00000000000000000E8	-1.40327268881746692E2
2.70000000000000062E0	3.10000000000000009E8	-1.40603451057465123E2
2.70000000000000062E0	3.20000000000000018E8	-1.40870290084118088E2
2.70000000000000062E0	3.29999999999999982E8	-1.41128339623630805E2
2.70000000000000062E0	3.39999999999999991E8	-1.41378102871223144E2
2.70000000000000062E0	3.50000000000000000E8	-1.41620039114647134E2
2.70000000000000062E0	3.60000000000000009E8	-1.41854568233527290E2
2.70000000000000062E0	3.70000000000000018E8	-1.42082075054925494E2
2.70000000000000062E0	3.79999999999999982E8	-1.42302913458920743E2
2.70000000000000062E0	3.89999999999999991E8	-1.42517408914296095E2
2.70000000000000062E0	4.00000000000000000E8	-1.42725862047636509E2
2.70000000000000062E0	4.09999999999999964E8	-1.42928550609349858E2
2.70000000000000062E0	4.20000000000000018E8	-1.43125731830446812E2
2.70000000000000062E0	4.29999999999999982E8	-1.43317644478161177E2
2.70000000000000062E0	4.40000000000000036E8	-1.43504510327573032E2
2.70000000000000062E0	4.50000000000000000E8	-1.43686535716487596E2
2.70000000000000062E0	4.59999999999999964E8	-1.43863913093915463E2
2.70000000000000062E0	4.70000000000000018E8	-1.44036822044898716E2
2.70000000000000062E0	4.79999999999999982E8	-1.44205430284968661E2
2.70000000000000062E0	4.90000000000000036E8	-1.44369894825370815E2
2.70000000000000062E0	5.00000000000000000E8	-1.44530362739205276E2
2.70000000000000062E0	5.09999999999999964E8	-1.44686971981803403E2
2.70000000000000062E0	5.20000000000000018E8	-1.44839851957107046E2
2.70000000000000062E0	5.29999999999999982E8	-1.44989124394927038E2
2.70000000000000062E0	5.40000000000000036E8	-1.45134903688275663E2
2.70000000000000062E0	5.50000000000000000E8	-1.45277297603881594E2
2.70000000000000062E0	5.59999999999999964E8	-1.45416407615078747E2
2.70000000000000062E0	5.70000000000000018E8	-1.45552329465905794E2
2.70000000000000062E0	5.79999999999999982E8	-1.45685153463201944E2
2.70000000000000062E0	5.90000000000000036E8	-1.45814964873550790E2
2.70000000000000062E0	6.00000000000000000E8	-1.45941844376073337E2
2.70000000000000062E0	6.09999999999999964E8	-1.46065868104857177E2
2.70000000000000062E0	6.20000000000000018E8	-1.46187108179509151E2
2.70000000000000062E0	6.29999999999999982E8	-1.46305632856005063E2
2.70000000000000062E0	6.40000000000000036E8	-1.46421506756158615E2
2.70000000000000062E0	6.50000000000000000E8	-1.46534791129128283E2
2.70000000000000062E0	6.59999999999999964E8	-1.46645544065643341E2
2.70000000000000062E0	6.70000000000000018E8	-1.46753820597958962E2
2.70000000000000062E0	6.79999999999999982E8	-1.46859672924368612E2
2.70000000000000062E0	6.90000000000000036E8	-1.46963150662461683E2
2.70000000000000062E0	7.00000000000000000E8	-1.47064300863451547E2
2.70000000000000062E0	7.09999999999999964E8	-1.47163168181407311E2
2.70000000000000062E0	7.20000000000000018E8	-1.47259795075941069E2
2.70000000000000062E0	7.29999999999999982E8	-1.47354221883855518E2
2.70000000000000062E0	7.40000000000000036E8	-1.47446486928517428E2
2.70000000000000062E0	7.50000000000000000E8	-1.47536626573417173E2
2.70000000000000062E0	7.59999999999999964E8	-1.47624675449470666E2
2.70000000000000062E0	7.70000000000000018E8	-1.47710666485952169E2
2.70000000000000062E0	7.79999999999999982E8	-1.47794630907631630E2
2.70000000000000062E0	7.90000000000000036E8	-1.47876598526190151E2
2.70000000000000062E0	8.00000000000000000E8	-1.47956597550137259E2
2.70000000000000062E0	8.09999999999999964E8	-1.48034654879391581E2
2.70000000000000062E0	8.19999999999999929E8	-1.48110796119652299E2
2.70000000000000062E0	8.30000000000000071E8	-1.48185045495760792E2
2.70000000000000062E0	8.40000000000000036E8	-1.48257426129926673E2
2.70000000000000062E0	8.50000000000000000E8	-1.48327960051160623E2
2.70000000000000062E0	8.59999999999999964E8	-1.48396668058972847E2
2.70000000000000062E0	8.69999999999999929E8	-1.48463570020075886E2
2.70000000000000062E0	8.80000000000000071E8	-1.48528684756198959E2
2.70000000000000062E0	8.90000000000000036E8	-1.48592030175040235E2
2.70000000000000062E0	9.00000000000000000E8	-1.48653623292162296E2
2.70000000000000062E0	9.09999999999999964E8	-1.48713480217485361E2
2.70000000000000062E0	9.19999999999999929E8	-1.48771616270700058E2
2.70000000000000062E0	9.30000000000000071E8	-1.48828046028180583E2
2.70000000000000062E0	9.40000000000000036E8	-1.48882783242097494E2
2.70000000000000062E0	9.50000000000000000E8	-1.48935840982531542E2
2.70000000000000062E0	9.59999999999999964E8	-1.48987231655525765E2
2.70000000000000062E0	9.69999999999999929E8	-1.49036966988869368E2
2.70000000000000062E0	9.80000000000000071E8	-1.49085058087922517E2
2.70000000000000062E0	9.90000000000000036E8	-1.49131515465209752E2
2.70000000000000062E0	1.00000000000000000E9	-1.49176349030574706E2
2.70000000000000062E0	1.01000000000000001E9	-1.49219568202091102E2
2.70000000000000062E0	1.02000000000000002E9	-1.49261181855163838E2
2.70000000000000062E0	1.03000000000000003E9	-1.49301198339541896E2
2.70000000000000062E0	1.04000000000000004E9	-1.49339625572155477E2
2.70000000000000062E0	1.05000000000000004E9	-1.49376470962342900E2
2.70000000000000062E0	1.06000000000000005E9	-1.49411741459618730E2
2.70000000000000062E0	1.06999999999999984E9	-1.49445443713896498E2
2.70000000000000062E0	1.08000000000000007E9	-1.49477583856606233E2
2.70000000000000062E0	1.09000000000000008E9	-1.49508167632738731E2
2.70000000000000062E0	1.10000000000000009E9	-1.49537200477794663E2
2.70000000000000062E0	1.10999999999999988E9	-1.49564687419705633E2
2.70000000000000062E0	1.11999999999999988E9	-1.49590633250930582E2
2.70000000000000062E0	1.13000000000000012E9	-1.49615042245065455E2
2.70000000000000062E0	1.14000000000000012E9	-1.49637918529619673E2
2.70000000000000062E0	1.14999999999999991E9	-1.49659265865803937E2
2.70000000000000062E0	1.15999999999999992E9	-1.49679087726376392E2
2.70000000000000062E0	1.16999999999999993E9	-1.49697387271997928E2
2.70000000000000062E0	1.18000000000000016E9	-1.49714167487709005E2
2.70000000000000062E0	1.18999999999999995E9	-1.49729431011458258E2
2.70000000000000062E0	1.19999999999999996E9	-1.49743180219255501E2
2.70000000000000062E0	1.20999999999999996E9	-1.49755417317987227E2
2.70000000000000062E0	1.21999999999999997E9	-1.49766144245505139E2
2.70000000000000062E0	1.22999999999999998E9	-1.49775362656531286E2
2.70000000000000062E0	1.23999999999999999E9	-1.49783074046730147E2
2.70000000000000062E0	1.25000000000000000E9	-1.49789279712825563E2
2.70000000000000062E0	1.26000000000000001E9	-1.49793980665161719E2
2.70000000000000062E0	1.27000000000000002E9	-1.49797177766795930E2
2.70000000000000062E0	1.28000000000000003E9	-1.49798871613605256E2
2.70000000000000062E0	1.29000000000000004E9	-1.49799062671022276E2
2.70000000000000062E0	1.30000000000000004E9	-1.49797751186932659E2
2.70000000000000062E0	1.31000000000000005E9	-1.49794937236857262E2
2.70000000000000062E0	1.31999999999999984E9	-1.49790620597334412E2
2.70000000000000062E0	1.33000000000000007E9	-1.49784800956801178E2
2.70000000000000062E0	1.34000000000000008E9	-1.49777477816533322E2
2.70000000000000062E0	1.35000000000000009E9	-1.49768650452824903E2
2.70000000000000062E0	1.35999999999999988E9	-1.49758317857203904E2
2.70000000000000062E0	1.36999999999999988E9	-1.49746479024921753E2
2.70000000000000062E0	1.38000000000000012E9	-1.49733132617934817E2
2.70000000000000062E0	1.39000000000000012E9	-1.49718277136169498E2
2.70000000000000062E0	1.39999999999999991E9	-1.49701910832196416E2
2.70000000000000062E0	1.40999999999999992E9	-1.49684031875387236E2
2.70000000000000062E0	1.41999999999999993E9	-1.49664638095235913E2
2.70000000000000062E0	1.43000000000000016E9	-1.49643727219270883E2
2.70000000000000062E0	1.43999999999999995E9	-1.49621296652019842E2
2.70000000000000062E0	1.44999999999999996E9	-1.49597343637236158E2
2.70000000000000062E0	1.45999999999999996E9	-1.49571865218086630E2
2.70000000000000062E0	1.46999999999999997E9	-1.49544858132480885E2
2.70000000000000062E0	1.47999999999999998E9	-1.49516318904945722E2
2.70000000000000062E0	1.48999999999999999E9	-1.49486243839148103E2
2.70000000000000062E0	1.50000000000000000E9	-1.49454628918894028E2
2.70000000000000062E0	1.51000000000000001E9	-1.49421469892372127E2
2.70000000000000062E0	1.52000000000000002E9	-1.49386762238447557E2
2.70000000000000062E0	1.53000000000000003E9	-1.49350501122137080E2
2.70000000000000062E0	1.54000000000000004E9	-1.49312681387677304E2
2.70000000000000062E0	1.55000000000000004E9	-1.49273297652053083E2
2.70000000000000062E0	1.56000000000000005E9	-1.49232344109645032E2
2.70000000000000062E0	1.56999999999999984E9	-1.49189814638085383E2
2.70000000000000062E0	1.58000000000000007E9	-1.49145702819200721E2
2.70000000000000062E0	1.59000000000000008E9	-1.49100001793972092E2
2.70000000000000062E0	1.60000000000000009E9	-1.49052704339362130E2
2.70000000000000062E0	1.61000000000000010E9	-1.49003802846453715E2
2.70000000000000062E0	1.61999999999999988E9	-1.48953289321778715E2
2.70000000000000062E0	1.63000000000000012E9	-1.48901155223925530E2
2.70000000000000062E0	1.63999999999999990E9	-1.48847391702855747E2
2.70000000000000062E0	1.64999999999999991E9	-1.48791989308927208E2
2.70000000000000062E0	1.66000000000000014E9	-1.48734938158946850E2
2.70000000000000062E0	1.66999999999999993E9	-1.48676227835822150E2
2.70000000000000062E0	1.68000000000000016E9	-1.48615847419664360E2
2.70000000000000062E0	1.68999999999999995E9	-1.48553785351048240E2
2.70000000000000062E0	1.69999999999999996E9	-1.48490029586006678E2
2.70000000000000062E0	1.71000000000000019E9	-1.48424567330040302E2
2.70000000000000062E0	1.71999999999999997E9	-1.48357385259855801E2
2.70000000000000062E0	1.72999999999999998E9	-1.48288469340799445E2
2.70000000000000062E0	1.73999999999999977E9	-1.48217804838209988E2
2.70000000000000062E0	1.75000000000000000E9	-1.48145376256776840E2
2.70000000000000062E0	1.76000000000000023E9	-1.48071167387627334E2
2.70000000000000062E0	1.77000000000000002E9	-1.47995161168745470E2
2.70000000000000062E0	1.78000000000000003E9	-1.47917339732216502E2
2.70000000000000062E0	1.78999999999999981E9	-1.47837684319339124E2
2.70000000000000062E0	1.80000000000000004E9	-1.47756175241058907E2
2.70000000000000062E0	1.81000000000000005E9	-1.47672791868061437E2
2.70000000000000062E0	1.81999999999999984E9	-1.47587512560051159E2
2.70000000000000062E0	1.83000000000000007E9	-1.47500314587213066E2
2.70000000000000062E0	1.83999999999999986E9	-1.47411174169708348E2
2.70000000000000062E0	1.85000000000000009E9	-1.47320066322068421E2
2.70000000000000062E0	1.86000000000000010E9	-1.47226964860262366E2
2.70000000000000062E0	1.86999999999999988E9	-1.47131842331763818E2
2.70000000000000062E0	1.88000000000000012E9	-1.47034669911734039E2
2.70000000000000062E0	1.88999999999999990E9	-1.46935417418043923E2
2.70000000000000062E0	1.89999999999999991E9	-1.46834053136799492E2
2.70000000000000062E0	1.91000000000000014E9	-1.46730543824037518E2
2.70000000000000062E0	1.91999999999999993E9	-1.46624854569789953E2
2.70000000000000062E0	1.93000000000000016E9	-1.46516948803901492E2
2.70000000000000062E0	1.93999999999999995E9	-1.46406788038877345E2
2.70000000000000062E0	1.94999999999999996E9	-1.46294331952009715E2
2.70000000000000062E0	1.96000000000000019E9	-1.46179538142690579E2
2.70000000000000062E0	1.96999999999999997E9	-1.46062362098485865E2
2.70000000000000062E0	1.97999999999999998E9	-1.45942757008704915E2
2.70000000000000062E0	1.98999999999999977E9	-1.45820673689770475E2
2.70000000000000062E0	2.00000000000000000E9	-1.45696060431812269E2
2.70000000000000062E0	2.01000000000000023E9	-1.45568862777597219E2
2.70000000000000062E0	2.02000000000000002E9	-1.45439023465485384E2
2.70000000000000062E0	2.03000000000000025E9	-1.45306482147833327E2
2.70000000000000062E0	2.04000000000000004E9	-1.45171175296059962E2
2.70000000000000062E0	2.04999999999999982E9	-1.45033035874210059E2
2.70000000000000062E0	2.06000000000000005E9	-1.44891993226235005E2
2.70000000000000062E0	2.06999999999999984E9	-1.44747972741051090E2
2.70000000000000062E0	2.08000000000000007E9	-1.44600895656516792E2
2.70000000000000062E0	2.08999999999999986E9	-1.44450678710074554E2
2.70000000000000062E0	2.10000000000000009E9	-1.44297233872777420E2
2.70000000000000062E0	2.11000000000000032E9	-1.44140467974689690E2
2.70000000000000062E0	2.12000000000000011E9	-1.43980282367694801E2
2.70000000000000062E0	2.12999999999999989E9	-1.43816572474300886E2
2.70000000000000062E0	2.13999999999999968E9	-1.43649227444901406E2
2.70000000000000062E0	2.14999999999999991E9	-1.43478129605567561E2
2.70000000000000062E0	2.16000000000000014E9	-1.43303154039791747E2
2.70000000000000062E0	2.16999999999999993E9	-1.43124168016539843E2
2.70000000000000062E0	2.18000000000000016E9	-1.42941030439917305E2
2.70000000000000062E0	2.18999999999999995E9	-1.42753591283555936E2
2.70000000000000062E0	2.20000000000000018E9	-1.42561690952123454E2
2.70000000000000062E0	2.20999999999999996E9	-1.42365159708766065E2
2.70000000000000062E0	2.21999999999999975E9	-1.42163816996276093E2
2.70000000000000062E0	2.22999999999999998E9	-1.41957470912471817E2
2.70000000000000062E0	2.23999999999999977E9	-1.41745917599697902E2
2.70000000000000062E0	2.25000000000000000E9	-1.41528940854184726E2
2.70000000000000062E0	2.26000000000000023E9	-1.41306311761084147E2
2.70000000000000062E0	2.27000000000000002E9	-1.41077788636194024E2
2.70000000000000062E0	2.28000000000000025E9	-1.40843117287882458E2
2.70000000000000062E0	2.29000000000000004E9	-1.40602031601176458E2
2.70000000000000062E0	2.29999999999999982E9	-1.40354254913864152E2
2.70000000000000062E0	2.31000000000000005E9	-1.40099502104347984E2
2.70000000000000062E0	2.31999999999999984E9	-1.39837482841970728E2
2.70000000000000062E0	2.33000000000000007E9	-1.39567906336592307E2
2.70000000000000062E0	2.33999999999999986E9	-1.39290487940339691E2
2.70000000000000062E0	2.35000000000000009E9	-1.39004958312874538E2
2.70000000000000062E0	2.36000000000000032E9	-1.38711075605290435E2
2.70000000000000062E0	2.37000000000000011E9	-1.38408641532012489E2
2.70000000000000062E0	2.37999999999999989E9	-1.38097521911063370E2
2.70000000000000062E0	2.38999999999999968E9	-1.37777672393199668E2
2.70000000000000062E0	2.39999999999999991E9	-1.37449169359349099E2
2.70000000000000062E0	2.41000000000000014E9	-1.37112245168085622E2
2.70000000000000062E0	2.41999999999999993E9	-1.36767324482156849E2
2.70000000000000062E0	2.43000000000000016E9	-1.36415054036122330E2
2.70000000000000062E0	2.43999999999999995E9	-1.36056309255462904E2
2.70000000000000062E0	2.45000000000000018E9	-1.35692143552168099E2
2.70000000000000062E0	2.45999999999999996E9	-1.35323610301387443E2
2.70000000000000062E0	2.46999999999999975E9	-1.34951311318327027E2
2.70000000000000062E0	2.47999999999999998E9	-1.34574351938124437E2
2.70000000000000062E0	2.48999999999999977E9	-1.34187950503306608E2
2.70000000000000062E0	2.50000000000000000E9	-1.33777746555839516E2
2.70000000000000062E0	2.51000000000000023E9	-1.33305045357080476E2
2.70000000000000062E0	2.52000000000000002E9	-1.32663244889639365E2
2.70000000000000062E0	2.53000000000000025E9	-1.31524604592654737E2
2.70000000000000062E0	2.54000000000000004E9	-1.28676106507029675E2
2.70000000000000062E0	2.54999999999999982E9	-1.19380937462039372E2
2.70000000000000062E0	2.56000000000000005E9	-1.26894705774961936E2
2.70000000000000062E0	2.56999999999999984E9	-1.31003808752664908E2
2.70000000000000062E0	2.58000000000000007E9	-1.32459238518979383E2
2.70000000000000062E0	2.58999999999999986E9	-1.33196181504885769E2
2.70000000000000062E0	2.60000000000000009E9	-1.33700656932688178E2
2.70000000000000062E0	2.61000000000000032E9	-1.34121893481405108E2
2.70000000000000062E0	2.62000000000000011E9	-1.34512259488164476E2
2.70000000000000062E0	2.62999999999999989E9	-1.34891050273765001E2
2.70000000000000062E0	2.63999999999999968E9	-1.35264920160581315E2
2.70000000000000062E0	2.64999999999999991E9	-1.35635445143314870E2
2.70000000000000062E0	2.66000000000000014E9	-1.36002214492622953E2
2.70000000000000062E0	2.66999999999999993E9	-1.36364164435590518E2
2.70000000000000062E0	2.68000000000000016E9	-1.36720156004690185E2
2.70000000000000062E0	2.68999999999999995E9	-1.37069209386881030E2
2.70000000000000062E0	2.70000000000000018E9	-1.37410579063028848E2
2.70000000000000062E0	2.70999999999999996E9	-1.37743756580842702E2
2.70000000000000062E0	2.71999999999999975E9	-1.38068443103295690E2
2.70000000000000062E0	2.72999999999999998E9	-1.38384512200042797E2
2.70000000000000062E0	2.73999999999999977E9	-1.38691972488113424E2
2.70000000000000062E0	2.75000000000000000E9	-1.38990934218904605E2
2.70000000000000062E0	2.76000000000000023E9	-1.39281581245951336E2
2.70000000000000062E0	2.77000000000000002E9	-1.39564148330979121E2
2.70000000000000062E0	2.78000000000000025E9	-1.39838903402431591E2
2.70000000000000062E0	2.79000000000000004E9	-1.40106133872199057E2
2.70000000000000062E0	2.79999999999999982E9	-1.40366136436521494E2
2.70000000000000062E0	2.81000000000000005E9	-1.40619209508623344E2
2.70000000000000062E0	2.81999999999999984E9	-1.40865647814681805E2
2.70000000000000062E0	2.83000000000000007E9	-1.41105738650386803E2
2.70000000000000062E0	2.83999999999999986E9	-1.41339759346710947E2
2.70000000000000062E0	2.85000000000000009E9	-1.41567975688925829E2
2.70000000000000062E0	2.86000000000000032E9	-1.41790641043175425E2
2.70000000000000062E0	2.87000000000000011E9	-1.42007995938433851E2
2.70000000000000062E0	2.87999999999999989E9	-1.42220268137564321E2
2.70000000000000062E0	2.88999999999999968E9	-1.42427672742450251E2
2.70000000000000062E0	2.89999999999999991E9	-1.42630412725393207E2
2.70000000000000062E0	2.91000000000000014E9	-1.42828679370183487E2
2.70000000000000062E0	2.91999999999999993E9	-1.43022652897586910E2
2.70000000000000062E0	2.93000000000000016E9	-1.43212503012524239E2
2.70000000000000062E0	2.93999999999999995E9	-1.43398389624853695E2
2.70000000000000062E0	2.95000000000000018E9	-1.43580463378835299E2
2.70000000000000062E0	2.95999999999999996E9	-1.43758866294590515E2
2.70000000000000062E0	2.96999999999999975E9	-1.43933732309016271E2
2.70000000000000062E0	2.97999999999999998E9	-1.44105187858272643E2
2.70000000000000062E0	2.98999999999999977E9	-1.44273352330447380E2
2.70000000000000062E0	3.00000000000000000E9	-1.44438338588465220E2

var_c	indep(index, 1)	plot_vs(pnmx, noisefreq)[6, ::]
2.80000000000000071E0	3.00000000000000000E8	-1.40653314791405437E2
2.80000000000000071E0	3.10000000000000009E8	-1.40929464026660622E2
2.80000000000000071E0	3.20000000000000018E8	-1.41196270036579019E2
2.80000000000000071E0	3.29999999999999982E8	-1.41454286114303862E2
2.80000000000000071E0	3.39999999999999991E8	-1.41704015853937437E2
2.80000000000000071E0	3.50000000000000000E8	-1.41945918392780279E2
2.80000000000000071E0	3.60000000000000009E8	-1.42180413629582780E2
2.80000000000000071E0	3.70000000000000018E8	-1.42407886410696882E2
2.80000000000000071E0	3.79999999999999982E8	-1.42628690549114800E2
2.80000000000000071E0	3.89999999999999991E8	-1.42843151624775877E2
2.80000000000000071E0	4.00000000000000000E8	-1.43051570201560785E2
2.80000000000000071E0	4.09999999999999964E8	-1.43254224034610722E2
2.80000000000000071E0	4.20000000000000018E8	-1.43451370409859069E2
2.80000000000000071E0	4.29999999999999982E8	-1.43643247988318112E2
2.80000000000000071E0	4.40000000000000036E8	-1.43830078607790512E2
2.80000000000000071E0	4.50000000000000000E8	-1.44012068616169353E2
2.80000000000000071E0	4.59999999999999964E8	-1.44189410436970578E2
2.80000000000000071E0	4.70000000000000018E8	-1.44362283615254539E2
2.80000000000000071E0	4.79999999999999982E8	-1.44530855950413017E2
2.80000000000000071E0	4.90000000000000036E8	-1.44695284419451298E2
2.80000000000000071E0	5.00000000000000000E8	-1.44855716088582120E2
2.80000000000000071E0	5.09999999999999964E8	-1.45012288914459053E2
2.80000000000000071E0	5.20000000000000018E8	-1.45165132240690120E2
2.80000000000000071E0	5.29999999999999982E8	-1.45314367847578629E2
2.80000000000000071E0	5.40000000000000036E8	-1.45460110212632321E2
2.80000000000000071E0	5.50000000000000000E8	-1.45602466906619976E2
2.80000000000000071E0	5.59999999999999964E8	-1.45741539563863642E2
2.80000000000000071E0	5.70000000000000018E8	-1.45877423888401725E2
2.80000000000000071E0	5.79999999999999982E8	-1.46010210171631449E2
2.80000000000000071E0	5.90000000000000036E8	-1.46139983729320511E2
2.80000000000000071E0	6.00000000000000000E8	-1.46266825168821812E2
2.80000000000000071E0	6.09999999999999964E8	-1.46390810680501571E2
2.80000000000000071E0	6.20000000000000018E8	-1.46512012390901303E2
2.80000000000000071E0	6.29999999999999982E8	-1.46630498514741459E2
2.80000000000000071E0	6.40000000000000036E8	-1.46746333742137880E2
2.80000000000000071E0	6.50000000000000000E8	-1.46859579279048291E2
2.80000000000000071E0	6.59999999999999964E8	-1.46970293280347453E2
2.80000000000000071E0	6.70000000000000018E8	-1.47078530694296217E2
2.80000000000000071E0	6.79999999999999982E8	-1.47184343815904795E2
2.80000000000000071E0	6.90000000000000036E8	-1.47287782242588228E2
2.80000000000000071E0	7.00000000000000000E8	-1.47388892995239673E2
2.80000000000000071E0	7.09999999999999964E8	-1.47487720836892811E2
2.80000000000000071E0	7.20000000000000018E8	-1.47584308165722389E2
2.80000000000000071E0	7.29999999999999982E8	-1.47678695339661870E2
2.80000000000000071E0	7.40000000000000036E8	-1.47770920665828842E2
2.80000000000000071E0	7.50000000000000000E8	-1.47861020569186397E2
2.80000000000000071E0	7.59999999999999964E8	-1.47949029707393542E2
2.80000000000000071E0	7.70000000000000018E8	-1.48034980954259221E2
2.80000000000000071E0	7.79999999999999982E8	-1.48118905630906461E2
2.80000000000000071E0	7.90000000000000036E8	-1.48200833476448723E2
2.80000000000000071E0	8.00000000000000000E8	-1.48280792782887749E2
2.80000000000000071E0	8.09999999999999964E8	-1.48358810498008142E2
2.80000000000000071E0	8.19999999999999929E8	-1.48434912163443800E2
2.80000000000000071E0	8.30000000000000071E8	-1.48509122037913199E2
2.80000000000000071E0	8.40000000000000036E8	-1.48581463338686293E2
2.80000000000000071E0	8.50000000000000000E8	-1.48651958034191667E2
2.80000000000000071E0	8.59999999999999964E8	-1.48720626953081902E2
2.80000000000000071E0	8.69999999999999929E8	-1.48787489984434806E2
2.80000000000000071E0	8.80000000000000071E8	-1.48852566034452094E2
2.80000000000000071E0	8.90000000000000036E8	-1.48915872973744112E2
2.80000000000000071E0	9.00000000000000000E8	-1.48977427826939501E2
2.80000000000000071E0	9.09999999999999964E8	-1.49037246767773479E2
2.80000000000000071E0	9.19999999999999929E8	-1.49095345183778361E2
2.80000000000000071E0	9.30000000000000071E8	-1.49151737571746645E2
2.80000000000000071E0	9.40000000000000036E8	-1.49206437760487209E2
2.80000000000000071E0	9.50000000000000000E8	-1.49259458896960040E2
2.80000000000000071E0	9.59999999999999964E8	-1.49310813306940227E2
2.80000000000000071E0	9.69999999999999929E8	-1.49360512840887250E2
2.80000000000000071E0	9.80000000000000071E8	-1.49408568541764653E2
2.80000000000000071E0	9.90000000000000036E8	-1.49454991059110154E2
2.80000000000000071E0	1.00000000000000000E9	-1.49499790273153255E2
2.80000000000000071E0	1.01000000000000001E9	-1.49542975667446520E2
2.80000000000000071E0	1.02000000000000002E9	-1.49584556052985929E2
2.80000000000000071E0	1.03000000000000003E9	-1.49624539949044744E2
2.80000000000000071E0	1.04000000000000004E9	-1.49662935225421334E2
2.80000000000000071E0	1.05000000000000004E9	-1.49699749269185345E2
2.80000000000000071E0	1.06000000000000005E9	-1.49734989208279501E2
2.80000000000000071E0	1.06999999999999984E9	-1.49768661621930366E2
2.80000000000000071E0	1.08000000000000007E9	-1.49800772687623018E2
2.80000000000000071E0	1.09000000000000008E9	-1.49831328220913829E2
2.80000000000000071E0	1.10000000000000009E9	-1.49860333680102054E2
2.80000000000000071E0	1.10999999999999988E9	-1.49887794166418820E2
2.80000000000000071E0	1.11999999999999988E9	-1.49913714397855502E2
2.80000000000000071E0	1.13000000000000012E9	-1.49938098808224307E2
2.80000000000000071E0	1.14000000000000012E9	-1.49960951551792565E2
2.80000000000000071E0	1.14999999999999991E9	-1.49982276376288204E2
2.80000000000000071E0	1.15999999999999992E9	-1.50002076824473063E2
2.80000000000000071E0	1.16999999999999993E9	-1.50020356145921641E2
2.80000000000000071E0	1.18000000000000016E9	-1.50037117273876097E2
2.80000000000000071E0	1.18999999999999995E9	-1.50052362917457693E2
2.80000000000000071E0	1.19999999999999996E9	-1.50066095574850444E2
2.80000000000000071E0	1.20999999999999996E9	-1.50078317444976617E2
2.80000000000000071E0	1.21999999999999997E9	-1.50089030454932582E2
2.80000000000000071E0	1.22999999999999998E9	-1.50098236451182832E2
2.80000000000000071E0	1.23999999999999999E9	-1.50105936880514101E2
2.80000000000000071E0	1.25000000000000000E9	-1.50112133112430213E2
2.80000000000000071E0	1.26000000000000001E9	-1.50116826208533394E2
2.80000000000000071E0	1.27000000000000002E9	-1.50120017058681809E2
2.80000000000000071E0	1.28000000000000003E9	-1.50121706401257549E2
2.80000000000000071E0	1.29000000000000004E9	-1.50121894698846514E2
2.80000000000000071E0	1.30000000000000004E9	-1.50120582217101028E2
2.80000000000000071E0	1.31000000000000005E9	-1.50117769173835658E2
2.80000000000000071E0	1.31999999999999984E9	-1.50113455382416072E2
2.80000000000000071E0	1.33000000000000007E9	-1.50107640577642543E2
2.80000000000000071E0	1.34000000000000008E9	-1.50100324308606647E2
2.80000000000000071E0	1.35000000000000009E9	-1.50091505955569660E2
2.80000000000000071E0	1.35999999999999988E9	-1.50081184635705034E2
2.80000000000000071E0	1.36999999999999988E9	-1.50069359294768478E2
2.80000000000000071E0	1.38000000000000012E9	-1.50056028740927827E2
2.80000000000000071E0	1.39000000000000012E9	-1.50041191543895169E2
2.80000000000000071E0	1.39999999999999991E9	-1.50024846051952077E2
2.80000000000000071E0	1.40999999999999992E9	-1.50006990481234892E2
2.80000000000000071E0	1.41999999999999993E9	-1.49987622772708962E2
2.80000000000000071E0	1.43000000000000016E9	-1.49966740727556891E2
2.80000000000000071E0	1.43999999999999995E9	-1.49944341880779142E2
2.80000000000000071E0	1.44999999999999996E9	-1.49920423530801905E2
2.80000000000000071E0	1.45999999999999996E9	-1.49894982837872792E2
2.80000000000000071E0	1.46999999999999997E9	-1.49868016622027400E2
2.80000000000000071E0	1.47999999999999998E9	-1.49839521538305154E2
2.80000000000000071E0	1.48999999999999999E9	-1.49809493989934261E2
2.80000000000000071E0	1.50000000000000000E9	-1.49777930098077716E2
2.80000000000000071E0	1.51000000000000001E9	-1.49744825702650952E2
2.80000000000000071E0	1.52000000000000002E9	-1.49710176428534547E2
2.80000000000000071E0	1.53000000000000003E9	-1.49673977576661099E2
2.80000000000000071E0	1.54000000000000004E9	-1.49636224111934157E2
2.80000000000000071E0	1.55000000000000004E9	-1.49596910794395521E2
2.80000000000000071E0	1.56000000000000005E9	-1.49556031972876546E2
2.80000000000000071E0	1.56999999999999984E9	-1.49513581678721774E2
2.80000000000000071E0	1.58000000000000007E9	-1.49469553668529076E2
2.80000000000000071E0	1.59000000000000008E9	-1.49423941228777712E2
2.80000000000000071E0	1.60000000000000009E9	-1.49376737339609234E2
2.80000000000000071E0	1.61000000000000010E9	-1.49327934588422728E2
2.80000000000000071E0	1.61999999999999988E9	-1.49277525102694186E2
2.80000000000000071E0	1.63000000000000012E9	-1.49225500637412023E2
2.80000000000000071E0	1.63999999999999990E9	-1.49171852466684474E2
2.80000000000000071E0	1.64999999999999991E9	-1.49116571438715750E2
2.80000000000000071E0	1.66000000000000014E9	-1.49059647868045220E2
2.80000000000000071E0	1.66999999999999993E9	-1.49001071598822565E2
2.80000000000000071E0	1.68000000000000016E9	-1.48940831918880345E2
2.80000000000000071E0	1.68999999999999995E9	-1.48878917613095219E2
2.80000000000000071E0	1.69999999999999996E9	-1.48815316823568611E2
2.80000000000000071E0	1.71000000000000019E9	-1.48750017117700528E2
2.80000000000000071E0	1.71999999999999997E9	-1.48683005461480255E2
2.80000000000000071E0	1.72999999999999998E9	-1.48614268144676265E2
2.80000000000000071E0	1.73999999999999977E9	-1.48543790734207137E2
2.80000000000000071E0	1.75000000000000000E9	-1.48471558144810234E2
2.80000000000000071E0	1.76000000000000023E9	-1.48397554485914407E2
2.80000000000000071E0	1.77000000000000002E9	-1.48321763104362558E2
2.80000000000000071E0	1.78000000000000003E9	-1.48244166541076616E2
2.80000000000000071E0	1.78999999999999981E9	-1.48164746427395255E2
2.80000000000000071E0	1.80000000000000004E9	-1.48083483531192250E2
2.80000000000000071E0	1.81000000000000005E9	-1.48000357710167374E2
2.80000000000000071E0	1.81999999999999984E9	-1.47915347772731165E2
2.80000000000000071E0	1.83000000000000007E9	-1.47828431505574587E2
2.80000000000000071E0	1.83999999999999986E9	-1.47739585639034576E2
2.80000000000000071E0	1.85000000000000009E9	-1.47648785750370770E2
2.80000000000000071E0	1.86000000000000010E9	-1.47556006213530355E2
2.80000000000000071E0	1.86999999999999988E9	-1.47461220154796102E2
2.80000000000000071E0	1.88000000000000012E9	-1.47364399401707358E2
2.80000000000000071E0	1.88999999999999990E9	-1.47265514368189909E2
2.80000000000000071E0	1.89999999999999991E9	-1.47164534022748761E2
2.80000000000000071E0	1.91000000000000014E9	-1.47061425786221722E2
2.80000000000000071E0	1.91999999999999993E9	-1.46956155484274587E2
2.80000000000000071E0	1.93000000000000016E9	-1.46848687222368457E2
2.80000000000000071E0	1.93999999999999995E9	-1.46738983276534496E2
2.80000000000000071E0	1.94999999999999996E9	-1.46627004101083047E2
2.80000000000000071E0	1.96000000000000019E9	-1.46512708042588047E2
2.80000000000000071E0	1.96999999999999997E9	-1.46396051376368685E2
2.80000000000000071E0	1.97999999999999998E9	-1.46276988075162473E2
2.80000000000000071E0	1.98999999999999977E9	-1.46155469758221601E2
2.80000000000000071E0	2.00000000000000000E9	-1.46031445464986498E2
2.80000000000000071E0	2.01000000000000023E9	-1.45904861528073448E2
2.80000000000000071E0	2.02000000000000002E9	-1.45775661417647995E2
2.80000000000000071E0	2.03000000000000025E9	-1.45643785500527145E2
2.80000000000000071E0	2.04000000000000004E9	-1.45509170860832349E2
2.80000000000000071E0	2.04999999999999982E9	-1.45371751082117129E2
2.80000000000000071E0	2.06000000000000005E9	-1.45231455991933323E2
2.80000000000000071E0	2.06999999999999984E9	-1.45088211365947428E2
2.80000000000000071E0	2.08000000000000007E9	-1.44941938656390379E2
2.80000000000000071E0	2.08999999999999986E9	-1.44792554676044571E2
2.80000000000000071E0	2.10000000000000009E9	-1.44639971220658525E2
2.80000000000000071E0	2.11000000000000032E9	-1.44484094699916832E2
2.80000000000000071E0	2.12000000000000011E9	-1.44324825694350412E2
2.80000000000000071E0	2.12999999999999989E9	-1.44162058525134240E2
2.80000000000000071E0	2.13999999999999968E9	-1.43995680695241179E2
2.80000000000000071E0	2.14999999999999991E9	-1.43825572385933098E2
2.80000000000000071E0	2.16000000000000014E9	-1.43651605845663921E2
2.80000000000000071E0	2.16999999999999993E9	-1.43473644703356018E2
2.80000000000000071E0	2.18000000000000016E9	-1.43291543331591642E2
2.80000000000000071E0	2.18999999999999995E9	-1.43105146009043094E2
2.80000000000000071E0	2.20000000000000018E9	-1.42914286209227415E2
2.80000000000000071E0	2.20999999999999996E9	-1.42718785699256290E2
2.80000000000000071E0	2.21999999999999975E9	-1.42518453658245470E2
2.80000000000000071E0	2.22999999999999998E9	-1.42313085838827469E2
2.80000000000000071E0	2.23999999999999977E9	-1.42102463627059650E2
2.80000000000000071E0	2.25000000000000000E9	-1.41886353232229512E2
2.80000000000000071E0	2.26000000000000023E9	-1.41664504934337954E2
2.80000000000000071E0	2.27000000000000002E9	-1.41436652514335859E2
2.80000000000000071E0	2.28000000000000025E9	-1.41202512920054235E2
2.80000000000000071E0	2.29000000000000004E9	-1.40961786381785092E2
2.80000000000000071E0	2.29999999999999982E9	-1.40714156997319906E2
2.80000000000000071E0	2.31000000000000005E9	-1.40459294257302392E2
2.80000000000000071E0	2.31999999999999984E9	-1.40196855490568506E2
2.80000000000000071E0	2.33000000000000007E9	-1.39926489984777724E2
2.80000000000000071E0	2.33999999999999986E9	-1.39647844896253726E2
2.80000000000000071E0	2.35000000000000009E9	-1.39360573849718894E2
2.80000000000000071E0	2.36000000000000032E9	-1.39064348738395860E2
2.80000000000000071E0	2.37000000000000011E9	-1.38758875597649523E2
2.80000000000000071E0	2.37999999999999989E9	-1.38443915387130301E2
2.80000000000000071E0	2.38999999999999968E9	-1.38119310281260033E2
2.80000000000000071E0	2.39999999999999991E9	-1.37785015479094475E2
2.80000000000000071E0	2.41000000000000014E9	-1.37441135494448563E2
2.80000000000000071E0	2.41999999999999993E9	-1.37087960724356561E2
2.80000000000000071E0	2.43000000000000016E9	-1.36725994461094191E2
2.80000000000000071E0	2.43999999999999995E9	-1.36355949101371321E2
2.80000000000000071E0	2.45000000000000018E9	-1.35978666490915945E2
2.80000000000000071E0	2.45999999999999996E9	-1.35594868945997016E2
2.80000000000000071E0	2.46999999999999975E9	-1.35204541692666025E2
2.80000000000000071E0	2.47999999999999998E9	-1.34805501597926036E2
2.80000000000000071E0	2.48999999999999977E9	-1.34390080280700386E2
2.80000000000000071E0	2.50000000000000000E9	-1.33937065118138277E2
2.80000000000000071E0	2.51000000000000023E9	-1.33390253971051886E2
2.80000000000000071E0	2.52000000000000002E9	-1.32593216159828042E2
2.80000000000000071E0	2.53000000000000025E9	-1.31053815149017128E2
2.80000000000000071E0	2.54000000000000004E9	-1.26925945520679240E2
2.80000000000000071E0	2.54999999999999982E9	-1.19644075703211383E2
2.80000000000000071E0	2.56000000000000005E9	-1.28743259492369622E2
2.80000000000000071E0	2.56999999999999984E9	-1.31730075062102925E2
2.80000000000000071E0	2.58000000000000007E9	-1.32949815318417519E2
2.80000000000000071E0	2.58999999999999986E9	-1.33639229462722886E2
2.80000000000000071E0	2.60000000000000009E9	-1.34144923603362254E2
2.80000000000000071E0	2.61000000000000032E9	-1.34581136418425507E2
2.80000000000000071E0	2.62000000000000011E9	-1.34989495161579165E2
2.80000000000000071E0	2.62999999999999989E9	-1.35385501472617586E2
2.80000000000000071E0	2.63999999999999968E9	-1.35774413649855008E2
2.80000000000000071E0	2.64999999999999991E9	-1.36157373276821225E2
2.80000000000000071E0	2.66000000000000014E9	-1.36533960572069146E2
2.80000000000000071E0	2.66999999999999993E9	-1.36903295997222574E2
2.80000000000000071E0	2.68000000000000016E9	-1.37264506051166046E2
2.80000000000000071E0	2.68999999999999995E9	-1.37616900091903838E2
2.80000000000000071E0	2.70000000000000018E9	-1.37960015471725472E2
2.80000000000000071E0	2.70999999999999996E9	-1.38293605432119859E2
2.80000000000000071E0	2.71999999999999975E9	-1.38617605176948655E2
2.80000000000000071E0	2.72999999999999998E9	-1.38932092979595057E2
2.80000000000000071E0	2.73999999999999977E9	-1.39237253690769802E2
2.80000000000000071E0	2.75000000000000000E9	-1.39533347543530750E2
2.80000000000000071E0	2.76000000000000023E9	-1.39820684865358968E2
2.80000000000000071E0	2.77000000000000002E9	-1.40099606291764367E2
2.80000000000000071E0	2.78000000000000025E9	-1.40370467826173018E2
2.80000000000000071E0	2.79000000000000004E9	-1.40633629706002861E2
2.80000000000000071E0	2.79999999999999982E9	-1.40889448522094685E2
2.80000000000000071E0	2.81000000000000005E9	-1.41138271639447166E2
2.80000000000000071E0	2.81999999999999984E9	-1.41380433597338251E2
2.80000000000000071E0	2.83000000000000007E9	-1.41616253779977908E2
2.80000000000000071E0	2.83999999999999986E9	-1.41846035200898979E2
2.80000000000000071E0	2.85000000000000009E9	-1.42070064003592278E2
2.80000000000000071E0	2.86000000000000032E9	-1.42288609464365878E2
2.80000000000000071E0	2.87000000000000011E9	-1.42501924406747493E2
2.80000000000000071E0	2.87999999999999989E9	-1.42710245771504729E2
2.80000000000000071E0	2.88999999999999968E9	-1.42913795458906168E2
2.80000000000000071E0	2.89999999999999991E9	-1.43112781106293907E2
2.80000000000000071E0	2.91000000000000014E9	-1.43307397057342167E2
2.80000000000000071E0	2.91999999999999993E9	-1.43497825182432415E2
2.80000000000000071E0	2.93000000000000016E9	-1.43684235797144977E2
2.80000000000000071E0	2.93999999999999995E9	-1.43866788496407372E2
2.80000000000000071E0	2.95000000000000018E9	-1.44045632904793641E2
2.80000000000000071E0	2.95999999999999996E9	-1.44220909505638306E2
2.80000000000000071E0	2.96999999999999975E9	-1.44392750225284883E2
2.80000000000000071E0	2.97999999999999998E9	-1.44561279173631818E2
2.80000000000000071E0	2.98999999999999977E9	-1.44726613177528551E2
2.80000000000000071E0	3.00000000000000000E9	-1.44888862351605674E2

var_c	indep(index, 1)	plot_vs(pnmx, noisefreq)[7, ::]
2.90000000000000080E0	3.00000000000000000E8	-1.40913450505876336E2
2.90000000000000080E0	3.10000000000000009E8	-1.41189572613589887E2
2.90000000000000080E0	3.20000000000000018E8	-1.41456351109439660E2
2.90000000000000080E0	3.29999999999999982E8	-1.41714339486128038E2
2.90000000000000080E0	3.39999999999999991E8	-1.41964041298183674E2
2.90000000000000080E0	3.50000000000000000E8	-1.42205915592393839E2
2.90000000000000080E0	3.60000000000000009E8	-1.42440382351720385E2
2.90000000000000080E0	3.70000000000000018E8	-1.42667826529839159E2
2.90000000000000080E0	3.79999999999999982E8	-1.42888601773477353E2
2.90000000000000080E0	3.89999999999999991E8	-1.43103033752188025E2
2.90000000000000080E0	4.00000000000000000E8	-1.43311423009306682E2
2.90000000000000080E0	4.09999999999999964E8	-1.43514047316943061E2
2.90000000000000080E0	4.20000000000000018E8	-1.43711163953206555E2
2.90000000000000080E0	4.29999999999999982E8	-1.43903011587621910E2
2.90000000000000080E0	4.40000000000000036E8	-1.44089812067240119E2
2.90000000000000080E0	4.50000000000000000E8	-1.44271771691864448E2
2.90000000000000080E0	4.59999999999999964E8	-1.44449082923302852E2
2.90000000000000080E0	4.70000000000000018E8	-1.44621925386278738E2
2.90000000000000080E0	4.79999999999999982E8	-1.44790466676073182E2
2.90000000000000080E0	4.90000000000000036E8	-1.44954863938372625E2
2.90000000000000080E0	5.00000000000000000E8	-1.45115264226879259E2
2.90000000000000080E0	5.09999999999999964E8	-1.45271805357525752E2
2.90000000000000080E0	5.20000000000000018E8	-1.45424616910734228E2
2.90000000000000080E0	5.29999999999999982E8	-1.45573820502791063E2
2.90000000000000080E0	5.40000000000000036E8	-1.45719530561841148E2
2.90000000000000080E0	5.50000000000000000E8	-1.45861854800746693E2
2.90000000000000080E0	5.59999999999999964E8	-1.46000894860047281E2
2.90000000000000080E0	5.70000000000000018E8	-1.46136746303709186E2
2.90000000000000080E0	5.79999999999999982E8	-1.46269499522046509E2
2.90000000000000080E0	5.90000000000000036E8	-1.46399239866688391E2
2.90000000000000080E0	6.00000000000000000E8	-1.46526047835006246E2
2.90000000000000080E0	6.09999999999999964E8	-1.46649999736783587E2
2.90000000000000080E0	6.20000000000000018E8	-1.46771167626574139E2
2.90000000000000080E0	6.29999999999999982E8	-1.46889619788390924E2
2.90000000000000080E0	6.40000000000000036E8	-1.47005420909215756E2
2.90000000000000080E0	6.50000000000000000E8	-1.47118632144665074E2
2.90000000000000080E0	6.59999999999999964E8	-1.47229311641325555E2
2.90000000000000080E0	6.70000000000000018E8	-1.47337514497202782E2
2.90000000000000080E0	6.79999999999999982E8	-1.47443292863259745E2
2.90000000000000080E0	6.90000000000000036E8	-1.47546696421416312E2
2.90000000000000080E0	7.00000000000000000E8	-1.47647772218784157E2
2.90000000000000080E0	7.09999999999999964E8	-1.47746564921375301E2
2.90000000000000080E0	7.20000000000000018E8	-1.47843117066724750E2
2.90000000000000080E0	7.29999999999999982E8	-1.47937468911998415E2
2.90000000000000080E0	7.40000000000000036E8	-1.48029658882039339E2
2.90000000000000080E0	7.50000000000000000E8	-1.48119723398026193E2
2.90000000000000080E0	7.59999999999999964E8	-1.48207697005683170E2
2.90000000000000080E0	7.70000000000000018E8	-1.48293612772675143E2
2.90000000000000080E0	7.79999999999999982E8	-1.48377501891158858E2
2.90000000000000080E0	7.90000000000000036E8	-1.48459394210334694E2
2.90000000000000080E0	8.00000000000000000E8	-1.48539317969719109E2
2.90000000000000080E0	8.09999999999999964E8	-1.48617300189056212E2
2.90000000000000080E0	8.19999999999999929E8	-1.48693366319295706E2
2.90000000000000080E0	8.30000000000000071E8	-1.48767540840333323E2
2.90000000000000080E0	8.40000000000000036E8	-1.48839846767216200E2
2.90000000000000080E0	8.50000000000000000E8	-1.48910306193502939E2
2.90000000000000080E0	8.59999999999999964E8	-1.48978939981313907E2
2.90000000000000080E0	8.69999999999999929E8	-1.49045768003858203E2
2.90000000000000080E0	8.80000000000000071E8	-1.49110809153337298E2
2.90000000000000080E0	8.90000000000000036E8	-1.49174081385157997E2
2.90000000000000080E0	9.00000000000000000E8	-1.49235601749035807E2
2.90000000000000080E0	9.09999999999999964E8	-1.49295386419410825E2
2.90000000000000080E0	9.19999999999999929E8	-1.49353450782112085E2
2.90000000000000080E0	9.30000000000000071E8	-1.49409809347431488E2
2.90000000000000080E0	9.40000000000000036E8	-1.49464476065676544E2
2.90000000000000080E0	9.50000000000000000E8	-1.49517463932772943E2
2.90000000000000080E0	9.59999999999999964E8	-1.49568785466853282E2
2.90000000000000080E0	9.69999999999999929E8	-1.49618452488490838E2
2.90000000000000080E0	9.80000000000000071E8	-1.49666476080558741E2
2.90000000000000080E0	9.90000000000000036E8	-1.49712866817605406E2
2.90000000000000080E0	1.00000000000000000E9	-1.49757634720741017E2
2.90000000000000080E0	1.01000000000000001E9	-1.49800789261823830E2
2.90000000000000080E0	1.02000000000000002E9	-1.49842339337981167E2
2.90000000000000080E0	1.03000000000000003E9	-1.49882293392874488E2
2.90000000000000080E0	1.04000000000000004E9	-1.49920659317783467E2
2.90000000000000080E0	1.05000000000000004E9	-1.49957444738564716E2
2.90000000000000080E0	1.06000000000000005E9	-1.49992656571806471E2
2.90000000000000080E0	1.06999999999999984E9	-1.50026301549019903E2
2.90000000000000080E0	1.08000000000000007E9	-1.50058385814396389E2
2.90000000000000080E0	1.09000000000000008E9	-1.50088915298233028E2
2.90000000000000080E0	1.10000000000000009E9	-1.50117895470859919E2
2.90000000000000080E0	1.10999999999999988E9	-1.50145331416274330E2
2.90000000000000080E0	1.11999999999999988E9	-1.50171227926133954E2
2.90000000000000080E0	1.13000000000000012E9	-1.50195589500065796E2
2.90000000000000080E0	1.14000000000000012E9	-1.50218420237892847E2
2.90000000000000080E0	1.14999999999999991E9	-1.50239724002446540E2
2.90000000000000080E0	1.15999999999999992E9	-1.50259504381701570E2
2.90000000000000080E0	1.16999999999999993E9	-1.50277764569669481E2
2.90000000000000080E0	1.18000000000000016E9	-1.50294507678080613E2
2.90000000000000080E0	1.18999999999999995E9	-1.50309736358813817E2
2.90000000000000080E0	1.19999999999999996E9	-1.50323453193713741E2
2.90000000000000080E0	1.20999999999999996E9	-1.50335660409110394E2
2.90000000000000080E0	1.21999999999999997E9	-1.50346360017195058E2
2.90000000000000080E0	1.22999999999999998E9	-1.50355553823047261E2
2.90000000000000080E0	1.23999999999999999E9	-1.50363243399460744E2
2.90000000000000080E0	1.25000000000000000E9	-1.50369430124262604E2
2.90000000000000080E0	1.26000000000000001E9	-1.50374115151064602E2
2.90000000000000080E0	1.27000000000000002E9	-1.50377299405706610E2
2.90000000000000080E0	1.28000000000000003E9	-1.50378983586500503E2
2.90000000000000080E0	1.29000000000000004E9	-1.50379168372274319E2
2.90000000000000080E0	1.30000000000000004E9	-1.50377854024241797E2
2.90000000000000080E0	1.31000000000000005E9	-1.50375040689799855E2
2.90000000000000080E0	1.31999999999999984E9	-1.50370728384220720E2
2.90000000000000080E0	1.33000000000000007E9	-1.50364916902570411E2
2.90000000000000080E0	1.34000000000000008E9	-1.50357605820566720E2
2.90000000000000080E0	1.35000000000000009E9	-1.50348794551915477E2
2.90000000000000080E0	1.35999999999999988E9	-1.50338482296474152E2
2.90000000000000080E0	1.36999999999999988E9	-1.50326668107540695E2
2.90000000000000080E0	1.38000000000000012E9	-1.50313350863246353E2
2.90000000000000080E0	1.39000000000000012E9	-1.50298529114362545E2
2.90000000000000080E0	1.39999999999999991E9	-1.50282201420416017E2
2.90000000000000080E0	1.40999999999999992E9	-1.50264366002192129E2
2.90000000000000080E0	1.41999999999999993E9	-1.50245020870538792E2
2.90000000000000080E0	1.43000000000000016E9	-1.50224163945293010E2
2.90000000000000080E0	1.43999999999999995E9	-1.50201792821423252E2
2.90000000000000080E0	1.44999999999999996E9	-1.50177904914436677E2
2.90000000000000080E0	1.45999999999999996E9	-1.50152497478968217E2
2.90000000000000080E0	1.46999999999999997E9	-1.50125567423935036E2
2.90000000000000080E0	1.47999999999999998E9	-1.50097111494334490E2
2.90000000000000080E0	1.48999999999999999E9	-1.50067126232511372E2
2.90000000000000080E0	1.50000000000000000E9	-1.50035607842622665E2
2.90000000000000080E0	1.51000000000000001E9	-1.50002552291221636E2
2.90000000000000080E0	1.52000000000000002E9	-1.49967955330178393E2
2.90000000000000080E0	1.53000000000000003E9	-1.49931812377776019E2
2.90000000000000080E0	1.54000000000000004E9	-1.49894118539777810E2
2.90000000000000080E0	1.55000000000000004E9	-1.49854868705194866E2
2.90000000000000080E0	1.56000000000000005E9	-1.49814057368978171E2
2.90000000000000080E0	1.56999999999999984E9	-1.49771678722471835E2
2.90000000000000080E0	1.58000000000000007E9	-1.49727726658819082E2
2.90000000000000080E0	1.59000000000000008E9	-1.49682194653348466E2
2.90000000000000080E0	1.60000000000000009E9	-1.49635075841485987E2
2.90000000000000080E0	1.61000000000000010E9	-1.49586363002522793E2
2.90000000000000080E0	1.61999999999999988E9	-1.49536048452356263E2
2.90000000000000080E0	1.63000000000000012E9	-1.49484124123190254E2
2.90000000000000080E0	1.63999999999999990E9	-1.49430581501827975E2
2.90000000000000080E0	1.64999999999999991E9	-1.49375411687607995E2
2.90000000000000080E0	1.66000000000000014E9	-1.49318605170052510E2
2.90000000000000080E0	1.66999999999999993E9	-1.49260152046299299E2
2.90000000000000080E0	1.68000000000000016E9	-1.49200041891114554E2
2.90000000000000080E0	1.68999999999999995E9	-1.49138263697475160E2
2.90000000000000080E0	1.69999999999999996E9	-1.49074805903611640E2
2.90000000000000080E0	1.71000000000000019E9	-1.49009656388837564E2
2.90000000000000080E0	1.71999999999999997E9	-1.48942802375814076E2
2.90000000000000080E0	1.72999999999999998E9	-1.48874230487280235E2
2.90000000000000080E0	1.73999999999999977E9	-1.48803926637488937E2
2.90000000000000080E0	1.75000000000000000E9	-1.48731876041552202E2
2.90000000000000080E0	1.76000000000000023E9	-1.48658063222463510E2
2.90000000000000080E0	1.77000000000000002E9	-1.48582471888749934E2
2.90000000000000080E0	1.78000000000000003E9	-1.48505084949004962E2
2.90000000000000080E0	1.78999999999999981E9	-1.48425884511548190E2
2.90000000000000080E0	1.80000000000000004E9	-1.48344851744841866E2
2.90000000000000080E0	1.81000000000000005E9	-1.48261966953336755E2
2.90000000000000080E0	1.81999999999999984E9	-1.48177209438805080E2
2.90000000000000080E0	1.83000000000000007E9	-1.48090557495432562E2
2.90000000000000080E0	1.83999999999999986E9	-1.48001988357701975E2
2.90000000000000080E0	1.85000000000000009E9	-1.47911478162105992E2
2.90000000000000080E0	1.86000000000000010E9	-1.47819001839333697E2
2.90000000000000080E0	1.86999999999999988E9	-1.47724533130984570E2
2.90000000000000080E0	1.88000000000000012E9	-1.47628044466620634E2
2.90000000000000080E0	1.88999999999999990E9	-1.47529506887968109E2
2.90000000000000080E0	1.89999999999999991E9	-1.47428890047637107E2
2.90000000000000080E0	1.91000000000000014E9	-1.47326162071144462E2
2.90000000000000080E0	1.91999999999999993E9	-1.47221289465661020E2
2.90000000000000080E0	1.93000000000000016E9	-1.47114237106354118E2
2.90000000000000080E0	1.93999999999999995E9	-1.47004968030823369E2
2.90000000000000080E0	1.94999999999999996E9	-1.46893443429227011E2
2.90000000000000080E0	1.96000000000000019E9	-1.46779622486930350E2
2.90000000000000080E0	1.96999999999999997E9	-1.46663462266999423E2
2.90000000000000080E0	1.97999999999999998E9	-1.46544917601186198E2
2.90000000000000080E0	1.98999999999999977E9	-1.46423940903558747E2
2.90000000000000080E0	2.00000000000000000E9	-1.46300482060784187E2
2.90000000000000080E0	2.01000000000000023E9	-1.46174488228234511E2
2.90000000000000080E0	2.02000000000000002E9	-1.46045903667792665E2
2.90000000000000080E0	2.03000000000000025E9	-1.45914669536026165E2
2.90000000000000080E0	2.04000000000000004E9	-1.45780723668460821E2
2.90000000000000080E0	2.04999999999999982E9	-1.45644000296188070E2
2.90000000000000080E0	2.06000000000000005E9	-1.45504429874461927E2
2.90000000000000080E0	2.06999999999999984E9	-1.45361938682855052E2
2.90000000000000080E0	2.08000000000000007E9	-1.45216448535468201E2
2.90000000000000080E0	2.08999999999999986E9	-1.45067876483227698E2
2.90000000000000080E0	2.10000000000000009E9	-1.44916134323197987E2
2.90000000000000080E0	2.11000000000000032E9	-1.44761128238855497E2
2.90000000000000080E0	2.12000000000000011E9	-1.44602758303602963E2
2.90000000000000080E0	2.12999999999999989E9	-1.44440917902732791E2
2.90000000000000080E0	2.13999999999999968E9	-1.44275493253436449E2
2.90000000000000080E0	2.14999999999999991E9	-1.44106362648659525E2
2.90000000000000080E0	2.16000000000000014E9	-1.43933395819375143E2
2.90000000000000080E0	2.16999999999999993E9	-1.43756453164571996E2
2.90000000000000080E0	2.18000000000000016E9	-1.43575384862026256E2
2.90000000000000080E0	2.18999999999999995E9	-1.43390029975012068E2
2.90000000000000080E0	2.20000000000000018E9	-1.43200215461156799E2
2.90000000000000080E0	2.20999999999999996E9	-1.43005755087511832E2
2.90000000000000080E0	2.21999999999999975E9	-1.42806448265688823E2
2.90000000000000080E0	2.22999999999999998E9	-1.42602078925259312E2
2.90000000000000080E0	2.23999999999999977E9	-1.42392414192993644E2
2.90000000000000080E0	2.25000000000000000E9	-1.42177203221513171E2
2.90000000000000080E0	2.26000000000000023E9	-1.41956175947140473E2
2.90000000000000080E0	2.27000000000000002E9	-1.41729042031578190E2
2.90000000000000080E0	2.28000000000000025E9	-1.41495489912967853E2
2.90000000000000080E0	2.29000000000000004E9	-1.41255186310970648E2
2.90000000000000080E0	2.29999999999999982E9	-1.41007776118189887E2
2.90000000000000080E0	2.31000000000000005E9	-1.40752883094101411E2
2.90000000000000080E0	2.31999999999999984E9	-1.40490111640010618E2
2.90000000000000080E0	2.33000000000000007E9	-1.40219049966443765E2
2.90000000000000080E0	2.33999999999999986E9	-1.39939275307913880E2
2.90000000000000080E0	2.35000000000000009E9	-1.39650361737158346E2
2.90000000000000080E0	2.36000000000000032E9	-1.39351891397257188E2
2.90000000000000080E0	2.37000000000000011E9	-1.39043470001752256E2
2.90000000000000080E0	2.37999999999999989E9	-1.38724747536280146E2
2.90000000000000080E0	2.38999999999999968E9	-1.38395444817868674E2
2.90000000000000080E0	2.39999999999999991E9	-1.38055385982227197E2
2.90000000000000080E0	2.41000000000000014E9	-1.37704535324586508E2
2.90000000000000080E0	2.41999999999999993E9	-1.37343033452985308E2
2.90000000000000080E0	2.43000000000000016E9	-1.36971220482956402E2
2.90000000000000080E0	2.43999999999999995E9	-1.36589619165484311E2
2.90000000000000080E0	2.45000000000000018E9	-1.36198820279664146E2
2.90000000000000080E0	2.45999999999999996E9	-1.35799148090595345E2
2.90000000000000080E0	2.46999999999999975E9	-1.35389840887021506E2
2.90000000000000080E0	2.47999999999999998E9	-1.34967142443125043E2
2.90000000000000080E0	2.48999999999999977E9	-1.34519818556664750E2
2.90000000000000080E0	2.50000000000000000E9	-1.34018047422475206E2
2.90000000000000080E0	2.51000000000000023E9	-1.33383130717464260E2
2.90000000000000080E0	2.52000000000000002E9	-1.32392977663947731E2
2.90000000000000080E0	2.53000000000000025E9	-1.30335422121211142E2
2.90000000000000080E0	2.54000000000000004E9	-1.24597514833435796E2
2.90000000000000080E0	2.54999999999999982E9	-1.23307799058688783E2
2.90000000000000080E0	2.56000000000000005E9	-1.29980390231935528E2
2.90000000000000080E0	2.56999999999999984E9	-1.32298257420219700E2
2.90000000000000080E0	2.58000000000000007E9	-1.33363228287901170E2
2.90000000000000080E0	2.58999999999999986E9	-1.34021934762796313E2
2.90000000000000080E0	2.60000000000000009E9	-1.34531881266224818E2
2.90000000000000080E0	2.61000000000000032E9	-1.34982443137861363E2
2.90000000000000080E0	2.62000000000000011E9	-1.35407019333724210E2
2.90000000000000080E0	2.62999999999999989E9	-1.35818093728511147E2
2.90000000000000080E0	2.63999999999999968E9	-1.36219831023581373E2
2.90000000000000080E0	2.64999999999999991E9	-1.36613082387842355E2
2.90000000000000080E0	2.66000000000000014E9	-1.36997494852656954E2
2.90000000000000080E0	2.66999999999999993E9	-1.37372412264191501E2
2.90000000000000080E0	2.68000000000000016E9	-1.37737243083281102E2
2.90000000000000080E0	2.68999999999999995E9	-1.38091587599662491E2
2.90000000000000080E0	2.70000000000000018E9	-1.38435258558683416E2
2.90000000000000080E0	2.70999999999999996E9	-1.38768257837684716E2
2.90000000000000080E0	2.71999999999999975E9	-1.39090738676668391E2
2.90000000000000080E0	2.72999999999999998E9	-1.39402966853472732E2
2.90000000000000080E0	2.73999999999999977E9	-1.39705286203658785E2
2.90000000000000080E0	2.75000000000000000E9	-1.39998090377427276E2
2.90000000000000080E0	2.76000000000000023E9	-1.40281800702155013E2
2.90000000000000080E0	2.77000000000000002E9	-1.40556849538608142E2
2.90000000000000080E0	2.78000000000000025E9	-1.40823668163547522E2
2.90000000000000080E0	2.79000000000000004E9	-1.41082678257999516E2
2.90000000000000080E0	2.79999999999999982E9	-1.41334286213249571E2
2.90000000000000080E0	2.81000000000000005E9	-1.41578879522507317E2
2.90000000000000080E0	2.81999999999999984E9	-1.41816824743081438E2
2.90000000000000080E0	2.83000000000000007E9	-1.42048466669136220E2
2.90000000000000080E0	2.83999999999999986E9	-1.42274128168969693E2
2.90000000000000080E0	2.85000000000000009E9	-1.42494110730625545E2
2.90000000000000080E0	2.86000000000000032E9	-1.42708695244557426E2
2.90000000000000080E0	2.87000000000000011E9	-1.42918143076612880E2
2.90000000000000080E0	2.87999999999999989E9	-1.43122697283031242E2
2.90000000000000080E0	2.88999999999999968E9	-1.43322583795128744E2
2.90000000000000080E0	2.89999999999999991E9	-1.43518012704810283E2
2.90000000000000080E0	2.91000000000000014E9	-1.43709179447076929E2
2.90000000000000080E0	2.91999999999999993E9	-1.43896265968208925E2
2.90000000000000080E0	2.93000000000000016E9	-1.44079441806946895E2
2.90000000000000080E0	2.93999999999999995E9	-1.44258865128627134E2
2.90000000000000080E0	2.95000000000000018E9	-1.44434683626758398E2
2.90000000000000080E0	2.95999999999999996E9	-1.44607035429584441E2
2.90000000000000080E0	2.96999999999999975E9	-1.44776049863395828E2
2.90000000000000080E0	2.97999999999999998E9	-1.44941848194665868E2
2.90000000000000080E0	2.98999999999999977E9	-1.45104544296436044E2
2.90000000000000080E0	3.00000000000000000E9	-1.45264245159109229E2

var_c	indep(index, 1)	plot_vs(pnmx, noisefreq)[8, ::]
3.00000000000000089E0	3.00000000000000000E8	-1.41124517685082740E2
3.00000000000000089E0	3.10000000000000009E8	-1.41400617260284833E2
3.00000000000000089E0	3.20000000000000018E8	-1.41667372946368997E2
3.00000000000000089E0	3.29999999999999982E8	-1.41925338266310730E2
3.00000000000000089E0	3.39999999999999991E8	-1.42175016699287982E2
3.00000000000000089E0	3.50000000000000000E8	-1.42416867406535963E2
3.00000000000000089E0	3.60000000000000009E8	-1.42651310222932559E2
3.00000000000000089E0	3.70000000000000018E8	-1.42878730165670942E2
3.00000000000000089E0	3.79999999999999982E8	-1.43099480935806911E2
3.00000000000000089E0	3.89999999999999991E8	-1.43313888249065879E2
3.00000000000000089E0	4.00000000000000000E8	-1.43522252504692416E2
3.00000000000000089E0	4.09999999999999964E8	-1.43724851662911801E2
3.00000000000000089E0	4.20000000000000018E8	-1.43921942860184737E2
3.00000000000000089E0	4.29999999999999982E8	-1.44113764801016142E2
3.00000000000000089E0	4.40000000000000036E8	-1.44300539325026622E2
3.00000000000000089E0	4.50000000000000000E8	-1.44482472822173458E2
3.00000000000000089E0	4.59999999999999964E8	-1.44659757690418700E2
3.00000000000000089E0	4.70000000000000018E8	-1.44832573445251533E2
3.00000000000000089E0	4.79999999999999982E8	-1.45001087954033925E2
3.00000000000000089E0	4.90000000000000036E8	-1.45165458094867894E2
3.00000000000000089E0	5.00000000000000000E8	-1.45325830984900595E2
3.00000000000000089E0	5.09999999999999964E8	-1.45482344622212634E2
3.00000000000000089E0	5.20000000000000018E8	-1.45635128354026855E2
3.00000000000000089E0	5.29999999999999982E8	-1.45784303919134750E2
3.00000000000000089E0	5.40000000000000036E8	-1.45929985711491428E2
3.00000000000000089E0	5.50000000000000000E8	-1.46072281569263995E2
3.00000000000000089E0	5.59999999999999964E8	-1.46211292872015464E2
3.00000000000000089E0	5.70000000000000018E8	-1.46347115425599883E2
3.00000000000000089E0	5.79999999999999982E8	-1.46479839588989158E2
3.00000000000000089E0	5.90000000000000036E8	-1.46609550596056648E2
3.00000000000000089E0	6.00000000000000000E8	-1.46736329053111847E2
3.00000000000000089E0	6.09999999999999964E8	-1.46860251226981009E2
3.00000000000000089E0	6.20000000000000018E8	-1.46981389220063985E2
3.00000000000000089E0	6.29999999999999982E8	-1.47099811256318369E2
3.00000000000000089E0	6.40000000000000036E8	-1.47215582089146180E2
3.00000000000000089E0	6.50000000000000000E8	-1.47328762885091691E2
3.00000000000000089E0	6.59999999999999964E8	-1.47439411754096783E2
3.00000000000000089E0	6.70000000000000018E8	-1.47547583827951567E2
3.00000000000000089E0	6.79999999999999982E8	-1.47653331269277999E2
3.00000000000000089E0	6.90000000000000036E8	-1.47756703735907191E2
3.00000000000000089E0	7.00000000000000000E8	-1.47857748332747674E2
3.00000000000000089E0	7.09999999999999964E8	-1.47956509707376282E2
3.00000000000000089E0	7.20000000000000018E8	-1.48053030380067985E2
3.00000000000000089E0	7.29999999999999982E8	-1.48147350695644464E2
3.00000000000000089E0	7.40000000000000036E8	-1.48239508996277070E2
3.00000000000000089E0	7.50000000000000000E8	-1.48329541747058524E2
3.00000000000000089E0	7.59999999999999964E8	-1.48417483598943845E2
3.00000000000000089E0	7.70000000000000018E8	-1.48503367450392387E2
3.00000000000000089E0	7.79999999999999982E8	-1.48587224668396378E2
3.00000000000000089E0	7.90000000000000036E8	-1.48669085046855232E2
3.00000000000000089E0	8.00000000000000000E8	-1.48748976828184043E2
3.00000000000000089E0	8.09999999999999964E8	-1.48826927076297677E2
3.00000000000000089E0	8.19999999999999929E8	-1.48902961234650433E2
3.00000000000000089E0	8.30000000000000071E8	-1.48977103836407276E2
3.00000000000000089E0	8.40000000000000036E8	-1.49049377841782205E2
3.00000000000000089E0	8.50000000000000000E8	-1.49119805415453577E2
3.00000000000000089E0	8.59999999999999964E8	-1.49188407453934246E2
3.00000000000000089E0	8.69999999999999929E8	-1.49255203772692369E2
3.00000000000000089E0	8.80000000000000071E8	-1.49320213368411148E2
3.00000000000000089E0	8.90000000000000036E8	-1.49383454191731690E2
3.00000000000000089E0	9.00000000000000000E8	-1.49444943260176322E2
3.00000000000000089E0	9.09999999999999964E8	-1.49504696791654168E2
3.00000000000000089E0	9.19999999999999929E8	-1.49562730171816338E2
3.00000000000000089E0	9.30000000000000071E8	-1.49619058018917928E2
3.00000000000000089E0	9.40000000000000036E8	-1.49673694163694182E2
3.00000000000000089E0	9.50000000000000000E8	-1.49726651831443403E2
3.00000000000000089E0	9.59999999999999964E8	-1.49777943385678292E2
3.00000000000000089E0	9.69999999999999929E8	-1.49827580640804459E2
3.00000000000000089E0	9.80000000000000071E8	-1.49875574876449025E2
3.00000000000000089E0	9.90000000000000036E8	-1.49921936584970394E2
3.00000000000000089E0	1.00000000000000000E9	-1.49966675823081097E2
3.00000000000000089E0	1.01000000000000001E9	-1.50009802087453137E2
3.00000000000000089E0	1.02000000000000002E9	-1.50051324288906640E2
3.00000000000000089E0	1.03000000000000003E9	-1.50091250893873362E2
3.00000000000000089E0	1.04000000000000004E9	-1.50129589920030537E2
3.00000000000000089E0	1.05000000000000004E9	-1.50166348839201813E2
3.00000000000000089E0	1.06000000000000005E9	-1.50201534743928522E2
3.00000000000000089E0	1.06999999999999984E9	-1.50235154343041022E2
3.00000000000000089E0	1.08000000000000007E9	-1.50267213841113434E2
3.00000000000000089E0	1.09000000000000008E9	-1.50297719154960241E2
3.00000000000000089E0	1.10000000000000009E9	-1.50326675774250917E2
3.00000000000000089E0	1.10999999999999988E9	-1.50354088877998859E2
3.00000000000000089E0	1.11999999999999988E9	-1.50379963251407167E2
3.00000000000000089E0	1.13000000000000012E9	-1.50404303407589213E2
3.00000000000000089E0	1.14000000000000012E9	-1.50427113544062507E2
3.00000000000000089E0	1.14999999999999991E9	-1.50448397489649288E2
3.00000000000000089E0	1.15999999999999992E9	-1.50468158874826319E2
3.00000000000000089E0	1.16999999999999993E9	-1.50486401009632020E2
3.00000000000000089E0	1.18000000000000016E9	-1.50503126952403354E2
3.00000000000000089E0	1.18999999999999995E9	-1.50518339464244777E2
3.00000000000000089E0	1.19999999999999996E9	-1.50532041106887826E2
3.00000000000000089E0	1.20999999999999996E9	-1.50544234174559000E2
3.00000000000000089E0	1.21999999999999997E9	-1.50554920691753891E2
3.00000000000000089E0	1.22999999999999998E9	-1.50564102592495641E2
3.00000000000000089E0	1.23999999999999999E9	-1.50571781360538970E2
3.00000000000000089E0	1.25000000000000000E9	-1.50577958529110667E2
3.00000000000000089E0	1.26000000000000001E9	-1.50582635230631601E2
3.00000000000000089E0	1.27000000000000002E9	-1.50585812469152924E2
3.00000000000000089E0	1.28000000000000003E9	-1.50587491076821367E2
3.00000000000000089E0	1.29000000000000004E9	-1.50587671605518625E2
3.00000000000000089E0	1.30000000000000004E9	-1.50586354432201586E2
3.00000000000000089E0	1.31000000000000005E9	-1.50583539870884375E2
3.00000000000000089E0	1.31999999999999984E9	-1.50579227917773606E2
3.00000000000000089E0	1.33000000000000007E9	-1.50573418355019983E2
3.00000000000000089E0	1.34000000000000008E9	-1.50566110879944492E2
3.00000000000000089E0	1.35000000000000009E9	-1.50557304994695440E2
3.00000000000000089E0	1.35999999999999988E9	-1.50546999899634870E2
3.00000000000000089E0	1.36999999999999988E9	-1.50535194776843939E2
3.00000000000000089E0	1.38000000000000012E9	-1.50521888506456625E2
3.00000000000000089E0	1.39000000000000012E9	-1.50507079778925434E2
3.00000000000000089E0	1.39999999999999991E9	-1.50490767166177752E2
3.00000000000000089E0	1.40999999999999992E9	-1.50472948982553367E2
3.00000000000000089E0	1.41999999999999993E9	-1.50453623343810561E2
3.00000000000000089E0	1.43000000000000016E9	-1.50432788214473301E2
3.00000000000000089E0	1.43999999999999995E9	-1.50410441287809205E2
3.00000000000000089E0	1.44999999999999996E9	-1.50386580082207599E2
3.00000000000000089E0	1.45999999999999996E9	-1.50361201896440244E2
3.00000000000000089E0	1.46999999999999997E9	-1.50334303789443413E2
3.00000000000000089E0	1.47999999999999998E9	-1.50305882590319539E2
3.00000000000000089E0	1.48999999999999999E9	-1.50275934914417886E2
3.00000000000000089E0	1.50000000000000000E9	-1.50244457097757045E2
3.00000000000000089E0	1.51000000000000001E9	-1.50211445224880324E2
3.00000000000000089E0	1.52000000000000002E9	-1.50176895144731137E2
3.00000000000000089E0	1.53000000000000003E9	-1.50140802398338202E2
3.00000000000000089E0	1.54000000000000004E9	-1.50103162238329335E2
3.00000000000000089E0	1.55000000000000004E9	-1.50063969668262831E2
3.00000000000000089E0	1.56000000000000005E9	-1.50023219340542036E2
3.00000000000000089E0	1.56999999999999984E9	-1.49980905574960466E2
3.00000000000000089E0	1.58000000000000007E9	-1.49937022405679077E2
3.00000000000000089E0	1.59000000000000008E9	-1.49891563502920677E2
3.00000000000000089E0	1.60000000000000009E9	-1.49844522134162195E2
3.00000000000000089E0	1.61000000000000010E9	-1.49795891266864678E2
3.00000000000000089E0	1.61999999999999988E9	-1.49745663378083638E2
3.00000000000000089E0	1.63000000000000012E9	-1.49693830646350490E2
3.00000000000000089E0	1.63999999999999990E9	-1.49640384740559496E2
3.00000000000000089E0	1.64999999999999991E9	-1.49585316899096243E2
3.00000000000000089E0	1.66000000000000014E9	-1.49528617920317819E2
3.00000000000000089E0	1.66999999999999993E9	-1.49470278110656851E2
3.00000000000000089E0	1.68000000000000016E9	-1.49410287250849616E2
3.00000000000000089E0	1.68999999999999995E9	-1.49348634620123977E2
3.00000000000000089E0	1.69999999999999996E9	-1.49285308944405282E2
3.00000000000000089E0	1.71000000000000019E9	-1.49220298308057586E2
3.00000000000000089E0	1.71999999999999997E9	-1.49153590304633843E2
3.00000000000000089E0	1.72999999999999998E9	-1.49085171828188923E2
3.00000000000000089E0	1.73999999999999977E9	-1.49015029112843478E2
3.00000000000000089E0	1.75000000000000000E9	-1.48943147760258165E2
3.00000000000000089E0	1.76000000000000023E9	-1.48869512580252028E2
3.00000000000000089E0	1.77000000000000002E9	-1.48794107683578436E2
3.00000000000000089E0	1.78000000000000003E9	-1.48716916396043830E2
3.00000000000000089E0	1.78999999999999981E9	-1.48637921208633128E2
3.00000000000000089E0	1.80000000000000004E9	-1.48557103731228213E2
3.00000000000000089E0	1.81000000000000005E9	-1.48474444707476860E2
3.00000000000000089E0	1.81999999999999984E9	-1.48389923916161792E2
3.00000000000000089E0	1.83000000000000007E9	-1.48303520158745328E2
3.00000000000000089E0	1.83999999999999986E9	-1.48215211194600260E2
3.00000000000000089E0	1.85000000000000009E9	-1.48124973674765759E2
3.00000000000000089E0	1.86000000000000010E9	-1.48032783122205758E2
3.00000000000000089E0	1.86999999999999988E9	-1.47938613858156920E2
3.00000000000000089E0	1.88000000000000012E9	-1.47842438911997021E2
3.00000000000000089E0	1.88999999999999990E9	-1.47744230009321309E2
3.00000000000000089E0	1.89999999999999991E9	-1.47643957451796015E2
3.00000000000000089E0	1.91000000000000014E9	-1.47541590053727334E2
3.00000000000000089E0	1.91999999999999993E9	-1.47437095044371258E2
3.00000000000000089E0	1.93000000000000016E9	-1.47330438057532231E2
3.00000000000000089E0	1.93999999999999995E9	-1.47221582920519123E2
3.00000000000000089E0	1.94999999999999996E9	-1.47110491579122327E2
3.00000000000000089E0	1.96000000000000019E9	-1.46997124057140915E2
3.00000000000000089E0	1.96999999999999997E9	-1.46881438262818054E2
3.00000000000000089E0	1.97999999999999998E9	-1.46763389859824889E2
3.00000000000000089E0	1.98999999999999977E9	-1.46642932129922654E2
3.00000000000000089E0	2.00000000000000000E9	-1.46520015839076967E2
3.00000000000000089E0	2.01000000000000023E9	-1.46394589022995625E2
3.00000000000000089E0	2.02000000000000002E9	-1.46266596780368685E2
3.00000000000000089E0	2.03000000000000025E9	-1.46135981109764512E2
3.00000000000000089E0	2.04000000000000004E9	-1.46002680667482099E2
3.00000000000000089E0	2.04999999999999982E9	-1.45866630479868276E2
3.00000000000000089E0	2.06000000000000005E9	-1.45727761641325393E2
3.00000000000000089E0	2.06999999999999984E9	-1.45586001071284588E2
3.00000000000000089E0	2.08000000000000007E9	-1.45441271119574833E2
3.00000000000000089E0	2.08999999999999986E9	-1.45293489145964783E2
3.00000000000000089E0	2.10000000000000009E9	-1.45142567151283464E2
3.00000000000000089E0	2.11000000000000032E9	-1.44988411278926077E2
3.00000000000000089E0	2.12000000000000011E9	-1.44830921248275635E2
3.00000000000000089E0	2.12999999999999989E9	-1.44669989820893585E2
3.00000000000000089E0	2.13999999999999968E9	-1.44505502097831307E2
3.00000000000000089E0	2.14999999999999991E9	-1.44337334792464222E2
3.00000000000000089E0	2.16000000000000014E9	-1.44165355472103363E2
3.00000000000000089E0	2.16999999999999993E9	-1.43989421582807298E2
3.00000000000000089E0	2.18000000000000016E9	-1.43809379532887927E2
3.00000000000000089E0	2.18999999999999995E9	-1.43625063551615684E2
3.00000000000000089E0	2.20000000000000018E9	-1.43436294537620168E2
3.00000000000000089E0	2.20999999999999996E9	-1.43242878704226606E2
3.00000000000000089E0	2.21999999999999975E9	-1.43044606227335325E2
3.00000000000000089E0	2.22999999999999998E9	-1.42841249707632723E2
3.00000000000000089E0	2.23999999999999977E9	-1.42632562558950382E2
3.00000000000000089E0	2.25000000000000000E9	-1.42418277413654493E2
3.00000000000000089E0	2.26000000000000023E9	-1.42198104385464208E2
3.00000000000000089E0	2.27000000000000002E9	-1.41971729465035246E2
3.00000000000000089E0	2.28000000000000025E9	-1.41738813014202281E2
3.00000000000000089E0	2.29000000000000004E9	-1.41498988514751201E2
3.00000000000000089E0	2.29999999999999982E9	-1.41251861740542206E2
3.00000000000000089E0	2.31000000000000005E9	-1.40997010647931198E2
3.00000000000000089E0	2.31999999999999984E9	-1.40733986183338655E2
3.00000000000000089E0	2.33000000000000007E9	-1.40462314613814487E2
3.00000000000000089E0	2.33999999999999986E9	-1.40181501738815051E2
3.00000000000000089E0	2.35000000000000009E9	-1.39891039854278554E2
3.00000000000000089E0	2.36000000000000032E9	-1.39590418154510476E2
3.00000000000000089E0	2.37000000000000011E9	-1.39279137645294870E2
3.00000000000000089E0	2.37999999999999989E9	-1.38956731509828124E2
3.00000000000000089E0	2.38999999999999968E9	-1.38622791639781484E2
3.00000000000000089E0	2.39999999999999991E9	-1.38277001366450691E2
3.00000000000000089E0	2.41000000000000014E9	-1.37919172441830717E2
3.00000000000000089E0	2.41999999999999993E9	-1.37549280129523810E2
3.00000000000000089E0	2.43000000000000016E9	-1.37167481191179474E2
3.00000000000000089E0	2.43999999999999995E9	-1.36774081297194572E2
3.00000000000000089E0	2.45000000000000018E9	-1.36369378906461192E2
3.00000000000000089E0	2.45999999999999996E9	-1.35953229094852701E2
3.00000000000000089E0	2.46999999999999975E9	-1.35523981934173365E2
3.00000000000000089E0	2.47999999999999998E9	-1.35075993054635668E2
3.00000000000000089E0	2.48999999999999977E9	-1.34593693581512364E2
3.00000000000000089E0	2.50000000000000000E9	-1.34036615528722969E2
3.00000000000000089E0	2.51000000000000023E9	-1.33297655052899655E2
3.00000000000000089E0	2.52000000000000002E9	-1.32070131787265543E2
3.00000000000000089E0	2.53000000000000025E9	-1.29358394202847604E2
3.00000000000000089E0	2.54000000000000004E9	-1.22026233125651418E2
3.00000000000000089E0	2.54999999999999982E9	-1.25930285444063328E2
3.00000000000000089E0	2.56000000000000005E9	-1.30870583277421426E2
3.00000000000000089E0	2.56999999999999984E9	-1.32760661443298145E2
3.00000000000000089E0	2.58000000000000007E9	-1.33720689955154004E2
3.00000000000000089E0	2.58999999999999986E9	-1.34360193420787466E2
3.00000000000000089E0	2.60000000000000009E9	-1.34876479378891978E2
3.00000000000000089E0	2.61000000000000032E9	-1.35340670641946081E2
3.00000000000000089E0	2.62000000000000011E9	-1.35779791715817399E2
3.00000000000000089E0	2.62999999999999989E9	-1.36203951228482611E2
3.00000000000000089E0	2.63999999999999968E9	-1.36616492276688972E2
3.00000000000000089E0	2.64999999999999991E9	-1.37018107811262380E2
3.00000000000000089E0	2.66000000000000014E9	-1.37408578594205477E2
3.00000000000000089E0	2.66999999999999993E9	-1.37787502754173952E2
3.00000000000000089E0	2.68000000000000016E9	-1.38154580065834631E2
3.00000000000000089E0	2.68999999999999995E9	-1.38509698149132321E2
3.00000000000000089E0	2.70000000000000018E9	-1.38852933845834392E2
3.00000000000000089E0	2.70999999999999996E9	-1.39184522319189385E2
3.00000000000000089E0	2.71999999999999975E9	-1.39504817722354590E2
3.00000000000000089E0	2.72999999999999998E9	-1.39814255869777382E2
3.00000000000000089E0	2.73999999999999977E9	-1.40113322747966640E2
3.00000000000000089E0	2.75000000000000000E9	-1.40402529662298603E2
3.00000000000000089E0	2.76000000000000023E9	-1.40682394545132095E2
3.00000000000000089E0	2.77000000000000002E9	-1.40953428525521129E2
3.00000000000000089E0	2.78000000000000025E9	-1.41216126666603214E2
3.00000000000000089E0	2.79000000000000004E9	-1.41470961940425211E2
3.00000000000000089E0	2.79999999999999982E9	-1.41718381684847161E2
3.00000000000000089E0	2.81000000000000005E9	-1.41958805801927745E2
3.00000000000000089E0	2.81999999999999984E9	-1.42192626259504817E2
3.00000000000000089E0	2.83000000000000007E9	-1.42420207481029193E2
3.00000000000000089E0	2.83999999999999986E9	-1.42641887286512548E2
3.00000000000000089E0	2.85000000000000009E9	-1.42857978312630385E2
3.00000000000000089E0	2.86000000000000032E9	-1.43068769454331890E2
3.00000000000000089E0	2.87000000000000011E9	-1.43274527630357396E2
3.00000000000000089E0	2.87999999999999989E9	-1.43475499382692151E2
3.00000000000000089E0	2.88999999999999968E9	-1.43671912552275005E2
3.00000000000000089E0	2.89999999999999991E9	-1.43863977832814061E2
3.00000000000000089E0	2.91000000000000014E9	-1.44051890241215452E2
3.00000000000000089E0	2.91999999999999993E9	-1.44235830531847542E2
3.00000000000000089E0	2.93000000000000016E9	-1.44415966409273677E2
3.00000000000000089E0	2.93999999999999995E9	-1.44592453735145110E2
3.00000000000000089E0	2.95000000000000018E9	-1.44765437576173817E2
3.00000000000000089E0	2.95999999999999996E9	-1.44935053150877402E2
3.00000000000000089E0	2.96999999999999975E9	-1.45101426724378801E2
3.00000000000000089E0	2.97999999999999998E9	-1.45264676366765810E2
3.00000000000000089E0	2.98999999999999977E9	-1.45424912664720951E2
3.00000000000000089E0	3.00000000000000000E9	-1.45582239386136547E2

var_c	indep(index, 1)	plot_vs(pnmx, noisefreq)[9, ::]
3.10000000000000098E0	3.00000000000000000E8	-1.41298037147980549E2
3.10000000000000098E0	3.10000000000000009E8	-1.41574118131784354E2
3.10000000000000098E0	3.20000000000000018E8	-1.41840854898551250E2
3.10000000000000098E0	3.29999999999999982E8	-1.42098801031248678E2
3.10000000000000098E0	3.39999999999999991E8	-1.42348459788247839E2
3.10000000000000098E0	3.50000000000000000E8	-1.42590290596637503E2
3.10000000000000098E0	3.60000000000000009E8	-1.42824713265501146E2
3.10000000000000098E0	3.70000000000000018E8	-1.43052112793955954E2
3.10000000000000098E0	3.79999999999999982E8	-1.43272842812023038E2
3.10000000000000098E0	3.89999999999999991E8	-1.43487229083034151E2
3.10000000000000098E0	4.00000000000000000E8	-1.43695572077516731E2
3.10000000000000098E0	4.09999999999999964E8	-1.43898149605165737E2
3.10000000000000098E0	4.20000000000000018E8	-1.44095218954452564E2
3.10000000000000098E0	4.29999999999999982E8	-1.44287018845036141E2
3.10000000000000098E0	4.40000000000000036E8	-1.44473770988154548E2
3.10000000000000098E0	4.50000000000000000E8	-1.44655681861206631E2
3.10000000000000098E0	4.59999999999999964E8	-1.44832943859350616E2
3.10000000000000098E0	4.70000000000000018E8	-1.45005736500733118E2
3.10000000000000098E0	4.79999999999999982E8	-1.45174227526043986E2
3.10000000000000098E0	4.90000000000000036E8	-1.45338574121513120E2
3.10000000000000098E0	5.00000000000000000E8	-1.45498923112692702E2
3.10000000000000098E0	5.09999999999999964E8	-1.45655412573651688E2
3.10000000000000098E0	5.20000000000000018E8	-1.45808171995582492E2
3.10000000000000098E0	5.29999999999999982E8	-1.45957322962475611E2
3.10000000000000098E0	5.40000000000000036E8	-1.46102979947533074E2
3.10000000000000098E0	5.50000000000000000E8	-1.46245250669880811E2
3.10000000000000098E0	5.59999999999999964E8	-1.46384236708183946E2
3.10000000000000098E0	5.70000000000000018E8	-1.46520033751945045E2
3.10000000000000098E0	5.79999999999999982E8	-1.46652732141729047E2
3.10000000000000098E0	5.90000000000000036E8	-1.46782417146013944E2
3.10000000000000098E0	6.00000000000000000E8	-1.46909169462865452E2
3.10000000000000098E0	6.09999999999999964E8	-1.47033065224743664E2
3.10000000000000098E0	6.20000000000000018E8	-1.47154176631515798E2
3.10000000000000098E0	6.29999999999999982E8	-1.47272571944582564E2
3.10000000000000098E0	6.40000000000000036E8	-1.47388315758986677E2
3.10000000000000098E0	6.50000000000000000E8	-1.47501469416396325E2
3.10000000000000098E0	6.59999999999999964E8	-1.47612090962129328E2
3.10000000000000098E0	6.70000000000000018E8	-1.47720235491310548E2
3.10000000000000098E0	6.79999999999999982E8	-1.47825955297410760E2
3.10000000000000098E0	6.90000000000000036E8	-1.47929299960486071E2
3.10000000000000098E0	7.00000000000000000E8	-1.48030316538247364E2
3.10000000000000098E0	7.09999999999999964E8	-1.48129049850275396E2
3.10000000000000098E0	7.20000000000000018E8	-1.48225542251191733E2
3.10000000000000098E0	7.29999999999999982E8	-1.48319834226370562E2
3.10000000000000098E0	7.40000000000000036E8	-1.48411964057805479E2
3.10000000000000098E0	7.50000000000000000E8	-1.48501968268691931E2
3.10000000000000098E0	7.59999999999999964E8	-1.48589881466454243E2
3.10000000000000098E0	7.70000000000000018E8	-1.48675736586514740E2
3.10000000000000098E0	7.79999999999999982E8	-1.48759565005542838E2
3.10000000000000098E0	7.90000000000000036E8	-1.48841396487837985E2
3.10000000000000098E0	8.00000000000000000E8	-1.48921259396674999E2
3.10000000000000098E0	8.09999999999999964E8	-1.48999180714231128E2
3.10000000000000098E0	8.19999999999999929E8	-1.49075185974593349E2
3.10000000000000098E0	8.30000000000000071E8	-1.49149299590037199E2
3.10000000000000098E0	8.40000000000000036E8	-1.49221544728671174E2
3.10000000000000098E0	8.50000000000000000E8	-1.49291943405676752E2
3.10000000000000098E0	8.59999999999999964E8	-1.49360516542254418E2
3.10000000000000098E0	8.69999999999999929E8	-1.49427284106375602E2
3.10000000000000098E0	8.80000000000000071E8	-1.49492264992817891E2
3.10000000000000098E0	8.90000000000000036E8	-1.49555477139845783E2
3.10000000000000098E0	9.00000000000000000E8	-1.49616937705830644E2
3.10000000000000098E0	9.09999999999999964E8	-1.49676662802831340E2
3.10000000000000098E0	9.19999999999999929E8	-1.49734667950168387E2
3.10000000000000098E0	9.30000000000000071E8	-1.49790967737178171E2
3.10000000000000098E0	9.40000000000000036E8	-1.49845575995467417E2
3.10000000000000098E0	9.50000000000000000E8	-1.49898505885125966E2
3.10000000000000098E0	9.59999999999999964E8	-1.49949769988479065E2
3.10000000000000098E0	9.69999999999999929E8	-1.49999380026454454E2
3.10000000000000098E0	9.80000000000000071E8	-1.50047347233219286E2
3.10000000000000098E0	9.90000000000000036E8	-1.50093682227866565E2
3.10000000000000098E0	1.00000000000000000E9	-1.50138395092676324E2
3.10000000000000098E0	1.01000000000000001E9	-1.50181495262189957E2
3.10000000000000098E0	1.02000000000000002E9	-1.50222991746229928E2
3.10000000000000098E0	1.03000000000000003E9	-1.50262893041146306E2
3.10000000000000098E0	1.04000000000000004E9	-1.50301207124274439E2
3.10000000000000098E0	1.05000000000000004E9	-1.50337941519352425E2
3.10000000000000098E0	1.06000000000000005E9	-1.50373103364930016E2
3.10000000000000098E0	1.06999999999999984E9	-1.50406699375973751E2
3.10000000000000098E0	1.08000000000000007E9	-1.50438735796374168E2
3.10000000000000098E0	1.09000000000000008E9	-1.50469218573227748E2
3.10000000000000098E0	1.10000000000000009E9	-1.50498153233904808E2
3.10000000000000098E0	1.10999999999999988E9	-1.50525544897413455E2
3.10000000000000098E0	1.11999999999999988E9	-1.50551398512636436E2
3.10000000000000098E0	1.13000000000000012E9	-1.50575718517557022E2
3.10000000000000098E0	1.14000000000000012E9	-1.50598509195053376E2
3.10000000000000098E0	1.14999999999999991E9	-1.50619774454189725E2
3.10000000000000098E0	1.15999999999999992E9	-1.50639517875441364E2
3.10000000000000098E0	1.16999999999999993E9	-1.50657742771070002E2
3.10000000000000098E0	1.18000000000000016E9	-1.50674452334834852E2
3.10000000000000098E0	1.18999999999999995E9	-1.50689649290589167E2
3.10000000000000098E0	1.19999999999999996E9	-1.50703336266234600E2
3.10000000000000098E0	1.20999999999999996E9	-1.50715515612748341E2
3.10000000000000098E0	1.21999999999999997E9	-1.50726189389649123E2
3.10000000000000098E0	1.22999999999999998E9	-1.50735359483081655E2
3.10000000000000098E0	1.23999999999999999E9	-1.50743027571364197E2
3.10000000000000098E0	1.25000000000000000E9	-1.50749195083829046E2
3.10000000000000098E0	1.26000000000000001E9	-1.50753863294267432E2
3.10000000000000098E0	1.27000000000000002E9	-1.50757033207319147E2
3.10000000000000098E0	1.28000000000000003E9	-1.50758705698410589E2
3.10000000000000098E0	1.29000000000000004E9	-1.50758881365324471E2
3.10000000000000098E0	1.30000000000000004E9	-1.50757560702568494E2
3.10000000000000098E0	1.31000000000000005E9	-1.50754743946559810E2
3.10000000000000098E0	1.31999999999999984E9	-1.50750431199233326E2
3.10000000000000098E0	1.33000000000000007E9	-1.50744622378210469E2
3.10000000000000098E0	1.34000000000000008E9	-1.50737317150063044E2
3.10000000000000098E0	1.35000000000000009E9	-1.50728515098183102E2
3.10000000000000098E0	1.35999999999999988E9	-1.50718215489854646E2
3.10000000000000098E0	1.36999999999999988E9	-1.50706417529066217E2
3.10000000000000098E0	1.38000000000000012E9	-1.50693120206840847E2
3.10000000000000098E0	1.39000000000000012E9	-1.50678322289262545E2
3.10000000000000098E0	1.39999999999999991E9	-1.50662022347067248E2
3.10000000000000098E0	1.40999999999999992E9	-1.50644218818136388E2
3.10000000000000098E0	1.41999999999999993E9	-1.50624909907285431E2
3.10000000000000098E0	1.43000000000000016E9	-1.50604093592018318E2
3.10000000000000098E0	1.43999999999999995E9	-1.50581767745302497E2
3.10000000000000098E0	1.44999999999999996E9	-1.50557929862755868E2
3.10000000000000098E0	1.45999999999999996E9	-1.50532577371567156E2
3.10000000000000098E0	1.46999999999999997E9	-1.50505707456471582E2
3.10000000000000098E0	1.47999999999999998E9	-1.50477317012248002E2
3.10000000000000098E0	1.48999999999999999E9	-1.50447402719225520E2
3.10000000000000098E0	1.50000000000000000E9	-1.50415961076164084E2
3.10000000000000098E0	1.51000000000000001E9	-1.50382988245498872E2
3.10000000000000098E0	1.52000000000000002E9	-1.50348480147772867E2
3.10000000000000098E0	1.53000000000000003E9	-1.50312432532252327E2
3.10000000000000098E0	1.54000000000000004E9	-1.50274840726490022E2
3.10000000000000098E0	1.55000000000000004E9	-1.50235699827286351E2
3.10000000000000098E0	1.56000000000000005E9	-1.50195004650045716E2
3.10000000000000098E0	1.56999999999999984E9	-1.50152749687500253E2
3.10000000000000098E0	1.58000000000000007E9	-1.50108929076554554E2
3.10000000000000098E0	1.59000000000000008E9	-1.50063536641428952E2
3.10000000000000098E0	1.60000000000000009E9	-1.50016565839775007E2
3.10000000000000098E0	1.61000000000000010E9	-1.49968009769988364E2
3.10000000000000098E0	1.61999999999999988E9	-1.49917861140168385E2
3.10000000000000098E0	1.63000000000000012E9	-1.49866112237317317E2
3.10000000000000098E0	1.63999999999999990E9	-1.49812754994008168E2
3.10000000000000098E0	1.64999999999999991E9	-1.49757780835968601E2
3.10000000000000098E0	1.66000000000000014E9	-1.49701180731467742E2
3.10000000000000098E0	1.66999999999999993E9	-1.49642945278398942E2
3.10000000000000098E0	1.68000000000000016E9	-1.49583064462541615E2
3.10000000000000098E0	1.68999999999999995E9	-1.49521527762328410E2
3.10000000000000098E0	1.69999999999999996E9	-1.49458324218662941E2
3.10000000000000098E0	1.71000000000000019E9	-1.49393442233488205E2
3.10000000000000098E0	1.71999999999999997E9	-1.49326869581249144E2
3.10000000000000098E0	1.72999999999999998E9	-1.49258593507933357E2
3.10000000000000098E0	1.73999999999999977E9	-1.49188600595182552E2
3.10000000000000098E0	1.75000000000000000E9	-1.49116876710540014E2
3.10000000000000098E0	1.76000000000000023E9	-1.49043407072218459E2
3.10000000000000098E0	1.77000000000000002E9	-1.48968176123813723E2
3.10000000000000098E0	1.78000000000000003E9	-1.48891167579062755E2
3.10000000000000098E0	1.78999999999999981E9	-1.48812364340360404E2
3.10000000000000098E0	1.80000000000000004E9	-1.48731748442322842E2
3.10000000000000098E0	1.81000000000000005E9	-1.48649301058857297E2
3.10000000000000098E0	1.81999999999999984E9	-1.48565002461797913E2
3.10000000000000098E0	1.83000000000000007E9	-1.48478831911520226E2
3.10000000000000098E0	1.83999999999999986E9	-1.48390767685097669E2
3.10000000000000098E0	1.85000000000000009E9	-1.48300786995954370E2
3.10000000000000098E0	1.86000000000000010E9	-1.48208865914499821E2
3.10000000000000098E0	1.86999999999999988E9	-1.48114979327957408E2
3.10000000000000098E0	1.88000000000000012E9	-1.48019100921925117E2
3.10000000000000098E0	1.88999999999999990E9	-1.47921203021259973E2
3.10000000000000098E0	1.89999999999999991E9	-1.47821256633623754E2
3.10000000000000098E0	1.91000000000000014E9	-1.47719231241616678E2
3.10000000000000098E0	1.91999999999999993E9	-1.47615094834868854E2
3.10000000000000098E0	1.93000000000000016E9	-1.47508813761626922E2
3.10000000000000098E0	1.93999999999999995E9	-1.47400352614425523E2
3.10000000000000098E0	1.94999999999999996E9	-1.47289674218010913E2
3.10000000000000098E0	1.96000000000000019E9	-1.47176739366779596E2
3.10000000000000098E0	1.96999999999999997E9	-1.47061506839116074E2
3.10000000000000098E0	1.97999999999999998E9	-1.46943933177936015E2
3.10000000000000098E0	1.98999999999999977E9	-1.46823972542690684E2
3.10000000000000098E0	2.00000000000000000E9	-1.46701576611618867E2
3.10000000000000098E0	2.01000000000000023E9	-1.46576694307119726E2
3.10000000000000098E0	2.02000000000000002E9	-1.46449271654672808E2
3.10000000000000098E0	2.03000000000000025E9	-1.46319251556947116E2
3.10000000000000098E0	2.04000000000000004E9	-1.46186573513515006E2
3.10000000000000098E0	2.04999999999999982E9	-1.46051173381108068E2
3.10000000000000098E0	2.06000000000000005E9	-1.45912983084992276E2
3.10000000000000098E0	2.06999999999999984E9	-1.45771930214903778E2
3.10000000000000098E0	2.08000000000000007E9	-1.45627937727163514E2
3.10000000000000098E0	2.08999999999999986E9	-1.45480923504725501E2
3.10000000000000098E0	2.10000000000000009E9	-1.45330799839172586E2
3.10000000000000098E0	2.11000000000000032E9	-1.45177472996360901E2
3.10000000000000098E0	2.12000000000000011E9	-1.45020842561849950E2
3.10000000000000098E0	2.12999999999999989E9	-1.44860800819364388E2
3.10000000000000098E0	2.13999999999999968E9	-1.44697232035023648E2
3.10000000000000098E0	2.14999999999999991E9	-1.44530011601921538E2
3.10000000000000098E0	2.16000000000000014E9	-1.44359005171966936E2
3.10000000000000098E0	2.16999999999999993E9	-1.44184067621199885E2
3.10000000000000098E0	2.18000000000000016E9	-1.44005041910932663E2
3.10000000000000098E0	2.18999999999999995E9	-1.43821757835383268E2
3.10000000000000098E0	2.20000000000000018E9	-1.43634030647065969E2
3.10000000000000098E0	2.20999999999999996E9	-1.43441659496966567E2
3.10000000000000098E0	2.21999999999999975E9	-1.43244425789340357E2
3.10000000000000098E0	2.22999999999999998E9	-1.43042091322850906E2
3.10000000000000098E0	2.23999999999999977E9	-1.42834396368733252E2
3.10000000000000098E0	2.25000000000000000E9	-1.42621057555881281E2
3.10000000000000098E0	2.26000000000000023E9	-1.42401765740908348E2
3.10000000000000098E0	2.27000000000000002E9	-1.42176183769471054E2
3.10000000000000098E0	2.28000000000000025E9	-1.41943944379197928E2
3.10000000000000098E0	2.29000000000000004E9	-1.41704648196054817E2
3.10000000000000098E0	2.29999999999999982E9	-1.41457862105550047E2
3.10000000000000098E0	2.31000000000000005E9	-1.41203118245237569E2
3.10000000000000098E0	2.31999999999999984E9	-1.40939913823322671E2
3.10000000000000098E0	2.33000000000000007E9	-1.40667712449381566E2
3.10000000000000098E0	2.33999999999999986E9	-1.40385947230406138E2
3.10000000000000098E0	2.35000000000000009E9	-1.40094026690740625E2
3.10000000000000098E0	2.36000000000000032E9	-1.39791344174652421E2
3.10000000000000098E0	2.37000000000000011E9	-1.39477291910468892E2
3.10000000000000098E0	2.37999999999999989E9	-1.39151280725088466E2
3.10000000000000098E0	2.38999999999999968E9	-1.38812766257732134E2
3.10000000000000098E0	2.39999999999999991E9	-1.38461281529368940E2
3.10000000000000098E0	2.41000000000000014E9	-1.38096473533922959E2
3.10000000000000098E0	2.41999999999999993E9	-1.37718136545611491E2
3.10000000000000098E0	2.43000000000000016E9	-1.37326223566113126E2
3.10000000000000098E0	2.43999999999999995E9	-1.36920795021365560E2
3.10000000000000098E0	2.45000000000000018E9	-1.36501814141964473E2
3.10000000000000098E0	2.45999999999999996E9	-1.36068591744758693E2
3.10000000000000098E0	2.46999999999999975E9	-1.35618437783708901E2
3.10000000000000098E0	2.47999999999999998E9	-1.35143473762049271E2
3.10000000000000098E0	2.48999999999999977E9	-1.34622933392670974E2
3.10000000000000098E0	2.50000000000000000E9	-1.34003368444918780E2
3.10000000000000098E0	2.51000000000000023E9	-1.33142384569236283E2
3.10000000000000098E0	2.52000000000000002E9	-1.31626736319905757E2
3.10000000000000098E0	2.53000000000000025E9	-1.28112768730467286E2
3.10000000000000098E0	2.54000000000000004E9	-1.16897632716871236E2
3.10000000000000098E0	2.54999999999999982E9	-1.27730620111098236E2
3.10000000000000098E0	2.56000000000000005E9	-1.31546452428258265E2
3.10000000000000098E0	2.56999999999999984E9	-1.33149036429501799E2
3.10000000000000098E0	2.58000000000000007E9	-1.34036509852937824E2
3.10000000000000098E0	2.58999999999999986E9	-1.34664801383735844E2
3.10000000000000098E0	2.60000000000000009E9	-1.35188744989416754E2
3.10000000000000098E0	2.61000000000000032E9	-1.35665720900277109E2
3.10000000000000098E0	2.62000000000000011E9	-1.36117778386547483E2
3.10000000000000098E0	2.62999999999999989E9	-1.36553179894173016E2
3.10000000000000098E0	2.63999999999999968E9	-1.36974682119863433E2
3.10000000000000098E0	2.64999999999999991E9	-1.37382933904880189E2
3.10000000000000098E0	2.66000000000000014E9	-1.37777904245017346E2
3.10000000000000098E0	2.66999999999999993E9	-1.38159467218084830E2
3.10000000000000098E0	2.68000000000000016E9	-1.38527616555180888E2
3.10000000000000098E0	2.68999999999999995E9	-1.38882518955502521E2
3.10000000000000098E0	2.70000000000000018E9	-1.39224501298729741E2
3.10000000000000098E0	2.70999999999999996E9	-1.39554015224831751E2
3.10000000000000098E0	2.71999999999999975E9	-1.39871598242150741E2
3.10000000000000098E0	2.72999999999999998E9	-1.40177839061747789E2
3.10000000000000098E0	2.73999999999999977E9	-1.40473349721195762E2
3.10000000000000098E0	2.75000000000000000E9	-1.40758744444965544E2
3.10000000000000098E0	2.76000000000000023E9	-1.41034624567622258E2
3.10000000000000098E0	2.77000000000000002E9	-1.41301568260658206E2
3.10000000000000098E0	2.78000000000000025E9	-1.41560124102447871E2
3.10000000000000098E0	2.79000000000000004E9	-1.41810807431723118E2
3.10000000000000098E0	2.79999999999999982E9	-1.42054098791445260E2
3.10000000000000098E0	2.81000000000000005E9	-1.42290443842301650E2
3.10000000000000098E0	2.81999999999999984E9	-1.42520254248916611E2
3.10000000000000098E0	2.83000000000000007E9	-1.42743909199008900E2
3.10000000000000098E0	2.83999999999999986E9	-1.42961757352814289E2
3.10000000000000098E0	2.85000000000000009E9	-1.43174118940743389E2
3.10000000000000098E0	2.86000000000000032E9	-1.43381287943253199E2
3.10000000000000098E0	2.87000000000000011E9	-1.43583534311409089E2
3.10000000000000098E0	2.87999999999999989E9	-1.43781106006115578E2
3.10000000000000098E0	2.88999999999999968E9	-1.43974231019413468E2
3.10000000000000098E0	2.89999999999999991E9	-1.44163119178026533E2
3.10000000000000098E0	2.91000000000000014E9	-1.44347963925810019E2
3.10000000000000098E0	2.91999999999999993E9	-1.44528943794759579E2
3.10000000000000098E0	2.93000000000000016E9	-1.44706223876914009E2
3.10000000000000098E0	2.93999999999999995E9	-1.44879957081153865E2
3.10000000000000098E0	2.95000000000000018E9	-1.45050285308278326E2
3.10000000000000098E0	2.95999999999999996E9	-1.45217340474104839E2
3.10000000000000098E0	2.96999999999999975E9	-1.45381245443918772E2
3.10000000000000098E0	2.97999999999999998E9	-1.45542114853650917E2
3.10000000000000098E0	2.98999999999999977E9	-1.45700055870514023E2
3.10000000000000098E0	3.00000000000000000E9	-1.45855168872947694E2

var_c	indep(index, 1)	plot_vs(pnmx, noisefreq)[10, ::]
3.20000000000000107E0	3.00000000000000000E8	-1.41442194580181169E2
3.20000000000000107E0	3.10000000000000009E8	-1.41718260233399218E2
3.20000000000000107E0	3.20000000000000018E8	-1.41984981254757825E2
3.20000000000000107E0	3.29999999999999982E8	-1.42242911300474573E2
3.20000000000000107E0	3.39999999999999991E8	-1.42492553711003422E2
3.20000000000000107E0	3.50000000000000000E8	-1.42734367769202075E2
3.20000000000000107E0	3.60000000000000009E8	-1.42968773379459724E2
3.20000000000000107E0	3.70000000000000018E8	-1.43196155592033225E2
3.20000000000000107E0	3.79999999999999982E8	-1.43416867968294470E2
3.20000000000000107E0	3.89999999999999991E8	-1.43631236275916252E2
3.20000000000000107E0	4.00000000000000000E8	-1.43839561042805242E2
3.20000000000000107E0	4.09999999999999964E8	-1.44042120029666476E2
3.20000000000000107E0	4.20000000000000018E8	-1.44239170561848051E2
3.20000000000000107E0	4.29999999999999982E8	-1.44430951353859571E2
3.20000000000000107E0	4.40000000000000036E8	-1.44617684124965296E2
3.20000000000000107E0	4.50000000000000000E8	-1.44799575375897627E2
3.20000000000000107E0	4.59999999999999964E8	-1.44976817464611885E2
3.20000000000000107E0	4.70000000000000018E8	-1.45149589910063304E2
3.20000000000000107E0	4.79999999999999982E8	-1.45318060543677663E2
3.20000000000000107E0	4.90000000000000036E8	-1.45482386413229103E2
3.20000000000000107E0	5.00000000000000000E8	-1.45642714520211203E2
3.20000000000000107E0	5.09999999999999964E8	-1.45799182759234469E2
3.20000000000000107E0	5.20000000000000018E8	-1.45951920698715254E2
3.20000000000000107E0	5.29999999999999982E8	-1.46101049986122389E2
3.20000000000000107E0	5.40000000000000036E8	-1.46246685014462852E2
3.20000000000000107E0	5.50000000000000000E8	-1.46388933554579337E2
3.20000000000000107E0	5.59999999999999964E8	-1.46527897194487933E2
3.20000000000000107E0	5.70000000000000018E8	-1.46663671561176634E2
3.20000000000000107E0	5.79999999999999982E8	-1.46796347084625101E2
3.20000000000000107E0	5.90000000000000036E8	-1.46926009025386195E2
3.20000000000000107E0	6.00000000000000000E8	-1.47052738001740368E2
3.20000000000000107E0	6.09999999999999964E8	-1.47176610275644082E2
3.20000000000000107E0	6.20000000000000018E8	-1.47297697938145067E2
3.20000000000000107E0	6.29999999999999982E8	-1.47416069303003838E2
3.20000000000000107E0	6.40000000000000036E8	-1.47531789017634440E2
3.20000000000000107E0	6.50000000000000000E8	-1.47644918352495913E2
3.20000000000000107E0	6.59999999999999964E8	-1.47755515360980416E2
3.20000000000000107E0	6.70000000000000018E8	-1.47863635221793044E2
3.20000000000000107E0	6.79999999999999982E8	-1.47969330190817683E2
3.20000000000000107E0	6.90000000000000036E8	-1.48072649801855172E2
3.20000000000000107E0	7.00000000000000000E8	-1.48173641234674625E2
3.20000000000000107E0	7.09999999999999964E8	-1.48272349183316887E2
3.20000000000000107E0	7.20000000000000018E8	-1.48368816203836218E2
3.20000000000000107E0	7.29999999999999982E8	-1.48463082528919155E2
3.20000000000000107E0	7.40000000000000036E8	-1.48555186646559934E2
3.20000000000000107E0	7.50000000000000000E8	-1.48645165046572769E2
3.20000000000000107E0	7.59999999999999964E8	-1.48733052268561328E2
3.20000000000000107E0	7.70000000000000018E8	-1.48818881387557722E2
3.20000000000000107E0	7.79999999999999982E8	-1.48902683730633534E2
3.20000000000000107E0	7.90000000000000036E8	-1.48984489065625580E2
3.20000000000000107E0	8.00000000000000000E8	-1.49064325756888305E2
3.20000000000000107E0	8.09999999999999964E8	-1.49142220792245328E2
3.20000000000000107E0	8.19999999999999929E8	-1.49218199736868118E2
3.20000000000000107E0	8.30000000000000071E8	-1.49292287029696480E2
3.20000000000000107E0	8.40000000000000036E8	-1.49364505810019432E2
3.20000000000000107E0	8.50000000000000000E8	-1.49434878128688409E2
3.20000000000000107E0	8.59999999999999964E8	-1.49503424976717447E2
3.20000000000000107E0	8.69999999999999929E8	-1.49570166228273771E2
3.20000000000000107E0	8.80000000000000071E8	-1.49635120872876493E2
3.20000000000000107E0	8.90000000000000036E8	-1.49698306826066085E2
3.20000000000000107E0	9.00000000000000000E8	-1.49759741267951130E2
3.20000000000000107E0	9.09999999999999964E8	-1.49819440392151315E2
3.20000000000000107E0	9.19999999999999929E8	-1.49877419594587780E2
3.20000000000000107E0	9.30000000000000071E8	-1.49933693571694415E2
3.20000000000000107E0	9.40000000000000036E8	-1.49988276183034186E2
3.20000000000000107E0	9.50000000000000000E8	-1.50041180624374371E2
3.20000000000000107E0	9.59999999999999964E8	-1.50092419362552509E2
3.20000000000000107E0	9.69999999999999929E8	-1.50142004313797384E2
3.20000000000000107E0	9.80000000000000071E8	-1.50189946620372661E2
3.20000000000000107E0	9.90000000000000036E8	-1.50236256954843372E2
3.20000000000000107E0	1.00000000000000000E9	-1.50280945420009315E2
3.20000000000000107E0	1.01000000000000001E9	-1.50324021444007805E2
3.20000000000000107E0	1.02000000000000002E9	-1.50365494096702146E2
3.20000000000000107E0	1.03000000000000003E9	-1.50405371865652571E2
3.20000000000000107E0	1.04000000000000004E9	-1.50443662768711395E2
3.20000000000000107E0	1.05000000000000004E9	-1.50480374346257362E2
3.20000000000000107E0	1.06000000000000005E9	-1.50515513785114097E2
3.20000000000000107E0	1.06999999999999984E9	-1.50549087753575361E2
3.20000000000000107E0	1.08000000000000007E9	-1.50581102603581485E2
3.20000000000000107E0	1.09000000000000008E9	-1.50611564281474974E2
3.20000000000000107E0	1.10000000000000009E9	-1.50640478258219868E2
3.20000000000000107E0	1.10999999999999988E9	-1.50667849803949605E2
3.20000000000000107E0	1.11999999999999988E9	-1.50693683840137682E2
3.20000000000000107E0	1.13000000000000012E9	-1.50717984837411789E2
3.20000000000000107E0	1.14000000000000012E9	-1.50740757096531208E2
3.20000000000000107E0	1.14999999999999991E9	-1.50762004551964934E2
3.20000000000000107E0	1.15999999999999992E9	-1.50781730838086370E2
3.20000000000000107E0	1.16999999999999993E9	-1.50799939332955790E2
3.20000000000000107E0	1.18000000000000016E9	-1.50816633136202194E2
3.20000000000000107E0	1.18999999999999995E9	-1.50831815152053861E2
3.20000000000000107E0	1.19999999999999996E9	-1.50845487944779366E2
3.20000000000000107E0	1.20999999999999996E9	-1.50857653910658573E2
3.20000000000000107E0	1.21999999999999997E9	-1.50868315173403866E2
3.20000000000000107E0	1.22999999999999998E9	-1.50877473671393969E2
3.20000000000000107E0	1.23999999999999999E9	-1.50885131091539315E2
3.20000000000000107E0	1.25000000000000000E9	-1.50891288893964592E2
3.20000000000000107E0	1.26000000000000001E9	-1.50895948404366842E2
3.20000000000000107E0	1.27000000000000002E9	-1.50899110687674076E2
3.20000000000000107E0	1.28000000000000003E9	-1.50900776601589581E2
3.20000000000000107E0	1.29000000000000004E9	-1.50900946870640329E2
3.20000000000000107E0	1.30000000000000004E9	-1.50899622009388334E2
3.20000000000000107E0	1.31000000000000005E9	-1.50896802273751507E2
3.20000000000000107E0	1.31999999999999984E9	-1.50892487854217783E2
3.20000000000000107E0	1.33000000000000007E9	-1.50886678665083673E2
3.20000000000000107E0	1.34000000000000008E9	-1.50879374431156399E2
3.20000000000000107E0	1.35000000000000009E9	-1.50870574822461179E2
3.20000000000000107E0	1.35999999999999988E9	-1.50860279193984237E2
3.20000000000000107E0	1.36999999999999988E9	-1.50848486742074783E2
3.20000000000000107E0	1.38000000000000012E9	-1.50835196563141283E2
3.20000000000000107E0	1.39000000000000012E9	-1.50820407426696423E2
3.20000000000000107E0	1.39999999999999991E9	-1.50804118030689782E2
3.20000000000000107E0	1.40999999999999992E9	-1.50786326871955167E2
3.20000000000000107E0	1.41999999999999993E9	-1.50767032197485906E2
3.20000000000000107E0	1.43000000000000016E9	-1.50746232081708165E2
3.20000000000000107E0	1.43999999999999995E9	-1.50723924426680922E2
3.20000000000000107E0	1.44999999999999996E9	-1.50700106893794783E2
3.20000000000000107E0	1.45999999999999996E9	-1.50674776956912293E2
3.20000000000000107E0	1.46999999999999997E9	-1.50647931828255222E2
3.20000000000000107E0	1.47999999999999998E9	-1.50619568561615891E2
3.20000000000000107E0	1.48999999999999999E9	-1.50589683921650930E2
3.20000000000000107E0	1.50000000000000000E9	-1.50558274482856302E2
3.20000000000000107E0	1.51000000000000001E9	-1.50525336516317010E2
3.20000000000000107E0	1.52000000000000002E9	-1.50490866095574805E2
3.20000000000000107E0	1.53000000000000003E9	-1.50454858986112994E2
3.20000000000000107E0	1.54000000000000004E9	-1.50417310698312323E2
3.20000000000000107E0	1.55000000000000004E9	-1.50378216467366843E2
3.20000000000000107E0	1.56000000000000005E9	-1.50337571193372765E2
3.20000000000000107E0	1.56999999999999984E9	-1.50295369530531242E2
3.20000000000000107E0	1.58000000000000007E9	-1.50251605749965078E2
3.20000000000000107E0	1.59000000000000008E9	-1.50206273816832980E2
3.20000000000000107E0	1.60000000000000009E9	-1.50159367337247329E2
3.20000000000000107E0	1.61000000000000010E9	-1.50110879604707703E2
3.20000000000000107E0	1.61999999999999988E9	-1.50060803468747150E2
3.20000000000000107E0	1.63000000000000012E9	-1.50009131397713302E2
3.20000000000000107E0	1.63999999999999990E9	-1.49955855518808656E2
3.20000000000000107E0	1.64999999999999991E9	-1.49900967471821245E2
3.20000000000000107E0	1.66000000000000014E9	-1.49844458413425974E2
3.20000000000000107E0	1.66999999999999993E9	-1.49786319120537659E2
3.20000000000000107E0	1.68000000000000016E9	-1.49726539887092591E2
3.20000000000000107E0	1.68999999999999995E9	-1.49665110402450918E2
3.20000000000000107E0	1.69999999999999996E9	-1.49602019915238205E2
3.20000000000000107E0	1.71000000000000019E9	-1.49537257125679668E2
3.20000000000000107E0	1.71999999999999997E9	-1.49470810115958641E2
3.20000000000000107E0	1.72999999999999998E9	-1.49402666388292760E2
3.20000000000000107E0	1.73999999999999977E9	-1.49332812823992955E2
3.20000000000000107E0	1.75000000000000000E9	-1.49261235644800028E2
3.20000000000000107E0	1.76000000000000023E9	-1.49187920396741491E2
3.20000000000000107E0	1.77000000000000002E9	-1.49112851884891251E2
3.20000000000000107E0	1.78000000000000003E9	-1.49036014195884503E2
3.20000000000000107E0	1.78999999999999981E9	-1.48957390610662377E2
3.20000000000000107E0	1.80000000000000004E9	-1.48876963624257797E2
3.20000000000000107E0	1.81000000000000005E9	-1.48794714793516758E2
3.20000000000000107E0	1.81999999999999984E9	-1.48710624881837705E2
3.20000000000000107E0	1.83000000000000007E9	-1.48624673622541326E2
3.20000000000000107E0	1.83999999999999986E9	-1.48536839801290710E2
3.20000000000000107E0	1.85000000000000009E9	-1.48447101149113458E2
3.20000000000000107E0	1.86000000000000010E9	-1.48355434303142708E2
3.20000000000000107E0	1.86999999999999988E9	-1.48261814727841346E2
3.20000000000000107E0	1.88000000000000012E9	-1.48166216722380151E2
3.20000000000000107E0	1.88999999999999990E9	-1.48068613254809245E2
3.20000000000000107E0	1.89999999999999991E9	-1.47968975970388250E2
3.20000000000000107E0	1.91000000000000014E9	-1.47867275082625360E2
3.20000000000000107E0	1.91999999999999993E9	-1.47763479270267384E2
3.20000000000000107E0	1.93000000000000016E9	-1.47657555659458195E2
3.20000000000000107E0	1.93999999999999995E9	-1.47549469648078890E2
3.20000000000000107E0	1.94999999999999996E9	-1.47439184797969203E2
3.20000000000000107E0	1.96000000000000019E9	-1.47326662817197351E2
3.20000000000000107E0	1.96999999999999997E9	-1.47211863310337243E2
3.20000000000000107E0	1.97999999999999998E9	-1.47094743709422504E2
3.20000000000000107E0	1.98999999999999977E9	-1.46975259102046563E2
3.20000000000000107E0	2.00000000000000000E9	-1.46853362064640480E2
3.20000000000000107E0	2.01000000000000023E9	-1.46729002484751070E2
3.20000000000000107E0	2.02000000000000002E9	-1.46602127309845742E2
3.20000000000000107E0	2.03000000000000025E9	-1.46472680371231778E2
3.20000000000000107E0	2.04000000000000004E9	-1.46340602107807638E2
3.20000000000000107E0	2.04999999999999982E9	-1.46205829277252231E2
3.20000000000000107E0	2.06000000000000005E9	-1.46068294637555085E2
3.20000000000000107E0	2.06999999999999984E9	-1.45927926590972601E2
3.20000000000000107E0	2.08000000000000007E9	-1.45784648791780902E2
3.20000000000000107E0	2.08999999999999986E9	-1.45638379694432385E2
3.20000000000000107E0	2.10000000000000009E9	-1.45489032087402603E2
3.20000000000000107E0	2.11000000000000032E9	-1.45336512451082744E2
3.20000000000000107E0	2.12000000000000011E9	-1.45180720421863230E2
3.20000000000000107E0	2.12999999999999989E9	-1.45021548007074386E2
3.20000000000000107E0	2.13999999999999968E9	-1.44858878833132398E2
3.20000000000000107E0	2.14999999999999991E9	-1.44692587225360003E2
3.20000000000000107E0	2.16000000000000014E9	-1.44522537197825462E2
3.20000000000000107E0	2.16999999999999993E9	-1.44348581327947545E2
3.20000000000000107E0	2.18000000000000016E9	-1.44170559488047134E2
3.20000000000000107E0	2.18999999999999995E9	-1.43988297413799460E2
3.20000000000000107E0	2.20000000000000018E9	-1.43801605122199416E2
3.20000000000000107E0	2.20999999999999996E9	-1.43610275151374678E2
3.20000000000000107E0	2.21999999999999975E9	-1.43414080597629590E2
3.20000000000000107E0	2.22999999999999998E9	-1.43212773016962669E2
3.20000000000000107E0	2.23999999999999977E9	-1.43006080022290183E2
3.20000000000000107E0	2.25000000000000000E9	-1.42793702866513050E2
3.20000000000000107E0	2.26000000000000023E9	-1.42575313683364358E2
3.20000000000000107E0	2.27000000000000002E9	-1.42350552758841542E2
3.20000000000000107E0	2.28000000000000025E9	-1.42119025710119873E2
3.20000000000000107E0	2.29000000000000004E9	-1.41880300757207278E2
3.20000000000000107E0	2.29999999999999982E9	-1.41633906216841243E2
3.20000000000000107E0	2.31000000000000005E9	-1.41379328516870317E2
3.20000000000000107E0	2.31999999999999984E9	-1.41116011023953658E2
3.20000000000000107E0	2.33000000000000007E9	-1.40843354126016207E2
3.20000000000000107E0	2.33999999999999986E9	-1.40560717204209484E2
3.20000000000000107E0	2.35000000000000009E9	-1.40267423277589165E2
3.20000000000000107E0	2.36000000000000032E9	-1.39962767198931992E2
3.20000000000000107E0	2.37000000000000011E9	-1.39646028624809126E2
3.20000000000000107E0	2.37999999999999989E9	-1.39316490803556459E2
3.20000000000000107E0	2.38999999999999968E9	-1.38973466052671268E2
3.20000000000000107E0	2.39999999999999991E9	-1.38616327788627358E2
3.20000000000000107E0	2.41000000000000014E9	-1.38244546221406361E2
3.20000000000000107E0	2.41999999999999993E9	-1.37857718948498253E2
3.20000000000000107E0	2.43000000000000016E9	-1.37455574575778283E2
3.20000000000000107E0	2.43999999999999995E9	-1.37037899559449605E2
3.20000000000000107E0	2.45000000000000018E9	-1.36604277564628518E2
3.20000000000000107E0	2.45999999999999996E9	-1.36153396319725428E2
3.20000000000000107E0	2.46999999999999975E9	-1.35681363344401373E2
3.20000000000000107E0	2.47999999999999998E9	-1.35177689041709503E2
3.20000000000000107E0	2.48999999999999977E9	-1.34615450037960005E2
3.20000000000000107E0	2.50000000000000000E9	-1.33925572446928198E2
3.20000000000000107E0	2.51000000000000023E9	-1.32922485715091399E2
3.20000000000000107E0	2.52000000000000002E9	-1.31061741187315528E2
3.20000000000000107E0	2.53000000000000025E9	-1.26606243549533293E2
3.20000000000000107E0	2.54000000000000004E9	-1.21518795166938753E2
3.20000000000000107E0	2.54999999999999982E9	-1.29014535842516453E2
3.20000000000000107E0	2.56000000000000005E9	-1.32081504677518025E2
3.20000000000000107E0	2.56999999999999984E9	-1.33483824740164669E2
3.20000000000000107E0	2.58000000000000007E9	-1.34320647425467521E2
3.20000000000000107E0	2.58999999999999986E9	-1.34943308847210575E2
3.20000000000000107E0	2.60000000000000009E9	-1.35475624698327923E2
3.20000000000000107E0	2.61000000000000032E9	-1.35964427109251118E2
3.20000000000000107E0	2.62000000000000011E9	-1.36427868640488903E2
3.20000000000000107E0	2.62999999999999989E9	-1.36872799764651942E2
3.20000000000000107E0	2.63999999999999968E9	-1.37301588973674549E2
3.20000000000000107E0	2.64999999999999991E9	-1.37714935278929462E2
3.20000000000000107E0	2.66000000000000014E9	-1.38113037468618716E2
3.20000000000000107E0	2.66999999999999993E9	-1.38496058406795397E2
3.20000000000000107E0	2.68000000000000016E9	-1.38864282634089076E2
3.20000000000000107E0	2.68999999999999995E9	-1.39218144117976794E2
3.20000000000000107E0	2.70000000000000018E9	-1.39558203772334877E2
3.20000000000000107E0	2.70999999999999996E9	-1.39885112271028000E2
3.20000000000000107E0	2.71999999999999975E9	-1.40199573021057566E2
3.20000000000000107E0	2.72999999999999998E9	-1.40502311154489834E2
3.20000000000000107E0	2.73999999999999977E9	-1.40794049599649784E2
3.20000000000000107E0	2.75000000000000000E9	-1.41075491947076204E2
3.20000000000000107E0	2.76000000000000023E9	-1.41347310912129731E2
3.20000000000000107E0	2.77000000000000002E9	-1.41610141227507036E2
3.20000000000000107E0	2.78000000000000025E9	-1.41864575888390099E2
3.20000000000000107E0	2.79000000000000004E9	-1.42111164734758932E2
3.20000000000000107E0	2.79999999999999982E9	-1.42350414820508520E2
3.20000000000000107E0	2.81000000000000005E9	-1.42582791837182477E2
3.20000000000000107E0	2.81999999999999984E9	-1.42808722269446697E2
3.20000000000000107E0	2.83000000000000007E9	-1.43028596000959141E2
3.20000000000000107E0	2.83999999999999986E9	-1.43242768998159953E2
3.20000000000000107E0	2.85000000000000009E9	-1.43451566232612571E2
3.20000000000000107E0	2.86000000000000032E9	-1.43655284313184484E2
3.20000000000000107E0	2.87000000000000011E9	-1.43854194179966766E2
3.20000000000000107E0	2.87999999999999989E9	-1.44048543534216833E2
3.20000000000000107E0	2.88999999999999968E9	-1.44238559098687769E2
3.20000000000000107E0	2.89999999999999991E9	-1.44424448750611800E2
3.20000000000000107E0	2.91000000000000014E9	-1.44606403356015911E2
3.20000000000000107E0	2.91999999999999993E9	-1.44784598503513751E2
3.20000000000000107E0	2.93000000000000016E9	-1.44959196057236239E2
3.20000000000000107E0	2.93999999999999995E9	-1.45130345495448609E2
3.20000000000000107E0	2.95000000000000018E9	-1.45298185182152828E2
3.20000000000000107E0	2.95999999999999996E9	-1.45462843424832533E2
3.20000000000000107E0	2.96999999999999975E9	-1.45624439495643365E2
3.20000000000000107E0	2.97999999999999998E9	-1.45783084447054101E2
3.20000000000000107E0	2.98999999999999977E9	-1.45938881929653030E2
3.20000000000000107E0	3.00000000000000000E9	-1.46091928851684161E2

var_c	indep(index, 1)	plot_vs(pnmx, noisefreq)[11, ::]
3.30000000000000115E0	3.00000000000000000E8	-1.41562976209119329E2
3.30000000000000115E0	3.10000000000000009E8	-1.41839029189603516E2
3.30000000000000115E0	3.20000000000000018E8	-1.42105737237374230E2
3.30000000000000115E0	3.29999999999999982E8	-1.42363653801160917E2
3.30000000000000115E0	3.39999999999999991E8	-1.42613282521041240E2
3.30000000000000115E0	3.50000000000000000E8	-1.42855082525558119E2
3.30000000000000115E0	3.60000000000000009E8	-1.43089473716974624E2
3.30000000000000115E0	3.70000000000000018E8	-1.43316841178085541E2
3.30000000000000115E0	3.79999999999999982E8	-1.43537538527301889E2
3.30000000000000115E0	3.89999999999999991E8	-1.43751891489868799E2
3.30000000000000115E0	4.00000000000000000E8	-1.43960200591459642E2
3.30000000000000115E0	4.09999999999999964E8	-1.44162743660412884E2
3.30000000000000115E0	4.20000000000000018E8	-1.44359777969067382E2
3.30000000000000115E0	4.29999999999999982E8	-1.44551542201771577E2
3.30000000000000115E0	4.40000000000000036E8	-1.44738258165939326E2
3.30000000000000115E0	4.50000000000000000E8	-1.44920132327608786E2
3.30000000000000115E0	4.59999999999999964E8	-1.45097357036353003E2
3.30000000000000115E0	4.70000000000000018E8	-1.45270111865190854E2
3.30000000000000115E0	4.79999999999999982E8	-1.45438564586564167E2
3.30000000000000115E0	4.90000000000000036E8	-1.45602872281336171E2
3.30000000000000115E0	5.00000000000000000E8	-1.45763181929898211E2
3.30000000000000115E0	5.09999999999999964E8	-1.45919631477685474E2
3.30000000000000115E0	5.20000000000000018E8	-1.46072350443217025E2
3.30000000000000115E0	5.29999999999999982E8	-1.46221460490028332E2
3.30000000000000115E0	5.40000000000000036E8	-1.46367076082540604E2
3.30000000000000115E0	5.50000000000000000E8	-1.46509305013343183E2
3.30000000000000115E0	5.59999999999999964E8	-1.46648248678011539E2
3.30000000000000115E0	5.70000000000000018E8	-1.46784002878584463E2
3.30000000000000115E0	5.79999999999999982E8	-1.46916658009739765E2
3.30000000000000115E0	5.90000000000000036E8	-1.47046299331581309E2
3.30000000000000115E0	6.00000000000000000E8	-1.47173007445108750E2
3.30000000000000115E0	6.09999999999999964E8	-1.47296858703313793E2
3.30000000000000115E0	6.20000000000000018E8	-1.47417925088167245E2
3.30000000000000115E0	6.29999999999999982E8	-1.47536274964263958E2
3.30000000000000115E0	6.40000000000000036E8	-1.47651972971938417E2
3.30000000000000115E0	6.50000000000000000E8	-1.47765080430905971E2
3.30000000000000115E0	6.59999999999999964E8	-1.47875655419842111E2
3.30000000000000115E0	6.70000000000000018E8	-1.47983753060590240E2
3.30000000000000115E0	6.79999999999999982E8	-1.48089425521514184E2
3.30000000000000115E0	6.90000000000000036E8	-1.48192722591787263E2
3.30000000000000115E0	7.00000000000000000E8	-1.48293691274383255E2
3.30000000000000115E0	7.09999999999999964E8	-1.48392376378677904E2
3.30000000000000115E0	7.20000000000000018E8	-1.48488820270519062E2
3.30000000000000115E0	7.29999999999999982E8	-1.48583063463043130E2
3.30000000000000115E0	7.40000000000000036E8	-1.48675144264794534E2
3.30000000000000115E0	7.50000000000000000E8	-1.48765099185393734E2
3.30000000000000115E0	7.59999999999999964E8	-1.48852962891911789E2
3.30000000000000115E0	7.70000000000000018E8	-1.48938768370031616E2
3.30000000000000115E0	7.79999999999999982E8	-1.49022546973098047E2
3.30000000000000115E0	7.90000000000000036E8	-1.49104328474853864E2
3.30000000000000115E0	8.00000000000000000E8	-1.49184141270820536E2
3.30000000000000115E0	8.09999999999999964E8	-1.49262012302701486E2
3.30000000000000115E0	8.19999999999999929E8	-1.49337967246695191E2
3.30000000000000115E0	8.30000000000000071E8	-1.49412030462598522E2
3.30000000000000115E0	8.40000000000000036E8	-1.49484225147634442E2
3.30000000000000115E0	8.50000000000000000E8	-1.49554573373921129E2
3.30000000000000115E0	8.59999999999999964E8	-1.49623096106010012E2
3.30000000000000115E0	8.69999999999999929E8	-1.49689813261261451E2
3.30000000000000115E0	8.80000000000000071E8	-1.49754743777348653E2
3.30000000000000115E0	8.90000000000000036E8	-1.49817905732863332E2
3.30000000000000115E0	9.00000000000000000E8	-1.49879316139434171E2
3.30000000000000115E0	9.09999999999999964E8	-1.49938991317598780E2
3.30000000000000115E0	9.19999999999999929E8	-1.49996946649001139E2
3.30000000000000115E0	9.30000000000000071E8	-1.50053196881771056E2
3.30000000000000115E0	9.40000000000000036E8	-1.50107755827025957E2
3.30000000000000115E0	9.50000000000000000E8	-1.50160636714112128E2
3.30000000000000115E0	9.59999999999999964E8	-1.50211852083915343E2
3.30000000000000115E0	9.69999999999999929E8	-1.50261413761514828E2
3.30000000000000115E0	9.80000000000000071E8	-1.50309333003043322E2
3.30000000000000115E0	9.90000000000000036E8	-1.50355620473922813E2
3.30000000000000115E0	1.00000000000000000E9	-1.50400286263102267E2
3.30000000000000115E0	1.01000000000000001E9	-1.50443339861105807E2
3.30000000000000115E0	1.02000000000000002E9	-1.50484790314923633E2
3.30000000000000115E0	1.03000000000000003E9	-1.50524646166450160E2
3.30000000000000115E0	1.04000000000000004E9	-1.50562915399901875E2
3.30000000000000115E0	1.05000000000000004E9	-1.50599605695700700E2
3.30000000000000115E0	1.06000000000000005E9	-1.50634724142651732E2
3.30000000000000115E0	1.06999999999999984E9	-1.50668277454307908E2
3.30000000000000115E0	1.08000000000000007E9	-1.50700272040317373E2
3.30000000000000115E0	1.09000000000000008E9	-1.50730713792208038E2
3.30000000000000115E0	1.10000000000000009E9	-1.50759608342266738E2
3.30000000000000115E0	1.10999999999999988E9	-1.50786960917207580E2
3.30000000000000115E0	1.11999999999999988E9	-1.50812776412815497E2
3.30000000000000115E0	1.13000000000000012E9	-1.50837059384110206E2
3.30000000000000115E0	1.14000000000000012E9	-1.50859814120793012E2
3.30000000000000115E0	1.14999999999999991E9	-1.50881044606777559E2
3.30000000000000115E0	1.15999999999999992E9	-1.50900754492082889E2
3.30000000000000115E0	1.16999999999999993E9	-1.50918947200282139E2
3.30000000000000115E0	1.18000000000000016E9	-1.50935625910034932E2
3.30000000000000115E0	1.18999999999999995E9	-1.50950793435648078E2
3.30000000000000115E0	1.19999999999999996E9	-1.50964452471122046E2
3.30000000000000115E0	1.20999999999999996E9	-1.50976605378329043E2
3.30000000000000115E0	1.21999999999999997E9	-1.50987254412799188E2
3.30000000000000115E0	1.22999999999999998E9	-1.50996401403857172E2
3.30000000000000115E0	1.23999999999999999E9	-1.51004048182694572E2
3.30000000000000115E0	1.25000000000000000E9	-1.51010196199608759E2
3.30000000000000115E0	1.26000000000000001E9	-1.51014846862201857E2
3.30000000000000115E0	1.27000000000000002E9	-1.51018001224629139E2
3.30000000000000115E0	1.28000000000000003E9	-1.51019660221750796E2
3.30000000000000115E0	1.29000000000000004E9	-1.51019824599562047E2
3.30000000000000115E0	1.30000000000000004E9	-1.51018494919488222E2
3.30000000000000115E0	1.31000000000000005E9	-1.51015671478758984E2
3.30000000000000115E0	1.31999999999999984E9	-1.51011354507414053E2
3.30000000000000115E0	1.33000000000000007E9	-1.51005543996578995E2
3.30000000000000115E0	1.34000000000000008E9	-1.50998239707022086E2
3.30000000000000115E0	1.35000000000000009E9	-1.50989441338410257E2
3.30000000000000115E0	1.35999999999999988E9	-1.50979148291786913E2
3.30000000000000115E0	1.36999999999999988E9	-1.50967359869004603E2
3.30000000000000115E0	1.38000000000000012E9	-1.50954075173032209E2
3.30000000000000115E0	1.39000000000000012E9	-1.50939293086062887E2
3.30000000000000115E0	1.39999999999999991E9	-1.50923012353286801E2
3.30000000000000115E0	1.40999999999999992E9	-1.50905231472886592E2
3.30000000000000115E0	1.41999999999999993E9	-1.50885948828462757E2
3.30000000000000115E0	1.43000000000000016E9	-1.50865162537208763E2
3.30000000000000115E0	1.43999999999999995E9	-1.50842870596610679E2
3.30000000000000115E0	1.44999999999999996E9	-1.50819070718499626E2
3.30000000000000115E0	1.45999999999999996E9	-1.50793760439598890E2
3.30000000000000115E0	1.46999999999999997E9	-1.50766937111404964E2
3.30000000000000115E0	1.47999999999999998E9	-1.50738597826889786E2
3.30000000000000115E0	1.48999999999999999E9	-1.50708739456837471E2
3.30000000000000115E0	1.50000000000000000E9	-1.50677358659925087E2
3.30000000000000115E0	1.51000000000000001E9	-1.50644451829466552E2
3.30000000000000115E0	1.52000000000000002E9	-1.50610015105182837E2
3.30000000000000115E0	1.53000000000000003E9	-1.50574044404238583E2
3.30000000000000115E0	1.54000000000000004E9	-1.50536535327506837E2
3.30000000000000115E0	1.55000000000000004E9	-1.50497483204984617E2
3.30000000000000115E0	1.56000000000000005E9	-1.50456883111709172E2
3.30000000000000115E0	1.56999999999999984E9	-1.50414729780772616E2
3.30000000000000115E0	1.58000000000000007E9	-1.50371017619693492E2
3.30000000000000115E0	1.59000000000000008E9	-1.50325740785253004E2
3.30000000000000115E0	1.60000000000000009E9	-1.50278893025578331E2
3.30000000000000115E0	1.61000000000000010E9	-1.50230467726252392E2
3.30000000000000115E0	1.61999999999999988E9	-1.50180457960430602E2
3.30000000000000115E0	1.63000000000000012E9	-1.50128856387458387E2
3.30000000000000115E0	1.63999999999999990E9	-1.50075655237216332E2
3.30000000000000115E0	1.64999999999999991E9	-1.50020846366305816E2
3.30000000000000115E0	1.66000000000000014E9	-1.49964421203711540E2
3.30000000000000115E0	1.66999999999999993E9	-1.49906370672598710E2
3.30000000000000115E0	1.68000000000000016E9	-1.49846685286349879E2
3.30000000000000115E0	1.68999999999999995E9	-1.49785354973235885E2
3.30000000000000115E0	1.69999999999999996E9	-1.49722369261677613E2
3.30000000000000115E0	1.71000000000000019E9	-1.49657717070377827E2
3.30000000000000115E0	1.71999999999999997E9	-1.49591386747531718E2
3.30000000000000115E0	1.72999999999999998E9	-1.49523366124627399E2
3.30000000000000115E0	1.73999999999999977E9	-1.49453642351097171E2
3.30000000000000115E0	1.75000000000000000E9	-1.49382201949259219E2
3.30000000000000115E0	1.76000000000000023E9	-1.49309030815799382E2
3.30000000000000115E0	1.77000000000000002E9	-1.49234114113672600E2
3.30000000000000115E0	1.78000000000000003E9	-1.49157436283087064E2
3.30000000000000115E0	1.78999999999999981E9	-1.49078981009408307E2
3.30000000000000115E0	1.80000000000000004E9	-1.48998731155209652E2
3.30000000000000115E0	1.81000000000000005E9	-1.48916668759823700E2
3.30000000000000115E0	1.81999999999999984E9	-1.48832774987083694E2
3.30000000000000115E0	1.83000000000000007E9	-1.48747030073660547E2
3.30000000000000115E0	1.83999999999999986E9	-1.48659413288175379E2
3.30000000000000115E0	1.85000000000000009E9	-1.48569902879134252E2
3.30000000000000115E0	1.86000000000000010E9	-1.48478476025711936E2
3.30000000000000115E0	1.86999999999999988E9	-1.48385108786139908E2
3.30000000000000115E0	1.88000000000000012E9	-1.48289776056637601E2
3.30000000000000115E0	1.88999999999999990E9	-1.48192451419691862E2
3.30000000000000115E0	1.89999999999999991E9	-1.48093107193370099E2
3.30000000000000115E0	1.91000000000000014E9	-1.47991714277774489E2
3.30000000000000115E0	1.91999999999999993E9	-1.47888242086917421E2
3.30000000000000115E0	1.93000000000000016E9	-1.47782658466654260E2
3.30000000000000115E0	1.93999999999999995E9	-1.47674929613056527E2
3.30000000000000115E0	1.94999999999999996E9	-1.47565019922268270E2
3.30000000000000115E0	1.96000000000000019E9	-1.47452891898510896E2
3.30000000000000115E0	1.96999999999999997E9	-1.47338506042968964E2
3.30000000000000115E0	1.97999999999999998E9	-1.47221820690040683E2
3.30000000000000115E0	1.98999999999999977E9	-1.47102791844597447E2
3.30000000000000115E0	2.00000000000000000E9	-1.46981373015852879E2
3.30000000000000115E0	2.01000000000000023E9	-1.46857515063220245E2
3.30000000000000115E0	2.02000000000000002E9	-1.46731165885361858E2
3.30000000000000115E0	2.03000000000000025E9	-1.46602270302581372E2
3.30000000000000115E0	2.04000000000000004E9	-1.46470769704446857E2
3.30000000000000115E0	2.04999999999999982E9	-1.46336601790863829E2
3.30000000000000115E0	2.06000000000000005E9	-1.46199700259966270E2
3.30000000000000115E0	2.06999999999999984E9	-1.46059994335186660E2
3.30000000000000115E0	2.08000000000000007E9	-1.45917408489421008E2
3.30000000000000115E0	2.08999999999999986E9	-1.45771861863843477E2
3.30000000000000115E0	2.10000000000000009E9	-1.45623267798248746E2
3.30000000000000115E0	2.11000000000000032E9	-1.45471533159378863E2
3.30000000000000115E0	2.12000000000000011E9	-1.45316557765974852E2
3.30000000000000115E0	2.12999999999999989E9	-1.45158233527559788E2
3.30000000000000115E0	2.13999999999999968E9	-1.44996443623979343E2
3.30000000000000115E0	2.14999999999999991E9	-1.44831061532881011E2
3.30000000000000115E0	2.16000000000000014E9	-1.44661949872419004E2
3.30000000000000115E0	2.16999999999999993E9	-1.44488959232148018E2
3.30000000000000115E0	2.18000000000000016E9	-1.44311926700807991E2
3.30000000000000115E0	2.18999999999999995E9	-1.44130674294519290E2
3.30000000000000115E0	2.20000000000000018E9	-1.43945007208604348E2
3.30000000000000115E0	2.20999999999999996E9	-1.43754711774836563E2
3.30000000000000115E0	2.21999999999999975E9	-1.43559553293827280E2
3.30000000000000115E0	2.22999999999999998E9	-1.43359273543328292E2
3.30000000000000115E0	2.23999999999999977E9	-1.43153588094418138E2
3.30000000000000115E0	2.25000000000000000E9	-1.42942183319997107E2
3.30000000000000115E0	2.26000000000000023E9	-1.42724713261675018E2
3.30000000000000115E0	2.27000000000000002E9	-1.42500796218956416E2
3.30000000000000115E0	2.28000000000000025E9	-1.42270011261256313E2
3.30000000000000115E0	2.29000000000000004E9	-1.42031894710125473E2
3.30000000000000115E0	2.29999999999999982E9	-1.41785936714327399E2
3.30000000000000115E0	2.31000000000000005E9	-1.41531578246599277E2
3.30000000000000115E0	2.31999999999999984E9	-1.41268208795826156E2
3.30000000000000115E0	2.33000000000000007E9	-1.40995165185848204E2
3.30000000000000115E0	2.33999999999999986E9	-1.40711732237385356E2
3.30000000000000115E0	2.35000000000000009E9	-1.40417145936585008E2
3.30000000000000115E0	2.36000000000000032E9	-1.40110600287576359E2
3.30000000000000115E0	2.37000000000000011E9	-1.39791258877333457E2
3.30000000000000115E0	2.37999999999999989E9	-1.39458272402570516E2
3.30000000000000115E0	2.38999999999999968E9	-1.39110803123504967E2
3.30000000000000115E0	2.39999999999999991E9	-1.38748055819201710E2
3.30000000000000115E0	2.41000000000000014E9	-1.38369311978033327E2
3.30000000000000115E0	2.41999999999999993E9	-1.37973956974424228E2
3.30000000000000115E0	2.43000000000000016E9	-1.37561474229239544E2
3.30000000000000115E0	2.43999999999999995E9	-1.37131346923009456E2
3.30000000000000115E0	2.45000000000000018E9	-1.36682733561513858E2
3.30000000000000115E0	2.45999999999999996E9	-1.36213616580466335E2
3.30000000000000115E0	2.46999999999999975E9	-1.35718728782134379E2
3.30000000000000115E0	2.47999999999999998E9	-1.35184561291707839E2
3.30000000000000115E0	2.48999999999999977E9	-1.34576974770620317E2
3.30000000000000115E0	2.50000000000000000E9	-1.33808305627178803E2
3.30000000000000115E0	2.51000000000000023E9	-1.32640935067671362E2
3.30000000000000115E0	2.52000000000000002E9	-1.30372837296233079E2
3.30000000000000115E0	2.53000000000000025E9	-1.24905382373363394E2
3.30000000000000115E0	2.54000000000000004E9	-1.23740706878781226E2
3.30000000000000115E0	2.54999999999999982E9	-1.29970088537357675E2
3.30000000000000115E0	2.56000000000000005E9	-1.32519636710146749E2
3.30000000000000115E0	2.56999999999999984E9	-1.33778766397543514E2
3.30000000000000115E0	2.58000000000000007E9	-1.34580187936974438E2
3.30000000000000115E0	2.58999999999999986E9	-1.35201101321959216E2
3.30000000000000115E0	2.60000000000000009E9	-1.35742040690033905E2
3.30000000000000115E0	2.61000000000000032E9	-1.36241626838320107E2
3.30000000000000115E0	2.62000000000000011E9	-1.36714960784064155E2
3.30000000000000115E0	2.62999999999999989E9	-1.37167837055493647E2
3.30000000000000115E0	2.63999999999999968E9	-1.37602399429536559E2
3.30000000000000115E0	2.64999999999999991E9	-1.38019471919909043E2
3.30000000000000115E0	2.66000000000000014E9	-1.38419512728212202E2
3.30000000000000115E0	2.66999999999999993E9	-1.38802978614721328E2
3.30000000000000115E0	2.68000000000000016E9	-1.39170437051470985E2
3.30000000000000115E0	2.68999999999999995E9	-1.39522574909378072E2
3.30000000000000115E0	2.70000000000000018E9	-1.39860170093516190E2
3.30000000000000115E0	2.70999999999999996E9	-1.40184054681050974E2
3.30000000000000115E0	2.71999999999999975E9	-1.40495081096252550E2
3.30000000000000115E0	2.72999999999999998E9	-1.40794095260418484E2
3.30000000000000115E0	2.73999999999999977E9	-1.41081916988224121E2
3.30000000000000115E0	2.75000000000000000E9	-1.41359326814866337E2
3.30000000000000115E0	2.76000000000000023E9	-1.41627058036607600E2
3.30000000000000115E0	2.77000000000000002E9	-1.41885792599097837E2
3.30000000000000115E0	2.78000000000000025E9	-1.42136159878184176E2
3.30000000000000115E0	2.79000000000000004E9	-1.42378737417551693E2
3.30000000000000115E0	2.79999999999999982E9	-1.42614052960595128E2
3.30000000000000115E0	2.81000000000000005E9	-1.42842587312845914E2
3.30000000000000115E0	2.81999999999999984E9	-1.43064777687864586E2
3.30000000000000115E0	2.83000000000000007E9	-1.43281021136582831E2
3.30000000000000115E0	2.83999999999999986E9	-1.43491678126202760E2
3.30000000000000115E0	2.85000000000000009E9	-1.43697075886556713E2
3.30000000000000115E0	2.86000000000000032E9	-1.43897511689714541E2
3.30000000000000115E0	2.87000000000000011E9	-1.44093255816851462E2
3.30000000000000115E0	2.87999999999999989E9	-1.44284554346223159E2
3.30000000000000115E0	2.88999999999999968E9	-1.44471631662535982E2
3.30000000000000115E0	2.89999999999999991E9	-1.44654692741077939E2
3.30000000000000115E0	2.91000000000000014E9	-1.44833925192014967E2
3.30000000000000115E0	2.91999999999999993E9	-1.45009501080473857E2
3.30000000000000115E0	2.93000000000000016E9	-1.45181578580625170E2
3.30000000000000115E0	2.93999999999999995E9	-1.45350303397791802E2
3.30000000000000115E0	2.95000000000000018E9	-1.45515810107125043E2
3.30000000000000115E0	2.95999999999999996E9	-1.45678223237132776E2
3.30000000000000115E0	2.96999999999999975E9	-1.45837658311304108E2
3.30000000000000115E0	2.97999999999999998E9	-1.45994222732116552E2
3.30000000000000115E0	2.98999999999999977E9	-1.46148016592442831E2
3.30000000000000115E0	3.00000000000000000E9	-1.46299133337022091E2

var_c	indep(index, 1)	plot_vs(pnmx, noisefreq)[12, ::]
3.40000000000000124E0	3.00000000000000000E8	-1.41664878429304730E2
3.40000000000000124E0	3.10000000000000009E8	-1.41940920884483424E2
3.40000000000000124E0	3.20000000000000018E8	-1.42207618120545654E2
3.40000000000000124E0	3.29999999999999982E8	-1.42465523577466469E2
3.40000000000000124E0	3.39999999999999991E8	-1.42715140807865071E2
3.40000000000000124E0	3.50000000000000000E8	-1.42956928922772830E2
3.40000000000000124E0	3.60000000000000009E8	-1.43191307971179027E2
3.40000000000000124E0	3.70000000000000018E8	-1.43418662909582029E2
3.40000000000000124E0	3.79999999999999982E8	-1.43639347447666865E2
3.40000000000000124E0	3.89999999999999991E8	-1.43853687263123620E2
3.40000000000000124E0	4.00000000000000000E8	-1.44061982871691230E2
3.40000000000000124E0	4.09999999999999964E8	-1.44264512192725602E2
3.40000000000000124E0	4.20000000000000018E8	-1.44461532458200104E2
3.40000000000000124E0	4.29999999999999982E8	-1.44653282331469812E2
3.40000000000000124E0	4.40000000000000036E8	-1.44839983624169721E2
3.40000000000000124E0	4.50000000000000000E8	-1.45021842880023288E2
3.40000000000000124E0	4.59999999999999964E8	-1.45199052372057946E2
3.40000000000000124E0	4.70000000000000018E8	-1.45371791718401555E2
3.40000000000000124E0	4.79999999999999982E8	-1.45540228709783159E2
3.40000000000000124E0	4.90000000000000036E8	-1.45704520348888500E2
3.40000000000000124E0	5.00000000000000000E8	-1.45864813728417397E2
3.40000000000000124E0	5.09999999999999964E8	-1.46021246764074908E2
3.40000000000000124E0	5.20000000000000018E8	-1.46173948951966626E2
3.40000000000000124E0	5.29999999999999982E8	-1.46323041959266731E2
3.40000000000000124E0	5.40000000000000036E8	-1.46468640245124537E2
3.40000000000000124E0	5.50000000000000000E8	-1.46610851542920573E2
3.40000000000000124E0	5.59999999999999964E8	-1.46749777449369567E2
3.40000000000000124E0	5.70000000000000018E8	-1.46885513676603274E2
3.40000000000000124E0	5.79999999999999982E8	-1.47018150538967918E2
3.40000000000000124E0	5.90000000000000036E8	-1.47147773332229503E2
3.40000000000000124E0	6.00000000000000000E8	-1.47274462779563775E2
3.40000000000000124E0	6.09999999999999964E8	-1.47398295070758900E2
3.40000000000000124E0	6.20000000000000018E8	-1.47519342346923099E2
3.40000000000000124E0	6.29999999999999982E8	-1.47637672850909385E2
3.40000000000000124E0	6.40000000000000036E8	-1.47753351366715746E2
3.40000000000000124E0	6.50000000000000000E8	-1.47866439070402378E2
3.40000000000000124E0	6.59999999999999964E8	-1.47976994117454130E2
3.40000000000000124E0	6.70000000000000018E8	-1.48085071609111818E2
3.40000000000000124E0	6.79999999999999982E8	-1.48190723853827144E2
3.40000000000000124E0	6.90000000000000036E8	-1.48294000417819838E2
3.40000000000000124E0	7.00000000000000000E8	-1.48394948467541310E2
3.40000000000000124E0	7.09999999999999964E8	-1.48493612736770952E2
3.40000000000000124E0	7.20000000000000018E8	-1.48590035708721713E2
3.40000000000000124E0	7.29999999999999982E8	-1.48684257839328837E2
3.40000000000000124E0	7.40000000000000036E8	-1.48776317425478166E2
3.40000000000000124E0	7.50000000000000000E8	-1.48866250985038384E2
3.40000000000000124E0	7.59999999999999964E8	-1.48954093218626205E2
3.40000000000000124E0	7.70000000000000018E8	-1.49039877106950103E2
3.40000000000000124E0	7.79999999999999982E8	-1.49123633995900962E2
3.40000000000000124E0	7.90000000000000036E8	-1.49205393705824974E2
3.40000000000000124E0	8.00000000000000000E8	-1.49285184653471736E2
3.40000000000000124E0	8.09999999999999964E8	-1.49363033740340567E2
3.40000000000000124E0	8.19999999999999929E8	-1.49438966660681838E2
3.40000000000000124E0	8.30000000000000071E8	-1.49513007801449982E2
3.40000000000000124E0	8.40000000000000036E8	-1.49585180349598090E2
3.40000000000000124E0	8.50000000000000000E8	-1.49655506441721209E2
3.40000000000000124E0	8.59999999999999964E8	-1.49724006980676494E2
3.40000000000000124E0	8.69999999999999929E8	-1.49790701965791251E2
3.40000000000000124E0	8.80000000000000071E8	-1.49855610291825991E2
3.40000000000000124E0	8.90000000000000036E8	-1.49918750084650587E2
3.40000000000000124E0	9.00000000000000000E8	-1.49980138340332103E2
3.40000000000000124E0	9.09999999999999964E8	-1.50039791405239908E2
3.40000000000000124E0	9.19999999999999929E8	-1.50097724709019831E2
3.40000000000000124E0	9.30000000000000071E8	-1.50153952878801844E2
3.40000000000000124E0	9.40000000000000036E8	-1.50208489925529887E2
3.40000000000000124E0	9.50000000000000000E8	-1.50261348992130683E2
3.40000000000000124E0	9.59999999999999964E8	-1.50312542623928302E2
3.40000000000000124E0	9.69999999999999929E8	-1.50362082702960498E2
3.40000000000000124E0	9.80000000000000071E8	-1.50409980514154085E2
3.40000000000000124E0	9.90000000000000036E8	-1.50456246662425142E2
3.40000000000000124E0	1.00000000000000000E9	-1.50500891299471506E2
3.40000000000000124E0	1.01000000000000001E9	-1.50543923981625860E2
3.40000000000000124E0	1.02000000000000002E9	-1.50585353687739087E2
3.40000000000000124E0	1.03000000000000003E9	-1.50625189016090921E2
3.40000000000000124E0	1.04000000000000004E9	-1.50663438007972084E2
3.40000000000000124E0	1.05000000000000004E9	-1.50700108258067234E2
3.40000000000000124E0	1.06000000000000005E9	-1.50735206965493407E2
3.40000000000000124E0	1.06999999999999984E9	-1.50768740850731864E2
3.40000000000000124E0	1.08000000000000007E9	-1.50800716364003651E2
3.40000000000000124E0	1.09000000000000008E9	-1.50831139349176202E2
3.40000000000000124E0	1.10000000000000009E9	-1.50860015481857257E2
3.40000000000000124E0	1.10999999999999988E9	-1.50887350052532976E2
3.40000000000000124E0	1.11999999999999988E9	-1.50913147955757942E2
3.40000000000000124E0	1.13000000000000012E9	-1.50937413763077810E2
3.40000000000000124E0	1.14000000000000012E9	-1.50960151796272402E2
3.40000000000000124E0	1.14999999999999991E9	-1.50981366055794508E2
3.40000000000000124E0	1.15999999999999992E9	-1.51001060235337259E2
3.40000000000000124E0	1.16999999999999993E9	-1.51019237752684465E2
3.40000000000000124E0	1.18000000000000016E9	-1.51035901858041877E2
3.40000000000000124E0	1.18999999999999995E9	-1.51051055336634299E2
3.40000000000000124E0	1.19999999999999996E9	-1.51064701001978019E2
3.40000000000000124E0	1.20999999999999996E9	-1.51076841150544650E2
3.40000000000000124E0	1.21999999999999997E9	-1.51087478074280401E2
3.40000000000000124E0	1.22999999999999998E9	-1.51096613771815780E2
3.40000000000000124E0	1.23999999999999999E9	-1.51104249925624190E2
3.40000000000000124E0	1.25000000000000000E9	-1.51110388150262520E2
3.40000000000000124E0	1.26000000000000001E9	-1.51115029785988542E2
3.40000000000000124E0	1.27000000000000002E9	-1.51118175977034630E2
3.40000000000000124E0	1.28000000000000003E9	-1.51119827737351398E2
3.40000000000000124E0	1.29000000000000004E9	-1.51119985795195122E2
3.40000000000000124E0	1.30000000000000004E9	-1.51118650715534919E2
3.40000000000000124E0	1.31000000000000005E9	-1.51115822952910395E2
3.40000000000000124E0	1.31999999999999984E9	-1.51111502694956390E2
3.40000000000000124E0	1.33000000000000007E9	-1.51105689945472177E2
3.40000000000000124E0	1.34000000000000008E9	-1.51098384644836914E2
3.40000000000000124E0	1.35000000000000009E9	-1.51089586449808411E2
3.40000000000000124E0	1.35999999999999988E9	-1.51079294775798822E2
3.40000000000000124E0	1.36999999999999988E9	-1.51067509096325492E2
3.40000000000000124E0	1.38000000000000012E9	-1.51054228426558046E2
3.40000000000000124E0	1.39000000000000012E9	-1.51039451792440738E2
3.40000000000000124E0	1.39999999999999991E9	-1.51023177977850365E2
3.40000000000000124E0	1.40999999999999992E9	-1.51005405582787899E2
3.40000000000000124E0	1.41999999999999993E9	-1.50986132972684106E2
3.40000000000000124E0	1.43000000000000016E9	-1.50965358425624929E2
3.40000000000000124E0	1.43999999999999995E9	-1.50943079900903965E2
3.40000000000000124E0	1.44999999999999996E9	-1.50919295254208752E2
3.40000000000000124E0	1.45999999999999996E9	-1.50894002103069114E2
3.40000000000000124E0	1.46999999999999997E9	-1.50867197872148973E2
3.40000000000000124E0	1.47999999999999998E9	-1.50838879674140669E2
3.40000000000000124E0	1.48999999999999999E9	-1.50809044544085058E2
3.40000000000000124E0	1.50000000000000000E9	-1.50777689199002540E2
3.40000000000000124E0	1.51000000000000001E9	-1.50744810105694049E2
3.40000000000000124E0	1.52000000000000002E9	-1.50710403565341444E2
3.40000000000000124E0	1.53000000000000003E9	-1.50674465532725277E2
3.40000000000000124E0	1.54000000000000004E9	-1.50636991731482484E2
3.40000000000000124E0	1.55000000000000004E9	-1.50597977635617708E2
3.40000000000000124E0	1.56000000000000005E9	-1.50557418423993883E2
3.40000000000000124E0	1.56999999999999984E9	-1.50515308923051760E2
3.40000000000000124E0	1.58000000000000007E9	-1.50471643731048310E2
3.40000000000000124E0	1.59000000000000008E9	-1.50426417082879249E2
3.40000000000000124E0	1.60000000000000009E9	-1.50379622894268339E2
3.40000000000000124E0	1.61000000000000010E9	-1.50331254723545360E2
3.40000000000000124E0	1.61999999999999988E9	-1.50281305754848460E2
3.40000000000000124E0	1.63000000000000012E9	-1.50229768860467816E2
3.40000000000000124E0	1.63999999999999990E9	-1.50176636432150734E2
3.40000000000000124E0	1.64999999999999991E9	-1.50121900497399197E2
3.40000000000000124E0	1.66000000000000014E9	-1.50065552678706626E2
3.40000000000000124E0	1.66999999999999993E9	-1.50007584113482961E2
3.40000000000000124E0	1.68000000000000016E9	-1.49947985512430160E2
3.40000000000000124E0	1.68999999999999995E9	-1.49886747063598702E2
3.40000000000000124E0	1.69999999999999996E9	-1.49823858515345054E2
3.40000000000000124E0	1.71000000000000019E9	-1.49759308993880236E2
3.40000000000000124E0	1.71999999999999997E9	-1.49693087197593622E2
3.40000000000000124E0	1.72999999999999998E9	-1.49625181154027964E2
3.40000000000000124E0	1.73999999999999977E9	-1.49555578334130490E2
3.40000000000000124E0	1.75000000000000000E9	-1.49484265601244326E2
3.40000000000000124E0	1.76000000000000023E9	-1.49411229137279133E2
3.40000000000000124E0	1.77000000000000002E9	-1.49336454429223364E2
3.40000000000000124E0	1.78000000000000003E9	-1.49259926303018942E2
3.40000000000000124E0	1.78999999999999981E9	-1.49181628815313472E2
3.40000000000000124E0	1.80000000000000004E9	-1.49101545220638676E2
3.40000000000000124E0	1.81000000000000005E9	-1.49019657976363695E2
3.40000000000000124E0	1.81999999999999984E9	-1.48935948700603182E2
3.40000000000000124E0	1.83000000000000007E9	-1.48850398073191559E2
3.40000000000000124E0	1.83999999999999986E9	-1.48762985862002362E2
3.40000000000000124E0	1.85000000000000009E9	-1.48673690812307346E2
3.40000000000000124E0	1.86000000000000010E9	-1.48582490661034061E2
3.40000000000000124E0	1.86999999999999988E9	-1.48489362030297856E2
3.40000000000000124E0	1.88000000000000012E9	-1.48394280373243292E2
3.40000000000000124E0	1.88999999999999990E9	-1.48297219930341795E2
3.40000000000000124E0	1.89999999999999991E9	-1.48198153662384335E2
3.40000000000000124E0	1.91000000000000014E9	-1.48097053150782365E2
3.40000000000000124E0	1.91999999999999993E9	-1.47993888508370341E2
3.40000000000000124E0	1.93000000000000016E9	-1.47888628364244190E2
3.40000000000000124E0	1.93999999999999995E9	-1.47781239653165497E2
3.40000000000000124E0	1.94999999999999996E9	-1.47671687597177437E2
3.40000000000000124E0	1.96000000000000019E9	-1.47559935541032594E2
3.40000000000000124E0	1.96999999999999997E9	-1.47445944881490854E2
3.40000000000000124E0	1.97999999999999998E9	-1.47329674812566003E2
3.40000000000000124E0	1.98999999999999977E9	-1.47211082297822271E2
3.40000000000000124E0	2.00000000000000000E9	-1.47090121785623618E2
3.40000000000000124E0	2.01000000000000023E9	-1.46966745102572438E2
3.40000000000000124E0	2.02000000000000002E9	-1.46840901158887904E2
3.40000000000000124E0	2.03000000000000025E9	-1.46712535756724138E2
3.40000000000000124E0	2.04000000000000004E9	-1.46581591293625446E2
3.40000000000000124E0	2.04999999999999982E9	-1.46448006455437141E2
3.40000000000000124E0	2.06000000000000005E9	-1.46311715867665804E2
3.40000000000000124E0	2.06999999999999984E9	-1.46172649721825154E2
3.40000000000000124E0	2.08000000000000007E9	-1.46030733325105144E2
3.40000000000000124E0	2.08999999999999986E9	-1.45885886600314252E2
3.40000000000000124E0	2.10000000000000009E9	-1.45738023534646333E2
3.40000000000000124E0	2.11000000000000032E9	-1.45587051529090461E2
3.40000000000000124E0	2.12000000000000011E9	-1.45432870668715841E2
3.40000000000000124E0	2.12999999999999989E9	-1.45275372945187331E2
3.40000000000000124E0	2.13999999999999968E9	-1.45114441268390482E2
3.40000000000000124E0	2.14999999999999991E9	-1.44949948444816501E2
3.40000000000000124E0	2.16000000000000014E9	-1.44781755986056426E2
3.40000000000000124E0	2.16999999999999993E9	-1.44609712704535243E2
3.40000000000000124E0	2.18000000000000016E9	-1.44433653219564584E2
3.40000000000000124E0	2.18999999999999995E9	-1.44253396176855908E2
3.40000000000000124E0	2.20000000000000018E9	-1.44068742307624720E2
3.40000000000000124E0	2.20999999999999996E9	-1.43879472181190859E2
3.40000000000000124E0	2.21999999999999975E9	-1.43685343737015669E2
3.40000000000000124E0	2.22999999999999998E9	-1.43486089498868852E2
3.40000000000000124E0	2.23999999999999977E9	-1.43281413478482844E2
3.40000000000000124E0	2.25000000000000000E9	-1.43070987821098417E2
3.40000000000000124E0	2.26000000000000023E9	-1.42854449029149277E2
3.40000000000000124E0	2.27000000000000002E9	-1.42631394043140380E2
3.40000000000000124E0	2.28000000000000025E9	-1.42401375987234302E2
3.40000000000000124E0	2.29000000000000004E9	-1.42163899828385887E2
3.40000000000000124E0	2.29999999999999982E9	-1.41918418032838245E2
3.40000000000000124E0	2.31000000000000005E9	-1.41664326459165912E2
3.40000000000000124E0	2.31999999999999984E9	-1.41400960829165045E2
3.40000000000000124E0	2.33000000000000007E9	-1.41127594206864160E2
3.40000000000000124E0	2.33999999999999986E9	-1.40843436168715397E2
3.40000000000000124E0	2.35000000000000009E9	-1.40547634424770851E2
3.40000000000000124E0	2.36000000000000032E9	-1.40239279989453580E2
3.40000000000000124E0	2.37000000000000011E9	-1.39917417145301104E2
3.40000000000000124E0	2.37999999999999989E9	-1.39581059426156062E2
3.40000000000000124E0	2.38999999999999968E9	-1.39229212534866242E2
3.40000000000000124E0	2.39999999999999991E9	-1.38860903822926129E2
3.40000000000000124E0	2.41000000000000014E9	-1.38475214407256253E2
3.40000000000000124E0	2.41999999999999993E9	-1.38071301943186886E2
3.40000000000000124E0	2.43000000000000016E9	-1.37648383742585279E2
3.40000000000000124E0	2.43999999999999995E9	-1.37205610082018725E2
3.40000000000000124E0	2.45000000000000018E9	-1.36741667614494333E2
3.40000000000000124E0	2.45999999999999996E9	-1.36253748111639172E2
3.40000000000000124E0	2.46999999999999975E9	-1.35735027622743920E2
3.40000000000000124E0	2.47999999999999998E9	-1.35168539013610500E2
3.40000000000000124E0	2.48999999999999977E9	-1.34511768285041966E2
3.40000000000000124E0	2.50000000000000000E9	-1.33655175118930991E2
3.40000000000000124E0	2.51000000000000023E9	-1.32299305712267268E2
3.40000000000000124E0	2.52000000000000002E9	-1.29558321847604430E2
3.40000000000000124E0	2.53000000000000025E9	-1.23221132813654521E2
3.40000000000000124E0	2.54000000000000004E9	-1.25588779212929902E2
3.40000000000000124E0	2.54999999999999982E9	-1.30708162909829761E2
3.40000000000000124E0	2.56000000000000005E9	-1.32888635393581289E2
3.40000000000000124E0	2.56999999999999984E9	-1.34043427613545796E2
3.40000000000000124E0	2.58000000000000007E9	-1.34820280617839128E2
3.40000000000000124E0	2.58999999999999986E9	-1.35442101765890088E2
3.40000000000000124E0	2.60000000000000009E9	-1.35991566801955388E2
3.40000000000000124E0	2.61000000000000032E9	-1.36500840989702033E2
3.40000000000000124E0	2.62000000000000011E9	-1.36982645244293111E2
3.40000000000000124E0	2.62999999999999989E9	-1.37442008632708967E2
3.40000000000000124E0	2.63999999999999968E9	-1.37880982538347574E2
3.40000000000000124E0	2.64999999999999991E9	-1.38300573386128800E2
3.40000000000000124E0	2.66000000000000014E9	-1.38701517673927510E2
3.40000000000000124E0	2.66999999999999993E9	-1.39084564848853676E2
3.40000000000000124E0	2.68000000000000016E9	-1.39450553873878058E2
3.40000000000000124E0	2.68999999999999995E9	-1.39800408504403229E2
3.40000000000000124E0	2.70000000000000018E9	-1.40135106088642702E2
3.40000000000000124E0	2.70999999999999996E9	-1.40455642834800143E2
3.40000000000000124E0	2.71999999999999975E9	-1.40763004063988673E2
3.40000000000000124E0	2.72999999999999998E9	-1.41058141911640234E2
3.40000000000000124E0	2.73999999999999977E9	-1.41341960182621018E2
3.40000000000000124E0	2.75000000000000000E9	-1.41615305157152083E2
3.40000000000000124E0	2.76000000000000023E9	-1.41878961020687289E2
3.40000000000000124E0	2.77000000000000002E9	-1.42133648660512835E2
3.40000000000000124E0	2.78000000000000025E9	-1.42380026824013162E2
3.40000000000000124E0	2.79000000000000004E9	-1.42618694782794830E2
3.40000000000000124E0	2.79999999999999982E9	-1.42850195999647878E2
3.40000000000000124E0	2.81000000000000005E9	-1.43075022238831084E2
3.40000000000000124E0	2.81999999999999984E9	-1.43293617888817182E2
3.40000000000000124E0	2.83000000000000007E9	-1.43506384342082360E2
3.40000000000000124E0	2.83999999999999986E9	-1.43713684084823767E2
3.40000000000000124E0	2.85000000000000009E9	-1.43915844700106099E2
3.40000000000000124E0	2.86000000000000032E9	-1.44113162442485065E2
3.40000000000000124E0	2.87000000000000011E9	-1.44305905628225339E2
3.40000000000000124E0	2.87999999999999989E9	-1.44494317634197067E2
3.40000000000000124E0	2.88999999999999968E9	-1.44678619634227656E2
3.40000000000000124E0	2.89999999999999991E9	-1.44859013020283345E2
3.40000000000000124E0	2.91000000000000014E9	-1.45035681594739896E2
3.40000000000000124E0	2.91999999999999993E9	-1.45208793483645371E2
3.40000000000000124E0	2.93000000000000016E9	-1.45378502852637626E2
3.40000000000000124E0	2.93999999999999995E9	-1.45544951404922740E2
3.40000000000000124E0	2.95000000000000018E9	-1.45708269735620388E2
3.40000000000000124E0	2.95999999999999996E9	-1.45868578491302059E2
3.40000000000000124E0	2.96999999999999975E9	-1.46025989387548716E2
3.40000000000000124E0	2.97999999999999998E9	-1.46180606162588478E2
3.40000000000000124E0	2.98999999999999977E9	-1.46332525326240104E2
3.40000000000000124E0	3.00000000000000000E9	-1.46481836929992726E2

var_c	indep(index, 1)	plot_vs(pnmx, noisefreq)[13, ::]
3.50000000000000133E0	3.00000000000000000E8	-1.41751341008209630E2
3.50000000000000133E0	3.10000000000000009E8	-1.42027374993060485E2
3.50000000000000133E0	3.20000000000000018E8	-1.42294063281610583E2
3.50000000000000133E0	3.29999999999999982E8	-1.42551959504635417E2
3.50000000000000133E0	3.39999999999999991E8	-1.42801567053292611E2
3.50000000000000133E0	3.50000000000000000E8	-1.43043345201706318E2
3.50000000000000133E0	3.60000000000000009E8	-1.43277713986248378E2
3.50000000000000133E0	3.70000000000000018E8	-1.43505058308987832E2
3.50000000000000133E0	3.79999999999999982E8	-1.43725731774169074E2
3.50000000000000133E0	3.89999999999999991E8	-1.43940060384150814E2
3.50000000000000133E0	4.00000000000000000E8	-1.44148344462925637E2
3.50000000000000133E0	4.09999999999999964E8	-1.44350861859789381E2
3.50000000000000133E0	4.20000000000000018E8	-1.44547869932400941E2
3.50000000000000133E0	4.29999999999999982E8	-1.44739607284718153E2
3.50000000000000133E0	4.40000000000000036E8	-1.44926295869584854E2
3.50000000000000133E0	4.50000000000000000E8	-1.45108142028186871E2
3.50000000000000133E0	4.59999999999999964E8	-1.45285338187339663E2
3.50000000000000133E0	4.70000000000000018E8	-1.45458063879406252E2
3.50000000000000133E0	4.79999999999999982E8	-1.45626486986954262E2
3.50000000000000133E0	4.90000000000000036E8	-1.45790764439065623E2
3.50000000000000133E0	5.00000000000000000E8	-1.45951043372678102E2
3.50000000000000133E0	5.09999999999999964E8	-1.46107461718923681E2
3.50000000000000133E0	5.20000000000000018E8	-1.46260148940866896E2
3.50000000000000133E0	5.29999999999999982E8	-1.46409226716436836E2
3.50000000000000133E0	5.40000000000000036E8	-1.46554809572385980E2
3.50000000000000133E0	5.50000000000000000E8	-1.46697005237613576E2
3.50000000000000133E0	5.59999999999999964E8	-1.46835915189164834E2
3.50000000000000133E0	5.70000000000000018E8	-1.46971635228663322E2
3.50000000000000133E0	5.79999999999999982E8	-1.47104255705483000E2
3.50000000000000133E0	5.90000000000000036E8	-1.47233861907992658E2
3.50000000000000133E0	6.00000000000000000E8	-1.47360534482736472E2
3.50000000000000133E0	6.09999999999999964E8	-1.47484349708824025E2
3.50000000000000133E0	6.20000000000000018E8	-1.47605379686192228E2
3.50000000000000133E0	6.29999999999999982E8	-1.47723692737214951E2
3.50000000000000133E0	6.40000000000000036E8	-1.47839353574040722E2
3.50000000000000133E0	6.50000000000000000E8	-1.47952423379195808E2
3.50000000000000133E0	6.59999999999999964E8	-1.48062960350387662E2
3.50000000000000133E0	6.70000000000000018E8	-1.48171019581313090E2
3.50000000000000133E0	6.79999999999999982E8	-1.48276653406187653E2
3.50000000000000133E0	6.90000000000000036E8	-1.48379911339737069E2
3.50000000000000133E0	7.00000000000000000E8	-1.48480840578166662E2
3.50000000000000133E0	7.09999999999999964E8	-1.48579485948592671E2
3.50000000000000133E0	7.20000000000000018E8	-1.48675889809479189E2
3.50000000000000133E0	7.29999999999999982E8	-1.48770092632614848E2
3.50000000000000133E0	7.40000000000000036E8	-1.48862132863168650E2
3.50000000000000133E0	7.50000000000000000E8	-1.48952046914340142E2
3.50000000000000133E0	7.59999999999999964E8	-1.49039869493554455E2
3.50000000000000133E0	7.70000000000000018E8	-1.49125633586775797E2
3.50000000000000133E0	7.79999999999999982E8	-1.49209370585067846E2
3.50000000000000133E0	7.90000000000000036E8	-1.49291110306678720E2
3.50000000000000133E0	8.00000000000000000E8	-1.49370881170366143E2
3.50000000000000133E0	8.09999999999999964E8	-1.49448710084011904E2
3.50000000000000133E0	8.19999999999999929E8	-1.49524622737322033E2
3.50000000000000133E0	8.30000000000000071E8	-1.49598643578382484E2
3.50000000000000133E0	8.40000000000000036E8	-1.49670795778603360E2
3.50000000000000133E0	8.50000000000000000E8	-1.49741101408567512E2
3.50000000000000133E0	8.59999999999999964E8	-1.49809581511889256E2
3.50000000000000133E0	8.69999999999999929E8	-1.49876255965192762E2
3.50000000000000133E0	8.80000000000000071E8	-1.49941143828811163E2
3.50000000000000133E0	8.90000000000000036E8	-1.50004263046794106E2
3.50000000000000133E0	9.00000000000000000E8	-1.50065630829190821E2
3.50000000000000133E0	9.09999999999999964E8	-1.50125263375750140E2
3.50000000000000133E0	9.19999999999999929E8	-1.50183176175998434E2
3.50000000000000133E0	9.30000000000000071E8	-1.50239383960748629E2
3.50000000000000133E0	9.40000000000000036E8	-1.50293900588794238E2
3.50000000000000133E0	9.50000000000000000E8	-1.50346739358015680E2
3.50000000000000133E0	9.59999999999999964E8	-1.50397912765027497E2
3.50000000000000133E0	9.69999999999999929E8	-1.50447432696568173E2
3.50000000000000133E0	9.80000000000000071E8	-1.50495310462064902E2
3.50000000000000133E0	9.90000000000000036E8	-1.50541556739277427E2
3.50000000000000133E0	1.00000000000000000E9	-1.50586181611396941E2
3.50000000000000133E0	1.01000000000000001E9	-1.50629194632108065E2
3.50000000000000133E0	1.02000000000000002E9	-1.50670604916435336E2
3.50000000000000133E0	1.03000000000000003E9	-1.50710420960523495E2
3.50000000000000133E0	1.04000000000000004E9	-1.50748650874317991E2
3.50000000000000133E0	1.05000000000000004E9	-1.50785302329984949E2
3.50000000000000133E0	1.06000000000000005E9	-1.50820382423865484E2
3.50000000000000133E0	1.06999999999999984E9	-1.50853897969619677E2
3.50000000000000133E0	1.08000000000000007E9	-1.50885855369634680E2
3.50000000000000133E0	1.09000000000000008E9	-1.50916260600706864E2
3.50000000000000133E0	1.10000000000000009E9	-1.50945119289207530E2
3.50000000000000133E0	1.10999999999999988E9	-1.50972436718193803E2
3.50000000000000133E0	1.11999999999999988E9	-1.50998217836643911E2
3.50000000000000133E0	1.13000000000000012E9	-1.51022467264199767E2
3.50000000000000133E0	1.14000000000000012E9	-1.51045189318689466E2
3.50000000000000133E0	1.14999999999999991E9	-1.51066388018514131E2
3.50000000000000133E0	1.15999999999999992E9	-1.51086067068532182E2
3.50000000000000133E0	1.16999999999999993E9	-1.51104229970483206E2
3.50000000000000133E0	1.18000000000000016E9	-1.51120879895452775E2
3.50000000000000133E0	1.18999999999999995E9	-1.51136019793314547E2
3.50000000000000133E0	1.19999999999999996E9	-1.51149652367671594E2
3.50000000000000133E0	1.20999999999999996E9	-1.51161780039021676E2
3.50000000000000133E0	1.21999999999999997E9	-1.51172405107288865E2
3.50000000000000133E0	1.22999999999999998E9	-1.51181529509636858E2
3.50000000000000133E0	1.23999999999999999E9	-1.51189155132430209E2
3.50000000000000133E0	1.25000000000000000E9	-1.51195283480548515E2
3.50000000000000133E0	1.26000000000000001E9	-1.51199916002636359E2
3.50000000000000133E0	1.27000000000000002E9	-1.51203053846849067E2
3.50000000000000133E0	1.28000000000000003E9	-1.51204698046519037E2
3.50000000000000133E0	1.29000000000000004E9	-1.51204849365717231E2
3.50000000000000133E0	1.30000000000000004E9	-1.51203508471114922E2
3.50000000000000133E0	1.31000000000000005E9	-1.51200675797373485E2
3.50000000000000133E0	1.31999999999999984E9	-1.51196351579580002E2
3.50000000000000133E0	1.33000000000000007E9	-1.51190535900000667E2
3.50000000000000133E0	1.34000000000000008E9	-1.51183228673269765E2
3.50000000000000133E0	1.35000000000000009E9	-1.51174429645381947E2
3.50000000000000133E0	1.35999999999999988E9	-1.51164138343443000E2
3.50000000000000133E0	1.36999999999999988E9	-1.51152354132491906E2
3.50000000000000133E0	1.38000000000000012E9	-1.51139076264385386E2
3.50000000000000133E0	1.39000000000000012E9	-1.51124303660579407E2
3.50000000000000133E0	1.39999999999999991E9	-1.51108035250702355E2
3.50000000000000133E0	1.40999999999999992E9	-1.51090269658378662E2
3.50000000000000133E0	1.41999999999999993E9	-1.51071005333202169E2
3.50000000000000133E0	1.43000000000000016E9	-1.51050240584219431E2
3.50000000000000133E0	1.43999999999999995E9	-1.51027973483945210E2
3.50000000000000133E0	1.44999999999999996E9	-1.51004201908772973E2
3.50000000000000133E0	1.45999999999999996E9	-1.50978923582807134E2
3.50000000000000133E0	1.46999999999999997E9	-1.50952135955658995E2
3.50000000000000133E0	1.47999999999999998E9	-1.50923836305191506E2
3.50000000000000133E0	1.48999999999999999E9	-1.50894021689775704E2
3.50000000000000133E0	1.50000000000000000E9	-1.50862688890826968E2
3.50000000000000133E0	1.51000000000000001E9	-1.50829834534311868E2
3.50000000000000133E0	1.52000000000000002E9	-1.50795454944712159E2
3.50000000000000133E0	1.53000000000000003E9	-1.50759546211024875E2
3.50000000000000133E0	1.54000000000000004E9	-1.50722104177898997E2
3.50000000000000133E0	1.55000000000000004E9	-1.50683124405132629E2
3.50000000000000133E0	1.56000000000000005E9	-1.50642602155781202E2
3.50000000000000133E0	1.56999999999999984E9	-1.50600532448897684E2
3.50000000000000133E0	1.58000000000000007E9	-1.50556909961127916E2
3.50000000000000133E0	1.59000000000000008E9	-1.50511729032877684E2
3.50000000000000133E0	1.60000000000000009E9	-1.50464983780620143E2
3.50000000000000133E0	1.61000000000000010E9	-1.50416667874957799E2
3.50000000000000133E0	1.61999999999999988E9	-1.50366774662290759E2
3.50000000000000133E0	1.63000000000000012E9	-1.50315297149195604E2
3.50000000000000133E0	1.63999999999999990E9	-1.50262227925703518E2
3.50000000000000133E0	1.64999999999999991E9	-1.50207559180627936E2
3.50000000000000133E0	1.66000000000000014E9	-1.50151282746267900E2
3.50000000000000133E0	1.66999999999999993E9	-1.50093389960414503E2
3.50000000000000133E0	1.68000000000000016E9	-1.50033871688209164E2
3.50000000000000133E0	1.68999999999999995E9	-1.49972718404354355E2
3.50000000000000133E0	1.69999999999999996E9	-1.49909920015850950E2
3.50000000000000133E0	1.71000000000000019E9	-1.49845465954832524E2
3.50000000000000133E0	1.71999999999999997E9	-1.49779345114404339E2
3.50000000000000133E0	1.72999999999999998E9	-1.49711545845433092E2
3.50000000000000133E0	1.73999999999999977E9	-1.49642055875055502E2
3.50000000000000133E0	1.75000000000000000E9	-1.49570862379609260E2
3.50000000000000133E0	1.76000000000000023E9	-1.49497951805082296E2
3.50000000000000133E0	1.77000000000000002E9	-1.49423310040808932E2
3.50000000000000133E0	1.78000000000000003E9	-1.49346922220055855E2
3.50000000000000133E0	1.78999999999999981E9	-1.49268772772651737E2
3.50000000000000133E0	1.80000000000000004E9	-1.49188845341251097E2
3.50000000000000133E0	1.81000000000000005E9	-1.49107122795334668E2
3.50000000000000133E0	1.81999999999999984E9	-1.49023587167778038E2
3.50000000000000133E0	1.83000000000000007E9	-1.48938219603400657E2
3.50000000000000133E0	1.83999999999999986E9	-1.48851000337986106E2
3.50000000000000133E0	1.85000000000000009E9	-1.48761908635178663E2
3.50000000000000133E0	1.86000000000000010E9	-1.48670922729362753E2
3.50000000000000133E0	1.86999999999999988E9	-1.48578019821604279E2
3.50000000000000133E0	1.88000000000000012E9	-1.48483175926126987E2
3.50000000000000133E0	1.88999999999999990E9	-1.48386365918900331E2
3.50000000000000133E0	1.89999999999999991E9	-1.48287563397961897E2
3.50000000000000133E0	1.91000000000000014E9	-1.48186740595433508E2
3.50000000000000133E0	1.91999999999999993E9	-1.48083868383724182E2
3.50000000000000133E0	1.93000000000000016E9	-1.47978916042155406E2
3.50000000000000133E0	1.93999999999999995E9	-1.47871851353689521E2
3.50000000000000133E0	1.94999999999999996E9	-1.47762640315279681E2
3.50000000000000133E0	1.96000000000000019E9	-1.47651247129031504E2
3.50000000000000133E0	1.96999999999999997E9	-1.47537634011873320E2
3.50000000000000133E0	1.97999999999999998E9	-1.47421761115176642E2
3.50000000000000133E0	1.98999999999999977E9	-1.47303586314789703E2
3.50000000000000133E0	2.00000000000000000E9	-1.47183065014283976E2
3.50000000000000133E0	2.01000000000000023E9	-1.47060150043774374E2
3.50000000000000133E0	2.02000000000000002E9	-1.46934791295910694E2
3.50000000000000133E0	2.03000000000000025E9	-1.46806935589571075E2
3.50000000000000133E0	2.04000000000000004E9	-1.46676526344688685E2
3.50000000000000133E0	2.04999999999999982E9	-1.46543503286110766E2
3.50000000000000133E0	2.06000000000000005E9	-1.46407802014860655E2
3.50000000000000133E0	2.06999999999999984E9	-1.46269353705977734E2
3.50000000000000133E0	2.08000000000000007E9	-1.46128084590817586E2
3.50000000000000133E0	2.08999999999999986E9	-1.45983915435226885E2
3.50000000000000133E0	2.10000000000000009E9	-1.45836760956568923E2
3.50000000000000133E0	2.11000000000000032E9	-1.45686529176048407E2
3.50000000000000133E0	2.12000000000000011E9	-1.45533120604089872E2
3.50000000000000133E0	2.12999999999999989E9	-1.45376427415913012E2
3.50000000000000133E0	2.13999999999999968E9	-1.45216332429626727E2
3.50000000000000133E0	2.14999999999999991E9	-1.45052707985943585E2
3.50000000000000133E0	2.16000000000000014E9	-1.44885414650551647E2
3.50000000000000133E0	2.16999999999999993E9	-1.44714299757823683E2
3.50000000000000133E0	2.18000000000000016E9	-1.44539195709671398E2
3.50000000000000133E0	2.18999999999999995E9	-1.44359918117041586E2
3.50000000000000133E0	2.20000000000000018E9	-1.44176263584527131E2
3.50000000000000133E0	2.20999999999999996E9	-1.43988007324331901E2
3.50000000000000133E0	2.21999999999999975E9	-1.43794900363450839E2
3.50000000000000133E0	2.22999999999999998E9	-1.43596666453536748E2
3.50000000000000133E0	2.23999999999999977E9	-1.43392998608458644E2
3.50000000000000133E0	2.25000000000000000E9	-1.43183555266105289E2
3.50000000000000133E0	2.26000000000000023E9	-1.42967956040579591E2
3.50000000000000133E0	2.27000000000000002E9	-1.42745777114177153E2
3.50000000000000133E0	2.28000000000000025E9	-1.42516546301146052E2
3.50000000000000133E0	2.29000000000000004E9	-1.42279737823859165E2
3.50000000000000133E0	2.29999999999999982E9	-1.42034766999438022E2
3.50000000000000133E0	2.31000000000000005E9	-1.41780984987645509E2
3.50000000000000133E0	2.31999999999999984E9	-1.41517673983428272E2
3.50000000000000133E0	2.33000000000000007E9	-1.41244043220164839E2
3.50000000000000133E0	2.33999999999999986E9	-1.40959226562731210E2
3.50000000000000133E0	2.35000000000000009E9	-1.40662282344667444E2
3.50000000000000133E0	2.36000000000000032E9	-1.40352196734746903E2
3.50000000000000133E0	2.37000000000000011E9	-1.40027891767599266E2
3.50000000000000133E0	2.37999999999999989E9	-1.39688239421971150E2
3.50000000000000133E0	2.38999999999999968E9	-1.39332082698437065E2
3.50000000000000133E0	2.39999999999999991E9	-1.38958263036553942E2
3.50000000000000133E0	2.41000000000000014E9	-1.38565649707750072E2
3.50000000000000133E0	2.41999999999999993E9	-1.38153157253654557E2
3.50000000000000133E0	2.43000000000000016E9	-1.37719716010525928E2
3.50000000000000133E0	2.43999999999999995E9	-1.37264113433680901E2
3.50000000000000133E0	2.45000000000000018E9	-1.36784516566304815E2
3.50000000000000133E0	2.45999999999999996E9	-1.36277238368198583E2
3.50000000000000133E0	2.46999999999999975E9	-1.35733706999286352E2
3.50000000000000133E0	2.47999999999999998E9	-1.35133027742617351E2
3.50000000000000133E0	2.48999999999999977E9	-1.34423052479352578E2
3.50000000000000133E0	2.50000000000000000E9	-1.33468761489401633E2
3.50000000000000133E0	2.51000000000000023E9	-1.31898303713616416E2
3.50000000000000133E0	2.52000000000000002E9	-1.28619666669251709E2
3.50000000000000133E0	2.53000000000000025E9	-1.21743324180323809E2
3.50000000000000133E0	2.54000000000000004E9	-1.27040416979302107E2
3.50000000000000133E0	2.54999999999999982E9	-1.31296550295944980E2
3.50000000000000133E0	2.56000000000000005E9	-1.33206886522708001E2
3.50000000000000133E0	2.56999999999999984E9	-1.34284628062244771E2
3.50000000000000133E0	2.58000000000000007E9	-1.35044709049780010E2
3.50000000000000133E0	2.58999999999999986E9	-1.35669195979449220E2
3.50000000000000133E0	2.60000000000000009E9	-1.36226831999894205E2
3.50000000000000133E0	2.61000000000000032E9	-1.36744676048751668E2
3.50000000000000133E0	2.62000000000000011E9	-1.37233606843066225E2
3.50000000000000133E0	2.62999999999999989E9	-1.37698123977972497E2
3.50000000000000133E0	2.63999999999999968E9	-1.38140291604085230E2
3.50000000000000133E0	2.64999999999999991E9	-1.38561340580390180E2
3.50000000000000133E0	2.66000000000000014E9	-1.38962295662740987E2
3.50000000000000133E0	2.66999999999999993E9	-1.39344192743980155E2
3.50000000000000133E0	2.68000000000000016E9	-1.39708128333725545E2
3.50000000000000133E0	2.68999999999999995E9	-1.40055246042020576E2
3.50000000000000133E0	2.70000000000000018E9	-1.40386705185570926E2
3.50000000000000133E0	2.70999999999999996E9	-1.40703649466745784E2
3.50000000000000133E0	2.71999999999999975E9	-1.41007181908858858E2
3.50000000000000133E0	2.72999999999999998E9	-1.41298347415448156E2
3.50000000000000133E0	2.73999999999999977E9	-1.41578122044970089E2
3.50000000000000133E0	2.75000000000000000E9	-1.41847407702756345E2
3.50000000000000133E0	2.76000000000000023E9	-1.42107030874935192E2
3.50000000000000133E0	2.77000000000000002E9	-1.42357744094972016E2
3.50000000000000133E0	2.78000000000000025E9	-1.42600229347202823E2
3.50000000000000133E0	2.79000000000000004E9	-1.42835102520394774E2
3.50000000000000133E0	2.79999999999999982E9	-1.43062918489081281E2
3.50000000000000133E0	2.81000000000000005E9	-1.43284176407663422E2
3.50000000000000133E0	2.81999999999999984E9	-1.43499324952265828E2
3.50000000000000133E0	2.83000000000000007E9	-1.43708767378811442E2
3.50000000000000133E0	2.83999999999999986E9	-1.43912866252488869E2
3.50000000000000133E0	2.85000000000000009E9	-1.44111947843124577E2
3.50000000000000133E0	2.86000000000000032E9	-1.44306306114382643E2
3.50000000000000133E0	2.87000000000000011E9	-1.44496206345967892E2
3.50000000000000133E0	2.87999999999999989E9	-1.44681888363895528E2
3.50000000000000133E0	2.88999999999999968E9	-1.44863569460620512E2
3.50000000000000133E0	2.89999999999999991E9	-1.45041446926727913E2
3.50000000000000133E0	2.91000000000000014E9	-1.45215700342268605E2
3.50000000000000133E0	2.91999999999999993E9	-1.45386493609835776E2
3.50000000000000133E0	2.93000000000000016E9	-1.45553976649948291E2
3.50000000000000133E0	2.93999999999999995E9	-1.45718287027109339E2
3.50000000000000133E0	2.95000000000000018E9	-1.45879551261538487E2
3.50000000000000133E0	2.95999999999999996E9	-1.46037886043778653E2
3.50000000000000133E0	2.96999999999999975E9	-1.46193399311230254E2
3.50000000000000133E0	2.97999999999999998E9	-1.46346191102006129E2
3.50000000000000133E0	2.98999999999999977E9	-1.46496354444903676E2
3.50000000000000133E0	3.00000000000000000E9	-1.46643975986330699E2

var_c	indep(index, 1)	plot_vs(pnmx, noisefreq)[14, ::]
3.60000000000000142E0	3.00000000000000000E8	-1.41825043323044531E2
3.60000000000000142E0	3.10000000000000009E8	-1.42101070340388325E2
3.60000000000000142E0	3.20000000000000018E8	-1.42367751329681802E2
3.60000000000000142E0	3.29999999999999982E8	-1.42625639796664982E2
3.60000000000000142E0	3.39999999999999991E8	-1.42875239343618543E2
3.60000000000000142E0	3.50000000000000000E8	-1.43117009166194675E2
3.60000000000000142E0	3.60000000000000009E8	-1.43351369205713541E2
3.60000000000000142E0	3.70000000000000018E8	-1.43578704415874148E2
3.60000000000000142E0	3.79999999999999982E8	-1.43799368594249533E2
3.60000000000000142E0	3.89999999999999991E8	-1.44013687529893453E2
3.60000000000000142E0	4.00000000000000000E8	-1.44221961556497713E2
3.60000000000000142E0	4.09999999999999964E8	-1.44424468695169805E2
3.60000000000000142E0	4.20000000000000018E8	-1.44621466187286929E2
3.60000000000000142E0	4.29999999999999982E8	-1.44813192656315937E2
3.60000000000000142E0	4.40000000000000036E8	-1.44999870039590117E2
3.60000000000000142E0	4.50000000000000000E8	-1.45181704758953423E2
3.60000000000000142E0	4.59999999999999964E8	-1.45358889135789626E2
3.60000000000000142E0	4.70000000000000018E8	-1.45531602829968887E2
3.60000000000000142E0	4.79999999999999982E8	-1.45700013635306846E2
3.60000000000000142E0	4.90000000000000036E8	-1.45864278526793401E2
3.60000000000000142E0	5.00000000000000000E8	-1.46024544619841978E2
3.60000000000000142E0	5.09999999999999964E8	-1.46180949929471682E2
3.60000000000000142E0	5.20000000000000018E8	-1.46333623764621334E2
3.60000000000000142E0	5.29999999999999982E8	-1.46482688000297290E2
3.60000000000000142E0	5.40000000000000036E8	-1.46628256982890592E2
3.60000000000000142E0	5.50000000000000000E8	-1.46770438560730243E2
3.60000000000000142E0	5.59999999999999964E8	-1.46909334207302988E2
3.60000000000000142E0	5.70000000000000018E8	-1.47045039704848834E2
3.60000000000000142E0	5.79999999999999982E8	-1.47177645386508860E2
3.60000000000000142E0	5.90000000000000036E8	-1.47307236584040124E2
3.60000000000000142E0	6.00000000000000000E8	-1.47433893953357265E2
3.60000000000000142E0	6.09999999999999964E8	-1.47557693737377171E2
3.60000000000000142E0	6.20000000000000018E8	-1.47678708076971033E2
3.60000000000000142E0	6.29999999999999982E8	-1.47797005254544689E2
3.60000000000000142E0	6.40000000000000036E8	-1.47912650027146553E2
3.60000000000000142E0	6.50000000000000000E8	-1.48025703581035262E2
3.60000000000000142E0	6.59999999999999964E8	-1.48136224091539592E2
3.60000000000000142E0	6.70000000000000018E8	-1.48244266707169348E2
3.60000000000000142E0	6.79999999999999982E8	-1.48349883686935358E2
3.60000000000000142E0	6.90000000000000036E8	-1.48453124651009949E2
3.60000000000000142E0	7.00000000000000000E8	-1.48554036790509847E2
3.60000000000000142E0	7.09999999999999964E8	-1.48652664781835897E2
3.60000000000000142E0	7.20000000000000018E8	-1.48749051178437464E2
3.60000000000000142E0	7.29999999999999982E8	-1.48843236395957157E2
3.60000000000000142E0	7.40000000000000036E8	-1.48935258793588376E2
3.60000000000000142E0	7.50000000000000000E8	-1.49025154920262204E2
3.60000000000000142E0	7.59999999999999964E8	-1.49112959454451532E2
3.60000000000000142E0	7.70000000000000018E8	-1.49198705386548847E2
3.60000000000000142E0	7.79999999999999982E8	-1.49282424084309007E2
3.60000000000000142E0	7.90000000000000036E8	-1.49364145432829276E2
3.60000000000000142E0	8.00000000000000000E8	-1.49443897747134136E2
3.60000000000000142E0	8.09999999999999964E8	-1.49521708051880298E2
3.60000000000000142E0	8.19999999999999929E8	-1.49597602013196207E2
3.60000000000000142E0	8.30000000000000071E8	-1.49671604081972243E2
3.60000000000000142E0	8.40000000000000036E8	-1.49743737464551185E2
3.60000000000000142E0	8.50000000000000000E8	-1.49814024194034845E2
3.60000000000000142E0	8.59999999999999964E8	-1.49882485322525016E2
3.60000000000000142E0	8.69999999999999929E8	-1.49949140784584811E2
3.60000000000000142E0	8.80000000000000071E8	-1.50014009616723132E2
3.60000000000000142E0	8.90000000000000036E8	-1.50077109782242291E2
3.60000000000000142E0	9.00000000000000000E8	-1.50138458470597591E2
3.60000000000000142E0	9.09999999999999964E8	-1.50198071960268575E2
3.60000000000000142E0	9.19999999999999929E8	-1.50255965727425145E2
3.60000000000000142E0	9.30000000000000071E8	-1.50312154464621939E2
3.60000000000000142E0	9.40000000000000036E8	-1.50366652086323205E2
3.60000000000000142E0	9.50000000000000000E8	-1.50419471880473266E2
3.60000000000000142E0	9.59999999999999964E8	-1.50470626377876471E2
3.60000000000000142E0	9.69999999999999929E8	-1.50520127468206555E2
3.60000000000000142E0	9.80000000000000071E8	-1.50567986486729799E2
3.60000000000000142E0	9.90000000000000036E8	-1.50614214060956608E2
3.60000000000000142E0	1.00000000000000000E9	-1.50658820349609668E2
3.60000000000000142E0	1.01000000000000001E9	-1.50701814995175587E2
3.60000000000000142E0	1.02000000000000002E9	-1.50743206938387653E2
3.60000000000000142E0	1.03000000000000003E9	-1.50783004871259951E2
3.60000000000000142E0	1.04000000000000004E9	-1.50821216805266656E2
3.60000000000000142E0	1.05000000000000004E9	-1.50857850417325734E2
3.60000000000000142E0	1.06000000000000005E9	-1.50892912928539036E2
3.60000000000000142E0	1.06999999999999984E9	-1.50926411109488123E2
3.60000000000000142E0	1.08000000000000007E9	-1.50958351352323006E2
3.60000000000000142E0	1.09000000000000008E9	-1.50988739705458430E2
3.60000000000000142E0	1.10000000000000009E9	-1.51017581757245889E2
3.60000000000000142E0	1.10999999999999988E9	-1.51044882873309572E2
3.60000000000000142E0	1.11999999999999988E9	-1.51070647972805827E2
3.60000000000000142E0	1.13000000000000012E9	-1.51094881701992767E2
3.60000000000000142E0	1.14000000000000012E9	-1.51117588413399861E2
3.60000000000000142E0	1.14999999999999991E9	-1.51138772126247578E2
3.60000000000000142E0	1.15999999999999992E9	-1.51158436613810410E2
3.60000000000000142E0	1.16999999999999993E9	-1.51176585361363069E2
3.60000000000000142E0	1.18000000000000016E9	-1.51193221552824220E2
3.60000000000000142E0	1.18999999999999995E9	-1.51208348212771537E2
3.60000000000000142E0	1.19999999999999996E9	-1.51221968042750810E2
3.60000000000000142E0	1.20999999999999996E9	-1.51234083464489788E2
3.60000000000000142E0	1.21999999999999997E9	-1.51244696825735447E2
3.60000000000000142E0	1.22999999999999998E9	-1.51253810120534760E2
3.60000000000000142E0	1.23999999999999999E9	-1.51261425198530874E2
3.60000000000000142E0	1.25000000000000000E9	-1.51267543650975389E2
3.60000000000000142E0	1.26000000000000001E9	-1.51272166923816331E2
3.60000000000000142E0	1.27000000000000002E9	-1.51275296248796876E2
3.60000000000000142E0	1.28000000000000003E9	-1.51276932627102156E2
3.60000000000000142E0	1.29000000000000004E9	-1.51277076914492059E2
3.60000000000000142E0	1.30000000000000004E9	-1.51275729771302681E2
3.60000000000000142E0	1.31000000000000005E9	-1.51272891663173570E2
3.60000000000000142E0	1.31999999999999984E9	-1.51268562903675363E2
3.60000000000000142E0	1.33000000000000007E9	-1.51262743614010065E2
3.60000000000000142E0	1.34000000000000008E9	-1.51255433719163745E2
3.60000000000000142E0	1.35000000000000009E9	-1.51246633013474785E2
3.60000000000000142E0	1.35999999999999988E9	-1.51236341082185910E2
3.60000000000000142E0	1.36999999999999988E9	-1.51224557316949082E2
3.60000000000000142E0	1.38000000000000012E9	-1.51211281031097533E2
3.60000000000000142E0	1.39000000000000012E9	-1.51196511274096390E2
3.60000000000000142E0	1.39999999999999991E9	-1.51180246887640779E2
3.60000000000000142E0	1.40999999999999992E9	-1.51162486611600677E2
3.60000000000000142E0	1.41999999999999993E9	-1.51143228988486311E2
3.60000000000000142E0	1.43000000000000016E9	-1.51122472331845015E2
3.60000000000000142E0	1.43999999999999995E9	-1.51100214825555867E2
3.60000000000000142E0	1.44999999999999996E9	-1.51076454404132887E2
3.60000000000000142E0	1.45999999999999996E9	-1.51051188810425518E2
3.60000000000000142E0	1.46999999999999997E9	-1.51024415626604780E2
3.60000000000000142E0	1.47999999999999998E9	-1.50996132191873222E2
3.60000000000000142E0	1.48999999999999999E9	-1.50966335586404687E2
3.60000000000000142E0	1.50000000000000000E9	-1.50935022760083881E2
3.60000000000000142E0	1.51000000000000001E9	-1.50902190380932155E2
3.60000000000000142E0	1.52000000000000002E9	-1.50867834850917615E2
3.60000000000000142E0	1.53000000000000003E9	-1.50831952384500023E2
3.60000000000000142E0	1.54000000000000004E9	-1.50794538909464193E2
3.60000000000000142E0	1.55000000000000004E9	-1.50755590074967527E2
3.60000000000000142E0	1.56000000000000005E9	-1.50715101304415322E2
3.60000000000000142E0	1.56999999999999984E9	-1.50673067671643457E2
3.60000000000000142E0	1.58000000000000007E9	-1.50629483978733747E2
3.60000000000000142E0	1.59000000000000008E9	-1.50584344794933633E2
3.60000000000000142E0	1.60000000000000009E9	-1.50537644223965161E2
3.60000000000000142E0	1.61000000000000010E9	-1.50489376150718024E2
3.60000000000000142E0	1.61999999999999988E9	-1.50439534076802861E2
3.60000000000000142E0	1.63000000000000012E9	-1.50388111141746439E2
3.60000000000000142E0	1.63999999999999990E9	-1.50335100100479657E2
3.60000000000000142E0	1.64999999999999991E9	-1.50280493324779596E2
3.60000000000000142E0	1.66000000000000014E9	-1.50224282810374765E2
3.60000000000000142E0	1.66999999999999993E9	-1.50166460077372510E2
3.60000000000000142E0	1.68000000000000016E9	-1.50107016220573342E2
3.60000000000000142E0	1.68999999999999995E9	-1.50045941908142977E2
3.60000000000000142E0	1.69999999999999996E9	-1.49983227289537191E2
3.60000000000000142E0	1.71000000000000019E9	-1.49918861998249997E2
3.60000000000000142E0	1.71999999999999997E9	-1.49852835220626690E2
3.60000000000000142E0	1.72999999999999998E9	-1.49785135492431087E2
3.60000000000000142E0	1.73999999999999977E9	-1.49715750898459099E2
3.60000000000000142E0	1.75000000000000000E9	-1.49644668830572458E2
3.60000000000000142E0	1.76000000000000023E9	-1.49571876103956347E2
3.60000000000000142E0	1.77000000000000002E9	-1.49497358889852539E2
3.60000000000000142E0	1.78000000000000003E9	-1.49421102660706739E2
3.60000000000000142E0	1.78999999999999981E9	-1.49343092210058304E2
3.60000000000000142E0	1.80000000000000004E9	-1.49263311562433976E2
3.60000000000000142E0	1.81000000000000005E9	-1.49181743977507364E2
3.60000000000000142E0	1.81999999999999984E9	-1.49098371918031947E2
3.60000000000000142E0	1.83000000000000007E9	-1.49013176957843951E2
3.60000000000000142E0	1.83999999999999986E9	-1.48926139790457968E2
3.60000000000000142E0	1.85000000000000009E9	-1.48837240176191354E2
3.60000000000000142E0	1.86000000000000010E9	-1.48746456902126201E2
3.60000000000000142E0	1.86999999999999988E9	-1.48653767637952794E2
3.60000000000000142E0	1.88000000000000012E9	-1.48559149042554894E2
3.60000000000000142E0	1.88999999999999990E9	-1.48462576544507008E2
3.60000000000000142E0	1.89999999999999991E9	-1.48364024379124082E2
3.60000000000000142E0	1.91000000000000014E9	-1.48263465468103139E2
3.60000000000000142E0	1.91999999999999993E9	-1.48160871330592503E2
3.60000000000000142E0	1.93000000000000016E9	-1.48056212042650692E2
3.60000000000000142E0	1.93999999999999995E9	-1.47949456088716103E2
3.60000000000000142E0	1.94999999999999996E9	-1.47840570289534456E2
3.60000000000000142E0	1.96000000000000019E9	-1.47729519673613319E2
3.60000000000000142E0	1.96999999999999997E9	-1.47616267356773578E2
3.60000000000000142E0	1.97999999999999998E9	-1.47500774344495844E2
3.60000000000000142E0	1.98999999999999977E9	-1.47382999434923478E2
3.60000000000000142E0	2.00000000000000000E9	-1.47262899051907592E2
3.60000000000000142E0	2.01000000000000023E9	-1.47140426966713611E2
3.60000000000000142E0	2.02000000000000002E9	-1.47015534103833034E2
3.60000000000000142E0	2.03000000000000025E9	-1.46888168302764943E2
3.60000000000000142E0	2.04000000000000004E9	-1.46758274053736004E2
3.60000000000000142E0	2.04999999999999982E9	-1.46625792069305194E2
3.60000000000000142E0	2.06000000000000005E9	-1.46490659045876503E2
3.60000000000000142E0	2.06999999999999984E9	-1.46352807136004626E2
3.60000000000000142E0	2.08000000000000007E9	-1.46212163551619367E2
3.60000000000000142E0	2.08999999999999986E9	-1.46068649951005058E2
3.60000000000000142E0	2.10000000000000009E9	-1.45922181901852133E2
3.60000000000000142E0	2.11000000000000032E9	-1.45772668072330247E2
3.60000000000000142E0	2.12000000000000011E9	-1.45620009543619022E2
3.60000000000000142E0	2.12999999999999989E9	-1.45464098792329066E2
3.60000000000000142E0	2.13999999999999968E9	-1.45304818685007398E2
3.60000000000000142E0	2.14999999999999991E9	-1.45142041261139632E2
3.60000000000000142E0	2.16000000000000014E9	-1.44975626373154687E2
3.60000000000000142E0	2.16999999999999993E9	-1.44805420048610212E2
3.60000000000000142E0	2.18000000000000016E9	-1.44631252782017983E2
3.60000000000000142E0	2.18999999999999995E9	-1.44452937414271787E2
3.60000000000000142E0	2.20000000000000018E9	-1.44270266791242507E2
3.60000000000000142E0	2.20999999999999996E9	-1.44083011128785721E2
3.60000000000000142E0	2.21999999999999975E9	-1.43890914964104821E2
3.60000000000000142E0	2.22999999999999998E9	-1.43693693777138054E2
3.60000000000000142E0	2.23999999999999977E9	-1.43491030078074333E2
3.60000000000000142E0	2.25000000000000000E9	-1.43282569190534348E2
3.60000000000000142E0	2.26000000000000023E9	-1.43067914421577802E2
3.60000000000000142E0	2.27000000000000002E9	-1.42846621857193101E2
3.60000000000000142E0	2.28000000000000025E9	-1.42618194620187588E2
3.60000000000000142E0	2.29000000000000004E9	-1.42382076857783635E2
3.60000000000000142E0	2.29999999999999982E9	-1.42137647308966253E2
3.60000000000000142E0	2.31000000000000005E9	-1.41884212950097743E2
3.60000000000000142E0	2.31999999999999984E9	-1.41621002754681258E2
3.60000000000000142E0	2.33000000000000007E9	-1.41347162211581123E2
3.60000000000000142E0	2.33999999999999986E9	-1.41061749128940850E2
3.60000000000000142E0	2.35000000000000009E9	-1.40763731606087950E2
3.60000000000000142E0	2.36000000000000032E9	-1.40451989321290349E2
3.60000000000000142E0	2.37000000000000011E9	-1.40125319361960399E2
3.60000000000000142E0	2.37999999999999989E9	-1.39782448111182056E2
3.60000000000000142E0	2.38999999999999968E9	-1.39422049968978334E2
3.60000000000000142E0	2.39999999999999991E9	-1.39042772274498527E2
3.60000000000000142E0	2.41000000000000014E9	-1.38643261222621161E2
3.60000000000000142E0	2.41999999999999993E9	-1.38222173079497179E2
3.60000000000000142E0	2.43000000000000016E9	-1.37778130338020799E2
3.60000000000000142E0	2.43999999999999995E9	-1.37309527403032150E2
3.60000000000000142E0	2.45000000000000018E9	-1.36813963401748184E2
3.60000000000000142E0	2.45999999999999996E9	-1.36286781578720073E2
3.60000000000000142E0	2.46999999999999975E9	-1.35717462396882160E2
3.60000000000000142E0	2.47999999999999998E9	-1.35080684482147140E2
3.60000000000000142E0	2.48999999999999977E9	-1.34313307648893132E2
3.60000000000000142E0	2.50000000000000000E9	-1.33250926480558762E2
3.60000000000000142E0	2.51000000000000023E9	-1.31438198534567108E2
3.60000000000000142E0	2.52000000000000002E9	-1.27565881008191173E2
3.60000000000000142E0	2.53000000000000025E9	-1.18663862342559634E2
3.60000000000000142E0	2.54000000000000004E9	-1.28174705216980978E2
3.60000000000000142E0	2.54999999999999982E9	-1.31778503071271968E2
3.60000000000000142E0	2.56000000000000005E9	-1.33487004019760702E2
3.60000000000000142E0	2.56999999999999984E9	-1.34507330270724657E2
3.60000000000000142E0	2.58000000000000007E9	-1.35256286469107456E2
3.60000000000000142E0	2.58999999999999986E9	-1.35884534250902655E2
3.60000000000000142E0	2.60000000000000009E9	-1.36449803577133988E2
3.60000000000000142E0	2.61000000000000032E9	-1.36975102429653228E2
3.60000000000000142E0	2.62000000000000011E9	-1.37469901230599989E2
3.60000000000000142E0	2.62999999999999989E9	-1.37938360411396799E2
3.60000000000000142E0	2.63999999999999968E9	-1.38382638659213852E2
3.60000000000000142E0	2.64999999999999991E9	-1.38804220272748791E2
3.60000000000000142E0	2.66000000000000014E9	-1.39204420988426891E2
3.60000000000000142E0	2.66999999999999993E9	-1.39584553106863085E2
3.60000000000000142E0	2.68000000000000016E9	-1.39945955015189405E2
3.60000000000000142E0	2.68999999999999995E9	-1.40289972839262500E2
3.60000000000000142E0	2.70000000000000018E9	-1.40617930766650590E2
3.60000000000000142E0	2.70999999999999996E9	-1.40931104171711130E2
3.60000000000000142E0	2.71999999999999975E9	-1.41230699665340431E2
3.60000000000000142E0	2.72999999999999998E9	-1.41517842560190421E2
3.60000000000000142E0	2.73999999999999977E9	-1.41793570555650494E2
3.60000000000000142E0	2.75000000000000000E9	-1.42058832161370785E2
3.60000000000000142E0	2.76000000000000023E9	-1.42314488516955073E2
3.60000000000000142E0	2.77000000000000002E9	-1.42561317426615775E2
3.60000000000000142E0	2.78000000000000025E9	-1.42800018767919235E2
3.60000000000000142E0	2.79000000000000004E9	-1.43031220624459876E2
3.60000000000000142E0	2.79999999999999982E9	-1.43255485632857393E2
3.60000000000000142E0	2.81000000000000005E9	-1.43473317336041584E2
3.60000000000000142E0	2.81999999999999984E9	-1.43685166203293546E2
3.60000000000000142E0	2.83000000000000007E9	-1.43891435373677123E2
3.60000000000000142E0	2.83999999999999986E9	-1.44092485839747386E2
3.60000000000000142E0	2.85000000000000009E9	-1.44288641267706153E2
3.60000000000000142E0	2.86000000000000032E9	-1.44480192248049977E2
3.60000000000000142E0	2.87000000000000011E9	-1.44667400194025042E2
3.60000000000000142E0	2.87999999999999989E9	-1.44850500735692655E2
3.60000000000000142E0	2.88999999999999968E9	-1.45029706762531507E2
3.60000000000000142E0	2.89999999999999991E9	-1.45205211085160246E2
3.60000000000000142E0	2.91000000000000014E9	-1.45377188785763201E2
3.60000000000000142E0	2.91999999999999993E9	-1.45545799306279200E2
3.60000000000000142E0	2.93000000000000016E9	-1.45711188211287146E2
3.60000000000000142E0	2.93999999999999995E9	-1.45873488835337328E2
3.60000000000000142E0	2.95000000000000018E9	-1.46032823566948711E2
3.60000000000000142E0	2.95999999999999996E9	-1.46189305201036213E2
3.60000000000000142E0	2.96999999999999975E9	-1.46343037839719736E2
3.60000000000000142E0	2.97999999999999998E9	-1.46494117935012969E2
3.60000000000000142E0	2.98999999999999977E9	-1.46642635022102796E2
3.60000000000000142E0	3.00000000000000000E9	-1.46788672490598349E2

var_c	indep(index, 1)	plot_vs(pnmx, noisefreq)[15, ::]
3.70000000000000151E0	3.00000000000000000E8	-1.41888102981269482E2
3.70000000000000151E0	3.10000000000000009E8	-1.42164124406293491E2
3.70000000000000151E0	3.20000000000000018E8	-1.42430799350204418E2
3.70000000000000151E0	3.29999999999999982E8	-1.42688681575339027E2
3.70000000000000151E0	3.39999999999999991E8	-1.42938274440122370E2
3.70000000000000151E0	3.50000000000000000E8	-1.43180037182964659E2
3.70000000000000151E0	3.60000000000000009E8	-1.43414389903171191E2
3.70000000000000151E0	3.70000000000000018E8	-1.43641717461646068E2
3.70000000000000151E0	3.79999999999999982E8	-1.43862373635558671E2
3.70000000000000151E0	3.89999999999999991E8	-1.44076684229386220E2
3.70000000000000151E0	4.00000000000000000E8	-1.44284949713670896E2
3.70000000000000151E0	4.09999999999999964E8	-1.44487447882272413E2
3.70000000000000151E0	4.20000000000000018E8	-1.44684436084505741E2
3.70000000000000151E0	4.29999999999999982E8	-1.44876153104923699E2
3.70000000000000151E0	4.40000000000000036E8	-1.45062820646533508E2
3.70000000000000151E0	4.50000000000000000E8	-1.45244645235784842E2
3.70000000000000151E0	4.59999999999999964E8	-1.45421819295536858E2
3.70000000000000151E0	4.70000000000000018E8	-1.45594522336275167E2
3.70000000000000151E0	4.79999999999999982E8	-1.45762922207989587E2
3.70000000000000151E0	4.90000000000000036E8	-1.45927175958529087E2
3.70000000000000151E0	5.00000000000000000E8	-1.46087430643232663E2
3.70000000000000151E0	5.09999999999999964E8	-1.46243824195487049E2
3.70000000000000151E0	5.20000000000000018E8	-1.46396486156592820E2
3.70000000000000151E0	5.29999999999999982E8	-1.46545538198773739E2
3.70000000000000151E0	5.40000000000000036E8	-1.46691094738017713E2
3.70000000000000151E0	5.50000000000000000E8	-1.46833263665143132E2
3.70000000000000151E0	5.59999999999999964E8	-1.46972146400698844E2
3.70000000000000151E0	5.70000000000000018E8	-1.47107838731860219E2
3.70000000000000151E0	5.79999999999999982E8	-1.47240431043811237E2
3.70000000000000151E0	5.90000000000000036E8	-1.47370008688294218E2
3.70000000000000151E0	6.00000000000000000E8	-1.47496652252213178E2
3.70000000000000151E0	6.09999999999999964E8	-1.47620438020451705E2
3.70000000000000151E0	6.20000000000000018E8	-1.47741438141636361E2
3.70000000000000151E0	6.29999999999999982E8	-1.47859720915487891E2
3.70000000000000151E0	6.40000000000000036E8	-1.47975350984785758E2
3.70000000000000151E0	6.50000000000000000E8	-1.48088389781231378E2
3.70000000000000151E0	6.59999999999999964E8	-1.48198895271892983E2
3.70000000000000151E0	6.70000000000000018E8	-1.48306922694705512E2
3.70000000000000151E0	6.79999999999999982E8	-1.48412524292888914E2
3.70000000000000151E0	6.90000000000000036E8	-1.48515749697189703E2
3.70000000000000151E0	7.00000000000000000E8	-1.48616646046337064E2
3.70000000000000151E0	7.09999999999999964E8	-1.48715258200112621E2
3.70000000000000151E0	7.20000000000000018E8	-1.48811628540049834E2
3.70000000000000151E0	7.29999999999999982E8	-1.48905797544417506E2
3.70000000000000151E0	7.40000000000000036E8	-1.48997803596907885E2
3.70000000000000151E0	7.50000000000000000E8	-1.49087683220209266E2
3.70000000000000151E0	7.59999999999999964E8	-1.49175471140830962E2
3.70000000000000151E0	7.70000000000000018E8	-1.49261200298799013E2
3.70000000000000151E0	7.79999999999999982E8	-1.49344902125318701E2
3.70000000000000151E0	7.90000000000000036E8	-1.49426606463508405E2
3.70000000000000151E0	8.00000000000000000E8	-1.49506341676489618E2
3.70000000000000151E0	8.09999999999999964E8	-1.49584134793214529E2
3.70000000000000151E0	8.19999999999999929E8	-1.49660011420608696E2
3.70000000000000151E0	8.30000000000000071E8	-1.49733996113999801E2
3.70000000000000151E0	8.40000000000000036E8	-1.49806111978513701E2
3.70000000000000151E0	8.50000000000000000E8	-1.49876381198934605E2
3.70000000000000151E0	8.59999999999999964E8	-1.49944824697798795E2
3.70000000000000151E0	8.69999999999999929E8	-1.50011462504093673E2
3.70000000000000151E0	8.80000000000000071E8	-1.50076313595495381E2
3.70000000000000151E0	8.90000000000000036E8	-1.50139396030688865E2
3.70000000000000151E0	9.00000000000000000E8	-1.50200726928776018E2
3.70000000000000151E0	9.09999999999999964E8	-1.50260322647283751E2
3.70000000000000151E0	9.19999999999999929E8	-1.50318198609567366E2
3.70000000000000151E0	9.30000000000000071E8	-1.50374369505844863E2
3.70000000000000151E0	9.40000000000000036E8	-1.50428849355460104E2
3.70000000000000151E0	9.50000000000000000E8	-1.50481651382724424E2
3.70000000000000151E0	9.59999999999999964E8	-1.50532788162495690E2
3.70000000000000151E0	9.69999999999999929E8	-1.50582271582578109E2
3.70000000000000151E0	9.80000000000000071E8	-1.50630112929762783E2
3.70000000000000151E0	9.90000000000000036E8	-1.50676322984517030E2
3.70000000000000151E0	1.00000000000000000E9	-1.50720911810945379E2
3.70000000000000151E0	1.01000000000000001E9	-1.50763889040056887E2
3.70000000000000151E0	1.02000000000000002E9	-1.50805263746055607E2
3.70000000000000151E0	1.03000000000000003E9	-1.50845044490549141E2
3.70000000000000151E0	1.04000000000000004E9	-1.50883239433639060E2
3.70000000000000151E0	1.05000000000000004E9	-1.50919856192862478E2
3.70000000000000151E0	1.06000000000000005E9	-1.50954902014086034E2
3.70000000000000151E0	1.06999999999999984E9	-1.50988383692258421E2
3.70000000000000151E0	1.08000000000000007E9	-1.51020307613966365E2
3.70000000000000151E0	1.09000000000000008E9	-1.51050679884322214E2
3.70000000000000151E0	1.10000000000000009E9	-1.51079506050069945E2
3.70000000000000151E0	1.10999999999999988E9	-1.51106791543970820E2
3.70000000000000151E0	1.11999999999999988E9	-1.51132541294752620E2
3.70000000000000151E0	1.13000000000000012E9	-1.51156759967309884E2
3.70000000000000151E0	1.14000000000000012E9	-1.51179451911186336E2
3.70000000000000151E0	1.14999999999999991E9	-1.51200621201779706E2
3.70000000000000151E0	1.15999999999999992E9	-1.51220271600485079E2
3.70000000000000151E0	1.16999999999999993E9	-1.51238406632765754E2
3.70000000000000151E0	1.18000000000000016E9	-1.51255029526829121E2
3.70000000000000151E0	1.18999999999999995E9	-1.51270143244572819E2
3.70000000000000151E0	1.19999999999999996E9	-1.51283750577479270E2
3.70000000000000151E0	1.20999999999999996E9	-1.51295854009208686E2
3.70000000000000151E0	1.21999999999999997E9	-1.51306455832590148E2
3.70000000000000151E0	1.22999999999999998E9	-1.51315558114090831E2
3.70000000000000151E0	1.23999999999999999E9	-1.51323162703278857E2
3.70000000000000151E0	1.25000000000000000E9	-1.51329271270416621E2
3.70000000000000151E0	1.26000000000000001E9	-1.51333885236481880E2
3.70000000000000151E0	1.27000000000000002E9	-1.51337005858089846E2
3.70000000000000151E0	1.28000000000000003E9	-1.51338634203074962E2
3.70000000000000151E0	1.29000000000000004E9	-1.51338771143942208E2
3.70000000000000151E0	1.30000000000000004E9	-1.51337417386634288E2
3.70000000000000151E0	1.31000000000000005E9	-1.51334573421782692E2
3.70000000000000151E0	1.31999999999999984E9	-1.51330239602878724E2
3.70000000000000151E0	1.33000000000000007E9	-1.51324416095255887E2
3.70000000000000151E0	1.34000000000000008E9	-1.51317102832012385E2
3.70000000000000151E0	1.35000000000000009E9	-1.51308299699484161E2
3.70000000000000151E0	1.35999999999999988E9	-1.51298006300106680E2
3.70000000000000151E0	1.36999999999999988E9	-1.51286222076240806E2
3.70000000000000151E0	1.38000000000000012E9	-1.51272946338326397E2
3.70000000000000151E0	1.39000000000000012E9	-1.51258178240915098E2
3.70000000000000151E0	1.39999999999999991E9	-1.51241916653255015E2
3.70000000000000151E0	1.40999999999999992E9	-1.51224160413078379E2
3.70000000000000151E0	1.41999999999999993E9	-1.51204908066459720E2
3.70000000000000151E0	1.43000000000000016E9	-1.51184157976921330E2
3.70000000000000151E0	1.43999999999999995E9	-1.51161908447026683E2
3.70000000000000151E0	1.44999999999999996E9	-1.51138157397915807E2
3.70000000000000151E0	1.45999999999999996E9	-1.51112902688281237E2
3.70000000000000151E0	1.46999999999999997E9	-1.51086141963412257E2
3.70000000000000151E0	1.47999999999999998E9	-1.51057872611446586E2
3.70000000000000151E0	1.48999999999999999E9	-1.51028091821851085E2
3.70000000000000151E0	1.50000000000000000E9	-1.50996796611609674E2
3.70000000000000151E0	1.51000000000000001E9	-1.50963983708991423E2
3.70000000000000151E0	1.52000000000000002E9	-1.50929649629912177E2
3.70000000000000151E0	1.53000000000000003E9	-1.50893790670968175E2
3.70000000000000151E0	1.54000000000000004E9	-1.50856402848587412E2
3.70000000000000151E0	1.55000000000000004E9	-1.50817481906537898E2
3.70000000000000151E0	1.56000000000000005E9	-1.50777023400240440E2
3.70000000000000151E0	1.56999999999999984E9	-1.50735022496635729E2
3.70000000000000151E0	1.58000000000000007E9	-1.50691474136180625E2
3.70000000000000151E0	1.59000000000000008E9	-1.50646372932719830E2
3.70000000000000151E0	1.60000000000000009E9	-1.50599713227111032E2
3.70000000000000151E0	1.61000000000000010E9	-1.50551488954319757E2
3.70000000000000151E0	1.61999999999999988E9	-1.50501693765679589E2
3.70000000000000151E0	1.63000000000000012E9	-1.50450321017078847E2
3.70000000000000151E0	1.63999999999999990E9	-1.50397363546685758E2
3.70000000000000151E0	1.64999999999999991E9	-1.50342813945929277E2
3.70000000000000151E0	1.66000000000000014E9	-1.50286664347511545E2
3.70000000000000151E0	1.66999999999999993E9	-1.50228906473965029E2
3.70000000000000151E0	1.68000000000000016E9	-1.50169531611677742E2
3.70000000000000151E0	1.68999999999999995E9	-1.50108530605178281E2
3.70000000000000151E0	1.69999999999999996E9	-1.50045893832701394E2
3.70000000000000151E0	1.71000000000000019E9	-1.49981611201123033E2
3.70000000000000151E0	1.71999999999999997E9	-1.49915672060167449E2
3.70000000000000151E0	1.72999999999999998E9	-1.49848065264104036E2
3.70000000000000151E0	1.73999999999999977E9	-1.49778779109477167E2
3.70000000000000151E0	1.75000000000000000E9	-1.49707801290011000E2
3.70000000000000151E0	1.76000000000000023E9	-1.49635118920555588E2
3.70000000000000151E0	1.77000000000000002E9	-1.49560718474517240E2
3.70000000000000151E0	1.78000000000000003E9	-1.49484585764205380E2
3.70000000000000151E0	1.78999999999999981E9	-1.49406705931525652E2
3.70000000000000151E0	1.80000000000000004E9	-1.49327063347713151E2
3.70000000000000151E0	1.81000000000000005E9	-1.49245641675769791E2
3.70000000000000151E0	1.81999999999999984E9	-1.49162423783761566E2
3.70000000000000151E0	1.83000000000000007E9	-1.49077391658561531E2
3.70000000000000151E0	1.83999999999999986E9	-1.48990526474788054E2
3.70000000000000151E0	1.85000000000000009E9	-1.48901808466105701E2
3.70000000000000151E0	1.86000000000000010E9	-1.48811216885089093E2
3.70000000000000151E0	1.86999999999999988E9	-1.48718729976007236E2
3.70000000000000151E0	1.88000000000000012E9	-1.48624324935669794E2
3.70000000000000151E0	1.88999999999999990E9	-1.48527977793145460E2
3.70000000000000151E0	1.89999999999999991E9	-1.48429663388749544E2
3.70000000000000151E0	1.91000000000000014E9	-1.48329355323826739E2
3.70000000000000151E0	1.91999999999999993E9	-1.48227025767634646E2
3.70000000000000151E0	1.93000000000000016E9	-1.48122645524464902E2
3.70000000000000151E0	1.93999999999999995E9	-1.48016183859470196E2
3.70000000000000151E0	1.94999999999999996E9	-1.47907608343613672E2
3.70000000000000151E0	1.96000000000000019E9	-1.47796884848694732E2
3.70000000000000151E0	1.96999999999999997E9	-1.47683977325705795E2
3.70000000000000151E0	1.97999999999999998E9	-1.47568847702879857E2
3.70000000000000151E0	1.98999999999999977E9	-1.47451455708022405E2
3.70000000000000151E0	2.00000000000000000E9	-1.47331758696598136E2
3.70000000000000151E0	2.01000000000000023E9	-1.47209711437038537E2
3.70000000000000151E0	2.02000000000000002E9	-1.47085265908757545E2
3.70000000000000151E0	2.03000000000000025E9	-1.46958370947137462E2
3.70000000000000151E0	2.04000000000000004E9	-1.46828972109921851E2
3.70000000000000151E0	2.04999999999999982E9	-1.46697011194902527E2
3.70000000000000151E0	2.06000000000000005E9	-1.46562425937550578E2
3.70000000000000151E0	2.06999999999999984E9	-1.46425149520941988E2
3.70000000000000151E0	2.08000000000000007E9	-1.46285110188928691E2
3.70000000000000151E0	2.08999999999999986E9	-1.46142230572934162E2
3.70000000000000151E0	2.10000000000000009E9	-1.45996427093461478E2
3.70000000000000151E0	2.11000000000000032E9	-1.45847609204625339E2
3.70000000000000151E0	2.12000000000000011E9	-1.45695678614221213E2
3.70000000000000151E0	2.12999999999999989E9	-1.45540528223915544E2
3.70000000000000151E0	2.13999999999999968E9	-1.45382041074504009E2
3.70000000000000151E0	2.14999999999999991E9	-1.45220089067481228E2
3.70000000000000151E0	2.16000000000000014E9	-1.45054531490562466E2
3.70000000000000151E0	2.16999999999999993E9	-1.44885213334162644E2
3.70000000000000151E0	2.18000000000000016E9	-1.44711963380943964E2
3.70000000000000151E0	2.18999999999999995E9	-1.44534591989490568E2
3.70000000000000151E0	2.20000000000000018E9	-1.44352888580746619E2
3.70000000000000151E0	2.20999999999999996E9	-1.44166618735701180E2
3.70000000000000151E0	2.21999999999999975E9	-1.43975520913361188E2
3.70000000000000151E0	2.22999999999999998E9	-1.43779302761489536E2
3.70000000000000151E0	2.23999999999999977E9	-1.43577636816149723E2
3.70000000000000151E0	2.25000000000000000E9	-1.43370155840713864E2
3.70000000000000151E0	2.26000000000000023E9	-1.43156447436702505E2
3.70000000000000151E0	2.27000000000000002E9	-1.42936048224529388E2
3.70000000000000151E0	2.28000000000000025E9	-1.42708437326072701E2
3.70000000000000151E0	2.29000000000000004E9	-1.42473029447359822E2
3.70000000000000151E0	2.29999999999999982E9	-1.42229167423856118E2
3.70000000000000151E0	2.31000000000000005E9	-1.41976114566859768E2
3.70000000000000151E0	2.31999999999999984E9	-1.41713047073393694E2
3.70000000000000151E0	2.33000000000000007E9	-1.41439046860091411E2
3.70000000000000151E0	2.33999999999999986E9	-1.41153095519239602E2
3.70000000000000151E0	2.35000000000000009E9	-1.40854070212160809E2
3.70000000000000151E0	2.36000000000000032E9	-1.40540742697079990E2
3.70000000000000151E0	2.37000000000000011E9	-1.40211782699281229E2
3.70000000000000151E0	2.37999999999999989E9	-1.39865767202989733E2
3.70000000000000151E0	2.38999999999999968E9	-1.39501196453438214E2
3.70000000000000151E0	2.39999999999999991E9	-1.39116515790263584E2
3.70000000000000151E0	2.41000000000000014E9	-1.38710137391770405E2
3.70000000000000151E0	2.41999999999999993E9	-1.38280444271381331E2
3.70000000000000151E0	2.43000000000000016E9	-1.37825730270763014E2
3.70000000000000151E0	2.43999999999999995E9	-1.37343966514004823E2
3.70000000000000151E0	2.45000000000000018E9	-1.36832135053733128E2
3.70000000000000151E0	2.45999999999999996E9	-1.36284516439228476E2
3.70000000000000151E0	2.46999999999999975E9	-1.35688435479254776E2
3.70000000000000151E0	2.47999999999999998E9	-1.35013616423250049E2
3.70000000000000151E0	2.48999999999999977E9	-1.34184472271392430E2
3.70000000000000151E0	2.50000000000000000E9	-1.33003028198945916E2
3.70000000000000151E0	2.51000000000000023E9	-1.30919203177396204E2
3.70000000000000151E0	2.52000000000000002E9	-1.26421377995852291E2
3.70000000000000151E0	2.53000000000000025E9	-1.22562541559687022E2
3.70000000000000151E0	2.54000000000000004E9	-1.29073708380592755E2
3.70000000000000151E0	2.54999999999999982E9	-1.32182693239724181E2
3.70000000000000151E0	2.56000000000000005E9	-1.33737892005110881E2
3.70000000000000151E0	2.56999999999999984E9	-1.34715200394359025E2
3.70000000000000151E0	2.58000000000000007E9	-1.35457123804920454E2
3.70000000000000151E0	2.58999999999999986E9	-1.36089735692205127E2
3.70000000000000151E0	2.60000000000000009E9	-1.36661975769711286E2
3.70000000000000151E0	2.61000000000000032E9	-1.37193638490602465E2
3.70000000000000151E0	2.62000000000000011E9	-1.37693136409233330E2
3.70000000000000151E0	2.62999999999999989E9	-1.38164443233218148E2
3.70000000000000151E0	2.63999999999999968E9	-1.38609874118736909E2
3.70000000000000151E0	2.64999999999999991E9	-1.39031185052214101E2
3.70000000000000151E0	2.66000000000000014E9	-1.39429979776240365E2
3.70000000000000151E0	2.66999999999999993E9	-1.39807834170802137E2
3.70000000000000151E0	2.68000000000000016E9	-1.40166311890994599E2
3.70000000000000151E0	2.68999999999999995E9	-1.40506944273952916E2
3.70000000000000151E0	2.70000000000000018E9	-1.40831203968122010E2
3.70000000000000151E0	2.70999999999999996E9	-1.41140483160521568E2
3.70000000000000151E0	2.71999999999999975E9	-1.41436078996812098E2
3.70000000000000151E0	2.72999999999999998E9	-1.41719185969068739E2
3.70000000000000151E0	2.73999999999999977E9	-1.41990893855194233E2
3.70000000000000151E0	2.75000000000000000E9	-1.42252189720451794E2
3.70000000000000151E0	2.76000000000000023E9	-1.42503962637633097E2
3.70000000000000151E0	2.77000000000000002E9	-1.42747010085522308E2
3.70000000000000151E0	2.78000000000000025E9	-1.42982045225544763E2
3.70000000000000151E0	2.79000000000000004E9	-1.43209704532621451E2
3.70000000000000151E0	2.79999999999999982E9	-1.43430555301432294E2
3.70000000000000151E0	2.81000000000000005E9	-1.43645102907089495E2
3.70000000000000151E0	2.81999999999999984E9	-1.43853797587898957E2
3.70000000000000151E0	2.83000000000000007E9	-1.44057040683941051E2
3.70000000000000151E0	2.83999999999999986E9	-1.44255190279341394E2
3.70000000000000151E0	2.85000000000000009E9	-1.44448566381756183E2
3.70000000000000151E0	2.86000000000000032E9	-1.44637455386474545E2
3.70000000000000151E0	2.87000000000000011E9	-1.44822114171139127E2
3.70000000000000151E0	2.87999999999999989E9	-1.45002773686184372E2
3.70000000000000151E0	2.88999999999999968E9	-1.45179642029660938E2
3.70000000000000151E0	2.89999999999999991E9	-1.45352907249423380E2
3.70000000000000151E0	2.91000000000000014E9	-1.45522739748531826E2
3.70000000000000151E0	2.91999999999999993E9	-1.45689294382840928E2
3.70000000000000151E0	2.93000000000000016E9	-1.45852712292937281E2
3.70000000000000151E0	2.93999999999999995E9	-1.46013122512423710E2
3.70000000000000151E0	2.95000000000000018E9	-1.46170643381620580E2
3.70000000000000151E0	2.95999999999999996E9	-1.46325383739585346E2
3.70000000000000151E0	2.96999999999999975E9	-1.46477443970125965E2
3.70000000000000151E0	2.97999999999999998E9	-1.46626916955746411E2
3.70000000000000151E0	2.98999999999999977E9	-1.46773888893855120E2
3.70000000000000151E0	3.00000000000000000E9	-1.46918439971882231E2

var_c	indep(index, 1)	plot_vs(pnmx, noisefreq)[16, ::]
3.80000000000000160E0	3.00000000000000000E8	-1.41942217970902407E2
3.80000000000000160E0	3.10000000000000009E8	-1.42218234863393933E2
3.80000000000000160E0	3.20000000000000018E8	-1.42484905066054646E2
3.80000000000000160E0	3.29999999999999982E8	-1.42742782096984544E2
3.80000000000000160E0	3.39999999999999991E8	-1.42992369467445579E2
3.80000000000000160E0	3.50000000000000000E8	-1.43234126418200591E2
3.80000000000000160E0	3.60000000000000009E8	-1.43468472973511796E2
3.80000000000000160E0	3.70000000000000018E8	-1.43695794037983915E2
3.80000000000000160E0	3.79999999999999982E8	-1.43916443472332634E2
3.80000000000000160E0	3.89999999999999991E8	-1.44130746970513823E2
3.80000000000000160E0	4.00000000000000000E8	-1.44339004990620667E2
3.80000000000000160E0	4.09999999999999964E8	-1.44541495483171478E2
3.80000000000000160E0	4.20000000000000018E8	-1.44738475715820658E2
3.80000000000000160E0	4.29999999999999982E8	-1.44930184412726870E2
3.80000000000000160E0	4.40000000000000036E8	-1.45116843411830732E2
3.80000000000000160E0	4.50000000000000000E8	-1.45298659175564882E2
3.80000000000000160E0	4.59999999999999964E8	-1.45475824096235784E2
3.80000000000000160E0	4.70000000000000018E8	-1.45648517804750477E2
3.80000000000000160E0	4.79999999999999982E8	-1.45816908021769276E2
3.80000000000000160E0	4.90000000000000036E8	-1.45981151823190447E2
3.80000000000000160E0	5.00000000000000000E8	-1.46141396341432594E2
3.80000000000000160E0	5.09999999999999964E8	-1.46297779469477307E2
3.80000000000000160E0	5.20000000000000018E8	-1.46450430769590634E2
3.80000000000000160E0	5.29999999999999982E8	-1.46599471897204303E2
3.80000000000000160E0	5.40000000000000036E8	-1.46745017308510528E2
3.80000000000000160E0	5.50000000000000000E8	-1.46887174845822566E2
3.80000000000000160E0	5.59999999999999964E8	-1.47026045957900009E2
3.80000000000000160E0	5.70000000000000018E8	-1.47161726483985489E2
3.80000000000000160E0	5.79999999999999982E8	-1.47294306744032699E2
3.80000000000000160E0	5.90000000000000036E8	-1.47423872114653842E2
3.80000000000000160E0	6.00000000000000000E8	-1.47550503173593195E2
3.80000000000000160E0	6.09999999999999964E8	-1.47674276260033421E2
3.80000000000000160E0	6.20000000000000018E8	-1.47795263472296368E2
3.80000000000000160E0	6.29999999999999982E8	-1.47913533129973773E2
3.80000000000000160E0	6.40000000000000036E8	-1.48029149915840508E2
3.80000000000000160E0	6.50000000000000000E8	-1.48142175187370140E2
3.80000000000000160E0	6.59999999999999964E8	-1.48252666991355575E2
3.80000000000000160E0	6.70000000000000018E8	-1.48360680559080049E2
3.80000000000000160E0	6.79999999999999982E8	-1.48466268063156748E2
3.80000000000000160E0	6.90000000000000036E8	-1.48569479291056328E2
3.80000000000000160E0	7.00000000000000000E8	-1.48670361296828668E2
3.80000000000000160E0	7.09999999999999964E8	-1.48768958809071372E2
3.80000000000000160E0	7.20000000000000018E8	-1.48865314466303467E2
3.80000000000000160E0	7.29999999999999982E8	-1.48959468577249310E2
3.80000000000000160E0	7.40000000000000036E8	-1.49051459640206585E2
3.80000000000000160E0	7.50000000000000000E8	-1.49141324126762997E2
3.80000000000000160E0	7.59999999999999964E8	-1.49229096723232657E2
3.80000000000000160E0	7.70000000000000018E8	-1.49314810461532543E2
3.80000000000000160E0	7.79999999999999982E8	-1.49398496699086358E2
3.80000000000000160E0	7.90000000000000036E8	-1.49480185357268747E2
3.80000000000000160E0	8.00000000000000000E8	-1.49559904798928645E2
3.80000000000000160E0	8.09999999999999964E8	-1.49637681997892535E2
3.80000000000000160E0	8.19999999999999929E8	-1.49713542621117268E2
3.80000000000000160E0	8.30000000000000071E8	-1.49787511217815372E2
3.80000000000000160E0	8.40000000000000036E8	-1.49859610903724505E2
3.80000000000000160E0	8.50000000000000000E8	-1.49929863840654609E2
3.80000000000000160E0	8.59999999999999964E8	-1.49998291046985677E2
3.80000000000000160E0	8.69999999999999929E8	-1.50064912430496888E2
3.80000000000000160E0	8.80000000000000071E8	-1.50129747078518916E2
3.80000000000000160E0	8.90000000000000036E8	-1.50192813011148929E2
3.80000000000000160E0	9.00000000000000000E8	-1.50254127377755875E2
3.80000000000000160E0	9.09999999999999964E8	-1.50313706468502972E2
3.80000000000000160E0	9.19999999999999929E8	-1.50371565827601605E2
3.80000000000000160E0	9.30000000000000071E8	-1.50427720157335654E2
3.80000000000000160E0	9.40000000000000036E8	-1.50482183378980383E2
3.80000000000000160E0	9.50000000000000000E8	-1.50534968783094425E2
3.80000000000000160E0	9.59999999999999964E8	-1.50586088937556850E2
3.80000000000000160E0	9.69999999999999929E8	-1.50635555812068755E2
3.80000000000000160E0	9.80000000000000071E8	-1.50683380634264719E2
3.80000000000000160E0	9.90000000000000036E8	-1.50729574175706960E2
3.80000000000000160E0	1.00000000000000000E9	-1.50774146614569671E2
3.80000000000000160E0	1.01000000000000001E9	-1.50817107496628067E2
3.80000000000000160E0	1.02000000000000002E9	-1.50858465916817974E2
3.80000000000000160E0	1.03000000000000003E9	-1.50898230504490050E2
3.80000000000000160E0	1.04000000000000004E9	-1.50936409380065051E2
3.80000000000000160E0	1.05000000000000004E9	-1.50973010221624504E2
3.80000000000000160E0	1.06000000000000005E9	-1.51008040243163033E2
3.80000000000000160E0	1.06999999999999984E9	-1.51041506258045399E2
3.80000000000000160E0	1.08000000000000007E9	-1.51073414725370592E2
3.80000000000000160E0	1.09000000000000008E9	-1.51103771662349939E2
3.80000000000000160E0	1.10000000000000009E9	-1.51132582749693434E2
3.80000000000000160E0	1.10999999999999988E9	-1.51159853340233297E2
3.80000000000000160E0	1.11999999999999988E9	-1.51185588439172380E2
3.80000000000000160E0	1.13000000000000012E9	-1.51209792714509317E2
3.80000000000000160E0	1.14000000000000012E9	-1.51232470513650918E2
3.80000000000000160E0	1.14999999999999991E9	-1.51253625947418979E2
3.80000000000000160E0	1.15999999999999992E9	-1.51273262792286456E2
3.80000000000000160E0	1.16999999999999993E9	-1.51291384587542543E2
3.80000000000000160E0	1.18000000000000016E9	-1.51307994575406646E2
3.80000000000000160E0	1.18999999999999995E9	-1.51323095790466433E2
3.80000000000000160E0	1.19999999999999996E9	-1.51336690969506771E2
3.80000000000000160E0	1.20999999999999996E9	-1.51348782663248782E2
3.80000000000000160E0	1.21999999999999997E9	-1.51359373197260072E2
3.80000000000000160E0	1.22999999999999998E9	-1.51368464635152300E2
3.80000000000000160E0	1.23999999999999999E9	-1.51376058897530519E2
3.80000000000000160E0	1.25000000000000000E9	-1.51382157601930634E2
3.80000000000000160E0	1.26000000000000001E9	-1.51386762269968544E2
3.80000000000000160E0	1.27000000000000002E9	-1.51389874150668602E2
3.80000000000000160E0	1.28000000000000003E9	-1.51391494358393386E2
3.80000000000000160E0	1.29000000000000004E9	-1.51391623792393171E2
3.80000000000000160E0	1.30000000000000004E9	-1.51390263167161021E2
3.80000000000000160E0	1.31000000000000005E9	-1.51387413037329344E2
3.80000000000000160E0	1.31999999999999984E9	-1.51383073797222401E2
3.80000000000000160E0	1.33000000000000007E9	-1.51377245579260067E2
3.80000000000000160E0	1.34000000000000008E9	-1.51369928445229052E2
3.80000000000000160E0	1.35000000000000009E9	-1.51361122264830961E2
3.80000000000000160E0	1.35999999999999988E9	-1.51350826659423543E2
3.80000000000000160E0	1.36999999999999988E9	-1.51339041214626890E2
3.80000000000000160E0	1.38000000000000012E9	-1.51325765221126907E2
3.80000000000000160E0	1.39000000000000012E9	-1.51310997799027769E2
3.80000000000000160E0	1.39999999999999991E9	-1.51294738048344524E2
3.80000000000000160E0	1.40999999999999992E9	-1.51276984672802883E2
3.80000000000000160E0	1.41999999999999993E9	-1.51257736356955430E2
3.80000000000000160E0	1.43000000000000016E9	-1.51236991573131219E2
3.80000000000000160E0	1.43999999999999995E9	-1.51214748555134304E2
3.80000000000000160E0	1.44999999999999996E9	-1.51191005373334564E2
3.80000000000000160E0	1.45999999999999996E9	-1.51165759958072532E2
3.80000000000000160E0	1.46999999999999997E9	-1.51139009960242809E2
3.80000000000000160E0	1.47999999999999998E9	-1.51110752851642438E2
3.80000000000000160E0	1.48999999999999999E9	-1.51080985945879487E2
3.80000000000000160E0	1.50000000000000000E9	-1.51049706257450933E2
3.80000000000000160E0	1.51000000000000001E9	-1.51016910646680769E2
3.80000000000000160E0	1.52000000000000002E9	-1.50982595719575241E2
3.80000000000000160E0	1.53000000000000003E9	-1.50946757809843746E2
3.80000000000000160E0	1.54000000000000004E9	-1.50909393067082043E2
3.80000000000000160E0	1.55000000000000004E9	-1.50870497342333176E2
3.80000000000000160E0	1.56000000000000005E9	-1.50830066216402625E2
3.80000000000000160E0	1.56999999999999984E9	-1.50788095047559301E2
3.80000000000000160E0	1.58000000000000007E9	-1.50744578838943211E2
3.80000000000000160E0	1.59000000000000008E9	-1.50699512335553587E2
3.80000000000000160E0	1.60000000000000009E9	-1.50652889990934424E2
3.80000000000000160E0	1.61000000000000010E9	-1.50604705912455805E2
3.80000000000000160E0	1.61999999999999988E9	-1.50554953859324425E2
3.80000000000000160E0	1.63000000000000012E9	-1.50503627291923814E2
3.80000000000000160E0	1.63999999999999990E9	-1.50450719260498889E2
3.80000000000000160E0	1.64999999999999991E9	-1.50396222491144482E2
3.80000000000000160E0	1.66000000000000014E9	-1.50340129256080357E2
3.80000000000000160E0	1.66999999999999993E9	-1.50282431506656700E2
3.80000000000000160E0	1.68000000000000016E9	-1.50223120681467037E2
3.80000000000000160E0	1.68999999999999995E9	-1.50162187845970263E2
3.80000000000000160E0	1.69999999999999996E9	-1.50099623587329978E2
3.80000000000000160E0	1.71000000000000019E9	-1.50035417978313790E2
3.80000000000000160E0	1.71999999999999997E9	-1.49969560646217603E2
3.80000000000000160E0	1.72999999999999998E9	-1.49902040682652893E2
3.80000000000000160E0	1.73999999999999977E9	-1.49832846624609362E2
3.80000000000000160E0	1.75000000000000000E9	-1.49761966463459362E2
3.80000000000000160E0	1.76000000000000023E9	-1.49689387594956602E2
3.80000000000000160E0	1.77000000000000002E9	-1.49615096778953882E2
3.80000000000000160E0	1.78000000000000003E9	-1.49539080164002236E2
3.80000000000000160E0	1.78999999999999981E9	-1.49461323197336604E2
3.80000000000000160E0	1.80000000000000004E9	-1.49381810635333312E2
3.80000000000000160E0	1.81000000000000005E9	-1.49300526519711863E2
3.80000000000000160E0	1.81999999999999984E9	-1.49217454087173884E2
3.80000000000000160E0	1.83000000000000007E9	-1.49132575772991993E2
3.80000000000000160E0	1.83999999999999986E9	-1.49045873185671063E2
3.80000000000000160E0	1.85000000000000009E9	-1.48957327006954432E2
3.80000000000000160E0	1.86000000000000010E9	-1.48866916983702624E2
3.80000000000000160E0	1.86999999999999988E9	-1.48774621921082062E2
3.80000000000000160E0	1.88000000000000012E9	-1.48680419512397699E2
3.80000000000000160E0	1.88999999999999990E9	-1.48584286389150977E2
3.80000000000000160E0	1.89999999999999991E9	-1.48486197998591751E2
3.80000000000000160E0	1.91000000000000014E9	-1.48386128539092654E2
3.80000000000000160E0	1.91999999999999993E9	-1.48284050920887767E2
3.80000000000000160E0	1.93000000000000016E9	-1.48179936613859220E2
3.80000000000000160E0	1.93999999999999995E9	-1.48073755613967006E2
3.80000000000000160E0	1.94999999999999996E9	-1.47965476314678979E2
3.80000000000000160E0	1.96000000000000019E9	-1.47855065361419702E2
3.80000000000000160E0	1.96999999999999997E9	-1.47742487549124291E2
3.80000000000000160E0	1.97999999999999998E9	-1.47627705720502544E2
3.80000000000000160E0	1.98999999999999977E9	-1.47510680513871795E2
3.80000000000000160E0	2.00000000000000000E9	-1.47391370238171193E2
3.80000000000000160E0	2.01000000000000023E9	-1.47269730658401454E2
3.80000000000000160E0	2.02000000000000002E9	-1.47145714772606473E2
3.80000000000000160E0	2.03000000000000025E9	-1.47019272460527861E2
3.80000000000000160E0	2.04000000000000004E9	-1.46890350322193131E2
3.80000000000000160E0	2.04999999999999982E9	-1.46758891260411173E2
3.80000000000000160E0	2.06000000000000005E9	-1.46624834082513300E2
3.80000000000000160E0	2.06999999999999984E9	-1.46488113053614666E2
3.80000000000000160E0	2.08000000000000007E9	-1.46348657439869312E2
3.80000000000000160E0	2.08999999999999986E9	-1.46206390877015013E2
3.80000000000000160E0	2.10000000000000009E9	-1.46061230738085301E2
3.80000000000000160E0	2.11000000000000032E9	-1.45913087329190172E2
3.80000000000000160E0	2.12000000000000011E9	-1.45761863027361938E2
3.80000000000000160E0	2.12999999999999989E9	-1.45607451294528500E2
3.80000000000000160E0	2.13999999999999968E9	-1.45449735456022000E2
3.80000000000000160E0	2.14999999999999991E9	-1.45288587419359483E2
3.80000000000000160E0	2.16000000000000014E9	-1.45123866071963725E2
3.80000000000000160E0	2.16999999999999993E9	-1.44955415545416932E2
3.80000000000000160E0	2.18000000000000016E9	-1.44783063156379455E2
3.80000000000000160E0	2.18999999999999995E9	-1.44606617055570896E2
3.80000000000000160E0	2.20000000000000018E9	-1.44425863505179608E2
3.80000000000000160E0	2.20999999999999996E9	-1.44240563827135260E2
3.80000000000000160E0	2.21999999999999975E9	-1.44050450794522078E2
3.80000000000000160E0	2.22999999999999998E9	-1.43855224645845459E2
3.80000000000000160E0	2.23999999999999977E9	-1.43654548467171450E2
3.80000000000000160E0	2.25000000000000000E9	-1.43448042981702484E2
3.80000000000000160E0	2.26000000000000023E9	-1.43235280709922019E2
3.80000000000000160E0	2.27000000000000002E9	-1.43015779433558010E2
3.80000000000000160E0	2.28000000000000025E9	-1.42788994963506011E2
3.80000000000000160E0	2.29000000000000004E9	-1.42554313250774056E2
3.80000000000000160E0	2.29999999999999982E9	-1.42311041875734134E2
3.80000000000000160E0	2.31000000000000005E9	-1.42058401147132729E2
3.80000000000000160E0	2.31999999999999984E9	-1.41795514958662161E2
3.80000000000000160E0	2.33000000000000007E9	-1.41521401951495562E2
3.80000000000000160E0	2.33999999999999986E9	-1.41234967470119899E2
3.80000000000000160E0	2.35000000000000009E9	-1.40934997230172554E2
3.80000000000000160E0	2.36000000000000032E9	-1.40620153858161756E2
3.80000000000000160E0	2.37000000000000011E9	-1.40288977541509330E2
3.80000000000000160E0	2.37999999999999989E9	-1.39939892400941135E2
3.80000000000000160E0	2.38999999999999968E9	-1.39571219273683811E2
3.80000000000000160E0	2.39999999999999991E9	-1.39181193911039669E2
3.80000000000000160E0	2.41000000000000014E9	-1.38767983917970561E2
3.80000000000000160E0	2.41999999999999993E9	-1.38329684289654820E2
3.80000000000000160E0	2.43000000000000016E9	-1.37864239736516758E2
3.80000000000000160E0	2.43999999999999995E9	-1.37369167918652946E2
3.80000000000000160E0	2.45000000000000018E9	-1.36840784525527437E2
3.80000000000000160E0	2.45999999999999996E9	-1.36272212739841758E2
3.80000000000000160E0	2.46999999999999975E9	-1.35648406862774173E2
3.80000000000000160E0	2.47999999999999998E9	-1.34933582490474469E2
3.80000000000000160E0	2.48999999999999977E9	-1.34038160340443580E2
3.80000000000000160E0	2.50000000000000000E9	-1.32726171606641064E2
3.80000000000000160E0	2.51000000000000023E9	-1.30341977256046415E2
3.80000000000000160E0	2.52000000000000002E9	-1.25238790770830066E2
3.80000000000000160E0	2.53000000000000025E9	-1.23968288623905853E2
3.80000000000000160E0	2.54000000000000004E9	-1.29799671797458460E2
3.80000000000000160E0	2.54999999999999982E9	-1.32528856243416837E2
3.80000000000000160E0	2.56000000000000005E9	-1.33966061393501490E2
3.80000000000000160E0	2.56999999999999984E9	-1.34911042294569716E2
3.80000000000000160E0	2.58000000000000007E9	-1.35648868495195196E2
3.80000000000000160E0	2.58999999999999986E9	-1.36286077037368814E2
3.80000000000000160E0	2.60000000000000009E9	-1.36864541542057583E2
3.80000000000000160E0	2.61000000000000032E9	-1.37401513352058346E2
3.80000000000000160E0	2.62000000000000011E9	-1.37904630358012192E2
3.80000000000000160E0	2.62999999999999989E9	-1.38377799854170003E2
3.80000000000000160E0	2.63999999999999968E9	-1.38823538715913086E2
3.80000000000000160E0	2.64999999999999991E9	-1.39243884088680780E2
3.80000000000000160E0	2.66000000000000014E9	-1.39640720270550811E2
3.80000000000000160E0	2.66999999999999993E9	-1.40015871966886496E2
3.80000000000000160E0	2.68000000000000016E9	-1.40371111075244204E2
3.80000000000000160E0	2.68999999999999995E9	-1.40708137197701544E2
3.80000000000000160E0	2.70000000000000018E9	-1.41028555838273073E2
3.80000000000000160E0	2.70999999999999996E9	-1.41333862161735846E2
3.80000000000000160E0	2.71999999999999975E9	-1.41625431872730978E2
3.80000000000000160E0	2.72999999999999998E9	-1.41904518442301719E2
3.80000000000000160E0	2.73999999999999977E9	-1.42172255173072282E2
3.80000000000000160E0	2.75000000000000000E9	-1.42429660529311986E2
3.80000000000000160E0	2.76000000000000023E9	-1.42677645617756488E2
3.80000000000000160E0	2.77000000000000002E9	-1.42917022714230990E2
3.80000000000000160E0	2.78000000000000025E9	-1.43148514279587458E2
3.80000000000000160E0	2.79000000000000004E9	-1.43372761917485869E2
3.80000000000000160E0	2.79999999999999982E9	-1.43590334948416776E2
3.80000000000000160E0	2.81000000000000005E9	-1.43801738457177430E2
3.80000000000000160E0	2.81999999999999984E9	-1.44007420719031431E2
3.80000000000000160E0	2.83000000000000007E9	-1.44207779918290102E2
3.80000000000000160E0	2.83999999999999986E9	-1.44403170181098717E2
3.80000000000000160E0	2.85000000000000009E9	-1.44593906970358677E2
3.80000000000000160E0	2.86000000000000032E9	-1.44780271847515718E2
3.80000000000000160E0	2.87000000000000011E9	-1.44962516675314168E2
3.80000000000000160E0	2.87999999999999989E9	-1.45140867305084043E2
3.80000000000000160E0	2.88999999999999968E9	-1.45315526808643125E2
3.80000000000000160E0	2.89999999999999991E9	-1.45486678281408399E2
3.80000000000000160E0	2.91000000000000014E9	-1.45654487320332748E2
3.80000000000000160E0	2.91999999999999993E9	-1.45819104119942811E2
3.80000000000000160E0	2.93000000000000016E9	-1.45980665384421249E2
3.80000000000000160E0	2.93999999999999995E9	-1.46139295872577812E2
3.80000000000000160E0	2.95000000000000018E9	-1.46295109877312912E2
3.80000000000000160E0	2.95999999999999996E9	-1.46448212356335761E2
3.80000000000000160E0	2.96999999999999975E9	-1.46598700066995669E2
3.80000000000000160E0	2.97999999999999998E9	-1.46746662422341201E2
3.80000000000000160E0	2.98999999999999977E9	-1.46892182336210864E2
3.80000000000000160E0	3.00000000000000000E9	-1.47035336872196809E2

var_c	indep(index, 1)	plot_vs(pnmx, noisefreq)[17, ::]
3.90000000000000169E0	3.00000000000000000E8	-1.41988754908097725E2
3.90000000000000169E0	3.10000000000000009E8	-1.42264768298728117E2
3.90000000000000169E0	3.20000000000000018E8	-1.42531434662214496E2
3.90000000000000169E0	3.29999999999999982E8	-1.42789307420923417E2
3.90000000000000169E0	3.39999999999999991E8	-1.43038890229219540E2
3.90000000000000169E0	3.50000000000000000E8	-1.43280642358442667E2
3.90000000000000169E0	3.60000000000000009E8	-1.43514983664948415E2
3.90000000000000169E0	3.70000000000000018E8	-1.43742299203371204E2
3.90000000000000169E0	3.79999999999999982E8	-1.43962942829115925E2
3.90000000000000169E0	3.89999999999999991E8	-1.44177240166623477E2
3.90000000000000169E0	4.00000000000000000E8	-1.44385491746453853E2
3.90000000000000169E0	4.09999999999999964E8	-1.44587975487584641E2
3.90000000000000169E0	4.20000000000000018E8	-1.44784948747525810E2
3.90000000000000169E0	4.29999999999999982E8	-1.44976650118763017E2
3.90000000000000169E0	4.40000000000000036E8	-1.45163301560713798E2
3.90000000000000169E0	4.50000000000000000E8	-1.45345109470582989E2
3.90000000000000169E0	4.59999999999999964E8	-1.45522266236449505E2
3.90000000000000169E0	4.70000000000000018E8	-1.45694951542489326E2
3.90000000000000169E0	4.79999999999999982E8	-1.45863333096074399E2
3.90000000000000169E0	4.90000000000000036E8	-1.46027568000648911E2
3.90000000000000169E0	5.00000000000000000E8	-1.46187803359074642E2
3.90000000000000169E0	5.09999999999999964E8	-1.46344177113646667E2
3.90000000000000169E0	5.20000000000000018E8	-1.46496818732702017E2
3.90000000000000169E0	5.29999999999999982E8	-1.46645849965891317E2
3.90000000000000169E0	5.40000000000000036E8	-1.46791385283739961E2
3.90000000000000169E0	5.50000000000000000E8	-1.46933532446293391E2
3.90000000000000169E0	5.59999999999999964E8	-1.47072392963079213E2
3.90000000000000169E0	5.70000000000000018E8	-1.47208062693295250E2
3.90000000000000169E0	5.79999999999999982E8	-1.47340631915090681E2
3.90000000000000169E0	5.90000000000000036E8	-1.47470185997493131E2
3.90000000000000169E0	6.00000000000000000E8	-1.47596805664431185E2
3.90000000000000169E0	6.09999999999999964E8	-1.47720567071938302E2
3.90000000000000169E0	6.20000000000000018E8	-1.47841542391735925E2
3.90000000000000169E0	6.29999999999999982E8	-1.47959799987967244E2
3.90000000000000169E0	6.40000000000000036E8	-1.48075404572049618E2
3.90000000000000169E0	6.50000000000000000E8	-1.48188417360123692E2
3.90000000000000169E0	6.59999999999999964E8	-1.48298896546849290E2
3.90000000000000169E0	6.70000000000000018E8	-1.48406897291369910E2
3.90000000000000169E0	6.79999999999999982E8	-1.48512471810988456E2
3.90000000000000169E0	6.90000000000000036E8	-1.48615669889389945E2
3.90000000000000169E0	7.00000000000000000E8	-1.48716538543093058E2
3.90000000000000169E0	7.09999999999999964E8	-1.48815122554236323E2
3.90000000000000169E0	7.20000000000000018E8	-1.48911464563797091E2
3.90000000000000169E0	7.29999999999999982E8	-1.49005604872171449E2
3.90000000000000169E0	7.40000000000000036E8	-1.49097581921408606E2
3.90000000000000169E0	7.50000000000000000E8	-1.49187432265796982E2
3.90000000000000169E0	7.59999999999999964E8	-1.49275190637806476E2
3.90000000000000169E0	7.70000000000000018E8	-1.49360889960835586E2
3.90000000000000169E0	7.79999999999999982E8	-1.49444561704415779E2
3.90000000000000169E0	7.90000000000000036E8	-1.49526235701747123E2
3.90000000000000169E0	8.00000000000000000E8	-1.49605940352279498E2
3.90000000000000169E0	8.09999999999999964E8	-1.49683702645041494E2
3.90000000000000169E0	8.19999999999999929E8	-1.49759548326919179E2
3.90000000000000169E0	8.30000000000000071E8	-1.49833501828680227E2
3.90000000000000169E0	8.40000000000000036E8	-1.49905586356205389E2
3.90000000000000169E0	8.50000000000000000E8	-1.49975824017892911E2
3.90000000000000169E0	8.59999999999999964E8	-1.50044235866678521E2
3.90000000000000169E0	8.69999999999999929E8	-1.50110841835186615E2
3.90000000000000169E0	8.80000000000000071E8	-1.50175661011241912E2
3.90000000000000169E0	8.90000000000000036E8	-1.50238711373593081E2
3.90000000000000169E0	9.00000000000000000E8	-1.50300010160478159E2
3.90000000000000169E0	9.09999999999999964E8	-1.50359573615768993E2
3.90000000000000169E0	9.19999999999999929E8	-1.50417417311895352E2
3.90000000000000169E0	9.30000000000000071E8	-1.50473555904420375E2
3.90000000000000169E0	9.40000000000000036E8	-1.50528003400278432E2
3.90000000000000169E0	9.50000000000000000E8	-1.50580773091076936E2
3.90000000000000169E0	9.59999999999999964E8	-1.50631877516873747E2
3.90000000000000169E0	9.69999999999999929E8	-1.50681328657985292E2
3.90000000000000169E0	9.80000000000000071E8	-1.50729137824634840E2
3.90000000000000169E0	9.90000000000000036E8	-1.50775315687411404E2
3.90000000000000169E0	1.00000000000000000E9	-1.50819872465098781E2
3.90000000000000169E0	1.01000000000000001E9	-1.50862817786830594E2
3.90000000000000169E0	1.02000000000000002E9	-1.50904160689565603E2
3.90000000000000169E0	1.03000000000000003E9	-1.50943909832448186E2
3.90000000000000169E0	1.04000000000000004E9	-1.50982073326422794E2
3.90000000000000169E0	1.05000000000000004E9	-1.51018658937168948E2
3.90000000000000169E0	1.06000000000000005E9	-1.51053673798101529E2
3.90000000000000169E0	1.06999999999999984E9	-1.51087124795309258E2
3.90000000000000169E0	1.08000000000000007E9	-1.51119018403455052E2
3.90000000000000169E0	1.09000000000000008E9	-1.51149360589861259E2
3.90000000000000169E0	1.10000000000000009E9	-1.51178157095901566E2
3.90000000000000169E0	1.10999999999999988E9	-1.51205413339450589E2
3.90000000000000169E0	1.11999999999999988E9	-1.51231134227468078E2
3.90000000000000169E0	1.13000000000000012E9	-1.51255324514080436E2
3.90000000000000169E0	1.14000000000000012E9	-1.51277988578764022E2
3.90000000000000169E0	1.14999999999999991E9	-1.51299130522842340E2
3.90000000000000169E0	1.15999999999999992E9	-1.51318754125499799E2
3.90000000000000169E0	1.16999999999999993E9	-1.51336862983704878E2
3.90000000000000169E0	1.18000000000000016E9	-1.51353460343189594E2
3.90000000000000169E0	1.18999999999999995E9	-1.51368549234429683E2
3.90000000000000169E0	1.19999999999999996E9	-1.51382132427257354E2
3.90000000000000169E0	1.20999999999999996E9	-1.51394212553228691E2
3.90000000000000169E0	1.21999999999999997E9	-1.51404791849441889E2
3.90000000000000169E0	1.22999999999999998E9	-1.51413872476625389E2
3.90000000000000169E0	1.23999999999999999E9	-1.51421456359486628E2
3.90000000000000169E0	1.25000000000000000E9	-1.51427545154739307E2
3.90000000000000169E0	1.26000000000000001E9	-1.51432140383275793E2
3.90000000000000169E0	1.27000000000000002E9	-1.51435243342515324E2
3.90000000000000169E0	1.28000000000000003E9	-1.51436855184783026E2
3.90000000000000169E0	1.29000000000000004E9	-1.51436976777635257E2
3.90000000000000169E0	1.30000000000000004E9	-1.51435608948064604E2
3.90000000000000169E0	1.31000000000000005E9	-1.51432752240797641E2
3.90000000000000169E0	1.31999999999999984E9	-1.51428407052842284E2
3.90000000000000169E0	1.33000000000000007E9	-1.51422573617772072E2
3.90000000000000169E0	1.34000000000000008E9	-1.51415251999196454E2
3.90000000000000169E0	1.35000000000000009E9	-1.51406442084571458E2
3.90000000000000169E0	1.35999999999999988E9	-1.51396143605929767E2
3.90000000000000169E0	1.36999999999999988E9	-1.51384356043932478E2
3.90000000000000169E0	1.38000000000000012E9	-1.51371078853553565E2
3.90000000000000169E0	1.39000000000000012E9	-1.51356311238922991E2
3.90000000000000169E0	1.39999999999999991E9	-1.51340052163223904E2
3.90000000000000169E0	1.40999999999999992E9	-1.51322300571127322E2
3.90000000000000169E0	1.41999999999999993E9	-1.51303055101357309E2
3.90000000000000169E0	1.43000000000000016E9	-1.51282314265196427E2
3.90000000000000169E0	1.43999999999999995E9	-1.51260076390640963E2
3.90000000000000169E0	1.44999999999999996E9	-1.51236339625474270E2
3.90000000000000169E0	1.45999999999999996E9	-1.51211101870215758E2
3.90000000000000169E0	1.46999999999999997E9	-1.51184360922823036E2
3.90000000000000169E0	1.47999999999999998E9	-1.51156114311462630E2
3.90000000000000169E0	1.48999999999999999E9	-1.51126359358668938E2
3.90000000000000169E0	1.50000000000000000E9	-1.51095093226704669E2
3.90000000000000169E0	1.51000000000000001E9	-1.51062312813808330E2
3.90000000000000169E0	1.52000000000000002E9	-1.51028014777584851E2
3.90000000000000169E0	1.53000000000000003E9	-1.50992195607098889E2
3.90000000000000169E0	1.54000000000000004E9	-1.50954851478445229E2
3.90000000000000169E0	1.55000000000000004E9	-1.50915978353645852E2
3.90000000000000169E0	1.56000000000000005E9	-1.50875571927867069E2
3.90000000000000169E0	1.56999999999999984E9	-1.50833627632343670E2
3.90000000000000169E0	1.58000000000000007E9	-1.50790140566404429E2
3.90000000000000169E0	1.59000000000000008E9	-1.50745105663530876E2
3.90000000000000169E0	1.60000000000000009E9	-1.50698517414651434E2
3.90000000000000169E0	1.61000000000000010E9	-1.50650370080272777E2
3.90000000000000169E0	1.61999999999999988E9	-1.50600657555463857E2
3.90000000000000169E0	1.63000000000000012E9	-1.50549373439081480E2
3.90000000000000169E0	1.63999999999999990E9	-1.50496510911880765E2
3.90000000000000169E0	1.64999999999999991E9	-1.50442062855744552E2
3.90000000000000169E0	1.66000000000000014E9	-1.50386021750852694E2
3.90000000000000169E0	1.66999999999999993E9	-1.50328379636195475E2
3.90000000000000169E0	1.68000000000000016E9	-1.50269128188080336E2
3.90000000000000169E0	1.68999999999999995E9	-1.50208258655129656E2
3.90000000000000169E0	1.69999999999999996E9	-1.50145761795642363E2
3.90000000000000169E0	1.71000000000000019E9	-1.50081627950667729E2
3.90000000000000169E0	1.71999999999999997E9	-1.50015846915349060E2
3.90000000000000169E0	1.72999999999999998E9	-1.49948408040870995E2
3.90000000000000169E0	1.73999999999999977E9	-1.49879300126344406E2
3.90000000000000169E0	1.75000000000000000E9	-1.49808511385852272E2
3.90000000000000169E0	1.76000000000000023E9	-1.49736029510298296E2
3.90000000000000169E0	1.77000000000000002E9	-1.49661841563640330E2
3.90000000000000169E0	1.78000000000000003E9	-1.49585933986178699E2
3.90000000000000169E0	1.78999999999999981E9	-1.49508292576559931E2
3.90000000000000169E0	1.80000000000000004E9	-1.49428902434481414E2
3.90000000000000169E0	1.81000000000000005E9	-1.49347747918820772E2
3.90000000000000169E0	1.81999999999999984E9	-1.49264812715035000E2
3.90000000000000169E0	1.83000000000000007E9	-1.49180079622163353E2
3.90000000000000169E0	1.83999999999999986E9	-1.49093530688922060E2
3.90000000000000169E0	1.85000000000000009E9	-1.49005147062373067E2
3.90000000000000169E0	1.86000000000000010E9	-1.48914908970901760E2
3.90000000000000169E0	1.86999999999999988E9	-1.48822795688991749E2
3.90000000000000169E0	1.88000000000000012E9	-1.48728785491403626E2
3.90000000000000169E0	1.88999999999999990E9	-1.48632855548264908E2
3.90000000000000169E0	1.89999999999999991E9	-1.48534981907587316E2
3.90000000000000169E0	1.91000000000000014E9	-1.48435139394188775E2
3.90000000000000169E0	1.91999999999999993E9	-1.48333301556693198E2
3.90000000000000169E0	1.93000000000000016E9	-1.48229440580341354E2
3.90000000000000169E0	1.93999999999999995E9	-1.48123527184401005E2
3.90000000000000169E0	1.94999999999999996E9	-1.48015530501579740E2
3.90000000000000169E0	1.96000000000000019E9	-1.47905418014372514E2
3.90000000000000169E0	1.96999999999999997E9	-1.47793155365791873E2
3.90000000000000169E0	1.97999999999999998E9	-1.47678706231324997E2
3.90000000000000169E0	1.98999999999999977E9	-1.47562032176547109E2
3.90000000000000169E0	2.00000000000000000E9	-1.47443092498108452E2
3.90000000000000169E0	2.01000000000000023E9	-1.47321843896247295E2
3.90000000000000169E0	2.02000000000000002E9	-1.47198240387663293E2
3.90000000000000169E0	2.03000000000000025E9	-1.47072232918359691E2
3.90000000000000169E0	2.04000000000000004E9	-1.46943769158730553E2
3.90000000000000169E0	2.04999999999999982E9	-1.46812793078298598E2
3.90000000000000169E0	2.06000000000000005E9	-1.46679244590678204E2
3.90000000000000169E0	2.06999999999999984E9	-1.46543059040323298E2
3.90000000000000169E0	2.08000000000000007E9	-1.46404166781692391E2
3.90000000000000169E0	2.08999999999999986E9	-1.46262492488646445E2
3.90000000000000169E0	2.10000000000000009E9	-1.46117954505217762E2
3.90000000000000169E0	2.11000000000000032E9	-1.45970464032381342E2
3.90000000000000169E0	2.12000000000000011E9	-1.45819924251024302E2
3.90000000000000169E0	2.12999999999999989E9	-1.45666229200780295E2
3.90000000000000169E0	2.13999999999999968E9	-1.45509262642260251E2
3.90000000000000169E0	2.14999999999999991E9	-1.45348896577189679E2
3.90000000000000169E0	2.16000000000000014E9	-1.45184989684511656E2
3.90000000000000169E0	2.16999999999999993E9	-1.45017385390236941E2
3.90000000000000169E0	2.18000000000000016E9	-1.44845909766826653E2
3.90000000000000169E0	2.18999999999999995E9	-1.44670368987055875E2
3.90000000000000169E0	2.20000000000000018E9	-1.44490546443845980E2
3.90000000000000169E0	2.20999999999999996E9	-1.44306199520998835E2
3.90000000000000169E0	2.21999999999999975E9	-1.44117055671042960E2
3.90000000000000169E0	2.22999999999999998E9	-1.43922808189501805E2
3.90000000000000169E0	2.23999999999999977E9	-1.43723111136185988E2
3.90000000000000169E0	2.25000000000000000E9	-1.43517573756170580E2
3.90000000000000169E0	2.26000000000000023E9	-1.43305754062203583E2
3.90000000000000169E0	2.27000000000000002E9	-1.43087151655124445E2
3.90000000000000169E0	2.28000000000000025E9	-1.42861199672673722E2
3.90000000000000169E0	2.29000000000000004E9	-1.42627256047613882E2
3.90000000000000169E0	2.29999999999999982E9	-1.42384593807249149E2
3.90000000000000169E0	2.31000000000000005E9	-1.42132390888130011E2
3.90000000000000169E0	2.31999999999999984E9	-1.41869719462801180E2
3.90000000000000169E0	2.33000000000000007E9	-1.41595535267643924E2
3.90000000000000169E0	2.33999999999999986E9	-1.41308667474542871E2
3.90000000000000169E0	2.35000000000000009E9	-1.41007810006869883E2
3.90000000000000169E0	2.36000000000000032E9	-1.40691515308902848E2
3.90000000000000169E0	2.37000000000000011E9	-1.40358192101738810E2
3.90000000000000169E0	2.37999999999999989E9	-1.40006108369343618E2
3.90000000000000169E0	2.38999999999999968E9	-1.39633400563670063E2
3.90000000000000169E0	2.39999999999999991E9	-1.39238087545947709E2
3.90000000000000169E0	2.41000000000000014E9	-1.38818081921346748E2
3.90000000000000169E0	2.41999999999999993E9	-1.38371176184980871E2
3.90000000000000169E0	2.43000000000000016E9	-1.37894945257926627E2
3.90000000000000169E0	2.43999999999999995E9	-1.37386422938241393E2
3.90000000000000169E0	2.45000000000000018E9	-1.36841208382705792E2
3.90000000000000169E0	2.45999999999999996E9	-1.36251170296822122E2
3.90000000000000169E0	2.46999999999999975E9	-1.35598669320447884E2
3.90000000000000169E0	2.47999999999999998E9	-1.34841829572546490E2
3.90000000000000169E0	2.48999999999999977E9	-1.33875443987311593E2
3.90000000000000169E0	2.50000000000000000E9	-1.32420932099379396E2
3.90000000000000169E0	2.51000000000000023E9	-1.29707645089133083E2
3.90000000000000169E0	2.52000000000000002E9	-1.24111239412696817E2
3.90000000000000169E0	2.53000000000000025E9	-1.25230949733550467E2
3.90000000000000169E0	2.54000000000000004E9	-1.30396732256212378E2
3.90000000000000169E0	2.54999999999999982E9	-1.32830605224305520E2
3.90000000000000169E0	2.56000000000000005E9	-1.34176077809410010E2
3.90000000000000169E0	2.56999999999999984E9	-1.35096789590077537E2
3.90000000000000169E0	2.58000000000000007E9	-1.35832621338012371E2
3.90000000000000169E0	2.58999999999999986E9	-1.36474407207543291E2
3.90000000000000169E0	2.60000000000000009E9	-1.37058317387074480E2
3.90000000000000169E0	2.61000000000000032E9	-1.37599603078371802E2
3.90000000000000169E0	2.62000000000000011E9	-1.38105357087031932E2
3.90000000000000169E0	2.62999999999999989E9	-1.38579514667444847E2
3.90000000000000169E0	2.63999999999999968E9	-1.39024826584247907E2
3.90000000000000169E0	2.64999999999999991E9	-1.39443613873524552E2
3.90000000000000169E0	2.66000000000000014E9	-1.39838030805123825E2
3.90000000000000169E0	2.66999999999999993E9	-1.40210135166455130E2
3.90000000000000169E0	2.68000000000000016E9	-1.40561890080174434E2
3.90000000000000169E0	2.68999999999999995E9	-1.40895147215863270E2
3.90000000000000169E0	2.70000000000000018E9	-1.41211630262076393E2
3.90000000000000169E0	2.70999999999999996E9	-1.41512924600903567E2
3.90000000000000169E0	2.71999999999999975E9	-1.41800473595993615E2
3.90000000000000169E0	2.72999999999999998E9	-1.42075580546548053E2
3.90000000000000169E0	2.73999999999999977E9	-1.42339414626914929E2
3.90000000000000169E0	2.75000000000000000E9	-1.42593019417695177E2
3.90000000000000169E0	2.76000000000000023E9	-1.42837322865462446E2
3.90000000000000169E0	2.77000000000000002E9	-1.43073147833335912E2
3.90000000000000169E0	2.78000000000000025E9	-1.43301222658956240E2
3.90000000000000169E0	2.79000000000000004E9	-1.43522191311093983E2
3.90000000000000169E0	2.79999999999999982E9	-1.43736622888658983E2
3.90000000000000169E0	2.81000000000000005E9	-1.43945020450575933E2
3.90000000000000169E0	2.81999999999999984E9	-1.44147828884529572E2
3.90000000000000169E0	2.83000000000000007E9	-1.44345442118232059E2
3.90000000000000169E0	2.83999999999999986E9	-1.44538209442873256E2
3.90000000000000169E0	2.85000000000000009E9	-1.44726441137425854E2
3.90000000000000169E0	2.86000000000000032E9	-1.44910413410487471E2
3.90000000000000169E0	2.87000000000000011E9	-1.45090372735141049E2
3.90000000000000169E0	2.87999999999999989E9	-1.45266539628283398E2
3.90000000000000169E0	2.88999999999999968E9	-1.45439111927613740E2
3.90000000000000169E0	2.89999999999999991E9	-1.45608267671386171E2
3.90000000000000169E0	2.91000000000000014E9	-1.45774167583667058E2
3.90000000000000169E0	2.91999999999999993E9	-1.45936957218825514E2
3.90000000000000169E0	2.93000000000000016E9	-1.46096768803735122E2
3.90000000000000169E0	2.93999999999999995E9	-1.46253722935385921E2
3.90000000000000169E0	2.95000000000000018E9	-1.46407929851607621E2
3.90000000000000169E0	2.95999999999999996E9	-1.46559490787048841E2
3.90000000000000169E0	2.96999999999999975E9	-1.46708498883442684E2
3.90000000000000169E0	2.97999999999999998E9	-1.46855040235906076E2
3.90000000000000169E0	2.98999999999999977E9	-1.46999194559585300E2
3.90000000000000169E0	3.00000000000000000E9	-1.47141035949573973E2

var_c	indep(index, 1)	plot_vs(pnmx, noisefreq)[18, ::]
4.00000000000000178E0	3.00000000000000000E8	-1.42028839308513199E2
4.00000000000000178E0	3.10000000000000009E8	-1.42304850019837770E2
4.00000000000000178E0	3.20000000000000018E8	-1.42571513256946902E2
4.00000000000000178E0	3.29999999999999982E8	-1.42829382637115820E2
4.00000000000000178E0	3.39999999999999991E8	-1.43078961756740553E2
4.00000000000000178E0	3.50000000000000000E8	-1.43320709781795808E2
4.00000000000000178E0	3.60000000000000009E8	-1.43555046799345165E2
4.00000000000000178E0	3.70000000000000018E8	-1.43782357763227209E2
4.00000000000000178E0	3.79999999999999982E8	-1.44002996324415911E2
4.00000000000000178E0	3.89999999999999991E8	-1.44217288390998410E2
4.00000000000000178E0	4.00000000000000000E8	-1.44425534461332150E2
4.00000000000000178E0	4.09999999999999964E8	-1.44628012384549542E2
4.00000000000000178E0	4.20000000000000018E8	-1.44824979451446123E2
4.00000000000000178E0	4.29999999999999982E8	-1.45016674479509922E2
4.00000000000000178E0	4.40000000000000036E8	-1.45203319149641041E2
4.00000000000000178E0	4.50000000000000000E8	-1.45385120096315212E2
4.00000000000000178E0	4.59999999999999964E8	-1.45562269715644099E2
4.00000000000000178E0	4.70000000000000018E8	-1.45734947541311799E2
4.00000000000000178E0	4.79999999999999982E8	-1.45903321367855532E2
4.00000000000000178E0	4.90000000000000036E8	-1.46067548304592476E2
4.00000000000000178E0	5.00000000000000000E8	-1.46227775452191899E2
4.00000000000000178E0	5.09999999999999964E8	-1.46384140696780518E2
4.00000000000000178E0	5.20000000000000018E8	-1.46536773610664506E2
4.00000000000000178E0	5.29999999999999982E8	-1.46685795935505947E2
4.00000000000000178E0	5.40000000000000036E8	-1.46831322030599032E2
4.00000000000000178E0	5.50000000000000000E8	-1.46973459800674133E2
4.00000000000000178E0	5.59999999999999964E8	-1.47112310717524264E2
4.00000000000000178E0	5.70000000000000018E8	-1.47247970609594203E2
4.00000000000000178E0	5.79999999999999982E8	-1.47380529773889069E2
4.00000000000000178E0	5.90000000000000036E8	-1.47510073603585345E2
4.00000000000000178E0	6.00000000000000000E8	-1.47636682783036632E2
4.00000000000000178E0	6.09999999999999964E8	-1.47760433508014666E2
4.00000000000000178E0	6.20000000000000018E8	-1.47881397992618879E2
4.00000000000000178E0	6.29999999999999982E8	-1.47999644525897445E2
4.00000000000000178E0	6.40000000000000036E8	-1.48115237782800202E2
4.00000000000000178E0	6.50000000000000000E8	-1.48228239139799500E2
4.00000000000000178E0	6.59999999999999964E8	-1.48338706697307088E2
4.00000000000000178E0	6.70000000000000018E8	-1.48446695634018555E2
4.00000000000000178E0	6.79999999999999982E8	-1.48552258171181917E2
4.00000000000000178E0	6.90000000000000036E8	-1.48655444038961471E2
4.00000000000000178E0	7.00000000000000000E8	-1.48756300338218250E2
4.00000000000000178E0	7.09999999999999964E8	-1.48854871917297027E2
4.00000000000000178E0	7.20000000000000018E8	-1.48951201231537622E2
4.00000000000000178E0	7.29999999999999982E8	-1.49045328729820059E2
4.00000000000000178E0	7.40000000000000036E8	-1.49137292863541071E2
4.00000000000000178E0	7.50000000000000000E8	-1.49227130081534787E2
4.00000000000000178E0	7.59999999999999964E8	-1.49314875191894858E2
4.00000000000000178E0	7.70000000000000018E8	-1.49400561143110822E2
4.00000000000000178E0	7.79999999999999982E8	-1.49484219347224756E2
4.00000000000000178E0	7.90000000000000036E8	-1.49565879719739891E2
4.00000000000000178E0	8.00000000000000000E8	-1.49645570574552567E2
4.00000000000000178E0	8.09999999999999964E8	-1.49723319067246230E2
4.00000000000000178E0	8.19999999999999929E8	-1.49799150723998475E2
4.00000000000000178E0	8.30000000000000071E8	-1.49873090097413320E2
4.00000000000000178E0	8.40000000000000036E8	-1.49945160442976011E2
4.00000000000000178E0	8.50000000000000000E8	-1.50015383801907998E2
4.00000000000000178E0	8.59999999999999964E8	-1.50083781255349291E2
4.00000000000000178E0	8.69999999999999929E8	-1.50150372782303476E2
4.00000000000000178E0	8.80000000000000071E8	-1.50215177399955069E2
4.00000000000000178E0	8.90000000000000036E8	-1.50278213171609809E2
4.00000000000000178E0	9.00000000000000000E8	-1.50339497286183432E2
4.00000000000000178E0	9.09999999999999964E8	-1.50399046051823104E2
4.00000000000000178E0	9.19999999999999929E8	-1.50456874961116349E2
4.00000000000000178E0	9.30000000000000071E8	-1.50512998773606310E2
4.00000000000000178E0	9.40000000000000036E8	-1.50567431468119595E2
4.00000000000000178E0	9.50000000000000000E8	-1.50620186285916935E2
4.00000000000000178E0	9.59999999999999964E8	-1.50671275839763408E2
4.00000000000000178E0	9.69999999999999929E8	-1.50720712106649790E2
4.00000000000000178E0	9.80000000000000071E8	-1.50768506374176270E2
4.00000000000000178E0	9.90000000000000036E8	-1.50814669396822687E2
4.00000000000000178E0	1.00000000000000000E9	-1.50859211353658984E2
4.00000000000000178E0	1.01000000000000001E9	-1.50902141860219130E2
4.00000000000000178E0	1.02000000000000002E9	-1.50943470005366298E2
4.00000000000000178E0	1.03000000000000003E9	-1.50983204497550250E2
4.00000000000000178E0	1.04000000000000004E9	-1.51021353359586041E2
4.00000000000000178E0	1.05000000000000004E9	-1.51057924359695672E2
4.00000000000000178E0	1.06000000000000005E9	-1.51092924786715632E2
4.00000000000000178E0	1.06999999999999984E9	-1.51126361405246046E2
4.00000000000000178E0	1.08000000000000007E9	-1.51158240718982961E2
4.00000000000000178E0	1.09000000000000008E9	-1.51188568790652234E2
4.00000000000000178E0	1.10000000000000009E9	-1.51217351353177465E2
4.00000000000000178E0	1.10999999999999988E9	-1.51244593699002650E2
4.00000000000000178E0	1.11999999999999988E9	-1.51270300964398152E2
4.00000000000000178E0	1.13000000000000012E9	-1.51294477752504508E2
4.00000000000000178E0	1.14000000000000012E9	-1.51317128543203072E2
4.00000000000000178E0	1.14999999999999991E9	-1.51338257414416821E2
4.00000000000000178E0	1.15999999999999992E9	-1.51357868175347310E2
4.00000000000000178E0	1.16999999999999993E9	-1.51375964417687259E2
4.00000000000000178E0	1.18000000000000016E9	-1.51392549440496249E2
4.00000000000000178E0	1.18999999999999995E9	-1.51407626303908849E2
4.00000000000000178E0	1.19999999999999996E9	-1.51421197760191939E2
4.00000000000000178E0	1.20999999999999996E9	-1.51433266455307303E2
4.00000000000000178E0	1.21999999999999997E9	-1.51443834716481041E2
4.00000000000000178E0	1.22999999999999998E9	-1.51452904656824128E2
4.00000000000000178E0	1.23999999999999999E9	-1.51460478191842363E2
4.00000000000000178E0	1.25000000000000000E9	-1.51466557114686795E2
4.00000000000000178E0	1.26000000000000001E9	-1.51471142869577546E2
4.00000000000000178E0	1.27000000000000002E9	-1.51474236836582365E2
4.00000000000000178E0	1.28000000000000003E9	-1.51475840158006081E2
4.00000000000000178E0	1.29000000000000004E9	-1.51475953780190564E2
4.00000000000000178E0	1.30000000000000004E9	-1.51474578494511403E2
4.00000000000000178E0	1.31000000000000005E9	-1.51471714918446421E2
4.00000000000000178E0	1.31999999999999984E9	-1.51467363470782979E2
4.00000000000000178E0	1.33000000000000007E9	-1.51461524386670909E2
4.00000000000000178E0	1.34000000000000008E9	-1.51454197822537351E2
4.00000000000000178E0	1.35000000000000009E9	-1.51445383639005082E2
4.00000000000000178E0	1.35999999999999988E9	-1.51435081617078393E2
4.00000000000000178E0	1.36999999999999988E9	-1.51423291366533275E2
4.00000000000000178E0	1.38000000000000012E9	-1.51410012261721594E2
4.00000000000000178E0	1.39000000000000012E9	-1.51395243570839244E2
4.00000000000000178E0	1.39999999999999991E9	-1.51378984386346827E2
4.00000000000000178E0	1.40999999999999992E9	-1.51361233581671906E2
4.00000000000000178E0	1.41999999999999993E9	-1.51341989924151843E2
4.00000000000000178E0	1.43000000000000016E9	-1.51321251947467661E2
4.00000000000000178E0	1.43999999999999995E9	-1.51299018025762422E2
4.00000000000000178E0	1.44999999999999996E9	-1.51275286353253735E2
4.00000000000000178E0	1.45999999999999996E9	-1.51250054945101531E2
4.00000000000000178E0	1.46999999999999997E9	-1.51223321574005309E2
4.00000000000000178E0	1.47999999999999998E9	-1.51195083880439007E2
4.00000000000000178E0	1.48999999999999999E9	-1.51165339274882848E2
4.00000000000000178E0	1.50000000000000000E9	-1.51134084931911783E2
4.00000000000000178E0	1.51000000000000001E9	-1.51101317857993878E2
4.00000000000000178E0	1.52000000000000002E9	-1.51067034799199806E2
4.00000000000000178E0	1.53000000000000003E9	-1.51031232266376181E2
4.00000000000000178E0	1.54000000000000004E9	-1.50993906582500648E2
4.00000000000000178E0	1.55000000000000004E9	-1.50955053765211966E2
4.00000000000000178E0	1.56000000000000005E9	-1.50914669603964180E2
4.00000000000000178E0	1.56999999999999984E9	-1.50872749646165927E2
4.00000000000000178E0	1.58000000000000007E9	-1.50829289112523890E2
4.00000000000000178E0	1.59000000000000008E9	-1.50784282957114524E2
4.00000000000000178E0	1.60000000000000009E9	-1.50737725864349725E2
4.00000000000000178E0	1.61000000000000010E9	-1.50689612192454292E2
4.00000000000000178E0	1.61999999999999988E9	-1.50639935963910676E2
4.00000000000000178E0	1.63000000000000012E9	-1.50588690881229437E2
4.00000000000000178E0	1.63999999999999990E9	-1.50535870348585976E2
4.00000000000000178E0	1.64999999999999991E9	-1.50481467307137007E2
4.00000000000000178E0	1.66000000000000014E9	-1.50425474405794835E2
4.00000000000000178E0	1.66999999999999993E9	-1.50367883904988786E2
4.00000000000000178E0	1.68000000000000016E9	-1.50308687613481506E2
4.00000000000000178E0	1.68999999999999995E9	-1.50247876944961800E2
4.00000000000000178E0	1.69999999999999996E9	-1.50185442903287147E2
4.00000000000000178E0	1.71000000000000019E9	-1.50121375967420989E2
4.00000000000000178E0	1.71999999999999997E9	-1.50055666203903071E2
4.00000000000000178E0	1.72999999999999998E9	-1.49988303165384873E2
4.00000000000000178E0	1.73999999999999977E9	-1.49919275879194913E2
4.00000000000000178E0	1.75000000000000000E9	-1.49848572861574159E2
4.00000000000000178E0	1.76000000000000023E9	-1.49776182027238525E2
4.00000000000000178E0	1.77000000000000002E9	-1.49702090734197979E2
4.00000000000000178E0	1.78000000000000003E9	-1.49626285736430842E2
4.00000000000000178E0	1.78999999999999981E9	-1.49548753123827294E2
4.00000000000000178E0	1.80000000000000004E9	-1.49469478343224393E2
4.00000000000000178E0	1.81000000000000005E9	-1.49388446141465492E2
4.00000000000000178E0	1.81999999999999984E9	-1.49305640506095427E2
4.00000000000000178E0	1.83000000000000007E9	-1.49221044695348404E2
4.00000000000000178E0	1.83999999999999986E9	-1.49134641154224878E2
4.00000000000000178E0	1.85000000000000009E9	-1.49046411449957139E2
4.00000000000000178E0	1.86000000000000010E9	-1.48956336315961457E2
4.00000000000000178E0	1.86999999999999988E9	-1.48864395502046754E2
4.00000000000000178E0	1.88000000000000012E9	-1.48770567790929387E2
4.00000000000000178E0	1.88999999999999990E9	-1.48674830920582446E2
4.00000000000000178E0	1.89999999999999991E9	-1.48577161513142597E2
4.00000000000000178E0	1.91000000000000014E9	-1.48477534994401394E2
4.00000000000000178E0	1.91999999999999993E9	-1.48375925584932533E2
4.00000000000000178E0	1.93000000000000016E9	-1.48272306132473486E2
4.00000000000000178E0	1.93999999999999995E9	-1.48166648048224059E2
4.00000000000000178E0	1.94999999999999996E9	-1.48058921265948840E2
4.00000000000000178E0	1.96000000000000019E9	-1.47949094013294435E2
4.00000000000000178E0	1.96999999999999997E9	-1.47837132781424385E2
4.00000000000000178E0	1.97999999999999998E9	-1.47723002105674706E2
4.00000000000000178E0	1.98999999999999977E9	-1.47606664466514248E2
4.00000000000000178E0	2.00000000000000000E9	-1.47488080052984794E2
4.00000000000000178E0	2.01000000000000023E9	-1.47367206596158162E2
4.00000000000000178E0	2.02000000000000002E9	-1.47243999078085297E2
4.00000000000000178E0	2.03000000000000025E9	-1.47118409547930584E2
4.00000000000000178E0	2.04000000000000004E9	-1.46990386700335307E2
4.00000000000000178E0	2.04999999999999982E9	-1.46859875588892907E2
4.00000000000000178E0	2.06000000000000005E9	-1.46726817240237795E2
4.00000000000000178E0	2.06999999999999984E9	-1.46591148119054937E2
4.00000000000000178E0	2.08000000000000007E9	-1.46452799660698085E2
4.00000000000000178E0	2.08999999999999986E9	-1.46311697614800762E2
4.00000000000000178E0	2.10000000000000009E9	-1.46167761331174639E2
4.00000000000000178E0	2.11000000000000032E9	-1.46020902984059409E2
4.00000000000000178E0	2.12000000000000011E9	-1.45871026565284945E2
4.00000000000000178E0	2.12999999999999989E9	-1.45718026829530722E2
4.00000000000000178E0	2.13999999999999968E9	-1.45561788022021088E2
4.00000000000000178E0	2.14999999999999991E9	-1.45402182384357515E2
4.00000000000000178E0	2.16000000000000014E9	-1.45239068501071134E2
4.00000000000000178E0	2.16999999999999993E9	-1.45072289276603494E2
4.00000000000000178E0	2.18000000000000016E9	-1.44901669711876435E2
4.00000000000000178E0	2.18999999999999995E9	-1.44727014226740969E2
4.00000000000000178E0	2.20000000000000018E9	-1.44548103662361460E2
4.00000000000000178E0	2.20999999999999996E9	-1.44364691703426584E2
4.00000000000000178E0	2.21999999999999975E9	-1.44176500897080428E2
4.00000000000000178E0	2.22999999999999998E9	-1.43983217941411912E2
4.00000000000000178E0	2.23999999999999977E9	-1.43784488395940091E2
4.00000000000000178E0	2.25000000000000000E9	-1.43579910519530896E2
4.00000000000000178E0	2.26000000000000023E9	-1.43369028386320196E2
4.00000000000000178E0	2.27000000000000002E9	-1.43151324051575934E2
4.00000000000000178E0	2.28000000000000025E9	-1.42926208687541023E2
4.00000000000000178E0	2.29000000000000004E9	-1.42693012889889848E2
4.00000000000000178E0	2.29999999999999982E9	-1.42450975868901919E2
4.00000000000000178E0	2.31000000000000005E9	-1.42199233899981303E2
4.00000000000000178E0	2.31999999999999984E9	-1.41936808037897610E2
4.00000000000000178E0	2.33000000000000007E9	-1.41662591599266774E2
4.00000000000000178E0	2.33999999999999986E9	-1.41375337790065458E2
4.00000000000000178E0	2.35000000000000009E9	-1.41073648504937288E2
4.00000000000000178E0	2.36000000000000032E9	-1.40755965221628321E2
4.00000000000000178E0	2.37000000000000011E9	-1.40420563433996959E2
4.00000000000000178E0	2.37999999999999989E9	-1.40065552049704989E2
4.00000000000000178E0	2.38999999999999968E9	-1.39688878471594480E2
4.00000000000000178E0	2.39999999999999991E9	-1.39288337712827226E2
4.00000000000000178E0	2.41000000000000014E9	-1.38861577332519626E2
4.00000000000000178E0	2.41999999999999993E9	-1.38406073089664061E2
4.00000000000000178E0	2.43000000000000016E9	-1.37919009971750106E2
4.00000000000000178E0	2.43999999999999995E9	-1.37396907703492555E2
4.00000000000000178E0	2.45000000000000018E9	-1.36834598795460893E2
4.00000000000000178E0	2.45999999999999996E9	-1.36222599434778968E2
4.00000000000000178E0	2.46999999999999975E9	-1.35540447729284885E2
4.00000000000000178E0	2.47999999999999998E9	-1.34739570208649040E2
4.00000000000000178E0	2.48999999999999977E9	-1.33697418439055249E2
4.00000000000000178E0	2.50000000000000000E9	-1.32088065201180371E2
4.00000000000000178E0	2.51000000000000023E9	-1.29019155376623806E2
4.00000000000000178E0	2.52000000000000002E9	-1.23133006737790263E2
4.00000000000000178E0	2.53000000000000025E9	-1.26329037282175571E2
4.00000000000000178E0	2.54000000000000004E9	-1.30896565576380230E2
4.00000000000000178E0	2.54999999999999982E9	-1.33098025897007632E2
4.00000000000000178E0	2.56000000000000005E9	-1.34371571335932360E2
4.00000000000000178E0	2.56999999999999984E9	-1.35274089560573008E2
4.00000000000000178E0	2.58000000000000007E9	-1.36009373109641230E2
4.00000000000000178E0	2.58999999999999986E9	-1.36655515198718858E2
4.00000000000000178E0	2.60000000000000009E9	-1.37244070318504141E2
4.00000000000000178E0	2.61000000000000032E9	-1.37788729618724259E2
4.00000000000000178E0	2.62000000000000011E9	-1.38296224878930096E2
4.00000000000000178E0	2.62999999999999989E9	-1.38770591597246695E2
4.00000000000000178E0	2.63999999999999968E9	-1.39214835242329582E2
4.00000000000000178E0	2.64999999999999991E9	-1.39631558007877277E2
4.00000000000000178E0	2.66000000000000014E9	-1.40023171181842510E2
4.00000000000000178E0	2.66999999999999993E9	-1.40391949177330799E2
4.00000000000000178E0	2.68000000000000016E9	-1.40740029672726341E2
4.00000000000000178E0	2.68999999999999995E9	-1.41069400900868880E2
4.00000000000000178E0	2.70000000000000018E9	-1.41381891095604662E2
4.00000000000000178E0	2.70999999999999996E9	-1.41679164078607633E2
4.00000000000000178E0	2.71999999999999975E9	-1.41962721001362868E2
4.00000000000000178E0	2.72999999999999998E9	-1.42233906731689586E2
4.00000000000000178E0	2.73999999999999977E9	-1.42493919526946056E2
4.00000000000000178E0	2.75000000000000000E9	-1.42743822526862507E2
4.00000000000000178E0	2.76000000000000023E9	-1.42984555999665974E2
4.00000000000000178E0	2.77000000000000002E9	-1.43216949734383259E2
4.00000000000000178E0	2.78000000000000025E9	-1.43441735015139171E2
4.00000000000000178E0	2.79000000000000004E9	-1.43659555812667383E2
4.00000000000000178E0	2.79999999999999982E9	-1.43870979175183700E2
4.00000000000000178E0	2.81000000000000005E9	-1.44076504599161082E2
4.00000000000000178E0	2.81999999999999984E9	-1.44276572483171206E2
4.00000000000000178E0	2.83000000000000007E9	-1.44471571584608371E2
4.00000000000000178E0	2.83999999999999986E9	-1.44661845674822387E2
4.00000000000000178E0	2.85000000000000009E9	-1.44847699346330749E2
4.00000000000000178E0	2.86000000000000032E9	-1.45029403063374351E2
4.00000000000000178E0	2.87000000000000011E9	-1.45207197657794262E2
4.00000000000000178E0	2.87999999999999989E9	-1.45381298106817480E2
4.00000000000000178E0	2.88999999999999968E9	-1.45551896932472347E2
4.00000000000000178E0	2.89999999999999991E9	-1.45719167052818044E2
4.00000000000000178E0	2.91000000000000014E9	-1.45883264315037420E2
4.00000000000000178E0	2.91999999999999993E9	-1.46044329614835111E2
4.00000000000000178E0	2.93000000000000016E9	-1.46202490826170939E2
4.00000000000000178E0	2.93999999999999995E9	-1.46357864354068168E2
4.00000000000000178E0	2.95000000000000018E9	-1.46510556573962392E2
4.00000000000000178E0	2.95999999999999996E9	-1.46660664998118295E2
4.00000000000000178E0	2.96999999999999975E9	-1.46808279327847191E2
4.00000000000000178E0	2.97999999999999998E9	-1.46953482368304722E2
4.00000000000000178E0	2.98999999999999977E9	-1.47096350809850462E2
4.00000000000000178E0	3.00000000000000000E9	-1.47236955842091732E2

var_c	indep(index, 1)	plot_vs(pnmx, noisefreq)[19, ::]
4.10000000000000142E0	3.00000000000000000E8	-1.42063396596790836E2
4.10000000000000142E0	3.10000000000000009E8	-1.42339405267590502E2
4.10000000000000142E0	3.20000000000000018E8	-1.42606066177671953E2
4.10000000000000142E0	3.29999999999999982E8	-1.42863932879049327E2
4.10000000000000142E0	3.39999999999999991E8	-1.43113509003238204E2
4.10000000000000142E0	3.50000000000000000E8	-1.43355253751520673E2
4.10000000000000142E0	3.60000000000000009E8	-1.43589587081879788E2
4.10000000000000142E0	3.70000000000000018E8	-1.43816894073553891E2
4.10000000000000142E0	3.79999999999999982E8	-1.44037528537494719E2
4.10000000000000142E0	3.89999999999999991E8	-1.44251816111504971E2
4.10000000000000142E0	4.00000000000000000E8	-1.44460057337528069E2
4.10000000000000142E0	4.09999999999999964E8	-1.44662530146850399E2
4.10000000000000142E0	4.20000000000000018E8	-1.44859491921706685E2
4.10000000000000142E0	4.29999999999999982E8	-1.45051181262796725E2
4.10000000000000142E0	4.40000000000000036E8	-1.45237820078644586E2
4.10000000000000142E0	4.50000000000000000E8	-1.45419614934500929E2
4.10000000000000142E0	4.59999999999999964E8	-1.45596758054062092E2
4.10000000000000142E0	4.70000000000000018E8	-1.45769429223902702E2
4.10000000000000142E0	4.79999999999999982E8	-1.45937796135058218E2
4.10000000000000142E0	4.90000000000000036E8	-1.46102015926647999E2
4.10000000000000142E0	5.00000000000000000E8	-1.46262235641201199E2
4.10000000000000142E0	5.09999999999999964E8	-1.46418593261391683E2
4.10000000000000142E0	5.20000000000000018E8	-1.46571218295618122E2
4.10000000000000142E0	5.29999999999999982E8	-1.46720232490461089E2
4.10000000000000142E0	5.40000000000000036E8	-1.46865750288809016E2
4.10000000000000142E0	5.50000000000000000E8	-1.47007879488630344E2
4.10000000000000142E0	5.59999999999999964E8	-1.47146721647068035E2
4.10000000000000142E0	5.70000000000000018E8	-1.47282372555250207E2
4.10000000000000142E0	5.79999999999999982E8	-1.47414922554786298E2
4.10000000000000142E0	5.90000000000000036E8	-1.47544456934458501E2
4.10000000000000142E0	6.00000000000000000E8	-1.47671056523803146E2
4.10000000000000142E0	6.09999999999999964E8	-1.47794797465935912E2
4.10000000000000142E0	6.20000000000000018E8	-1.47915751931367701E2
4.10000000000000142E0	6.29999999999999982E8	-1.48033988255254378E2
4.10000000000000142E0	6.40000000000000036E8	-1.48149571207542041E2
4.10000000000000142E0	6.50000000000000000E8	-1.48262561997357190E2
4.10000000000000142E0	6.59999999999999964E8	-1.48373018819137181E2
4.10000000000000142E0	6.70000000000000018E8	-1.48480996819459166E2
4.10000000000000142E0	6.79999999999999982E8	-1.48586548261991180E2
4.10000000000000142E0	6.90000000000000036E8	-1.48689722834261828E2
4.10000000000000142E0	7.00000000000000000E8	-1.48790567728641565E2
4.10000000000000142E0	7.09999999999999964E8	-1.48889127704028157E2
4.10000000000000142E0	7.20000000000000018E8	-1.48985445233462266E2
4.10000000000000142E0	7.29999999999999982E8	-1.49079560861418647E2
4.10000000000000142E0	7.40000000000000036E8	-1.49171512904370562E2
4.10000000000000142E0	7.50000000000000000E8	-1.49261337990571175E2
4.10000000000000142E0	7.59999999999999964E8	-1.49349070693803876E2
4.10000000000000142E0	7.70000000000000018E8	-1.49434744198304204E2
4.10000000000000142E0	7.79999999999999982E8	-1.49518389777076322E2
4.10000000000000142E0	7.90000000000000036E8	-1.49600037425762800E2
4.10000000000000142E0	8.00000000000000000E8	-1.49679715382888978E2
4.10000000000000142E0	8.09999999999999964E8	-1.49757450852895846E2
4.10000000000000142E0	8.19999999999999929E8	-1.49833269427610993E2
4.10000000000000142E0	8.30000000000000071E8	-1.49907195631942569E2
4.10000000000000142E0	8.40000000000000036E8	-1.49979252630225401E2
4.10000000000000142E0	8.50000000000000000E8	-1.50049462564549141E2
4.10000000000000142E0	8.59999999999999964E8	-1.50117846529699284E2
4.10000000000000142E0	8.69999999999999929E8	-1.50184424483496537E2
4.10000000000000142E0	8.80000000000000071E8	-1.50249215382300427E2
4.10000000000000142E0	8.90000000000000036E8	-1.50312237436609109E2
4.10000000000000142E0	9.00000000000000000E8	-1.50373507724218713E2
4.10000000000000142E0	9.09999999999999964E8	-1.50433042585035204E2
4.10000000000000142E0	9.19999999999999929E8	-1.50490857590407123E2
4.10000000000000142E0	9.30000000000000071E8	-1.50546967425054223E2
4.10000000000000142E0	9.40000000000000036E8	-1.50601386054176523E2
4.10000000000000142E0	9.50000000000000000E8	-1.50654126860756499E2
4.10000000000000142E0	9.59999999999999964E8	-1.50705202313778641E2
4.10000000000000142E0	9.69999999999999929E8	-1.50754624471291354E2
4.10000000000000142E0	9.80000000000000071E8	-1.50802404660132838E2
4.10000000000000142E0	9.90000000000000036E8	-1.50848553574271249E2
4.10000000000000142E0	1.00000000000000000E9	-1.50893081399558726E2
4.10000000000000142E0	1.01000000000000001E9	-1.50935997847761283E2
4.10000000000000142E0	1.02000000000000002E9	-1.50977311928530655E2
4.10000000000000142E0	1.03000000000000003E9	-1.51017032374360216E2
4.10000000000000142E0	1.04000000000000004E9	-1.51055167262022061E2
4.10000000000000142E0	1.05000000000000004E9	-1.51091724366248537E2
4.10000000000000142E0	1.06000000000000005E9	-1.51126710929447050E2
4.10000000000000142E0	1.06999999999999984E9	-1.51160133770349425E2
4.10000000000000142E0	1.08000000000000007E9	-1.51191999394710552E2
4.10000000000000142E0	1.09000000000000008E9	-1.51222313893320637E2
4.10000000000000142E0	1.10000000000000009E9	-1.51251082979961882E2
4.10000000000000142E0	1.10999999999999988E9	-1.51278312005203253E2
4.10000000000000142E0	1.11999999999999988E9	-1.51304006053104589E2
4.10000000000000142E0	1.13000000000000012E9	-1.51328169812751367E2
4.10000000000000142E0	1.14000000000000012E9	-1.51350807746030069E2
4.10000000000000142E0	1.14999999999999991E9	-1.51371923935210373E2
4.10000000000000142E0	1.15999999999999992E9	-1.51391522220440100E2
4.10000000000000142E0	1.16999999999999993E9	-1.51409606220630222E2
4.10000000000000142E0	1.18000000000000016E9	-1.51426179206619160E2
4.10000000000000142E0	1.18999999999999995E9	-1.51441244250875351E2
4.10000000000000142E0	1.19999999999999996E9	-1.51454804247249930E2
4.10000000000000142E0	1.20999999999999996E9	-1.51466861702509759E2
4.10000000000000142E0	1.21999999999999997E9	-1.51477419024708371E2
4.10000000000000142E0	1.22999999999999998E9	-1.51486478380379652E2
4.10000000000000142E0	1.23999999999999999E9	-1.51494041698788662E2
4.10000000000000142E0	1.25000000000000000E9	-1.51500110742792859E2
4.10000000000000142E0	1.26000000000000001E9	-1.51504687026479079E2
4.10000000000000142E0	1.27000000000000002E9	-1.51507771961339111E2
4.10000000000000142E0	1.28000000000000003E9	-1.51509366667181844E2
4.10000000000000142E0	1.29000000000000004E9	-1.51509472153324221E2
4.10000000000000142E0	1.30000000000000004E9	-1.51508089201918383E2
4.10000000000000142E0	1.31000000000000005E9	-1.51505218512286222E2
4.10000000000000142E0	1.31999999999999984E9	-1.51500860479149013E2
4.10000000000000142E0	1.33000000000000007E9	-1.51495015435399361E2
4.10000000000000142E0	1.34000000000000008E9	-1.51487683488026859E2
4.10000000000000142E0	1.35000000000000009E9	-1.51478864603320784E2
4.10000000000000142E0	1.35999999999999988E9	-1.51468558534532716E2
4.10000000000000142E0	1.36999999999999988E9	-1.51456764971513236E2
4.10000000000000142E0	1.38000000000000012E9	-1.51443483302634596E2
4.10000000000000142E0	1.39000000000000012E9	-1.51428712828527345E2
4.10000000000000142E0	1.39999999999999991E9	-1.51412452711682355E2
4.10000000000000142E0	1.40999999999999992E9	-1.51394701886840499E2
4.10000000000000142E0	1.41999999999999993E9	-1.51375459095893317E2
4.10000000000000142E0	1.43000000000000016E9	-1.51354722972216171E2
4.10000000000000142E0	1.43999999999999995E9	-1.51332491938049385E2
4.10000000000000142E0	1.44999999999999996E9	-1.51308764222877379E2
4.10000000000000142E0	1.45999999999999996E9	-1.51283537893737519E2
4.10000000000000142E0	1.46999999999999997E9	-1.51256810810576181E2
4.10000000000000142E0	1.47999999999999998E9	-1.51228580648755151E2
4.10000000000000142E0	1.48999999999999999E9	-1.51198844870738425E2
4.10000000000000142E0	1.50000000000000000E9	-1.51167600751097275E2
4.10000000000000142E0	1.51000000000000001E9	-1.51134845318578437E2
4.10000000000000142E0	1.52000000000000002E9	-1.51100575444976748E2
4.10000000000000142E0	1.53000000000000003E9	-1.51064787707384252E2
4.10000000000000142E0	1.54000000000000004E9	-1.51027478456820119E2
4.10000000000000142E0	1.55000000000000004E9	-1.50988643862320315E2
4.10000000000000142E0	1.56000000000000005E9	-1.50948279791914475E2
4.10000000000000142E0	1.56999999999999984E9	-1.50906381826451130E2
4.10000000000000142E0	1.58000000000000007E9	-1.50862945340240961E2
4.10000000000000142E0	1.59000000000000008E9	-1.50817965402075904E2
4.10000000000000142E0	1.60000000000000009E9	-1.50771436779162782E2
4.10000000000000142E0	1.61000000000000010E9	-1.50723353939965454E2
4.10000000000000142E0	1.61999999999999988E9	-1.50673711036375035E2
4.10000000000000142E0	1.63000000000000012E9	-1.50622501919071761E2
4.10000000000000142E0	1.63999999999999990E9	-1.50569720082840353E2
4.10000000000000142E0	1.64999999999999991E9	-1.50515358640552477E2
4.10000000000000142E0	1.66000000000000014E9	-1.50459410421061546E2
4.10000000000000142E0	1.66999999999999993E9	-1.50401867769451147E2
4.10000000000000142E0	1.68000000000000016E9	-1.50342722716696930E2
4.10000000000000142E0	1.68999999999999995E9	-1.50281966835733494E2
4.10000000000000142E0	1.69999999999999996E9	-1.50219591314045520E2
4.10000000000000142E0	1.71000000000000019E9	-1.50155586841310318E2
4.10000000000000142E0	1.71999999999999997E9	-1.50089943687078398E2
4.10000000000000142E0	1.72999999999999998E9	-1.50022651618906333E2
4.10000000000000142E0	1.73999999999999977E9	-1.49953699896421755E2
4.10000000000000142E0	1.75000000000000000E9	-1.49883077288036870E2
4.10000000000000142E0	1.76000000000000023E9	-1.49810771950003052E2
4.10000000000000142E0	1.77000000000000002E9	-1.49736771541120595E2
4.10000000000000142E0	1.78000000000000003E9	-1.49661063083638290E2
4.10000000000000142E0	1.78999999999999981E9	-1.49583632999538962E2
4.10000000000000142E0	1.80000000000000004E9	-1.49504467019791076E2
4.10000000000000142E0	1.81000000000000005E9	-1.49423550273928685E2
4.10000000000000142E0	1.81999999999999984E9	-1.49340867100481911E2
4.10000000000000142E0	1.83000000000000007E9	-1.49256401126056204E2
4.10000000000000142E0	1.83999999999999986E9	-1.49170135217638800E2
4.10000000000000142E0	1.85000000000000009E9	-1.49082051385322001E2
4.10000000000000142E0	1.86000000000000010E9	-1.48992130778102760E2
4.10000000000000142E0	1.86999999999999988E9	-1.48900353664578344E2
4.10000000000000142E0	1.88000000000000012E9	-1.48806699325179470E2
4.10000000000000142E0	1.88999999999999990E9	-1.48711146000553152E2
4.10000000000000142E0	1.89999999999999991E9	-1.48613670912811280E2
4.10000000000000142E0	1.91000000000000014E9	-1.48514250109856016E2
4.10000000000000142E0	1.91999999999999993E9	-1.48412858385299806E2
4.10000000000000142E0	1.93000000000000016E9	-1.48309469278263695E2
4.10000000000000142E0	1.93999999999999995E9	-1.48204054923109596E2
4.10000000000000142E0	1.94999999999999996E9	-1.48096585950918436E2
4.10000000000000142E0	1.96000000000000019E9	-1.47987031372835709E2
4.10000000000000142E0	1.96999999999999997E9	-1.47875358499681231E2
4.10000000000000142E0	1.97999999999999998E9	-1.47761532722227518E2
4.10000000000000142E0	1.98999999999999977E9	-1.47645517407917204E2
4.10000000000000142E0	2.00000000000000000E9	-1.47527273674495696E2
4.10000000000000142E0	2.01000000000000023E9	-1.47406760217347799E2
4.10000000000000142E0	2.02000000000000002E9	-1.47283933050235838E2
4.10000000000000142E0	2.03000000000000025E9	-1.47158745203594976E2
4.10000000000000142E0	2.04000000000000004E9	-1.47031146470537655E2
4.10000000000000142E0	2.04999999999999982E9	-1.46901083010143418E2
4.10000000000000142E0	2.06000000000000005E9	-1.46768496916055713E2
4.10000000000000142E0	2.06999999999999984E9	-1.46633325809961801E2
4.10000000000000142E0	2.08000000000000007E9	-1.46495502212958484E2
4.10000000000000142E0	2.08999999999999986E9	-1.46354952972199159E2
4.10000000000000142E0	2.10000000000000009E9	-1.46211598500677886E2
4.10000000000000142E0	2.11000000000000032E9	-1.46065351936870269E2
4.10000000000000142E0	2.12000000000000011E9	-1.45916118192619559E2
4.10000000000000142E0	2.12999999999999989E9	-1.45763792770727507E2
4.10000000000000142E0	2.13999999999999968E9	-1.45608260499118680E2
4.10000000000000142E0	2.14999999999999991E9	-1.45449393955559714E2
4.10000000000000142E0	2.16000000000000014E9	-1.45287051765067665E2
4.10000000000000142E0	2.16999999999999993E9	-1.45121076441368246E2
4.10000000000000142E0	2.18000000000000016E9	-1.44951292112568764E2
4.10000000000000142E0	2.18999999999999995E9	-1.44777501665241926E2
4.10000000000000142E0	2.20000000000000018E9	-1.44599483586397648E2
4.10000000000000142E0	2.20999999999999996E9	-1.44416988220708520E2
4.10000000000000142E0	2.21999999999999975E9	-1.44229733500625956E2
4.10000000000000142E0	2.22999999999999998E9	-1.44037399954845857E2
4.10000000000000142E0	2.23999999999999977E9	-1.43839625038075036E2
4.10000000000000142E0	2.25000000000000000E9	-1.43635996575707914E2
4.10000000000000142E0	2.26000000000000023E9	-1.43426045260081159E2
4.10000000000000142E0	2.27000000000000002E9	-1.43209236197762135E2
4.10000000000000142E0	2.28000000000000025E9	-1.42984959290063696E2
4.10000000000000142E0	2.29000000000000004E9	-1.42752518507347337E2
4.10000000000000142E0	2.29999999999999982E9	-1.42511119994026525E2
4.10000000000000142E0	2.31000000000000005E9	-1.42259859097275188E2
4.10000000000000142E0	2.31999999999999984E9	-1.41997706443646954E2
4.10000000000000142E0	2.33000000000000007E9	-1.41723493441208204E2
4.10000000000000142E0	2.33999999999999986E9	-1.41435897664364729E2
4.10000000000000142E0	2.35000000000000009E9	-1.41133428895226265E2
4.10000000000000142E0	2.36000000000000032E9	-1.40814416989605995E2
4.10000000000000142E0	2.37000000000000011E9	-1.40477002725006739E2
4.10000000000000142E0	2.37999999999999989E9	-1.40119133230429282E2
4.10000000000000142E0	2.38999999999999968E9	-1.39738562469298166E2
4.10000000000000142E0	2.39999999999999991E9	-1.39332854984729471E2
4.10000000000000142E0	2.41000000000000014E9	-1.38899383591910586E2
4.10000000000000142E0	2.41999999999999993E9	-1.38435293445420515E2
4.10000000000000142E0	2.43000000000000016E9	-1.37937359550172323E2
4.10000000000000142E0	2.43999999999999995E9	-1.37401557551438680E2
4.10000000000000142E0	2.45000000000000018E9	-1.36821903335803752E2
4.10000000000000142E0	2.45999999999999996E9	-1.36187461171087132E2
4.10000000000000142E0	2.46999999999999975E9	-1.35474712119436558E2
4.10000000000000142E0	2.47999999999999998E9	-1.34627756485617400E2
4.10000000000000142E0	2.48999999999999977E9	-1.33504919323321536E2
4.10000000000000142E0	2.50000000000000000E9	-1.31728162834682472E2
4.10000000000000142E0	2.51000000000000023E9	-1.28281690201413268E2
4.10000000000000142E0	2.52000000000000002E9	-1.21571990976867461E2
4.10000000000000142E0	2.53000000000000025E9	-1.27262693210458067E2
4.10000000000000142E0	2.54000000000000004E9	-1.31321865490677192E2
4.10000000000000142E0	2.54999999999999982E9	-1.33338443425109343E2
4.10000000000000142E0	2.56000000000000005E9	-1.34555215183261168E2
4.10000000000000142E0	2.56999999999999984E9	-1.35444144429775748E2
4.10000000000000142E0	2.58000000000000007E9	-1.36179839199689878E2
4.10000000000000142E0	2.58999999999999986E9	-1.36829980133388518E2
4.10000000000000142E0	2.60000000000000009E9	-1.37422384352773830E2
4.10000000000000142E0	2.61000000000000032E9	-1.37969541233281023E2
4.10000000000000142E0	2.62000000000000011E9	-1.38477968593283363E2
4.10000000000000142E0	2.62999999999999989E9	-1.38951856615746472E2
4.10000000000000142E0	2.63999999999999968E9	-1.39394477450153476E2
4.10000000000000142E0	2.64999999999999991E9	-1.39808707475339422E2
4.10000000000000142E0	2.66000000000000014E9	-1.40197200557758728E2
4.10000000000000142E0	2.66999999999999993E9	-1.40562431167129631E2
4.10000000000000142E0	2.68000000000000016E9	-1.40906695366753820E2
4.10000000000000142E0	2.68999999999999995E9	-1.41232103390403063E2
4.10000000000000142E0	2.70000000000000018E9	-1.41540575298144278E2
4.10000000000000142E0	2.70999999999999996E9	-1.41833842672138344E2
4.10000000000000142E0	2.71999999999999975E9	-1.42113455461935190E2
4.10000000000000142E0	2.72999999999999998E9	-1.42380792745489315E2
4.10000000000000142E0	2.73999999999999977E9	-1.42637075855372042E2
4.10000000000000142E0	2.75000000000000000E9	-1.42883382588954833E2
4.10000000000000142E0	2.76000000000000023E9	-1.43120661612733646E2
4.10000000000000142E0	2.77000000000000002E9	-1.43349746488313246E2
4.10000000000000142E0	2.78000000000000025E9	-1.43571368937375654E2
4.10000000000000142E0	2.79000000000000004E9	-1.43786170950267289E2
4.10000000000000142E0	2.79999999999999982E9	-1.43994715951023866E2
4.10000000000000142E0	2.81000000000000005E9	-1.44197498692794368E2
4.10000000000000142E0	2.81999999999999984E9	-1.44394954106485285E2
4.10000000000000142E0	2.83000000000000007E9	-1.44587465095656520E2
4.10000000000000142E0	2.83999999999999986E9	-1.44775369377687357E2
4.10000000000000142E0	2.85000000000000009E9	-1.44958965459205968E2
4.10000000000000142E0	2.86000000000000032E9	-1.45138517812527157E2
4.10000000000000142E0	2.87000000000000011E9	-1.45314261406516243E2
4.10000000000000142E0	2.87999999999999989E9	-1.45486405620657822E2
4.10000000000000142E0	2.88999999999999968E9	-1.45655137566147297E2
4.10000000000000142E0	2.89999999999999991E9	-1.45820625045575647E2
4.10000000000000142E0	2.91000000000000014E9	-1.45983019051338347E2
4.10000000000000142E0	2.91999999999999993E9	-1.46142455905347601E2
4.10000000000000142E0	2.93000000000000016E9	-1.46299059148485178E2
4.10000000000000142E0	2.93999999999999995E9	-1.46452941126746161E2
4.10000000000000142E0	2.95000000000000018E9	-1.46604204407171279E2
4.10000000000000142E0	2.95999999999999996E9	-1.46752942919563445E2
4.10000000000000142E0	2.96999999999999975E9	-1.46899243004151669E2
4.10000000000000142E0	2.97999999999999998E9	-1.47043184353438816E2
4.10000000000000142E0	2.98999999999999977E9	-1.47184840668223416E2
4.10000000000000142E0	3.00000000000000000E9	-1.47324280407122599E2

var_c	indep(index, 1)	plot_vs(pnmx, noisefreq)[20, ::]
4.20000000000000107E0	3.00000000000000000E8	-1.42093195966467367E2
4.20000000000000107E0	3.10000000000000009E8	-1.42369203203413086E2
4.20000000000000107E0	3.20000000000000018E8	-1.42635862333161301E2
4.20000000000000107E0	3.29999999999999982E8	-1.42893726999748027E2
4.20000000000000107E0	3.39999999999999991E8	-1.43143300758576109E2
4.20000000000000107E0	3.50000000000000000E8	-1.43385042836620280E2
4.20000000000000107E0	3.60000000000000009E8	-1.43619373220644242E2
4.20000000000000107E0	3.70000000000000018E8	-1.43846676949023644E2
4.20000000000000107E0	3.79999999999999982E8	-1.44067307812921963E2
4.20000000000000107E0	3.89999999999999991E8	-1.44281591531734010E2
4.20000000000000107E0	4.00000000000000000E8	-1.44489828632058392E2
4.20000000000000107E0	4.09999999999999964E8	-1.44692297087989030E2
4.20000000000000107E0	4.20000000000000018E8	-1.44889254098760079E2
4.20000000000000107E0	4.29999999999999982E8	-1.45080938568098050E2
4.20000000000000107E0	4.40000000000000036E8	-1.45267572186979210E2
4.20000000000000107E0	4.50000000000000000E8	-1.45449361554863232E2
4.20000000000000107E0	4.59999999999999964E8	-1.45626498966561968E2
4.20000000000000107E0	4.70000000000000018E8	-1.45799164195317332E2
4.20000000000000107E0	4.79999999999999982E8	-1.45967524881507749E2
4.20000000000000107E0	4.90000000000000036E8	-1.46131738204057116E2
4.20000000000000107E0	5.00000000000000000E8	-1.46291951253898533E2
4.20000000000000107E0	5.09999999999999964E8	-1.46448301957901528E2
4.20000000000000107E0	5.20000000000000018E8	-1.46600919871421143E2
4.20000000000000107E0	5.29999999999999982E8	-1.46749926680367215E2
4.20000000000000107E0	5.40000000000000036E8	-1.46895436918176192E2
4.20000000000000107E0	5.50000000000000000E8	-1.47037558355367848E2
4.20000000000000107E0	5.59999999999999964E8	-1.47176392463970473E2
4.20000000000000107E0	5.70000000000000018E8	-1.47312035152195242E2
4.20000000000000107E0	5.79999999999999982E8	-1.47444576718524578E2
4.20000000000000107E0	5.90000000000000036E8	-1.47574102540607210E2
4.20000000000000107E0	6.00000000000000000E8	-1.47700693253003634E2
4.20000000000000107E0	6.09999999999999964E8	-1.47824425187817110E2
4.20000000000000107E0	6.20000000000000018E8	-1.47945370432805090E2
4.20000000000000107E0	6.29999999999999982E8	-1.48063597387737178E2
4.20000000000000107E0	6.40000000000000036E8	-1.48179170721053000E2
4.20000000000000107E0	6.50000000000000000E8	-1.48292151758972723E2
4.20000000000000107E0	6.59999999999999964E8	-1.48402598647768369E2
4.20000000000000107E0	6.70000000000000018E8	-1.48510566495613050E2
4.20000000000000107E0	6.79999999999999982E8	-1.48616107658869367E2
4.20000000000000107E0	6.90000000000000036E8	-1.48719271823461607E2
4.20000000000000107E0	7.00000000000000000E8	-1.48820106086956572E2
4.20000000000000107E0	7.09999999999999964E8	-1.48918655225747365E2
4.20000000000000107E0	7.20000000000000018E8	-1.49014961868859475E2
4.20000000000000107E0	7.29999999999999982E8	-1.49109066403104817E2
4.20000000000000107E0	7.40000000000000036E8	-1.49201007201812441E2
4.20000000000000107E0	7.50000000000000000E8	-1.49290820821224779E2
4.20000000000000107E0	7.59999999999999964E8	-1.49378542084661436E2
4.20000000000000107E0	7.70000000000000018E8	-1.49464203884108437E2
4.20000000000000107E0	7.79999999999999982E8	-1.49547837664877892E2
4.20000000000000107E0	7.90000000000000036E8	-1.49629473364414767E2
4.20000000000000107E0	8.00000000000000000E8	-1.49709139298178817E2
4.20000000000000107E0	8.09999999999999964E8	-1.49786862569250356E2
4.20000000000000107E0	8.19999999999999929E8	-1.49862668878407312E2
4.20000000000000107E0	8.30000000000000071E8	-1.49936582623227865E2
4.20000000000000107E0	8.40000000000000036E8	-1.50008627123934080E2
4.20000000000000107E0	8.50000000000000000E8	-1.50078824475241079E2
4.20000000000000107E0	8.59999999999999964E8	-1.50147195697509184E2
4.20000000000000107E0	8.69999999999999929E8	-1.50213760814979791E2
4.20000000000000107E0	8.80000000000000071E8	-1.50278538875378209E2
4.20000000000000107E0	8.90000000000000036E8	-1.50341547939241904E2
4.20000000000000107E0	9.00000000000000000E8	-1.50402805146271534E2
4.20000000000000107E0	9.09999999999999964E8	-1.50462326942631486E2
4.20000000000000107E0	9.19999999999999929E8	-1.50520128741194514E2
4.20000000000000107E0	9.30000000000000071E8	-1.50576225330873337E2
4.20000000000000107E0	9.40000000000000036E8	-1.50630630687140377E2
4.20000000000000107E0	9.50000000000000000E8	-1.50683358133909917E2
4.20000000000000107E0	9.59999999999999964E8	-1.50734420214257736E2
4.20000000000000107E0	9.69999999999999929E8	-1.50783828985170110E2
4.20000000000000107E0	9.80000000000000071E8	-1.50831595729284174E2
4.20000000000000107E0	9.90000000000000036E8	-1.50877731198313292E2
4.20000000000000107E0	1.00000000000000000E9	-1.50922245622696605E2
4.20000000000000107E0	1.01000000000000001E9	-1.50965148617102995E2
4.20000000000000107E0	1.02000000000000002E9	-1.51006449279491806E2
4.20000000000000107E0	1.03000000000000003E9	-1.51046156323705150E2
4.20000000000000107E0	1.04000000000000004E9	-1.51084277865975025E2
4.20000000000000107E0	1.05000000000000004E9	-1.51120821593976062E2
4.20000000000000107E0	1.06000000000000005E9	-1.51155794885559969E2
4.20000000000000107E0	1.06999999999999984E9	-1.51189204540815791E2
4.20000000000000107E0	1.08000000000000007E9	-1.51221057014940774E2
4.20000000000000107E0	1.09000000000000008E9	-1.51251358428683380E2
4.20000000000000107E0	1.10000000000000009E9	-1.51280114538399424E2
4.20000000000000107E0	1.10999999999999988E9	-1.51307330721015099E2
4.20000000000000107E0	1.11999999999999988E9	-1.51333011968575826E2
4.20000000000000107E0	1.13000000000000012E9	-1.51357163140200668E2
4.20000000000000107E0	1.14000000000000012E9	-1.51379788567854701E2
4.20000000000000107E0	1.14999999999999991E9	-1.51400892424681532E2
4.20000000000000107E0	1.15999999999999992E9	-1.51420478590746654E2
4.20000000000000107E0	1.16999999999999993E9	-1.51438550627785951E2
4.20000000000000107E0	1.18000000000000016E9	-1.51455111875188209E2
4.20000000000000107E0	1.18999999999999995E9	-1.51470165405777424E2
4.20000000000000107E0	1.19999999999999996E9	-1.51483714078229315E2
4.20000000000000107E0	1.20999999999999996E9	-1.51495760521647105E2
4.20000000000000107E0	1.21999999999999997E9	-1.51506307052223232E2
4.20000000000000107E0	1.22999999999999998E9	-1.51515355958630704E2
4.20000000000000107E0	1.23999999999999999E9	-1.51522909136822137E2
4.20000000000000107E0	1.25000000000000000E9	-1.51528968332445779E2
4.20000000000000107E0	1.26000000000000001E9	-1.51533535169338429E2
4.20000000000000107E0	1.27000000000000002E9	-1.51536610978418307E2
4.20000000000000107E0	1.28000000000000003E9	-1.51538197007646036E2
4.20000000000000107E0	1.29000000000000004E9	-1.51538294213330116E2
4.20000000000000107E0	1.30000000000000004E9	-1.51536903476667106E2
4.20000000000000107E0	1.31000000000000005E9	-1.51534025439640230E2
4.20000000000000107E0	1.31999999999999984E9	-1.51529660589716331E2
4.20000000000000107E0	1.33000000000000007E9	-1.51523809260273667E2
4.20000000000000107E0	1.34000000000000008E9	-1.51516471571542910E2
4.20000000000000107E0	1.35000000000000009E9	-1.51507647508613164E2
4.20000000000000107E0	1.35999999999999988E9	-1.51497336970543683E2
4.20000000000000107E0	1.36999999999999988E9	-1.51485539527200830E2
4.20000000000000107E0	1.38000000000000012E9	-1.51472254741816270E2
4.20000000000000107E0	1.39000000000000012E9	-1.51457481885184508E2
4.20000000000000107E0	1.39999999999999991E9	-1.51441220156021261E2
4.20000000000000107E0	1.40999999999999992E9	-1.51423468480756229E2
4.20000000000000107E0	1.41999999999999993E9	-1.51404225776877110E2
4.20000000000000107E0	1.43000000000000016E9	-1.51383490591491965E2
4.20000000000000107E0	1.43999999999999995E9	-1.51361261460626406E2
4.20000000000000107E0	1.44999999999999996E9	-1.51337536673086359E2
4.20000000000000107E0	1.45999999999999996E9	-1.51312314321433750E2
4.20000000000000107E0	1.46999999999999997E9	-1.51285592313313888E2
4.20000000000000107E0	1.47999999999999998E9	-1.51257368410478632E2
4.20000000000000107E0	1.48999999999999999E9	-1.51227640123608231E2
4.20000000000000107E0	1.50000000000000000E9	-1.51196404769550452E2
4.20000000000000107E0	1.51000000000000001E9	-1.51163659486138213E2
4.20000000000000107E0	1.52000000000000002E9	-1.51129401157289078E2
4.20000000000000107E0	1.53000000000000003E9	-1.51093626487477239E2
4.20000000000000107E0	1.54000000000000004E9	-1.51056331900516261E2
4.20000000000000107E0	1.55000000000000004E9	-1.51017513608140952E2
4.20000000000000107E0	1.56000000000000005E9	-1.50977167586958494E2
4.20000000000000107E0	1.56999999999999984E9	-1.50935289530991046E2
4.20000000000000107E0	1.58000000000000007E9	-1.50891874863032216E2
4.20000000000000107E0	1.59000000000000008E9	-1.50846918786174378E2
4.20000000000000107E0	1.60000000000000009E9	-1.50800416145520866E2
4.20000000000000107E0	1.61000000000000010E9	-1.50752361542213631E2
4.20000000000000107E0	1.61999999999999988E9	-1.50702749252193113E2
4.20000000000000107E0	1.63000000000000012E9	-1.50651573231928926E2
4.20000000000000107E0	1.63999999999999990E9	-1.50598827088148957E2
4.20000000000000107E0	1.64999999999999991E9	-1.50544504137796520E2
4.20000000000000107E0	1.66000000000000014E9	-1.50488597253217682E2
4.20000000000000107E0	1.66999999999999993E9	-1.50431099038362648E2
4.20000000000000107E0	1.68000000000000016E9	-1.50372001602058503E2
4.20000000000000107E0	1.68999999999999995E9	-1.50311296755903601E2
4.20000000000000107E0	1.69999999999999996E9	-1.50248975814160701E2
4.20000000000000107E0	1.71000000000000019E9	-1.50185029676210835E2
4.20000000000000107E0	1.71999999999999997E9	-1.50119448810845846E2
4.20000000000000107E0	1.72999999999999998E9	-1.50052223178818700E2
4.20000000000000107E0	1.73999999999999977E9	-1.49983342326048641E2
4.20000000000000107E0	1.75000000000000000E9	-1.49912795171856783E2
4.20000000000000107E0	1.76000000000000023E9	-1.49840570199418210E2
4.20000000000000107E0	1.77000000000000002E9	-1.49766655288117745E2
4.20000000000000107E0	1.78000000000000003E9	-1.49691037760638368E2
4.20000000000000107E0	1.78999999999999981E9	-1.49613704318003649E2
4.20000000000000107E0	1.80000000000000004E9	-1.49534641058863516E2
4.20000000000000107E0	1.81000000000000005E9	-1.49453833366902167E2
4.20000000000000107E0	1.81999999999999984E9	-1.49371265973847533E2
4.20000000000000107E0	1.83000000000000007E9	-1.49286922903425934E2
4.20000000000000107E0	1.83999999999999986E9	-1.49200787364769605E2
4.20000000000000107E0	1.85000000000000009E9	-1.49112841820713093E2
4.20000000000000107E0	1.86000000000000010E9	-1.49023067860412661E2
4.20000000000000107E0	1.86999999999999988E9	-1.48931446212797280E2
4.20000000000000107E0	1.88000000000000012E9	-1.48837956617890166E2
4.20000000000000107E0	1.88999999999999990E9	-1.48742577934091402E2
4.20000000000000107E0	1.89999999999999991E9	-1.48645287847256635E2
4.20000000000000107E0	1.91000000000000014E9	-1.48546062991549510E2
4.20000000000000107E0	1.91999999999999993E9	-1.48444878819606263E2
4.20000000000000107E0	1.93000000000000016E9	-1.48341709510921138E2
4.20000000000000107E0	1.93999999999999995E9	-1.48236527860553169E2
4.20000000000000107E0	1.94999999999999996E9	-1.48129305239627151E2
4.20000000000000107E0	1.96000000000000019E9	-1.48020011437742660E2
4.20000000000000107E0	1.96999999999999997E9	-1.47908614530447657E2
4.20000000000000107E0	1.97999999999999998E9	-1.47795080762717013E2
4.20000000000000107E0	1.98999999999999977E9	-1.47679374367053717E2
4.20000000000000107E0	2.00000000000000000E9	-1.47561457391378736E2
4.20000000000000107E0	2.01000000000000023E9	-1.47441289486556082E2
4.20000000000000107E0	2.02000000000000002E9	-1.47318827637965688E2
4.20000000000000107E0	2.03000000000000025E9	-1.47194025927986738E2
4.20000000000000107E0	2.04000000000000004E9	-1.47066835212993174E2
4.20000000000000107E0	2.04999999999999982E9	-1.46937202718895654E2
4.20000000000000107E0	2.06000000000000005E9	-1.46805071671844356E2
4.20000000000000107E0	2.06999999999999984E9	-1.46670380786683663E2
4.20000000000000107E0	2.08000000000000007E9	-1.46533063738122515E2
4.20000000000000107E0	2.08999999999999986E9	-1.46393048461669029E2
4.20000000000000107E0	2.10000000000000009E9	-1.46250256459972605E2
4.20000000000000107E0	2.11000000000000032E9	-1.46104601896194075E2
4.20000000000000107E0	2.12000000000000011E9	-1.45955990610739095E2
4.20000000000000107E0	2.12999999999999989E9	-1.45804318938138655E2
4.20000000000000107E0	2.13999999999999968E9	-1.45649472346795927E2
4.20000000000000107E0	2.14999999999999991E9	-1.45491323871596645E2
4.20000000000000107E0	2.16000000000000014E9	-1.45329732247300525E2
4.20000000000000107E0	2.16999999999999993E9	-1.45164539778882418E2
4.20000000000000107E0	2.18000000000000016E9	-1.44995569848536210E2
4.20000000000000107E0	2.18999999999999995E9	-1.44822624029465663E2
4.20000000000000107E0	2.20000000000000018E9	-1.44645478688155493E2
4.20000000000000107E0	2.20999999999999996E9	-1.44463881101311276E2
4.20000000000000107E0	2.21999999999999975E9	-1.44277544898550003E2
4.20000000000000107E0	2.22999999999999998E9	-1.44086144818783635E2
4.20000000000000107E0	2.23999999999999977E9	-1.43889310653707558E2
4.20000000000000107E0	2.25000000000000000E9	-1.43686620236417850E2
4.20000000000000107E0	2.26000000000000023E9	-1.43477591461211818E2
4.20000000000000107E0	2.27000000000000002E9	-1.43261673106725640E2
4.20000000000000107E0	2.28000000000000025E9	-1.43038234457242686E2
4.20000000000000107E0	2.29000000000000004E9	-1.42806553597490948E2
4.20000000000000107E0	2.29999999999999982E9	-1.42565804357152470E2
4.20000000000000107E0	2.31000000000000005E9	-1.42315041900453432E2
4.20000000000000107E0	2.31999999999999984E9	-1.42053187142935888E2
4.20000000000000107E0	2.33000000000000007E9	-1.41779010227294111E2
4.20000000000000107E0	2.33999999999999986E9	-1.41491113458290307E2
4.20000000000000107E0	2.35000000000000009E9	-1.41187914590838037E2
4.20000000000000107E0	2.36000000000000032E9	-1.40867631349714584E2
4.20000000000000107E0	2.37000000000000011E9	-1.40528268523816391E2
4.20000000000000107E0	2.37999999999999989E9	-1.40167608995609894E2
4.20000000000000107E0	2.38999999999999968E9	-1.39783209225293548E2
4.20000000000000107E0	2.39999999999999991E9	-1.39372396969451184E2
4.20000000000000107E0	2.41000000000000014E9	-1.38932260906110860E2
4.20000000000000107E0	2.41999999999999993E9	-1.38459602000944160E2
4.20000000000000107E0	2.43000000000000016E9	-1.37950765669170083E2
4.20000000000000107E0	2.43999999999999995E9	-1.37401153704506385E2
4.20000000000000107E0	2.45000000000000018E9	-1.36803915155188394E2
4.20000000000000107E0	2.45999999999999996E9	-1.36146562418222561E2
4.20000000000000107E0	2.46999999999999975E9	-1.35402280073984493E2
4.20000000000000107E0	2.47999999999999998E9	-1.34507192096007544E2
4.20000000000000107E0	2.48999999999999977E9	-1.33298652588463051E2
4.20000000000000107E0	2.50000000000000000E9	-1.31341841674193738E2
4.20000000000000107E0	2.51000000000000023E9	-1.27504093454751888E2
4.20000000000000107E0	2.52000000000000002E9	-1.18518060812053383E2
4.20000000000000107E0	2.53000000000000025E9	-1.28052899363235717E2
4.20000000000000107E0	2.54000000000000004E9	-1.31689206976763318E2
4.20000000000000107E0	2.54999999999999982E9	-1.33557332682498076E2
4.20000000000000107E0	2.56000000000000005E9	-1.34729050047841192E2
4.20000000000000107E0	2.56999999999999984E9	-1.35607878493930145E2
4.20000000000000107E0	2.58000000000000007E9	-1.36344575224206155E2
4.20000000000000107E0	2.58999999999999986E9	-1.36998264903146816E2
4.20000000000000107E0	2.60000000000000009E9	-1.37593742631675631E2
4.20000000000000107E0	2.61000000000000032E9	-1.38142587529945526E2
4.20000000000000107E0	2.62000000000000011E9	-1.38651220476687631E2
4.20000000000000107E0	2.62999999999999989E9	-1.39124025746128166E2
4.20000000000000107E0	2.63999999999999968E9	-1.39564547221839397E2
4.20000000000000107E0	2.64999999999999991E9	-1.39975925513628896E2
4.20000000000000107E0	2.66000000000000014E9	-1.40361041677903731E2
4.20000000000000107E0	2.66999999999999993E9	-1.40722553803829475E2
4.20000000000000107E0	2.68000000000000016E9	-1.41062900921370216E2
4.20000000000000107E0	2.68999999999999995E9	-1.41384301586012961E2
4.20000000000000107E0	2.70000000000000018E9	-1.41688756045301179E2
4.20000000000000107E0	2.70999999999999996E9	-1.41978053828187800E2
4.20000000000000107E0	2.71999999999999975E9	-1.42253785649182918E2
4.20000000000000107E0	2.72999999999999998E9	-1.42517358222225754E2
4.20000000000000107E0	2.73999999999999977E9	-1.42770010626620403E2
4.20000000000000107E0	2.75000000000000000E9	-1.43012831041064059E2
4.20000000000000107E0	2.76000000000000023E9	-1.43246773123768123E2
4.20000000000000107E0	2.77000000000000002E9	-1.43472671511699934E2
4.20000000000000107E0	2.78000000000000025E9	-1.43691256198971518E2
4.20000000000000107E0	2.79000000000000004E9	-1.43903165563058222E2
4.20000000000000107E0	2.79999999999999982E9	-1.44108958089454031E2
4.20000000000000107E0	2.81000000000000005E9	-1.44309122807701540E2
4.20000000000000107E0	2.81999999999999984E9	-1.44504088424277422E2
4.20000000000000107E0	2.83000000000000007E9	-1.44694231440519827E2
4.20000000000000107E0	2.83999999999999986E9	-1.44879883100154760E2
4.20000000000000107E0	2.85000000000000009E9	-1.45061335551439985E2
4.20000000000000107E0	2.86000000000000032E9	-1.45238847084729672E2
4.20000000000000107E0	2.87000000000000011E9	-1.45412646705652793E2
4.20000000000000107E0	2.87999999999999989E9	-1.45582938120776695E2
4.20000000000000107E0	2.88999999999999968E9	-1.45749903047964180E2
4.20000000000000107E0	2.89999999999999991E9	-1.45913704197026894E2
4.20000000000000107E0	2.91000000000000014E9	-1.46074487754303783E2
4.20000000000000107E0	2.91999999999999993E9	-1.46232385535080622E2
4.20000000000000107E0	2.93000000000000016E9	-1.46387516853182209E2
4.20000000000000107E0	2.93999999999999995E9	-1.46539990107766127E2
4.20000000000000107E0	2.95000000000000018E9	-1.46689904127324366E2
4.20000000000000107E0	2.95999999999999996E9	-1.46837349411095164E2
4.20000000000000107E0	2.96999999999999975E9	-1.46982409046825580E2
4.20000000000000107E0	2.97999999999999998E9	-1.47125159676943329E2
4.20000000000000107E0	2.98999999999999977E9	-1.47265672186228280E2
4.20000000000000107E0	3.00000000000000000E9	-1.47404012381504357E2

var_c	indep(index, 1)	plot_vs(pnmx, noisefreq)[21, ::]
4.30000000000000071E0	3.00000000000000000E8	-1.42118881655199059E2
4.30000000000000071E0	3.10000000000000009E8	-1.42394887951631821E2
4.30000000000000071E0	3.20000000000000018E8	-1.42661545853234317E2
4.30000000000000071E0	3.29999999999999982E8	-1.42919408950468640E2
4.30000000000000071E0	3.39999999999999991E8	-1.43168980854291972E2
4.30000000000000071E0	3.50000000000000000E8	-1.43410720802729363E2
4.30000000000000071E0	3.60000000000000009E8	-1.43645048746865411E2
4.30000000000000071E0	3.70000000000000018E8	-1.43872349776466768E2
4.30000000000000071E0	3.79999999999999982E8	-1.44092977668291877E2
4.30000000000000071E0	3.89999999999999991E8	-1.44307258069296052E2
4.30000000000000071E0	4.00000000000000000E8	-1.44515491653340900E2
4.30000000000000071E0	4.09999999999999964E8	-1.44717956273798332E2
4.30000000000000071E0	4.20000000000000018E8	-1.44914909272555747E2
4.30000000000000071E0	4.29999999999999982E8	-1.45106589278563081E2
4.30000000000000071E0	4.40000000000000036E8	-1.45293218339844499E2
4.30000000000000071E0	4.50000000000000000E8	-1.45475002852926605E2
4.30000000000000071E0	4.59999999999999964E8	-1.45652135187090637E2
4.30000000000000071E0	4.70000000000000018E8	-1.45824794997490947E2
4.30000000000000071E0	4.79999999999999982E8	-1.45993150204290689E2
4.30000000000000071E0	4.90000000000000036E8	-1.46157357687904210E2
4.30000000000000071E0	5.00000000000000000E8	-1.46317564682945589E2
4.30000000000000071E0	5.09999999999999964E8	-1.46473909164424709E2
4.30000000000000071E0	5.20000000000000018E8	-1.46626520568290353E2
4.30000000000000071E0	5.29999999999999982E8	-1.46775520682186444E2
4.30000000000000071E0	5.40000000000000036E8	-1.46921024016087864E2
4.30000000000000071E0	5.50000000000000000E8	-1.47063138290809836E2
4.30000000000000071E0	5.59999999999999964E8	-1.47201965070626040E2
4.30000000000000071E0	5.70000000000000018E8	-1.47337600256182433E2
4.30000000000000071E0	5.79999999999999982E8	-1.47470134081381343E2
4.30000000000000071E0	5.90000000000000036E8	-1.47599651926888997E2
4.30000000000000071E0	6.00000000000000000E8	-1.47726234537395085E2
4.30000000000000071E0	6.09999999999999964E8	-1.47849958140908422E2
4.30000000000000071E0	6.20000000000000018E8	-1.47970894895187799E2
4.30000000000000071E0	6.29999999999999982E8	-1.48089113167455699E2
4.30000000000000071E0	6.40000000000000036E8	-1.48204677589724598E2
4.30000000000000071E0	6.50000000000000000E8	-1.48317649599792434E2
4.30000000000000071E0	6.59999999999999964E8	-1.48428087239575701E2
4.30000000000000071E0	6.70000000000000018E8	-1.48536045710754139E2
4.30000000000000071E0	6.79999999999999982E8	-1.48641577302131744E2
4.30000000000000071E0	6.90000000000000036E8	-1.48744731732091573E2
4.30000000000000071E0	7.00000000000000000E8	-1.48845556109778276E2
4.30000000000000071E0	7.09999999999999964E8	-1.48944095240645380E2
4.30000000000000071E0	7.20000000000000018E8	-1.49040391642503556E2
4.30000000000000071E0	7.29999999999999982E8	-1.49134485816916795E2
4.30000000000000071E0	7.40000000000000036E8	-1.49226416101065529E2
4.30000000000000071E0	7.50000000000000000E8	-1.49316219103323444E2
4.30000000000000071E0	7.59999999999999964E8	-1.49403929511712907E2
4.30000000000000071E0	7.70000000000000018E8	-1.49489580372222686E2
4.30000000000000071E0	7.79999999999999982E8	-1.49573203111763564E2
4.30000000000000071E0	7.90000000000000036E8	-1.49654827596118301E2
4.30000000000000071E0	8.00000000000000000E8	-1.49734482242889899E2
4.30000000000000071E0	8.09999999999999964E8	-1.49812194045969238E2
4.30000000000000071E0	8.19999999999999929E8	-1.49887988811073392E2
4.30000000000000071E0	8.30000000000000071E8	-1.49961890860780245E2
4.30000000000000071E0	8.40000000000000036E8	-1.50033923559544924E2
4.30000000000000071E0	8.50000000000000000E8	-1.50104109024789478E2
4.30000000000000071E0	8.59999999999999964E8	-1.50172468259856773E2
4.30000000000000071E0	8.69999999999999929E8	-1.50239021278326512E2
4.30000000000000071E0	8.80000000000000071E8	-1.50303787112818243E2
4.30000000000000071E0	8.90000000000000036E8	-1.50366783937173065E2
4.30000000000000071E0	9.00000000000000000E8	-1.50428028801615365E2
4.30000000000000071E0	9.09999999999999964E8	-1.50487538140734967E2
4.30000000000000071E0	9.19999999999999929E8	-1.50545327447735344E2
4.30000000000000071E0	9.30000000000000071E8	-1.50601411464282942E2
4.30000000000000071E0	9.40000000000000036E8	-1.50655804202396704E2
4.30000000000000071E0	9.50000000000000000E8	-1.50708518980940998E2
4.30000000000000071E0	9.59999999999999964E8	-1.50759568381395992E2
4.30000000000000071E0	9.69999999999999929E8	-1.50808964389892664E2
4.30000000000000071E0	9.80000000000000071E8	-1.50856718328389205E2
4.30000000000000071E0	9.90000000000000036E8	-1.50902841032210033E2
4.30000000000000071E0	1.00000000000000000E9	-1.50947342587075406E2
4.30000000000000071E0	1.01000000000000001E9	-1.50990232747714304E2
4.30000000000000071E0	1.02000000000000002E9	-1.51031520577601608E2
4.30000000000000071E0	1.03000000000000003E9	-1.51071214754809291E2
4.30000000000000071E0	1.04000000000000004E9	-1.51109323487743241E2
4.30000000000000071E0	1.05000000000000004E9	-1.51145854451263828E2
4.30000000000000071E0	1.06000000000000005E9	-1.51180814931110374E2
4.30000000000000071E0	1.06999999999999984E9	-1.51214211848905622E2
4.30000000000000071E0	1.08000000000000007E9	-1.51246051705752738E2
4.30000000000000071E0	1.09000000000000008E9	-1.51276340499554363E2
4.30000000000000071E0	1.10000000000000009E9	-1.51305084095584053E2
4.30000000000000071E0	1.10999999999999988E9	-1.51332287834216350E2
4.30000000000000071E0	1.11999999999999988E9	-1.51357956807459115E2
4.30000000000000071E0	1.13000000000000012E9	-1.51382095714450537E2
4.30000000000000071E0	1.14000000000000012E9	-1.51404709026400952E2
4.30000000000000071E0	1.14999999999999991E9	-1.51425800882896566E2
4.30000000000000071E0	1.15999999999999992E9	-1.51445375240442615E2
4.30000000000000071E0	1.16999999999999993E9	-1.51463435620591214E2
4.30000000000000071E0	1.18000000000000016E9	-1.51479985384239724E2
4.30000000000000071E0	1.18999999999999995E9	-1.51495027614752642E2
4.30000000000000071E0	1.19999999999999996E9	-1.51508565235865578E2
4.30000000000000071E0	1.20999999999999996E9	-1.51520600768968583E2
4.30000000000000071E0	1.21999999999999997E9	-1.51531136730564353E2
4.30000000000000071E0	1.22999999999999998E9	-1.51540175289480539E2
4.30000000000000071E0	1.23999999999999999E9	-1.51547718346875659E2
4.30000000000000071E0	1.25000000000000000E9	-1.51553767805507245E2
4.30000000000000071E0	1.26000000000000001E9	-1.51558325183422404E2
4.30000000000000071E0	1.27000000000000002E9	-1.51561391873885287E2
4.30000000000000071E0	1.28000000000000003E9	-1.51562969161036110E2
4.30000000000000071E0	1.29000000000000004E9	-1.51563058020845576E2
4.30000000000000071E0	1.30000000000000004E9	-1.51561659309606855E2
4.30000000000000071E0	1.31000000000000005E9	-1.51558773759013787E2
4.30000000000000071E0	1.31999999999999984E9	-1.51554401858197307E2
4.30000000000000071E0	1.33000000000000007E9	-1.51548543934830526E2
4.30000000000000071E0	1.34000000000000008E9	-1.51541200218299932E2
4.30000000000000071E0	1.35000000000000009E9	-1.51532370717535558E2
4.30000000000000071E0	1.35999999999999988E9	-1.51522055209174145E2
4.30000000000000071E0	1.36999999999999988E9	-1.51510253485804358E2
4.30000000000000071E0	1.38000000000000012E9	-1.51496965025383812E2
4.30000000000000071E0	1.39000000000000012E9	-1.51482189191494521E2
4.30000000000000071E0	1.39999999999999991E9	-1.51465925171073268E2
4.30000000000000071E0	1.40999999999999992E9	-1.51448172055077213E2
4.30000000000000071E0	1.41999999999999993E9	-1.51428928627570003E2
4.30000000000000071E0	1.43000000000000016E9	-1.51408193628527155E2
4.30000000000000071E0	1.43999999999999995E9	-1.51385965522433885E2
4.30000000000000071E0	1.44999999999999996E9	-1.51362242698712124E2
4.30000000000000071E0	1.45999999999999996E9	-1.51337023330139719E2
4.30000000000000071E0	1.46999999999999997E9	-1.51310305328199446E2
4.30000000000000071E0	1.47999999999999998E9	-1.51282086518533454E2
4.30000000000000071E0	1.48999999999999999E9	-1.51252364476062029E2
4.30000000000000071E0	1.50000000000000000E9	-1.51221136612957197E2
4.30000000000000071E0	1.51000000000000001E9	-1.51188400065824569E2
4.30000000000000071E0	1.52000000000000002E9	-1.51154151849359297E2
4.30000000000000071E0	1.53000000000000003E9	-1.51118388689064376E2
4.30000000000000071E0	1.54000000000000004E9	-1.51081107088443356E2
4.30000000000000071E0	1.55000000000000004E9	-1.51042303368063990E2
4.30000000000000071E0	1.56000000000000005E9	-1.51001973555463254E2
4.30000000000000071E0	1.56999999999999984E9	-1.50960113436294430E2
4.30000000000000071E0	1.58000000000000007E9	-1.50916718559907403E2
4.30000000000000071E0	1.59000000000000008E9	-1.50871784184028757E2
4.30000000000000071E0	1.60000000000000009E9	-1.50825305269234144E2
4.30000000000000071E0	1.61000000000000010E9	-1.50777276510868563E2
4.30000000000000071E0	1.61999999999999988E9	-1.50727692325516971E2
4.30000000000000071E0	1.63000000000000012E9	-1.50676546768988162E2
4.30000000000000071E0	1.63999999999999990E9	-1.50623833579246846E2
4.30000000000000071E0	1.64999999999999991E9	-1.50569546184761927E2
4.30000000000000071E0	1.66000000000000014E9	-1.50513677659935441E2
4.30000000000000071E0	1.66999999999999993E9	-1.50456220664395235E2
4.30000000000000071E0	1.68000000000000016E9	-1.50397167518525476E2
4.30000000000000071E0	1.68999999999999995E9	-1.50336510193951756E2
4.30000000000000071E0	1.69999999999999996E9	-1.50274240185982633E2
4.30000000000000071E0	1.71000000000000019E9	-1.50210348530440330E2
4.30000000000000071E0	1.71999999999999997E9	-1.50144825948001315E2
4.30000000000000071E0	1.72999999999999998E9	-1.50077662612671126E2
4.30000000000000071E0	1.73999999999999977E9	-1.50008848202726819E2
4.30000000000000071E0	1.75000000000000000E9	-1.49938371951122962E2
4.30000000000000071E0	1.76000000000000023E9	-1.49866222539014982E2
4.30000000000000071E0	1.77000000000000002E9	-1.49792388140046162E2
4.30000000000000071E0	1.78000000000000003E9	-1.49716856295233036E2
4.30000000000000071E0	1.78999999999999981E9	-1.49639614050066294E2
4.30000000000000071E0	1.80000000000000004E9	-1.49560647746877362E2
4.30000000000000071E0	1.81000000000000005E9	-1.49479943158899964E2
4.30000000000000071E0	1.81999999999999984E9	-1.49397485321715262E2
4.30000000000000071E0	1.83000000000000007E9	-1.49313258623135758E2
4.30000000000000071E0	1.83999999999999986E9	-1.49227246666373170E2
4.30000000000000071E0	1.85000000000000009E9	-1.49139432310071163E2
4.30000000000000071E0	1.86000000000000010E9	-1.49049797567773279E2
4.30000000000000071E0	1.86999999999999988E9	-1.48958323626653177E2
4.30000000000000071E0	1.88000000000000012E9	-1.48864990746744152E2
4.30000000000000071E0	1.88999999999999990E9	-1.48769778204301928E2
4.30000000000000071E0	1.89999999999999991E9	-1.48672664318760650E2
4.30000000000000071E0	1.91000000000000014E9	-1.48573626270692638E2
4.30000000000000071E0	1.91999999999999993E9	-1.48472640074334605E2
4.30000000000000071E0	1.93000000000000016E9	-1.48369680559003059E2
4.30000000000000071E0	1.93999999999999995E9	-1.48264721220347040E2
4.30000000000000071E0	1.94999999999999996E9	-1.48157734107149563E2
4.30000000000000071E0	1.96000000000000019E9	-1.48048689754546636E2
4.30000000000000071E0	1.96999999999999997E9	-1.47937557029815769E2
4.30000000000000071E0	1.97999999999999998E9	-1.47824303008315683E2
4.30000000000000071E0	1.98999999999999977E9	-1.47708892771718725E2
4.30000000000000071E0	2.00000000000000000E9	-1.47591289259969982E2
4.30000000000000071E0	2.01000000000000023E9	-1.47471453084906634E2
4.30000000000000071E0	2.02000000000000002E9	-1.47349342222022073E2
4.30000000000000071E0	2.03000000000000025E9	-1.47224911758979116E2
4.30000000000000071E0	2.04000000000000004E9	-1.47098113586689827E2
4.30000000000000071E0	2.04999999999999982E9	-1.46968896065266286E2
4.30000000000000071E0	2.06000000000000005E9	-1.46837203478679146E2
4.30000000000000071E0	2.06999999999999984E9	-1.46702975686867321E2
4.30000000000000071E0	2.08000000000000007E9	-1.46566147499215349E2
4.30000000000000071E0	2.08999999999999986E9	-1.46426647954679323E2
4.30000000000000071E0	2.10000000000000009E9	-1.46284399666084197E2
4.30000000000000071E0	2.11000000000000032E9	-1.46139317854737993E2
4.30000000000000071E0	2.12000000000000011E9	-1.45991309328800201E2
4.30000000000000071E0	2.12999999999999989E9	-1.45840271307968083E2
4.30000000000000071E0	2.13999999999999968E9	-1.45686089965492971E2
4.30000000000000071E0	2.14999999999999991E9	-1.45528638863802717E2
4.30000000000000071E0	2.16000000000000014E9	-1.45367776970174178E2
4.30000000000000071E0	2.16999999999999993E9	-1.45203346491711560E2
4.30000000000000071E0	2.18000000000000016E9	-1.45035170226933818E2
4.30000000000000071E0	2.18999999999999995E9	-1.44863048596125421E2
4.30000000000000071E0	2.20000000000000018E9	-1.44686756089442214E2
4.30000000000000071E0	2.20999999999999996E9	-1.44506037156975853E2
4.30000000000000071E0	2.21999999999999975E9	-1.44320601429939277E2
4.30000000000000071E0	2.22999999999999998E9	-1.44130118214978431E2
4.30000000000000071E0	2.23999999999999977E9	-1.43934210046199706E2
4.30000000000000071E0	2.25000000000000000E9	-1.43732445259005059E2
4.30000000000000071E0	2.26000000000000023E9	-1.43524329458099009E2
4.30000000000000071E0	2.27000000000000002E9	-1.43309295696330175E2
4.30000000000000071E0	2.28000000000000025E9	-1.43086693321665548E2
4.30000000000000071E0	2.29000000000000004E9	-1.42855775234986337E2
4.30000000000000071E0	2.29999999999999982E9	-1.42615683713773511E2
4.30000000000000071E0	2.31000000000000005E9	-1.42365434537553370E2
4.30000000000000071E0	2.31999999999999984E9	-1.42103899671046152E2
4.30000000000000071E0	2.33000000000000007E9	-1.41829788623266384E2
4.30000000000000071E0	2.33999999999999986E9	-1.41541628959265209E2
4.30000000000000071E0	2.35000000000000009E9	-1.41237746552359678E2
4.30000000000000071E0	2.36000000000000032E9	-1.40916246685794877E2
4.30000000000000071E0	2.37000000000000011E9	-1.40574997048333161E2
4.30000000000000071E0	2.37999999999999989E9	-1.40211614069898149E2
4.30000000000000071E0	2.38999999999999968E9	-1.39823452921371305E2
4.30000000000000071E0	2.39999999999999991E9	-1.39407598537536570E2
4.30000000000000071E0	2.41000000000000014E9	-1.38960846499987212E2
4.30000000000000071E0	2.41999999999999993E9	-1.38479640313539853E2
4.30000000000000071E0	2.43000000000000016E9	-1.37959876459894959E2
4.30000000000000071E0	2.43999999999999995E9	-1.37396353404267413E2
4.30000000000000071E0	2.45000000000000018E9	-1.36781303438431645E2
4.30000000000000071E0	2.45999999999999996E9	-1.36100586420716740E2
4.30000000000000071E0	2.46999999999999975E9	-1.35323846504686385E2
4.30000000000000071E0	2.47999999999999998E9	-1.34378562836304627E2
4.30000000000000071E0	2.48999999999999977E9	-1.33079226611875368E2
4.30000000000000071E0	2.50000000000000000E9	-1.30929812767630804E2
4.30000000000000071E0	2.51000000000000023E9	-1.26700606618945999E2
4.30000000000000071E0	2.52000000000000002E9	-1.22639824941783182E2
4.30000000000000071E0	2.53000000000000025E9	-1.28724269905907240E2
4.30000000000000071E0	2.54000000000000004E9	-1.32010884905134951E2
4.30000000000000071E0	2.54999999999999982E9	-1.33758843603695210E2
4.30000000000000071E0	2.56000000000000005E9	-1.34894646294898113E2
4.30000000000000071E0	2.56999999999999984E9	-1.35766005647911081E2
4.30000000000000071E0	2.58000000000000007E9	-1.36504016310731857E2
4.30000000000000071E0	2.58999999999999986E9	-1.37160745898158209E2
4.30000000000000071E0	2.60000000000000009E9	-1.37758552640294263E2
4.30000000000000071E0	2.61000000000000032E9	-1.38308343035337300E2
4.30000000000000071E0	2.62000000000000011E9	-1.38816532710586626E2
4.30000000000000071E0	2.62999999999999989E9	-1.39287727813188233E2
4.30000000000000071E0	2.63999999999999968E9	-1.39725743246918865E2
4.30000000000000071E0	2.64999999999999991E9	-1.40133971878903951E2
4.30000000000000071E0	2.66000000000000014E9	-1.40515506030171622E2
4.30000000000000071E0	2.66999999999999993E9	-1.40873171413078491E2
4.30000000000000071E0	2.68000000000000016E9	-1.41209535432845246E2
4.30000000000000071E0	2.68999999999999995E9	-1.41526912244663139E2
4.30000000000000071E0	2.70000000000000018E9	-1.41827371562148175E2
4.30000000000000071E0	2.70999999999999996E9	-1.42112752034732392E2
4.30000000000000071E0	2.71999999999999975E9	-1.42384677884349631E2
4.30000000000000071E0	2.72999999999999998E9	-1.42644577618059198E2
4.30000000000000071E0	2.73999999999999977E9	-1.42893703369987546E2
4.30000000000000071E0	2.75000000000000000E9	-1.43133149979208452E2
4.30000000000000071E0	2.76000000000000023E9	-1.43363873134677022E2
4.30000000000000071E0	2.77000000000000002E9	-1.43586706235380168E2
4.30000000000000071E0	2.78000000000000025E9	-1.43802375755053080E2
4.30000000000000071E0	2.79000000000000004E9	-1.44011515054113537E2
4.30000000000000071E0	2.79999999999999982E9	-1.44214676619376414E2
4.30000000000000071E0	2.81000000000000005E9	-1.44412342931973581E2
4.30000000000000071E0	2.81999999999999984E9	-1.44604935930244705E2
4.30000000000000071E0	2.83000000000000007E9	-1.44792825226136190E2
4.30000000000000071E0	2.83999999999999986E9	-1.44976335338648488E2
4.30000000000000071E0	2.85000000000000009E9	-1.45155751840205594E2
4.30000000000000071E0	2.86000000000000032E9	-1.45331326724822629E2
4.30000000000000071E0	2.87000000000000011E9	-1.45503283004480299E2
4.30000000000000071E0	2.87999999999999989E9	-1.45671818681920051E2
4.30000000000000071E0	2.88999999999999968E9	-1.45837110113100499E2
4.30000000000000071E0	2.89999999999999991E9	-1.45999314980880968E2
4.30000000000000071E0	2.91000000000000014E9	-1.46158574742477865E2
4.30000000000000071E0	2.91999999999999993E9	-1.46315016808044573E2
4.30000000000000071E0	2.93000000000000016E9	-1.46468756359992769E2
4.30000000000000071E0	2.93999999999999995E9	-1.46619897946746058E2
4.30000000000000071E0	2.95000000000000018E9	-1.46768536813719330E2
4.30000000000000071E0	2.95999999999999996E9	-1.46914760090298868E2
4.30000000000000071E0	2.96999999999999975E9	-1.47058647756984540E2
4.30000000000000071E0	2.97999999999999998E9	-1.47200273524203085E2
4.30000000000000071E0	2.98999999999999977E9	-1.47339705585014480E2
4.30000000000000071E0	3.00000000000000000E9	-1.47477007175414343E2

var_c	indep(index, 1)	plot_vs(pnmx, noisefreq)[22, ::]
4.40000000000000036E0	3.00000000000000000E8	-1.42140996241977602E2
4.40000000000000036E0	3.10000000000000009E8	-1.42417002024094530E2
4.40000000000000036E0	3.20000000000000018E8	-1.42683659103473159E2
4.40000000000000036E0	3.29999999999999982E8	-1.42941521183208864E2
4.40000000000000036E0	3.39999999999999991E8	-1.43191091703998596E2
4.40000000000000036E0	3.50000000000000000E8	-1.43432829953327046E2
4.40000000000000036E0	3.60000000000000009E8	-1.43667155964298887E2
4.40000000000000036E0	3.70000000000000018E8	-1.43894454693266360E2
4.40000000000000036E0	3.79999999999999982E8	-1.44115080070025048E2
4.40000000000000036E0	3.89999999999999991E8	-1.44329357721778528E2
4.40000000000000036E0	4.00000000000000000E8	-1.44537588234383962E2
4.40000000000000036E0	4.09999999999999964E8	-1.44740049566347695E2
4.40000000000000036E0	4.20000000000000018E8	-1.44936998972985021E2
4.40000000000000036E0	4.29999999999999982E8	-1.45128675228518889E2
4.40000000000000036E0	4.40000000000000036E8	-1.45315300221194921E2
4.40000000000000036E0	4.50000000000000000E8	-1.45497080414312974E2
4.40000000000000036E0	4.59999999999999964E8	-1.45674208189583010E2
4.40000000000000036E0	4.70000000000000018E8	-1.45846863251446823E2
4.40000000000000036E0	4.79999999999999982E8	-1.46015213351888828E2
4.40000000000000036E0	4.90000000000000036E8	-1.46179415658882927E2
4.40000000000000036E0	5.00000000000000000E8	-1.46339617205592232E2
4.40000000000000036E0	5.09999999999999964E8	-1.46495955972336089E2
4.40000000000000036E0	5.20000000000000018E8	-1.46648561468029048E2
4.40000000000000036E0	5.29999999999999982E8	-1.46797555472685315E2
4.40000000000000036E0	5.40000000000000036E8	-1.46943052485757963E2
4.40000000000000036E0	5.50000000000000000E8	-1.47085160190015607E2
4.40000000000000036E0	5.59999999999999964E8	-1.47223980308853619E2
4.40000000000000036E0	5.70000000000000018E8	-1.47359608523622443E2
4.40000000000000036E0	5.79999999999999982E8	-1.47492135239739097E2
4.40000000000000036E0	5.90000000000000036E8	-1.47621645775264798E2
4.40000000000000036E0	6.00000000000000000E8	-1.47748220892759141E2
4.40000000000000036E0	6.09999999999999964E8	-1.47871936773218149E2
4.40000000000000036E0	6.20000000000000018E8	-1.47992865622175840E2
4.40000000000000036E0	6.29999999999999982E8	-1.48111075834981420E2
4.40000000000000036E0	6.40000000000000036E8	-1.48226632045416751E2
4.40000000000000036E0	6.50000000000000000E8	-1.48339595633615406E2
4.40000000000000036E0	6.59999999999999964E8	-1.48450024703153605E2
4.40000000000000036E0	6.70000000000000018E8	-1.48557974440292506E2
4.40000000000000036E0	6.79999999999999982E8	-1.48663497107765719E2
4.40000000000000036E0	6.90000000000000036E8	-1.48766642470898725E2
4.40000000000000036E0	7.00000000000000000E8	-1.48867457595346231E2
4.40000000000000036E0	7.09999999999999964E8	-1.48965987314046000E2
4.40000000000000036E0	7.20000000000000018E8	-1.49062274237885273E2
4.40000000000000036E0	7.29999999999999982E8	-1.49156358663504385E2
4.40000000000000036E0	7.40000000000000036E8	-1.49248279088784042E2
4.40000000000000036E0	7.50000000000000000E8	-1.49338072119777254E2
4.40000000000000036E0	7.59999999999999964E8	-1.49425772399788359E2
4.40000000000000036E0	7.70000000000000018E8	-1.49511412991093140E2
4.40000000000000036E0	7.79999999999999982E8	-1.49595025334736964E2
4.40000000000000036E0	7.90000000000000036E8	-1.49676639317123228E2
4.40000000000000036E0	8.00000000000000000E8	-1.49756283262655887E2
4.40000000000000036E0	8.09999999999999964E8	-1.49833984292928291E2
4.40000000000000036E0	8.19999999999999929E8	-1.49909768131267396E2
4.40000000000000036E0	8.30000000000000071E8	-1.49983659186435458E2
4.40000000000000036E0	8.40000000000000036E8	-1.50055680747608644E2
4.40000000000000036E0	8.50000000000000000E8	-1.50125854974454453E2
4.40000000000000036E0	8.59999999999999964E8	-1.50194202873286753E2
4.40000000000000036E0	8.69999999999999929E8	-1.50260744441334770E2
4.40000000000000036E0	8.80000000000000071E8	-1.50325498768558474E2
4.40000000000000036E0	8.90000000000000036E8	-1.50388483933564920E2
4.40000000000000036E0	9.00000000000000000E8	-1.50449717077268064E2
4.40000000000000036E0	9.09999999999999964E8	-1.50509214622082022E2
4.40000000000000036E0	9.19999999999999929E8	-1.50566992072484629E2
4.40000000000000036E0	9.30000000000000071E8	-1.50623064166050513E2
4.40000000000000036E0	9.40000000000000036E8	-1.50677444898956114E2
4.40000000000000036E0	9.50000000000000000E8	-1.50730147603750408E2
4.40000000000000036E0	9.59999999999999964E8	-1.50781184841451266E2
4.40000000000000036E0	9.69999999999999929E8	-1.50830568695912914E2
4.40000000000000036E0	9.80000000000000071E8	-1.50878310436921015E2
4.40000000000000036E0	9.90000000000000036E8	-1.50924420874914267E2
4.40000000000000036E0	1.00000000000000000E9	-1.50968910182437144E2
4.40000000000000036E0	1.01000000000000001E9	-1.51011788016854598E2
4.40000000000000036E0	1.02000000000000002E9	-1.51053063546012778E2
4.40000000000000036E0	1.03000000000000003E9	-1.51092745448269206E2
4.40000000000000036E0	1.04000000000000004E9	-1.51130841886535339E2
4.40000000000000036E0	1.05000000000000004E9	-1.51167360533620898E2
4.40000000000000036E0	1.06000000000000005E9	-1.51202308762989501E2
4.40000000000000036E0	1.06999999999999984E9	-1.51235693433751761E2
4.40000000000000036E0	1.08000000000000007E9	-1.51267521056543841E2
4.40000000000000036E0	1.09000000000000008E9	-1.51297797716091909E2
4.40000000000000036E0	1.10000000000000009E9	-1.51326529208709726E2
4.40000000000000036E0	1.10999999999999988E9	-1.51353720891559407E2
4.40000000000000036E0	1.11999999999999988E9	-1.51379377891937850E2
4.40000000000000036E0	1.13000000000000012E9	-1.51403504920135701E2
4.40000000000000036E0	1.14000000000000012E9	-1.51426106480545464E2
4.40000000000000036E0	1.14999999999999991E9	-1.51447186711806725E2
4.40000000000000036E0	1.15999999999999992E9	-1.51466749524436217E2
4.40000000000000036E0	1.16999999999999993E9	-1.51484798511933749E2
4.40000000000000036E0	1.18000000000000016E9	-1.51501337046192130E2
4.40000000000000036E0	1.18999999999999995E9	-1.51516368248142519E2
4.40000000000000036E0	1.19999999999999996E9	-1.51529894953856648E2
4.40000000000000036E0	1.20999999999999996E9	-1.51541919849089624E2
4.40000000000000036E0	1.21999999999999997E9	-1.51552445320335671E2
4.40000000000000036E0	1.22999999999999998E9	-1.51561473643549549E2
4.40000000000000036E0	1.23999999999999999E9	-1.51569006748467427E2
4.40000000000000036E0	1.25000000000000000E9	-1.51575046445001838E2
4.40000000000000036E0	1.26000000000000001E9	-1.51579594414423324E2
4.40000000000000036E0	1.27000000000000002E9	-1.51582651989996120E2
4.40000000000000036E0	1.28000000000000003E9	-1.51584220470239672E2
4.40000000000000036E0	1.29000000000000004E9	-1.51584300904572777E2
4.40000000000000036E0	1.30000000000000004E9	-1.51582894116879374E2
4.40000000000000036E0	1.31000000000000005E9	-1.51580000897414124E2
4.40000000000000036E0	1.31999999999999984E9	-1.51575621765985691E2
4.40000000000000036E0	1.33000000000000007E9	-1.51569757046240694E2
4.40000000000000036E0	1.34000000000000008E9	-1.51562407000996591E2
4.40000000000000036E0	1.35000000000000009E9	-1.51553571672572551E2
4.40000000000000036E0	1.35999999999999988E9	-1.51543250902014282E2
4.40000000000000036E0	1.36999999999999988E9	-1.51531444430097317E2
4.40000000000000036E0	1.38000000000000012E9	-1.51518151897181741E2
4.40000000000000036E0	1.39000000000000012E9	-1.51503372571312989E2
4.40000000000000036E0	1.39999999999999991E9	-1.51487105744191242E2
4.40000000000000036E0	1.40999999999999992E9	-1.51469350486880883E2
4.40000000000000036E0	1.41999999999999993E9	-1.51450105714584882E2
4.40000000000000036E0	1.43000000000000016E9	-1.51429370113158224E2
4.40000000000000036E0	1.43999999999999995E9	-1.51407142291959840E2
4.40000000000000036E0	1.44999999999999996E9	-1.51383420594061890E2
4.40000000000000036E0	1.45999999999999996E9	-1.51358203269641267E2
4.40000000000000036E0	1.46999999999999997E9	-1.51331488321064178E2
4.40000000000000036E0	1.47999999999999998E9	-1.51303273564775687E2
4.40000000000000036E0	1.48999999999999999E9	-1.51273556676216203E2
4.40000000000000036E0	1.50000000000000000E9	-1.51242335089465985E2
4.40000000000000036E0	1.51000000000000001E9	-1.51209606016362019E2
4.40000000000000036E0	1.52000000000000002E9	-1.51175366545213352E2
4.40000000000000036E0	1.53000000000000003E9	-1.51139613475336998E2
4.40000000000000036E0	1.54000000000000004E9	-1.51102343359438995E2
4.40000000000000036E0	1.55000000000000004E9	-1.51063552618467756E2
4.40000000000000036E0	1.56000000000000005E9	-1.51023237333958571E2
4.40000000000000036E0	1.56999999999999984E9	-1.50981393387750318E2
4.40000000000000036E0	1.58000000000000007E9	-1.50938016419380583E2
4.40000000000000036E0	1.59000000000000008E9	-1.50893101758210313E2
4.40000000000000036E0	1.60000000000000009E9	-1.50846644469571167E2
4.40000000000000036E0	1.61000000000000010E9	-1.50798639413509017E2
4.40000000000000036E0	1.61999999999999988E9	-1.50749081024963294E2
4.40000000000000036E0	1.63000000000000012E9	-1.50697963489527020E2
4.40000000000000036E0	1.63999999999999990E9	-1.50645280713561402E2
4.40000000000000036E0	1.64999999999999991E9	-1.50591026230986991E2
4.40000000000000036E0	1.66000000000000014E9	-1.50535193208933116E2
4.40000000000000036E0	1.66999999999999993E9	-1.50477774499799288E2
4.40000000000000036E0	1.68000000000000016E9	-1.50418762601365152E2
4.40000000000000036E0	1.68999999999999995E9	-1.50358149551661024E2
4.40000000000000036E0	1.69999999999999996E9	-1.50295927049954736E2
4.40000000000000036E0	1.71000000000000019E9	-1.50232086382205487E2
4.40000000000000036E0	1.71999999999999997E9	-1.50166618355339487E2
4.40000000000000036E0	1.72999999999999998E9	-1.50099513392871353E2
4.40000000000000036E0	1.73999999999999977E9	-1.50030761363412979E2
4.40000000000000036E0	1.75000000000000000E9	-1.49960351740132913E2
4.40000000000000036E0	1.76000000000000023E9	-1.49888273447925435E2
4.40000000000000036E0	1.77000000000000002E9	-1.49814514844143543E2
4.40000000000000036E0	1.78000000000000003E9	-1.49739063832469088E2
4.40000000000000036E0	1.78999999999999981E9	-1.49661907657390336E2
4.40000000000000036E0	1.80000000000000004E9	-1.49583032986309061E2
4.40000000000000036E0	1.81000000000000005E9	-1.49502425897903013E2
4.40000000000000036E0	1.81999999999999984E9	-1.49420071783776409E2
4.40000000000000036E0	1.83000000000000007E9	-1.49335955344389326E2
4.40000000000000036E0	1.83999999999999986E9	-1.49250060588479894E2
4.40000000000000036E0	1.85000000000000009E9	-1.49162370749514706E2
4.40000000000000036E0	1.86000000000000010E9	-1.49072868268211955E2
4.40000000000000036E0	1.86999999999999988E9	-1.48981534769236612E2
4.40000000000000036E0	1.88000000000000012E9	-1.48888350967700234E2
4.40000000000000036E0	1.88999999999999990E9	-1.48793296664739438E2
4.40000000000000036E0	1.89999999999999991E9	-1.48696350670649680E2
4.40000000000000036E0	1.91000000000000014E9	-1.48597490730001125E2
4.40000000000000036E0	1.91999999999999993E9	-1.48496693457285667E2
4.40000000000000036E0	1.93000000000000016E9	-1.48393934315898646E2
4.40000000000000036E0	1.93999999999999995E9	-1.48289187415749280E2
4.40000000000000036E0	1.94999999999999996E9	-1.48182425524756267E2
4.40000000000000036E0	1.96000000000000019E9	-1.48073619890067332E2
4.40000000000000036E0	1.96999999999999997E9	-1.47962740155192818E2
4.40000000000000036E0	1.97999999999999998E9	-1.47849754192232896E2
4.40000000000000036E0	1.98999999999999977E9	-1.47734627948608788E2
4.40000000000000036E0	2.00000000000000000E9	-1.47617325260254928E2
4.40000000000000036E0	2.01000000000000023E9	-1.47497807646695978E2
4.40000000000000036E0	2.02000000000000002E9	-1.47376034044619741E2
4.40000000000000036E0	2.03000000000000025E9	-1.47251960562810824E2
4.40000000000000036E0	2.04000000000000004E9	-1.47125540140788380E2
4.40000000000000036E0	2.04999999999999982E9	-1.46996722189587636E2
4.40000000000000036E0	2.06000000000000005E9	-1.46865452131515561E2
4.40000000000000036E0	2.06999999999999984E9	-1.46731670937234737E2
4.40000000000000036E0	2.08000000000000007E9	-1.46595314515079123E2
4.40000000000000036E0	2.08999999999999986E9	-1.46456313085024692E2
4.40000000000000036E0	2.10000000000000009E9	-1.46314590352832385E2
4.40000000000000036E0	2.11000000000000032E9	-1.46170062619942298E2
4.40000000000000036E0	2.12000000000000011E9	-1.46022637690166013E2
4.40000000000000036E0	2.12999999999999989E9	-1.45872213709675469E2
4.40000000000000036E0	2.13999999999999968E9	-1.45718677648907291E2
4.40000000000000036E0	2.14999999999999991E9	-1.45561903625246414E2
4.40000000000000036E0	2.16000000000000014E9	-1.45401750954158193E2
4.40000000000000036E0	2.16999999999999993E9	-1.45238061837714239E2
4.40000000000000036E0	2.18000000000000016E9	-1.45070658666000485E2
4.40000000000000036E0	2.18999999999999995E9	-1.44899340861093373E2
4.40000000000000036E0	2.20000000000000018E9	-1.44723881225276729E2
4.40000000000000036E0	2.20999999999999996E9	-1.44544021627756392E2
4.40000000000000036E0	2.21999999999999975E9	-1.44359468009694414E2
4.40000000000000036E0	2.22999999999999998E9	-1.44169884561143080E2
4.40000000000000036E0	2.23999999999999977E9	-1.43974886950347858E2
4.40000000000000036E0	2.25000000000000000E9	-1.43774034473184487E2
4.40000000000000036E0	2.26000000000000023E9	-1.43566820962964914E2
4.40000000000000036E0	2.27000000000000002E9	-1.43352664343074654E2
4.40000000000000036E0	2.28000000000000025E9	-1.43130894648560103E2
4.40000000000000036E0	2.29000000000000004E9	-1.42900740357757350E2
4.40000000000000036E0	2.29999999999999982E9	-1.42661312932937756E2
4.40000000000000036E0	2.31000000000000005E9	-1.42411589572871966E2
4.40000000000000036E0	2.31999999999999984E9	-1.42150394067194652E2
4.40000000000000036E0	2.33000000000000007E9	-1.41876376028534001E2
4.40000000000000036E0	2.33999999999999986E9	-1.41587988828051903E2
4.40000000000000036E0	2.35000000000000009E9	-1.41283466760159193E2
4.40000000000000036E0	2.36000000000000032E9	-1.40960802456860290E2
4.40000000000000036E0	2.37000000000000011E9	-1.40617725621717815E2
4.40000000000000036E0	2.37999999999999989E9	-1.40251684231903284E2
4.40000000000000036E0	2.38999999999999968E9	-1.39859828671390329E2
4.40000000000000036E0	2.39999999999999991E9	-1.39438995393257215E2
4.40000000000000036E0	2.41000000000000014E9	-1.38985678176901262E2
4.40000000000000036E0	2.41999999999999993E9	-1.38495950182686189E2
4.40000000000000036E0	2.43000000000000016E9	-1.37965239959984931E2
4.40000000000000036E0	2.43999999999999995E9	-1.37387713601175165E2
4.40000000000000036E0	2.45000000000000018E9	-1.36754636850056044E2
4.40000000000000036E0	2.45999999999999996E9	-1.36050116024675338E2
4.40000000000000036E0	2.46999999999999975E9	-1.35240007484954639E2
4.40000000000000036E0	2.47999999999999998E9	-1.34242460206360081E2
4.40000000000000036E0	2.48999999999999977E9	-1.32847178251927578E2
4.40000000000000036E0	2.50000000000000000E9	-1.30492964873513162E2
4.40000000000000036E0	2.51000000000000023E9	-1.25892796560394893E2
4.40000000000000036E0	2.52000000000000002E9	-1.23650335793173194E2
4.40000000000000036E0	2.53000000000000025E9	-1.29298923164018009E2
4.40000000000000036E0	2.54000000000000004E9	-1.32296156069440141E2
4.40000000000000036E0	2.54999999999999982E9	-1.33946159198197523E2
4.40000000000000036E0	2.56000000000000005E9	-1.35053219858931839E2
4.40000000000000036E0	2.56999999999999984E9	-1.35919079727452718E2
4.40000000000000036E0	2.58000000000000007E9	-1.36658507440693544E2
4.40000000000000036E0	2.58999999999999986E9	-1.37317734848907858E2
4.40000000000000036E0	2.60000000000000009E9	-1.37917164800926284E2
4.40000000000000036E0	2.61000000000000032E9	-1.38467224118998433E2
4.40000000000000036E0	2.62000000000000011E9	-1.38974394364681286E2
4.40000000000000036E0	2.62999999999999989E9	-1.39443521408496318E2
4.40000000000000036E0	2.63999999999999968E9	-1.39878686539810237E2
4.40000000000000036E0	2.64999999999999991E9	-1.40283521166042191E2
4.40000000000000036E0	2.66000000000000014E9	-1.40661313059562221E2
4.40000000000000036E0	2.66999999999999993E9	-1.41015040131355440E2
4.40000000000000036E0	2.68000000000000016E9	-1.41347384349712457E2
4.40000000000000036E0	2.68999999999999995E9	-1.41660743743587481E2
4.40000000000000036E0	2.70000000000000018E9	-1.41957247729749225E2
4.40000000000000036E0	2.70999999999999996E9	-1.42238776031808323E2
4.40000000000000036E0	2.71999999999999975E9	-1.42506979922256027E2
4.40000000000000036E0	2.72999999999999998E9	-1.42763304517763223E2
4.40000000000000036E0	2.73999999999999977E9	-1.43009010883406740E2
4.40000000000000036E0	2.75000000000000000E9	-1.43245197272173597E2
4.40000000000000036E0	2.76000000000000023E9	-1.43472818869174046E2
4.40000000000000036E0	2.77000000000000002E9	-1.43692705852038549E2
4.40000000000000036E0	2.78000000000000025E9	-1.43905579663345740E2
4.40000000000000036E0	2.79000000000000004E9	-1.44112067475751116E2
4.40000000000000036E0	2.79999999999999982E9	-1.44312714937701436E2
4.40000000000000036E0	2.81000000000000005E9	-1.44507997340750194E2
4.40000000000000036E0	2.81999999999999984E9	-1.44698329354604871E2
4.40000000000000036E0	2.83000000000000007E9	-1.44884073441674555E2
4.40000000000000036E0	2.83999999999999986E9	-1.45065547143491469E2
4.40000000000000036E0	2.85000000000000009E9	-1.45243029354677411E2
4.40000000000000036E0	2.86000000000000032E9	-1.45416765705584039E2
4.40000000000000036E0	2.87000000000000011E9	-1.45586973206531622E2
4.40000000000000036E0	2.87999999999999989E9	-1.45753844181563186E2
4.40000000000000036E0	2.88999999999999968E9	-1.45917549711510253E2
4.40000000000000036E0	2.89999999999999991E9	-1.46078242513548462E2
4.40000000000000036E0	2.91000000000000014E9	-1.46236059421054509E2
4.40000000000000036E0	2.91999999999999993E9	-1.46391123527857414E2
4.40000000000000036E0	2.93000000000000016E9	-1.46543546007992997E2
4.40000000000000036E0	2.93999999999999995E9	-1.46693427684940159E2
4.40000000000000036E0	2.95000000000000018E9	-1.46840860324505562E2
4.40000000000000036E0	2.95999999999999996E9	-1.46985927825758345E2
4.40000000000000036E0	2.96999999999999975E9	-1.47128707153045268E2
4.40000000000000036E0	2.97999999999999998E9	-1.47269269228011468E2
4.40000000000000036E0	2.98999999999999977E9	-1.47407679627544441E2
4.40000000000000036E0	3.00000000000000000E9	-1.47543999136115112E2

var_c	indep(index, 1)	plot_vs(pnmx, noisefreq)[23, ::]
4.50000000000000000E0	3.00000000000000000E8	-1.42159999587164054E2
4.50000000000000000E0	3.10000000000000009E8	-1.42436005244991915E2
4.50000000000000000E0	3.20000000000000018E8	-1.42702661932927755E2
4.50000000000000000E0	3.29999999999999982E8	-1.42960523287251351E2
4.50000000000000000E0	3.39999999999999991E8	-1.43210092774163078E2
4.50000000000000000E0	3.50000000000000000E8	-1.43451829774872808E2
4.50000000000000000E0	3.60000000000000009E8	-1.43686154238230968E2
4.50000000000000000E0	3.70000000000000018E8	-1.43913451219792665E2
4.50000000000000000E0	3.79999999999999982E8	-1.44134074435407511E2
4.50000000000000000E0	3.89999999999999991E8	-1.44348349781723506E2
4.50000000000000000E0	4.00000000000000000E8	-1.44556577691190680E2
4.50000000000000000E0	4.09999999999999964E8	-1.44759036152280385E2
4.50000000000000000E0	4.20000000000000018E8	-1.44955982453283272E2
4.50000000000000000E0	4.29999999999999982E8	-1.45147655305788748E2
4.50000000000000000E0	4.40000000000000036E8	-1.45334276756885461E2
4.50000000000000000E0	4.50000000000000000E8	-1.45516053052148875E2
4.50000000000000000E0	4.59999999999999964E8	-1.45693176800627766E2
4.50000000000000000E0	4.70000000000000018E8	-1.45865827594396968E2
4.50000000000000000E0	4.79999999999999982E8	-1.46034173177573590E2
4.50000000000000000E0	4.90000000000000036E8	-1.46198370698814761E2
4.50000000000000000E0	5.00000000000000000E8	-1.46358567297370623E2
4.50000000000000000E0	5.09999999999999964E8	-1.46514900883291288E2
4.50000000000000000E0	5.20000000000000018E8	-1.46667501025301927E2
4.50000000000000000E0	5.29999999999999982E8	-1.46816489454830790E2
4.50000000000000000E0	5.40000000000000036E8	-1.46961980617322641E2
4.50000000000000000E0	5.50000000000000000E8	-1.47104082393322555E2
4.50000000000000000E0	5.59999999999999964E8	-1.47242896251695576E2
4.50000000000000000E0	5.70000000000000018E8	-1.47378518108452949E2
4.50000000000000000E0	5.79999999999999982E8	-1.47511038231006752E2
4.50000000000000000E0	5.90000000000000036E8	-1.47640542023275101E2
4.50000000000000000E0	6.00000000000000000E8	-1.47767110192446638E2
4.50000000000000000E0	6.09999999999999964E8	-1.47890818952291281E2
4.50000000000000000E0	6.20000000000000018E8	-1.48011740503078038E2
4.50000000000000000E0	6.29999999999999982E8	-1.48129943219296978E2
4.50000000000000000E0	6.40000000000000036E8	-1.48245491778707561E2
4.50000000000000000E0	6.50000000000000000E8	-1.48358447517469871E2
4.50000000000000000E0	6.59999999999999964E8	-1.48468868607603555E2
4.50000000000000000E0	6.70000000000000018E8	-1.48576810174221752E2
4.50000000000000000E0	6.79999999999999982E8	-1.48682324518041042E2
4.50000000000000000E0	6.90000000000000036E8	-1.48785461385423856E2
4.50000000000000000E0	7.00000000000000000E8	-1.48886267882340539E2
4.50000000000000000E0	7.09999999999999964E8	-1.48984788808378465E2
4.50000000000000000E0	7.20000000000000018E8	-1.49081066744646717E2
4.50000000000000000E0	7.29999999999999982E8	-1.49175142098537661E2
4.50000000000000000E0	7.40000000000000036E8	-1.49267053307455955E2
4.50000000000000000E0	7.50000000000000000E8	-1.49356836969378914E2
4.50000000000000000E0	7.59999999999999964E8	-1.49444527705485974E2
4.50000000000000000E0	7.70000000000000018E8	-1.49530158650346001E2
4.50000000000000000E0	7.79999999999999982E8	-1.49613761183685368E2
4.50000000000000000E0	7.90000000000000036E8	-1.49695365221975396E2
4.50000000000000000E0	8.00000000000000000E8	-1.49774999109398022E2
4.50000000000000000E0	8.09999999999999964E8	-1.49852689988344090E2
4.50000000000000000E0	8.19999999999999929E8	-1.49928463548820368E2
4.50000000000000000E0	8.30000000000000071E8	-1.50002344159550161E2
4.50000000000000000E0	8.40000000000000036E8	-1.50074355177500429E2
4.50000000000000000E0	8.50000000000000000E8	-1.50144518761323664E2
4.50000000000000000E0	8.59999999999999964E8	-1.50212855913221488E2
4.50000000000000000E0	8.69999999999999929E8	-1.50279386638904944E2
4.50000000000000000E0	8.80000000000000071E8	-1.50344130024378497E2
4.50000000000000000E0	8.90000000000000036E8	-1.50407104137991565E2
4.50000000000000000E0	9.00000000000000000E8	-1.50468326147802189E2
4.50000000000000000E0	9.09999999999999964E8	-1.50527812505989500E2
4.50000000000000000E0	9.19999999999999929E8	-1.50585578642627960E2
4.50000000000000000E0	9.30000000000000071E8	-1.50641639324010823E2
4.50000000000000000E0	9.40000000000000036E8	-1.50696008642408730E2
4.50000000000000000E0	9.50000000000000000E8	-1.50748699815965059E2
4.50000000000000000E0	9.59999999999999964E8	-1.50799725559475961E2
4.50000000000000000E0	9.69999999999999929E8	-1.50849097766521245E2
4.50000000000000000E0	9.80000000000000071E8	-1.50896827856050009E2
4.50000000000000000E0	9.90000000000000036E8	-1.50942926522650867E2
4.50000000000000000E0	1.00000000000000000E9	-1.50987404068927500E2
4.50000000000000000E0	1.01000000000000001E9	-1.51030270143032608E2
4.50000000000000000E0	1.02000000000000002E9	-1.51071533891965437E2
4.50000000000000000E0	1.03000000000000003E9	-1.51111203946139594E2
4.50000000000000000E0	1.04000000000000004E9	-1.51149288532736858E2
4.50000000000000000E0	1.05000000000000004E9	-1.51185795377538357E2
4.50000000000000000E0	1.06000000000000005E9	-1.51220731779987294E2
4.50000000000000000E0	1.06999999999999984E9	-1.51254104621512342E2
4.50000000000000000E0	1.08000000000000007E9	-1.51285920463603896E2
4.50000000000000000E0	1.09000000000000008E9	-1.51316185378291124E2
4.50000000000000000E0	1.10000000000000009E9	-1.51344905141610520E2
4.50000000000000000E0	1.10999999999999988E9	-1.51372085163106362E2
4.50000000000000000E0	1.11999999999999988E9	-1.51397730556637389E2
4.50000000000000000E0	1.13000000000000012E9	-1.51421846083746670E2
4.50000000000000000E0	1.14000000000000012E9	-1.51444436210931821E2
4.50000000000000000E0	1.14999999999999991E9	-1.51465505098443698E2
4.50000000000000000E0	1.15999999999999992E9	-1.51485056659359096E2
4.50000000000000000E0	1.16999999999999993E9	-1.51503094524340631E2
4.50000000000000000E0	1.18000000000000016E9	-1.51519622063863668E2
4.50000000000000000E0	1.18999999999999995E9	-1.51534642392867380E2
4.50000000000000000E0	1.19999999999999996E9	-1.51548158438364688E2
4.50000000000000000E0	1.20999999999999996E9	-1.51560172813296168E2
4.50000000000000000E0	1.21999999999999997E9	-1.51570687995784814E2
4.50000000000000000E0	1.22999999999999998E9	-1.51579706178889984E2
4.50000000000000000E0	1.23999999999999999E9	-1.51587229395764678E2
4.50000000000000000E0	1.25000000000000000E9	-1.51593259494877430E2
4.50000000000000000E0	1.26000000000000001E9	-1.51597798051925459E2
4.50000000000000000E0	1.27000000000000002E9	-1.51600846522726118E2
4.50000000000000000E0	1.28000000000000003E9	-1.51602406182050187E2
4.50000000000000000E0	1.29000000000000004E9	-1.51602478098416160E2
4.50000000000000000E0	1.30000000000000004E9	-1.51601063170883865E2
4.50000000000000000E0	1.31000000000000005E9	-1.51598162170953366E2
4.50000000000000000E0	1.31999999999999984E9	-1.51593775610130033E2
4.50000000000000000E0	1.33000000000000007E9	-1.51587903908206134E2
4.50000000000000000E0	1.34000000000000008E9	-1.51580547305668634E2
4.50000000000000000E0	1.35000000000000009E9	-1.51571705879191443E2
4.50000000000000000E0	1.35999999999999988E9	-1.51561379510974104E2
4.50000000000000000E0	1.36999999999999988E9	-1.51549567971106103E2
4.50000000000000000E0	1.38000000000000012E9	-1.51536270881296153E2
4.50000000000000000E0	1.39000000000000012E9	-1.51521487643156316E2
4.50000000000000000E0	1.39999999999999991E9	-1.51505217517397517E2
4.50000000000000000E0	1.40999999999999992E9	-1.51487459606916453E2
4.50000000000000000E0	1.41999999999999993E9	-1.51468212850101280E2
4.50000000000000000E0	1.43000000000000016E9	-1.51447476018841298E2
4.50000000000000000E0	1.43999999999999995E9	-1.51425247749247149E2
4.50000000000000000E0	1.44999999999999996E9	-1.51401526422688648E2
4.50000000000000000E0	1.45999999999999996E9	-1.51376310352412746E2
4.50000000000000000E0	1.46999999999999997E9	-1.51349597531745195E2
4.50000000000000000E0	1.47999999999999998E9	-1.51321385877140768E2
4.50000000000000000E0	1.48999999999999999E9	-1.51291673127420845E2
4.50000000000000000E0	1.50000000000000000E9	-1.51260456732572068E2
4.50000000000000000E0	1.51000000000000001E9	-1.51227734003835357E2
4.50000000000000000E0	1.52000000000000002E9	-1.51193502071131380E2
4.50000000000000000E0	1.53000000000000003E9	-1.51157757768970202E2
4.50000000000000000E0	1.54000000000000004E9	-1.51120497771445095E2
4.50000000000000000E0	1.55000000000000004E9	-1.51081718543903576E2
4.50000000000000000E0	1.56000000000000005E9	-1.51041416241651572E2
4.50000000000000000E0	1.56999999999999984E9	-1.50999586832586385E2
4.50000000000000000E0	1.58000000000000007E9	-1.50956226044691744E2
4.50000000000000000E0	1.59000000000000008E9	-1.50911329298542585E2
4.50000000000000000E0	1.60000000000000009E9	-1.50864891744224972E2
4.50000000000000000E0	1.61000000000000010E9	-1.50816908330905042E2
4.50000000000000000E0	1.61999999999999988E9	-1.50767373614771527E2
4.50000000000000000E0	1.63000000000000012E9	-1.50716281891126402E2
4.50000000000000000E0	1.63999999999999990E9	-1.50663627168099157E2
4.50000000000000000E0	1.64999999999999991E9	-1.50609403097297645E2
4.50000000000000000E0	1.66000000000000014E9	-1.50553603009361536E2
4.50000000000000000E0	1.66999999999999993E9	-1.50496219881878046E2
4.50000000000000000E0	1.68000000000000016E9	-1.50437246339969533E2
4.50000000000000000E0	1.68999999999999995E9	-1.50376674582090608E2
4.50000000000000000E0	1.69999999999999996E9	-1.50314496480800530E2
4.50000000000000000E0	1.71000000000000019E9	-1.50250703463450086E2
4.50000000000000000E0	1.71999999999999997E9	-1.50185286551226116E2
4.50000000000000000E0	1.72999999999999998E9	-1.50118236340732425E2
4.50000000000000000E0	1.73999999999999977E9	-1.50049542908532407E2
4.50000000000000000E0	1.75000000000000000E9	-1.49979195940721777E2
4.50000000000000000E0	1.76000000000000023E9	-1.49907184577179931E2
4.50000000000000000E0	1.77000000000000002E9	-1.49833497450370356E2
4.50000000000000000E0	1.78000000000000003E9	-1.49758122688826978E2
4.50000000000000000E0	1.78999999999999981E9	-1.49681047811532375E2
4.50000000000000000E0	1.80000000000000004E9	-1.49602259783731251E2
4.50000000000000000E0	1.81000000000000005E9	-1.49521744975793558E2
4.50000000000000000E0	1.81999999999999984E9	-1.49439489103283418E2
4.50000000000000000E0	1.83000000000000007E9	-1.49355477208402143E2
4.50000000000000000E0	1.83999999999999986E9	-1.49269693665747005E2
4.50000000000000000E0	1.85000000000000009E9	-1.49182122074618007E2
4.50000000000000000E0	1.86000000000000010E9	-1.49092745303056828E2
4.50000000000000000E0	1.86999999999999988E9	-1.49001545378180067E2
4.50000000000000000E0	1.88000000000000012E9	-1.48908503501005463E2
4.50000000000000000E0	1.88999999999999990E9	-1.48813599930322371E2
4.50000000000000000E0	1.89999999999999991E9	-1.48716813995885500E2
4.50000000000000000E0	1.91000000000000014E9	-1.48618123995218232E2
4.50000000000000000E0	1.91999999999999993E9	-1.48517507094115020E2
4.50000000000000000E0	1.93000000000000016E9	-1.48414939375889166E2
4.50000000000000000E0	1.93999999999999995E9	-1.48310395577529541E2
4.50000000000000000E0	1.94999999999999996E9	-1.48203849144513855E2
4.50000000000000000E0	1.96000000000000019E9	-1.48095272042651271E2
4.50000000000000000E0	1.96999999999999997E9	-1.47984634672575721E2
4.50000000000000000E0	1.97999999999999998E9	-1.47871905685103933E2
4.50000000000000000E0	1.98999999999999977E9	-1.47757051853140631E2
4.50000000000000000E0	2.00000000000000000E9	-1.47640037904419463E2
4.50000000000000000E0	2.01000000000000023E9	-1.47520826254217985E2
4.50000000000000000E0	2.02000000000000002E9	-1.47399376810490734E2
4.50000000000000000E0	2.03000000000000025E9	-1.47275646670373361E2
4.50000000000000000E0	2.04000000000000004E9	-1.47149589804858416E2
4.50000000000000000E0	2.04999999999999982E9	-1.47021156688487387E2
4.50000000000000000E0	2.06000000000000005E9	-1.46890293824566642E2
4.50000000000000000E0	2.06999999999999984E9	-1.46756943334328760E2
4.50000000000000000E0	2.08000000000000007E9	-1.46621042240674582E2
4.50000000000000000E0	2.08999999999999986E9	-1.46482521913240804E2
4.50000000000000000E0	2.10000000000000009E9	-1.46341307154433098E2
4.50000000000000000E0	2.11000000000000032E9	-1.46197315372967962E2
4.50000000000000000E0	2.12000000000000011E9	-1.46050455454892814E2
4.50000000000000000E0	2.12999999999999989E9	-1.45900626432253722E2
4.50000000000000000E0	2.13999999999999968E9	-1.45747716132780303E2
4.50000000000000000E0	2.14999999999999991E9	-1.45591599328513488E2
4.50000000000000000E0	2.16000000000000014E9	-1.45432135749499736E2
4.50000000000000000E0	2.16999999999999993E9	-1.45269167706114044E2
4.50000000000000000E0	2.18000000000000016E9	-1.45102517278826837E2
4.50000000000000000E0	2.18999999999999995E9	-1.44931983064908199E2
4.50000000000000000E0	2.20000000000000018E9	-1.44757336376669654E2
4.50000000000000000E0	2.20999999999999996E9	-1.44578316718033295E2
4.50000000000000000E0	2.21999999999999975E9	-1.44394626601696996E2
4.50000000000000000E0	2.22999999999999998E9	-1.44205925436736249E2
4.50000000000000000E0	2.23999999999999977E9	-1.44011822400682332E2
4.50000000000000000E0	2.25000000000000000E9	-1.43811868172696178E2
4.50000000000000000E0	2.26000000000000023E9	-1.43605545324637007E2
4.50000000000000000E0	2.27000000000000002E9	-1.43392257223330910E2
4.50000000000000000E0	2.28000000000000025E9	-1.43171315225244955E2
4.50000000000000000E0	2.29000000000000004E9	-1.42941924089762340E2
4.50000000000000000E0	2.29999999999999982E9	-1.42703165255351894E2
4.50000000000000000E0	2.31000000000000005E9	-1.42453978126609715E2
4.50000000000000000E0	2.31999999999999984E9	-1.42193139138348856E2
4.50000000000000000E0	2.33000000000000007E9	-1.41919238773907108E2
4.50000000000000000E0	2.33999999999999986E9	-1.41630656838889069E2
4.50000000000000000E0	2.35000000000000009E9	-1.41325536422312981E2
4.50000000000000000E0	2.36000000000000032E9	-1.41001757463231825E2
4.50000000000000000E0	2.37000000000000011E9	-1.40656910925010159E2
4.50000000000000000E0	2.37999999999999989E9	-1.40288274640965804E2
4.50000000000000000E0	2.38999999999999968E9	-1.39892790907134801E2
4.50000000000000000E0	2.39999999999999991E9	-1.39467042356157034E2
4.50000000000000000E0	2.41000000000000014E9	-1.39007212601299335E2
4.50000000000000000E0	2.41999999999999993E9	-1.38508992034566392E2
4.50000000000000000E0	2.43000000000000016E9	-1.37967322593038189E2
4.50000000000000000E0	2.43999999999999995E9	-1.37375709183965333E2
4.50000000000000000E0	2.45000000000000018E9	-1.36724401823896158E2
4.50000000000000000E0	2.45999999999999996E9	-1.35995652171967096E2
4.50000000000000000E0	2.46999999999999975E9	-1.35151278016071075E2
4.50000000000000000E0	2.47999999999999998E9	-1.34099399444784417E2
4.50000000000000000E0	2.48999999999999977E9	-1.32602994285246845E2
4.50000000000000000E0	2.50000000000000000E9	-1.30032453102165735E2
4.50000000000000000E0	2.51000000000000023E9	-1.25110523234250337E2
4.50000000000000000E0	2.52000000000000002E9	-1.24511192169089258E2
4.50000000000000000E0	2.53000000000000025E9	-1.29795148088376111E2
4.50000000000000000E0	2.54000000000000004E9	-1.32552083224698403E2
4.50000000000000000E0	2.54999999999999982E9	-1.34121745056692676E2
4.50000000000000000E0	2.56000000000000005E9	-1.35205717542236581E2
4.50000000000000000E0	2.56999999999999984E9	-1.36067532996219520E2
4.50000000000000000E0	2.58000000000000007E9	-1.36808325557945243E2
4.50000000000000000E0	2.58999999999999986E9	-1.37469495149776444E2
4.50000000000000000E0	2.60000000000000009E9	-1.38069886139055353E2
4.50000000000000000E0	2.61000000000000032E9	-1.38619601776529722E2
4.50000000000000000E0	2.62000000000000011E9	-1.39125243662173714E2
4.50000000000000000E0	2.62999999999999989E9	-1.39591907765525414E2
4.50000000000000000E0	2.63999999999999968E9	-1.40023933713154913E2
4.50000000000000000E0	2.64999999999999991E9	-1.40425177066411289E2
4.50000000000000000E0	2.66000000000000014E9	-1.40799105242037581E2
4.50000000000000000E0	2.66999999999999993E9	-1.41148833649715000E2
4.50000000000000000E0	2.68000000000000016E9	-1.41477145982526165E2
4.50000000000000000E0	2.68999999999999995E9	-1.41786513309947493E2
4.50000000000000000E0	2.70000000000000018E9	-1.42079115833503766E2
4.50000000000000000E0	2.70999999999999996E9	-1.42356867135547960E2
4.50000000000000000E0	2.71999999999999975E9	-1.42621439768354152E2
4.50000000000000000E0	2.72999999999999998E9	-1.42874290856669317E2
4.50000000000000000E0	2.73999999999999977E9	-1.43116686816548988E2
4.50000000000000000E0	2.75000000000000000E9	-1.43349726473846317E2
4.50000000000000000E0	2.76000000000000023E9	-1.43574362327581717E2
4.50000000000000000E0	2.77000000000000002E9	-1.43791419675576404E2
4.50000000000000000E0	2.78000000000000025E9	-1.44001613658292715E2
4.50000000000000000E0	2.79000000000000004E9	-1.44205564312750534E2
4.50000000000000000E0	2.79999999999999982E9	-1.44403809728925880E2
4.50000000000000000E0	2.81000000000000005E9	-1.44596817532232680E2
4.50000000000000000E0	2.81999999999999984E9	-1.44784994781024468E2
4.50000000000000000E0	2.83000000000000007E9	-1.44968696535893993E2
4.50000000000000000E0	2.83999999999999986E9	-1.45148233246677494E2
4.50000000000000000E0	2.85000000000000009E9	-1.45323877053981421E2
4.50000000000000000E0	2.86000000000000032E9	-1.45495867226948183E2
4.50000000000000000E0	2.87000000000000011E9	-1.45664414778333229E2
4.50000000000000000E0	2.87999999999999989E9	-1.45829706459101227E2
4.50000000000000000E0	2.88999999999999968E9	-1.45991908127404257E2
4.50000000000000000E0	2.89999999999999991E9	-1.46151167626653988E2
4.50000000000000000E0	2.91000000000000014E9	-1.46307617294974923E2
4.50000000000000000E0	2.91999999999999993E9	-1.46461376030306756E2
4.50000000000000000E0	2.93000000000000016E9	-1.46612551100879740E2
4.50000000000000000E0	2.93999999999999995E9	-1.46761239726631909E2
4.50000000000000000E0	2.95000000000000018E9	-1.46907530311338119E2
4.50000000000000000E0	2.95999999999999996E9	-1.47051503644832371E2
4.50000000000000000E0	2.96999999999999975E9	-1.47193233821945979E2
4.50000000000000000E0	2.97999999999999998E9	-1.47332789049142665E2
4.50000000000000000E0	2.98999999999999977E9	-1.47470232400958223E2
4.50000000000000000E0	3.00000000000000000E9	-1.47605622352368515E2

var_c	indep(index, 1)	plot_vs(pnmx, noisefreq)[24, ::]
4.59999999999999964E0	3.00000000000000000E8	-1.42176283185284591E2
4.59999999999999964E0	3.10000000000000009E8	-1.42452288991224463E2
4.59999999999999964E0	3.20000000000000018E8	-1.42718945548513543E2
4.59999999999999964E0	3.29999999999999982E8	-1.42976806500630049E2
4.59999999999999964E0	3.39999999999999991E8	-1.43226375366368575E2
4.59999999999999964E0	3.50000000000000000E8	-1.43468111456441028E2
4.59999999999999964E0	3.60000000000000009E8	-1.43702434663221768E2
4.59999999999999964E0	3.70000000000000018E8	-1.43929730215542717E2
4.59999999999999964E0	3.79999999999999982E8	-1.44150351728643278E2
4.59999999999999964E0	3.89999999999999991E8	-1.44364625052924711E2
4.59999999999999964E0	4.00000000000000000E8	-1.44572850742772330E2
4.59999999999999964E0	4.09999999999999964E8	-1.44775306704158058E2
4.59999999999999964E0	4.20000000000000018E8	-1.44972250310957751E2
4.59999999999999964E0	4.29999999999999982E8	-1.45163920197403806E2
4.59999999999999964E0	4.40000000000000036E8	-1.45350538407300678E2
4.59999999999999964E0	4.50000000000000000E8	-1.45532311352617194E2
4.59999999999999964E0	4.59999999999999964E8	-1.45709431450894544E2
4.59999999999999964E0	4.70000000000000018E8	-1.45882078329532416E2
4.59999999999999964E0	4.79999999999999982E8	-1.46050419835855849E2
4.59999999999999964E0	4.90000000000000036E8	-1.46214613033298524E2
4.59999999999999964E0	5.00000000000000000E8	-1.46374805119324347E2
4.59999999999999964E0	5.09999999999999964E8	-1.46531133977024841E2
4.59999999999999964E0	5.20000000000000018E8	-1.46683729120893358E2
4.59999999999999964E0	5.29999999999999982E8	-1.46832712466891691E2
4.59999999999999964E0	5.40000000000000036E8	-1.46978198294714124E2
4.59999999999999964E0	5.50000000000000000E8	-1.47120294526345430E2
4.59999999999999964E0	5.59999999999999964E8	-1.47259102702300249E2
4.59999999999999964E0	5.70000000000000018E8	-1.47394718609475239E2
4.59999999999999964E0	5.79999999999999982E8	-1.47527232631925331E2
4.59999999999999964E0	5.90000000000000036E8	-1.47656730148761772E2
4.59999999999999964E0	6.00000000000000000E8	-1.47783291820122042E2
4.59999999999999964E0	6.09999999999999964E8	-1.47906993947566479E2
4.59999999999999964E0	6.20000000000000018E8	-1.48027908704234479E2
4.59999999999999964E0	6.29999999999999982E8	-1.48146104457425909E2
4.59999999999999964E0	6.40000000000000036E8	-1.48261645826998145E2
4.59999999999999964E0	6.50000000000000000E8	-1.48374594264353510E2
4.59999999999999964E0	6.59999999999999964E8	-1.48485007847049588E2
4.59999999999999964E0	6.70000000000000018E8	-1.48592941744845208E2
4.59999999999999964E0	6.79999999999999982E8	-1.48698448297946828E2
4.59999999999999964E0	6.90000000000000036E8	-1.48801577209254732E2
4.59999999999999964E0	7.00000000000000000E8	-1.48902375531283093E2
4.59999999999999964E0	7.09999999999999964E8	-1.49000888201871251E2
4.59999999999999964E0	7.20000000000000018E8	-1.49097157738968633E2
4.59999999999999964E0	7.29999999999999982E8	-1.49191224515672527E2
4.59999999999999964E0	7.40000000000000036E8	-1.49283126998644100E2
4.59999999999999964E0	7.50000000000000000E8	-1.49372901788303492E2
4.59999999999999964E0	7.59999999999999964E8	-1.49460583529999558E2
4.59999999999999964E0	7.70000000000000018E8	-1.49546205339665805E2
4.59999999999999964E0	7.79999999999999982E8	-1.49629798642676271E2
4.59999999999999964E0	7.90000000000000036E8	-1.49711393260178571E2
4.59999999999999964E0	8.00000000000000000E8	-1.49791017652427971E2
4.59999999999999964E0	8.09999999999999964E8	-1.49868698889473473E2
4.59999999999999964E0	8.19999999999999929E8	-1.49944462605929596E2
4.59999999999999964E0	8.30000000000000071E8	-1.50018333365902334E2
4.59999999999999964E0	8.40000000000000036E8	-1.50090334386786028E2
4.59999999999999964E0	8.50000000000000000E8	-1.50160487869780757E2
4.59999999999999964E0	8.59999999999999964E8	-1.50228814783583831E2
4.59999999999999964E0	8.69999999999999929E8	-1.50295335161522159E2
4.59999999999999964E0	8.80000000000000071E8	-1.50360068139690273E2
4.59999999999999964E0	8.90000000000000036E8	-1.50423031725182410E2
4.59999999999999964E0	9.00000000000000000E8	-1.50484243140121565E2
4.59999999999999964E0	9.09999999999999964E8	-1.50543718747777477E2
4.59999999999999964E0	9.19999999999999929E8	-1.50601474080410846E2
4.59999999999999964E0	9.30000000000000071E8	-1.50657523899193579E2
4.59999999999999964E0	9.40000000000000036E8	-1.50711882270204311E2
4.59999999999999964E0	9.50000000000000000E8	-1.50764562437893757E2
4.59999999999999964E0	9.59999999999999964E8	-1.50815577026942593E2
4.59999999999999964E0	9.69999999999999929E8	-1.50864938096962442E2
4.59999999999999964E0	9.80000000000000071E8	-1.50912656977784621E2
4.59999999999999964E0	9.90000000000000036E8	-1.50958744405178091E2
4.59999999999999964E0	1.00000000000000000E9	-1.51003210666854093E2
4.59999999999999964E0	1.01000000000000001E9	-1.51046065395945961E2
4.59999999999999964E0	1.02000000000000002E9	-1.51087317755424477E2
4.59999999999999964E0	1.03000000000000003E9	-1.51126976407310676E2
4.59999999999999964E0	1.04000000000000004E9	-1.51165049585149291E2
4.59999999999999964E0	1.05000000000000004E9	-1.51201544990119130E2
4.59999999999999964E0	1.06000000000000005E9	-1.51236469953871056E2
4.59999999999999964E0	1.06999999999999984E9	-1.51269831396406529E2
4.59999999999999964E0	1.08000000000000007E9	-1.51301635799121681E2
4.59999999999999964E0	1.09000000000000008E9	-1.51331889299133771E2
4.59999999999999964E0	1.10000000000000009E9	-1.51360597711915856E2
4.59999999999999964E0	1.10999999999999988E9	-1.51387766400267432E2
4.59999999999999964E0	1.11999999999999988E9	-1.51413400499759754E2
4.59999999999999964E0	1.13000000000000012E9	-1.51437504814923440E2
4.59999999999999964E0	1.14000000000000012E9	-1.51460083758202524E2
4.59999999999999964E0	1.14999999999999991E9	-1.51481141561007093E2
4.59999999999999964E0	1.15999999999999992E9	-1.51500682142150067E2
4.59999999999999964E0	1.16999999999999993E9	-1.51518709116932548E2
4.59999999999999964E0	1.18000000000000016E9	-1.51535225860907130E2
4.59999999999999964E0	1.18999999999999995E9	-1.51550235547020296E2
4.59999999999999964E0	1.19999999999999996E9	-1.51563741064071711E2
4.59999999999999964E0	1.20999999999999996E9	-1.51575745069826162E2
4.59999999999999964E0	1.21999999999999997E9	-1.51586250064237960E2
4.59999999999999964E0	1.22999999999999998E9	-1.51595258255960164E2
4.59999999999999964E0	1.23999999999999999E9	-1.51602771613831822E2
4.59999999999999964E0	1.25000000000000000E9	-1.51608792103433965E2
4.59999999999999964E0	1.26000000000000001E9	-1.51613321317172267E2
4.59999999999999964E0	1.27000000000000002E9	-1.51616360663938421E2
4.59999999999999964E0	1.28000000000000003E9	-1.51617911462056609E2
4.59999999999999964E0	1.29000000000000004E9	-1.51617974842848424E2
4.59999999999999964E0	1.30000000000000004E9	-1.51616551680389589E2
4.59999999999999964E0	1.31000000000000005E9	-1.51613642726773046E2
4.59999999999999964E0	1.31999999999999984E9	-1.51609248603699553E2
4.59999999999999964E0	1.33000000000000007E9	-1.51603369726629800E2
4.59999999999999964E0	1.34000000000000008E9	-1.51596006325733068E2
4.59999999999999964E0	1.35000000000000009E9	-1.51587158546667178E2
4.59999999999999964E0	1.35999999999999988E9	-1.51576826287009392E2
4.59999999999999964E0	1.36999999999999988E9	-1.51565009323904265E2
4.59999999999999964E0	1.38000000000000012E9	-1.51551707318194073E2
4.59999999999999964E0	1.39000000000000012E9	-1.51536919679359605E2
4.59999999999999964E0	1.39999999999999991E9	-1.51520645789924568E2
4.59999999999999964E0	1.40999999999999992E9	-1.51502884712741692E2
4.59999999999999964E0	1.41999999999999993E9	-1.51483635417491946E2
4.59999999999999964E0	1.43000000000000016E9	-1.51462896769665178E2
4.59999999999999964E0	1.43999999999999995E9	-1.51440667381857796E2
4.59999999999999964E0	1.44999999999999996E9	-1.51416945737450614E2
4.59999999999999964E0	1.45999999999999996E9	-1.51391730099155897E2
4.59999999999999964E0	1.46999999999999997E9	-1.51365018620972336E2
4.59999999999999964E0	1.47999999999999998E9	-1.51336809188361432E2
4.59999999999999964E0	1.48999999999999999E9	-1.51307099626745045E2
4.59999999999999964E0	1.50000000000000000E9	-1.51275887439066747E2
4.59999999999999964E0	1.51000000000000001E9	-1.51243169968209967E2
4.59999999999999964E0	1.52000000000000002E9	-1.51208944416536073E2
4.59999999999999964E0	1.53000000000000003E9	-1.51173207695349943E2
4.59999999999999964E0	1.54000000000000004E9	-1.51135956537677463E2
4.59999999999999964E0	1.55000000000000004E9	-1.51097187455891802E2
4.59999999999999964E0	1.56000000000000005E9	-1.51056896707535149E2
4.59999999999999964E0	1.56999999999999984E9	-1.51015080324559636E2
4.59999999999999964E0	1.58000000000000007E9	-1.50971734113627853E2
4.59999999999999964E0	1.59000000000000008E9	-1.50926853579616238E2
4.59999999999999964E0	1.60000000000000009E9	-1.50880433972337569E2
4.59999999999999964E0	1.61000000000000010E9	-1.50832470319084222E2
4.59999999999999964E0	1.61999999999999988E9	-1.50782957289659492E2
4.59999999999999964E0	1.63000000000000012E9	-1.50731889305236000E2
4.59999999999999964E0	1.63999999999999990E9	-1.50679260453151809E2
4.59999999999999964E0	1.64999999999999991E9	-1.50625064516203322E2
4.59999999999999964E0	1.66000000000000014E9	-1.50569294935043319E2
4.59999999999999964E0	1.66999999999999993E9	-1.50511944830444877E2
4.59999999999999964E0	1.68000000000000016E9	-1.50453006977772041E2
4.59999999999999964E0	1.68999999999999995E9	-1.50392473700913687E2
4.59999999999999964E0	1.69999999999999996E9	-1.50330337048466900E2
4.59999999999999964E0	1.71000000000000019E9	-1.50266588610705076E2
4.59999999999999964E0	1.71999999999999997E9	-1.50201219569248767E2
4.59999999999999964E0	1.72999999999999998E9	-1.50134220713336441E2
4.59999999999999964E0	1.73999999999999977E9	-1.50065582329199110E2
4.59999999999999964E0	1.75000000000000000E9	-1.49995294284206837E2
4.59999999999999964E0	1.76000000000000023E9	-1.49923345969256627E2
4.59999999999999964E0	1.77000000000000002E9	-1.49849726221687463E2
4.59999999999999964E0	1.78000000000000003E9	-1.49774423409362534E2
4.59999999999999964E0	1.78999999999999981E9	-1.49697425345395585E2
4.59999999999999964E0	1.80000000000000004E9	-1.49618719261684996E2
4.59999999999999964E0	1.81000000000000005E9	-1.49538291795171041E2
4.59999999999999964E0	1.81999999999999984E9	-1.49456129016114803E2
4.59999999999999964E0	1.83000000000000007E9	-1.49372216254690260E2
4.59999999999999964E0	1.83999999999999986E9	-1.49286538254628787E2
4.59999999999999964E0	1.85000000000000009E9	-1.49199079008650082E2
4.59999999999999964E0	1.86000000000000010E9	-1.49109821746013838E2
4.59999999999999964E0	1.86999999999999988E9	-1.49018748915300892E2
4.59999999999999964E0	1.88000000000000012E9	-1.48925842174129075E2
4.59999999999999964E0	1.88999999999999990E9	-1.48831082244545398E2
4.59999999999999964E0	1.89999999999999991E9	-1.48734448951105480E2
4.59999999999999964E0	1.91000000000000014E9	-1.48635921100373358E2
4.59999999999999964E0	1.91999999999999993E9	-1.48535476454485749E2
4.59999999999999964E0	1.93000000000000016E9	-1.48433091641548565E2
4.59999999999999964E0	1.93999999999999995E9	-1.48328742059234120E2
4.59999999999999964E0	1.94999999999999996E9	-1.48222401787573932E2
4.59999999999999964E0	1.96000000000000019E9	-1.48114043512054705E2
4.59999999999999964E0	1.96999999999999997E9	-1.48003638340802102E2
4.59999999999999964E0	1.97999999999999998E9	-1.47891155710356315E2
4.59999999999999964E0	1.98999999999999977E9	-1.47776563233935621E2
4.59999999999999964E0	2.00000000000000000E9	-1.47659826461480281E2
4.59999999999999964E0	2.01000000000000023E9	-1.47540908710554208E2
4.59999999999999964E0	2.02000000000000002E9	-1.47419770841166597E2
4.59999999999999964E0	2.03000000000000025E9	-1.47296370924453357E2
4.59999999999999964E0	2.04000000000000004E9	-1.47170663963541948E2
4.59999999999999964E0	2.04999999999999982E9	-1.47042601449499921E2
4.59999999999999964E0	2.06000000000000005E9	-1.46912131021961256E2
4.59999999999999964E0	2.06999999999999984E9	-1.46779195871582768E2
4.59999999999999964E0	2.08000000000000007E9	-1.46643734175596197E2
4.59999999999999964E0	2.08999999999999986E9	-1.46505678431760256E2
4.59999999999999964E0	2.10000000000000009E9	-1.46364954591595953E2
4.59999999999999964E0	2.11000000000000032E9	-1.46221481155908140E2
4.59999999999999964E0	2.12000000000000011E9	-1.46075168059348814E2
4.59999999999999964E0	2.12999999999999989E9	-1.45925915352614233E2
4.59999999999999964E0	2.13999999999999968E9	-1.45773611706284045E2
4.59999999999999964E0	2.14999999999999991E9	-1.45618132602780670E2
4.59999999999999964E0	2.16000000000000014E9	-1.45459338279506190E2
4.59999999999999964E0	2.16999999999999993E9	-1.45297071230370789E2
4.59999999999999964E0	2.18000000000000016E9	-1.45131153354621523E2
4.59999999999999964E0	2.18999999999999995E9	-1.44961382570483543E2
4.59999999999999964E0	2.20000000000000018E9	-1.44787528851556679E2
4.59999999999999964E0	2.20999999999999996E9	-1.44609329570741396E2
4.59999999999999964E0	2.21999999999999975E9	-1.44426484065177485E2
4.59999999999999964E0	2.22999999999999998E9	-1.44238647262562747E2
4.59999999999999964E0	2.23999999999999977E9	-1.44045422198571238E2
4.59999999999999964E0	2.25000000000000000E9	-1.43846351356725366E2
4.59999999999999964E0	2.26000000000000023E9	-1.43640906535700763E2
4.59999999999999964E0	2.27000000000000002E9	-1.43428477084446504E2
4.59999999999999964E0	2.28000000000000025E9	-1.43208356338878140E2
4.59999999999999964E0	2.29000000000000004E9	-1.42979726009557506E2
4.59999999999999964E0	2.29999999999999982E9	-1.42741638279624783E2
4.59999999999999964E0	2.31000000000000005E9	-1.42492995587030102E2
4.59999999999999964E0	2.31999999999999984E9	-1.42232527827593502E2
4.59999999999999964E0	2.33000000000000007E9	-1.41958767164139732E2
4.59999999999999964E0	2.33999999999999986E9	-1.41670020525828844E2
4.59999999999999964E0	2.35000000000000009E9	-1.41364340257318677E2
4.59999999999999964E0	2.36000000000000032E9	-1.41039493680707761E2
4.59999999999999964E0	2.37000000000000011E9	-1.40692932466371401E2
4.59999999999999964E0	2.37999999999999989E9	-1.40321762721657328E2
4.59999999999999964E0	2.38999999999999968E9	-1.39922715705147982E2
4.59999999999999964E0	2.39999999999999991E9	-1.39492115131726813E2
4.59999999999999964E0	2.41000000000000014E9	-1.39025826504507055E2
4.59999999999999964E0	2.41999999999999993E9	-1.38519145255620768E2
4.59999999999999964E0	2.43000000000000016E9	-1.37966508418921618E2
4.59999999999999964E0	2.43999999999999995E9	-1.37360731399949376E2
4.59999999999999964E0	2.45000000000000018E9	-1.36690999477065089E2
4.59999999999999964E0	2.45999999999999996E9	-1.35937608350308836E2
4.59999999999999964E0	2.46999999999999975E9	-1.35058084279854329E2
4.59999999999999964E0	2.47999999999999998E9	-1.33949807944843924E2
4.59999999999999964E0	2.48999999999999977E9	-1.32347098598040080E2
4.59999999999999964E0	2.50000000000000000E9	-1.29549782854639428E2
4.59999999999999964E0	2.51000000000000023E9	-1.24388196653982330E2
4.59999999999999964E0	2.52000000000000002E9	-1.25314924054577115E2
4.59999999999999964E0	2.53000000000000025E9	-1.30227588979017206E2
4.59999999999999964E0	2.54000000000000004E9	-1.32784088387763477E2
4.59999999999999964E0	2.54999999999999982E9	-1.34287501378305718E2
4.59999999999999964E0	2.56000000000000005E9	-1.35352858016186084E2
4.59999999999999964E0	2.56999999999999984E9	-1.36211685858010201E2
4.59999999999999964E0	2.58000000000000007E9	-1.36953680080074958E2
4.59999999999999964E0	2.58999999999999986E9	-1.37616239093116843E2
4.59999999999999964E0	2.60000000000000009E9	-1.38216976635733024E2
4.59999999999999964E0	2.61000000000000032E9	-1.38765798039767563E2
4.59999999999999964E0	2.62000000000000011E9	-1.39269465547862725E2
4.59999999999999964E0	2.62999999999999989E9	-1.39733329285018071E2
4.59999999999999964E0	2.63999999999999968E9	-1.40161976999768823E2
4.59999999999999964E0	2.64999999999999991E9	-1.40559473465206164E2
4.59999999999999964E0	2.66000000000000014E9	-1.40929450422522629E2
4.59999999999999964E0	2.66999999999999993E9	-1.41275146848568278E2
4.59999999999999964E0	2.68000000000000016E9	-1.41599436229177700E2
4.59999999999999964E0	2.68999999999999995E9	-1.41904852724675612E2
4.59999999999999964E0	2.70000000000000018E9	-1.42193619230461055E2
4.59999999999999964E0	2.70999999999999996E9	-1.42467676740267235E2
4.59999999999999964E0	2.71999999999999975E9	-1.42728713909293004E2
4.59999999999999964E0	2.72999999999999998E9	-1.42978195848816036E2
4.59999999999999964E0	2.73999999999999977E9	-1.43217391148841044E2
4.59999999999999964E0	2.75000000000000000E9	-1.43447396802660543E2
4.59999999999999964E0	2.76000000000000023E9	-1.43669160767486326E2
4.59999999999999964E0	2.77000000000000002E9	-1.43883502031256993E2
4.59999999999999964E0	2.78000000000000025E9	-1.44091128388190803E2
4.59999999999999964E0	2.79000000000000004E9	-1.44292651976639030E2
4.59999999999999964E0	2.79999999999999982E9	-1.44488602769981500E2
4.59999999999999964E0	2.81000000000000005E9	-1.44679440344309951E2
4.59999999999999964E0	2.81999999999999984E9	-1.44865563886846571E2
4.59999999999999964E0	2.83000000000000007E9	-1.45047320931492907E2
4.59999999999999964E0	2.83999999999999986E9	-1.45225014740325031E2
4.59999999999999964E0	2.85000000000000009E9	-1.45398910699008810E2
4.59999999999999964E0	2.86000000000000032E9	-1.45569241733730803E2
4.59999999999999964E0	2.87000000000000011E9	-1.45736212944071331E2
4.59999999999999964E0	2.87999999999999989E9	-1.45900005565759683E2
4.59999999999999964E0	2.88999999999999968E9	-1.46060780339846352E2
4.59999999999999964E0	2.89999999999999991E9	-1.46218680367855280E2
4.59999999999999964E0	2.91000000000000014E9	-1.46373833587855873E2
4.59999999999999964E0	2.91999999999999993E9	-1.46526354818830606E2
4.59999999999999964E0	2.93000000000000016E9	-1.46676347581431576E2
4.59999999999999964E0	2.93999999999999995E9	-1.46823905584545367E2
4.59999999999999964E0	2.95000000000000018E9	-1.46969114016369184E2
4.59999999999999964E0	2.95999999999999996E9	-1.47112050667614946E2
4.59999999999999964E0	2.96999999999999975E9	-1.47252786841202354E2
4.59999999999999964E0	2.97999999999999998E9	-1.47391388185498129E2
4.59999999999999964E0	2.98999999999999977E9	-1.47527915362096218E2
4.59999999999999964E0	3.00000000000000000E9	-1.47662424660694369E2

var_c	indep(index, 1)	plot_vs(pnmx, noisefreq)[25, ::]
4.69999999999999929E0	3.00000000000000000E8	-1.42190183254024127E2
4.69999999999999929E0	3.10000000000000009E8	-1.42466189528858633E2
4.69999999999999929E0	3.20000000000000018E8	-1.42732846305618000E2
4.69999999999999929E0	3.29999999999999982E8	-1.42990707170375808E2
4.69999999999999929E0	3.39999999999999991E8	-1.43240275633412573E2
4.69999999999999929E0	3.50000000000000000E8	-1.43482011080435656E2
4.69999999999999929E0	3.60000000000000009E8	-1.43716333477428493E2
4.69999999999999929E0	3.70000000000000018E8	-1.43943627860755718E2
4.69999999999999929E0	3.79999999999999982E8	-1.44164247976544524E2
4.69999999999999929E0	3.89999999999999991E8	-1.44378519721671816E2
4.69999999999999929E0	4.00000000000000000E8	-1.44586743511842197E2
4.69999999999999929E0	4.09999999999999964E8	-1.44789197384787505E2
4.69999999999999929E0	4.20000000000000018E8	-1.44986138595796121E2
4.69999999999999929E0	4.29999999999999982E8	-1.45177805934105297E2
4.69999999999999929E0	4.40000000000000036E8	-1.45364421311708769E2
4.69999999999999929E0	4.50000000000000000E8	-1.45546191237745970E2
4.69999999999999929E0	4.59999999999999964E8	-1.45723308016855779E2
4.69999999999999929E0	4.70000000000000018E8	-1.45895951447913741E2
4.69999999999999929E0	4.79999999999999982E8	-1.46064289281135817E2
4.69999999999999929E0	4.90000000000000036E8	-1.46228478611162660E2
4.69999999999999929E0	5.00000000000000000E8	-1.46388666575594439E2
4.69999999999999929E0	5.09999999999999964E8	-1.46544991127925872E2
4.69999999999999929E0	5.20000000000000018E8	-1.46697581806004917E2
4.69999999999999929E0	5.29999999999999982E8	-1.46846560407457494E2
4.69999999999999929E0	5.40000000000000036E8	-1.46992041395274198E2
4.69999999999999929E0	5.50000000000000000E8	-1.47134132477708901E2
4.69999999999999929E0	5.59999999999999964E8	-1.47272935409382377E2
4.69999999999999929E0	5.70000000000000018E8	-1.47408545874002694E2
4.69999999999999929E0	5.79999999999999982E8	-1.47541054258842941E2
4.69999999999999929E0	5.90000000000000036E8	-1.47670545979170864E2
4.69999999999999929E0	6.00000000000000000E8	-1.47797101686650967E2
4.69999999999999929E0	6.09999999999999964E8	-1.47920797630479184E2
4.69999999999999929E0	6.20000000000000018E8	-1.48041706078552160E2
4.69999999999999929E0	6.29999999999999982E8	-1.48159895266405162E2
4.69999999999999929E0	6.40000000000000036E8	-1.48275430056947455E2
4.69999999999999929E0	6.50000000000000000E8	-1.48388371603835800E2
4.69999999999999929E0	6.59999999999999964E8	-1.48498778211295668E2
4.69999999999999929E0	6.70000000000000018E8	-1.48606704977788562E2
4.69999999999999929E0	6.79999999999999982E8	-1.48712204204658849E2
4.69999999999999929E0	6.90000000000000036E8	-1.48815325682283550E2
4.69999999999999929E0	7.00000000000000000E8	-1.48916116413881428E2
4.69999999999999929E0	7.09999999999999964E8	-1.49014621332896402E2
4.69999999999999929E0	7.20000000000000018E8	-1.49110882906512821E2
4.69999999999999929E0	7.29999999999999982E8	-1.49204941676987857E2
4.69999999999999929E0	7.40000000000000036E8	-1.49296835993134436E2
4.69999999999999929E0	7.50000000000000000E8	-1.49386602391381773E2
4.69999999999999929E0	7.59999999999999964E8	-1.49474275727613515E2
4.69999999999999929E0	7.70000000000000018E8	-1.49559888917649642E2
4.69999999999999929E0	7.79999999999999982E8	-1.49643473452324405E2
4.69999999999999929E0	7.90000000000000036E8	-1.49725059226673585E2
4.69999999999999929E0	8.00000000000000000E8	-1.49804674612328426E2
4.69999999999999929E0	8.09999999999999964E8	-1.49882346729839244E2
4.69999999999999929E0	8.19999999999999929E8	-1.49958101242729014E2
4.69999999999999929E0	8.30000000000000071E8	-1.50031962651727846E2
4.69999999999999929E0	8.40000000000000036E8	-1.50103954211272939E2
4.69999999999999929E0	8.50000000000000000E8	-1.50174098072417150E2
4.69999999999999929E0	8.59999999999999964E8	-1.50242415311063238E2
4.69999999999999929E0	8.69999999999999929E8	-1.50308925911920666E2
4.69999999999999929E0	8.80000000000000071E8	-1.50373648965357676E2
4.69999999999999929E0	8.90000000000000036E8	-1.50436602546346831E2
4.69999999999999929E0	9.00000000000000000E8	-1.50497803870662117E2
4.69999999999999929E0	9.09999999999999964E8	-1.50557269278239159E2
4.69999999999999929E0	9.19999999999999929E8	-1.50615014363252953E2
4.69999999999999929E0	9.30000000000000071E8	-1.50671053807984334E2
4.69999999999999929E0	9.40000000000000036E8	-1.50725401705644857E2
4.69999999999999929E0	9.50000000000000000E8	-1.50778071354900534E2
4.69999999999999929E0	9.59999999999999964E8	-1.50829075365979048E2
4.69999999999999929E0	9.69999999999999929E8	-1.50878425753248235E2
4.69999999999999929E0	9.80000000000000071E8	-1.50926133935074769E2
4.69999999999999929E0	9.90000000000000036E8	-1.50972210591425915E2
4.69999999999999929E0	1.00000000000000000E9	-1.51016666013904155E2
4.69999999999999929E0	1.01000000000000001E9	-1.51059509869109165E2
4.69999999999999929E0	1.02000000000000002E9	-1.51100751315357829E2
4.69999999999999929E0	1.03000000000000003E9	-1.51140399013383919E2
4.69999999999999929E0	1.04000000000000004E9	-1.51178461211722293E2
4.69999999999999929E0	1.05000000000000004E9	-1.51214945618036212E2
4.69999999999999929E0	1.06000000000000005E9	-1.51249859553976718E2
4.69999999999999929E0	1.06999999999999984E9	-1.51283209982388334E2
4.69999999999999929E0	1.08000000000000007E9	-1.51315003378612367E2
4.69999999999999929E0	1.09000000000000008E9	-1.51345245869102696E2
4.69999999999999929E0	1.10000000000000009E9	-1.51373943266076250E2
4.69999999999999929E0	1.10999999999999988E9	-1.51401100990759363E2
4.69999999999999929E0	1.11999999999999988E9	-1.51426724150015568E2
4.69999999999999929E0	1.13000000000000012E9	-1.51450817547280714E2
4.69999999999999929E0	1.14000000000000012E9	-1.51473385690454543E2
4.69999999999999929E0	1.14999999999999991E9	-1.51494432674928903E2
4.69999999999999929E0	1.15999999999999992E9	-1.51513962554778625E2
4.69999999999999929E0	1.16999999999999993E9	-1.51531978907642850E2
4.69999999999999929E0	1.18000000000000016E9	-1.51548485130259247E2
4.69999999999999929E0	1.18999999999999995E9	-1.51563484387689829E2
4.69999999999999929E0	1.19999999999999996E9	-1.51576979610720852E2
4.69999999999999929E0	1.20999999999999996E9	-1.51588973458875587E2
4.69999999999999929E0	1.21999999999999997E9	-1.51599468387617042E2
4.69999999999999929E0	1.22999999999999998E9	-1.51608466718667900E2
4.69999999999999929E0	1.23999999999999999E9	-1.51615970422966662E2
4.69999999999999929E0	1.25000000000000000E9	-1.51621981411037821E2
4.69999999999999929E0	1.26000000000000001E9	-1.51626501325496399E2
4.69999999999999929E0	1.27000000000000002E9	-1.51629531638740178E2
4.69999999999999929E0	1.28000000000000003E9	-1.51631073632655133E2
4.69999999999999929E0	1.29000000000000004E9	-1.51631128418368211E2
4.69999999999999929E0	1.30000000000000004E9	-1.51629696977099071E2
4.69999999999999929E0	1.31000000000000005E9	-1.51626780070044509E2
4.69999999999999929E0	1.31999999999999984E9	-1.51622378289562620E2
4.69999999999999929E0	1.33000000000000007E9	-1.51616492096188393E2
4.69999999999999929E0	1.34000000000000008E9	-1.51609121779631151E2
4.69999999999999929E0	1.35000000000000009E9	-1.51600267434912261E2
4.69999999999999929E0	1.35999999999999988E9	-1.51589929067333462E2
4.69999999999999929E0	1.36999999999999988E9	-1.51578106439238636E2
4.69999999999999929E0	1.38000000000000012E9	-1.51564799226232383E2
4.69999999999999929E0	1.39000000000000012E9	-1.51550006921677505E2
4.69999999999999929E0	1.39999999999999991E9	-1.51533728857823413E2
4.69999999999999929E0	1.40999999999999992E9	-1.51515964179742069E2
4.69999999999999929E0	1.41999999999999993E9	-1.51496711944235196E2
4.69999999999999929E0	1.43000000000000016E9	-1.51475970941427351E2
4.69999999999999929E0	1.43999999999999995E9	-1.51453739891365413E2
4.69999999999999929E0	1.44999999999999996E9	-1.51430017297774588E2
4.69999999999999929E0	1.45999999999999996E9	-1.51404801475772421E2
4.69999999999999929E0	1.46999999999999997E9	-1.51378090611463323E2
4.69999999999999929E0	1.47999999999999998E9	-1.51349882688153481E2
4.69999999999999929E0	1.48999999999999999E9	-1.51320175466286555E2
4.69999999999999929E0	1.50000000000000000E9	-1.51288966608451991E2
4.69999999999999929E0	1.51000000000000001E9	-1.51256253494914139E2
4.69999999999999929E0	1.52000000000000002E9	-1.51222033311891724E2
4.69999999999999929E0	1.53000000000000003E9	-1.51186303116269349E2
4.69999999999999929E0	1.54000000000000004E9	-1.51149059659525831E2
4.69999999999999929E0	1.55000000000000004E9	-1.51110299521463776E2
4.69999999999999929E0	1.56000000000000005E9	-1.51070019066739381E2
4.69999999999999929E0	1.56999999999999984E9	-1.51028214346518586E2
4.69999999999999929E0	1.58000000000000007E9	-1.50984881276121108E2
4.69999999999999929E0	1.59000000000000008E9	-1.50940015441149056E2
4.69999999999999929E0	1.60000000000000009E9	-1.50893612201124760E2
4.69999999999999929E0	1.61000000000000010E9	-1.50845666608846241E2
4.69999999999999929E0	1.61999999999999988E9	-1.50796173502614628E2
4.69999999999999929E0	1.63000000000000012E9	-1.50745127367463883E2
4.69999999999999929E0	1.63999999999999990E9	-1.50692522391578576E2
4.69999999999999929E0	1.64999999999999991E9	-1.50638352483109039E2
4.69999999999999929E0	1.66000000000000014E9	-1.50582611237832564E2
4.69999999999999929E0	1.66999999999999993E9	-1.50525291851648824E2
4.69999999999999929E0	1.68000000000000016E9	-1.50466387222975539E2
4.69999999999999929E0	1.68999999999999995E9	-1.50405889899587208E2
4.69999999999999929E0	1.69999999999999996E9	-1.50343792005327037E2
4.69999999999999929E0	1.71000000000000019E9	-1.50280085322603485E2
4.69999999999999929E0	1.71999999999999997E9	-1.50214761195917301E2
4.69999999999999929E0	1.72999999999999998E9	-1.50147810586741537E2
4.69999999999999929E0	1.73999999999999977E9	-1.50079223970903430E2
4.69999999999999929E0	1.75000000000000000E9	-1.50008991428837701E2
4.69999999999999929E0	1.76000000000000023E9	-1.49937102538972233E2
4.69999999999999929E0	1.77000000000000002E9	-1.49863546409296799E2
4.69999999999999929E0	1.78000000000000003E9	-1.49788311596027168E2
4.69999999999999929E0	1.78999999999999981E9	-1.49711386180130046E2
4.69999999999999929E0	1.80000000000000004E9	-1.49632757683097806E2
4.69999999999999929E0	1.81000000000000005E9	-1.49552413020299513E2
4.69999999999999929E0	1.81999999999999984E9	-1.49470338526032598E2
4.69999999999999929E0	1.83000000000000007E9	-1.49386519908794302E2
4.69999999999999929E0	1.83999999999999986E9	-1.49300942213133214E2
4.69999999999999929E0	1.85000000000000009E9	-1.49213589777571043E2
4.69999999999999929E0	1.86000000000000010E9	-1.49124446253262688E2
4.69999999999999929E0	1.86999999999999988E9	-1.49033494502123887E2
4.69999999999999929E0	1.88000000000000012E9	-1.48940716562166342E2
4.69999999999999929E0	1.88999999999999990E9	-1.48846093636745036E2
4.69999999999999929E0	1.89999999999999991E9	-1.48749606036217275E2
4.69999999999999929E0	1.91000000000000014E9	-1.48651233088878465E2
4.69999999999999929E0	1.91999999999999993E9	-1.48550953070233449E2
4.69999999999999929E0	1.93000000000000016E9	-1.48448743195141186E2
4.69999999999999929E0	1.93999999999999995E9	-1.48344579489802042E2
4.69999999999999929E0	1.94999999999999996E9	-1.48238436664733619E2
4.69999999999999929E0	1.96000000000000019E9	-1.48130288065908111E2
4.69999999999999929E0	1.96999999999999997E9	-1.48020105558375503E2
4.69999999999999929E0	1.97999999999999998E9	-1.47907859320429402E2
4.69999999999999929E0	1.98999999999999977E9	-1.47793517735195046E2
4.69999999999999929E0	2.00000000000000000E9	-1.47677047216181845E2
4.69999999999999929E0	2.01000000000000023E9	-1.47558411988754545E2
4.69999999999999929E0	2.02000000000000002E9	-1.47437573797136889E2
4.69999999999999929E0	2.03000000000000025E9	-1.47314491674421033E2
4.69999999999999929E0	2.04000000000000004E9	-1.47189121670334311E2
4.69999999999999929E0	2.04999999999999982E9	-1.47061416283276114E2
4.69999999999999929E0	2.06000000000000005E9	-1.46931324231564608E2
4.69999999999999929E0	2.06999999999999984E9	-1.46798789829720944E2
4.69999999999999929E0	2.08000000000000007E9	-1.46663752362004596E2
4.69999999999999929E0	2.08999999999999986E9	-1.46526145467625035E2
4.69999999999999929E0	2.10000000000000009E9	-1.46385896233083090E2
4.69999999999999929E0	2.11000000000000032E9	-1.46242924290706977E2
4.69999999999999929E0	2.12000000000000011E9	-1.46097140632216882E2
4.69999999999999929E0	2.12999999999999989E9	-1.45948446330558790E2
4.69999999999999929E0	2.13999999999999968E9	-1.45796730956878839E2
4.69999999999999929E0	2.14999999999999991E9	-1.45641870770523152E2
4.69999999999999929E0	2.16000000000000014E9	-1.45483726545223857E2
4.69999999999999929E0	2.16999999999999993E9	-1.45322141064903976E2
4.69999999999999929E0	2.18000000000000016E9	-1.45156936154806893E2
4.69999999999999929E0	2.18999999999999995E9	-1.44987909176203233E2
4.69999999999999929E0	2.20000000000000018E9	-1.44814828945578333E2
4.69999999999999929E0	2.20999999999999996E9	-1.44637430893048524E2
4.69999999999999929E0	2.21999999999999975E9	-1.44455411417475310E2
4.69999999999999929E0	2.22999999999999998E9	-1.44268421239547395E2
4.69999999999999929E0	2.23999999999999977E9	-1.44076057622600140E2
4.69999999999999929E0	2.25000000000000000E9	-1.43877855233959617E2
4.69999999999999929E0	2.26000000000000023E9	-1.43673275572715875E2
4.69999999999999929E0	2.27000000000000002E9	-1.43461694514629090E2
4.69999999999999929E0	2.28000000000000025E9	-1.43242387988995490E2
4.69999999999999929E0	2.29000000000000004E9	-1.43014515340387183E2
4.69999999999999929E0	2.29999999999999982E9	-1.42777100272812296E2
4.69999999999999929E0	2.31000000000000005E9	-1.42529009048036204E2
4.69999999999999929E0	2.31999999999999984E9	-1.42268925909772892E2
4.69999999999999929E0	2.33000000000000007E9	-1.41995325509407877E2
4.69999999999999929E0	2.33999999999999986E9	-1.41706442648667297E2
4.69999999999999929E0	2.35000000000000009E9	-1.41400239493820656E2
4.69999999999999929E0	2.36000000000000032E9	-1.41074370952378381E2
4.69999999999999929E0	2.37000000000000011E9	-1.40726148975300402E2
4.69999999999999929E0	2.37999999999999989E9	-1.40352506645994657E2
4.69999999999999929E0	2.38999999999999968E9	-1.39949961465721873E2
4.69999999999999929E0	2.39999999999999991E9	-1.39514573530767660E2
4.69999999999999929E0	2.41000000000000014E9	-1.39041882571493991E2
4.69999999999999929E0	2.41999999999999993E9	-1.38526777370415854E2
4.69999999999999929E0	2.43000000000000016E9	-1.37963172401753509E2
4.69999999999999929E0	2.43999999999999995E9	-1.37343165589627847E2
4.69999999999999929E0	2.45000000000000018E9	-1.36654829375695441E2
4.69999999999999929E0	2.45999999999999996E9	-1.35876403147300762E2
4.69999999999999929E0	2.46999999999999975E9	-1.34960867020008157E2
4.69999999999999929E0	2.47999999999999998E9	-1.33794144130211068E2
4.69999999999999929E0	2.48999999999999977E9	-1.32079991215057824E2
4.69999999999999929E0	2.50000000000000000E9	-1.29047048667708131E2
4.69999999999999929E0	2.51000000000000023E9	-1.23742315833147343E2
4.69999999999999929E0	2.52000000000000002E9	-1.26053445666367159E2
4.69999999999999929E0	2.53000000000000025E9	-1.30607981609288881E2
4.69999999999999929E0	2.54000000000000004E9	-1.32996494624866735E2
4.69999999999999929E0	2.54999999999999982E9	-1.34444998836501517E2
4.69999999999999929E0	2.56000000000000005E9	-1.35495269358168535E2
4.69999999999999929E0	2.56999999999999984E9	-1.36351847028814710E2
4.69999999999999929E0	2.58000000000000007E9	-1.37094794600250136E2
4.69999999999999929E0	2.58999999999999986E9	-1.37758198897310491E2
4.69999999999999929E0	2.60000000000000009E9	-1.38358713251110577E2
4.69999999999999929E0	2.61000000000000032E9	-1.38906145584139762E2
4.69999999999999929E0	2.62000000000000011E9	-1.39407447515165717E2
4.69999999999999929E0	2.62999999999999989E9	-1.39868222798582265E2
4.69999999999999929E0	2.63999999999999968E9	-1.40293295225436632E2
4.69999999999999929E0	2.64999999999999991E9	-1.40686923700774846E2
4.69999999999999929E0	2.66000000000000014E9	-1.41052889513191237E2
4.69999999999999929E0	2.66999999999999993E9	-1.41394542073945040E2
4.69999999999999929E0	2.68000000000000016E9	-1.41714833548061425E2
4.69999999999999929E0	2.68999999999999995E9	-1.42016352148555058E2
4.69999999999999929E0	2.70000000000000018E9	-1.42301356089241438E2
4.69999999999999929E0	2.70999999999999996E9	-1.42571807944368123E2
4.69999999999999929E0	2.71999999999999975E9	-1.42829407946863540E2
4.69999999999999929E0	2.72999999999999998E9	-1.43075625597991185E2
4.69999999999999929E0	2.73999999999999977E9	-1.43311728933143634E2
4.69999999999999929E0	2.75000000000000000E9	-1.43538811022909596E2
4.69999999999999929E0	2.76000000000000023E9	-1.43757813682473268E2
4.69999999999999929E0	2.77000000000000002E9	-1.43969548411135451E2
4.69999999999999929E0	2.78000000000000025E9	-1.44174714803157600E2
4.69999999999999929E0	2.79000000000000004E9	-1.44373916446794448E2
4.69999999999999929E0	2.79999999999999982E9	-1.44567674816089076E2
4.69999999999999929E0	2.81000000000000005E9	-1.44756441108444989E2
4.69999999999999929E0	2.81999999999999984E9	-1.44940606496757218E2
4.69999999999999929E0	2.83000000000000007E9	-1.45120510878576381E2
4.69999999999999929E0	2.83999999999999986E9	-1.45296450313457481E2
4.69999999999999929E0	2.85000000000000009E9	-1.45468683466731585E2
4.69999999999999929E0	2.86000000000000032E9	-1.45637436980708124E2
4.69999999999999929E0	2.87000000000000011E9	-1.45802910107255701E2
4.69999999999999929E0	2.87999999999999989E9	-1.45965278677888111E2
4.69999999999999929E0	2.88999999999999968E9	-1.46124698439012635E2
4.69999999999999929E0	2.89999999999999991E9	-1.46281307858850118E2
4.69999999999999929E0	2.91000000000000014E9	-1.46435230599157551E2
4.69999999999999929E0	2.91999999999999993E9	-1.46586577547555286E2
4.69999999999999929E0	2.93000000000000016E9	-1.46735448580424910E2
4.69999999999999929E0	2.93999999999999995E9	-1.46881934031843908E2
4.69999999999999929E0	2.95000000000000018E9	-1.47026115971967264E2
4.69999999999999929E0	2.95999999999999996E9	-1.47168069315559280E2
4.69999999999999929E0	2.96999999999999975E9	-1.47307862712833737E2
4.69999999999999929E0	2.97999999999999998E9	-1.47445559349186284E2
4.69999999999999929E0	2.98999999999999977E9	-1.47581217578546164E2
4.69999999999999929E0	3.00000000000000000E9	-1.47714891560118677E2

var_c	indep(index, 1)	plot_vs(pnmx, noisefreq)[26, ::]
4.79999999999999893E0	3.00000000000000000E8	-1.42201987949564934E2
4.79999999999999893E0	3.10000000000000009E8	-1.42477994904099292E2
4.79999999999999893E0	3.20000000000000018E8	-1.42744652043417419E2
4.79999999999999893E0	3.29999999999999982E8	-1.43002513062772940E2
4.79999999999999893E0	3.39999999999999991E8	-1.43252081496036454E2
4.79999999999999893E0	3.50000000000000000E8	-1.43493816539721797E2
4.79999999999999893E0	3.60000000000000009E8	-1.43728138334632449E2
4.79999999999999893E0	3.70000000000000018E8	-1.43955431843504433E2
4.79999999999999893E0	3.79999999999999982E8	-1.44176050896505825E2
4.79999999999999893E0	3.89999999999999991E8	-1.44390321242565700E2
4.79999999999999893E0	4.00000000000000000E8	-1.44598543518439682E2
4.79999999999999893E0	4.09999999999999964E8	-1.44800995494243190E2
4.79999999999999893E0	4.20000000000000018E8	-1.44997934694725972E2
4.79999999999999893E0	4.29999999999999982E8	-1.45189599794029967E2
4.79999999999999893E0	4.40000000000000036E8	-1.45376212717934683E2
4.79999999999999893E0	4.50000000000000000E8	-1.45557979833399531E2
4.79999999999999893E0	4.59999999999999964E8	-1.45735093823423845E2
4.79999999999999893E0	4.70000000000000018E8	-1.45907734053257232E2
4.79999999999999893E0	4.79999999999999982E8	-1.46076068580752860E2
4.79999999999999893E0	4.90000000000000036E8	-1.46240254352651577E2
4.79999999999999893E0	5.00000000000000000E8	-1.46400438580624637E2
4.79999999999999893E0	5.09999999999999964E8	-1.46556759181231411E2
4.79999999999999893E0	5.20000000000000018E8	-1.46709345727705487E2
4.79999999999999893E0	5.29999999999999982E8	-1.46858320010845533E2
4.79999999999999893E0	5.40000000000000036E8	-1.47003796432916012E2
4.79999999999999893E0	5.50000000000000000E8	-1.47145882942664441E2
4.79999999999999893E0	5.59999999999999964E8	-1.47284680923053424E2
4.79999999999999893E0	5.70000000000000018E8	-1.47420286358389108E2
4.79999999999999893E0	5.79999999999999982E8	-1.47552789516257787E2
4.79999999999999893E0	5.90000000000000036E8	-1.47682275815613706E2
4.79999999999999893E0	6.00000000000000000E8	-1.47808825951857759E2
4.79999999999999893E0	6.09999999999999964E8	-1.47932516179496187E2
4.79999999999999893E0	6.20000000000000018E8	-1.48053418697237760E2
4.79999999999999893E0	6.29999999999999982E8	-1.48171601839260303E2
4.79999999999999893E0	6.40000000000000036E8	-1.48287130334187167E2
4.79999999999999893E0	6.50000000000000000E8	-1.48400065556484395E2
4.79999999999999893E0	6.59999999999999964E8	-1.48510465574339001E2
4.79999999999999893E0	6.70000000000000018E8	-1.48618385625359406E2
4.79999999999999893E0	6.79999999999999982E8	-1.48723878045205371E2
4.79999999999999893E0	6.90000000000000036E8	-1.48826992471651520E2
4.79999999999999893E0	7.00000000000000000E8	-1.48927776062026895E2
4.79999999999999893E0	7.09999999999999964E8	-1.49026273635018791E2
4.79999999999999893E0	7.20000000000000018E8	-1.49122527821917683E2
4.79999999999999893E0	7.29999999999999982E8	-1.49216578941768918E2
4.79999999999999893E0	7.40000000000000036E8	-1.49308465508762289E2
4.79999999999999893E0	7.50000000000000000E8	-1.49398224126314183E2
4.79999999999999893E0	7.59999999999999964E8	-1.49485889407899553E2
4.79999999999999893E0	7.70000000000000018E8	-1.49571494453004106E2
4.79999999999999893E0	7.79999999999999982E8	-1.49655070751488317E2
4.79999999999999893E0	7.90000000000000036E8	-1.49736648119751292E2
4.79999999999999893E0	8.00000000000000000E8	-1.49816254950856331E2
4.79999999999999893E0	8.09999999999999964E8	-1.49893918463866616E2
4.79999999999999893E0	8.19999999999999929E8	-1.49969664163102401E2
4.79999999999999893E0	8.30000000000000071E8	-1.50043516684449996E2
4.79999999999999893E0	8.40000000000000036E8	-1.50115499249034801E2
4.79999999999999893E0	8.50000000000000000E8	-1.50185633980341704E2
4.79999999999999893E0	8.59999999999999964E8	-1.50253941957456560E2
4.79999999999999893E0	8.69999999999999929E8	-1.50320443260725822E2
4.79999999999999893E0	8.80000000000000071E8	-1.50385156872434811E2
4.79999999999999893E0	8.90000000000000036E8	-1.50448100882499292E2
4.79999999999999893E0	9.00000000000000000E8	-1.50509292568242503E2
4.79999999999999893E0	9.09999999999999964E8	-1.50568748227968685E2
4.79999999999999893E0	9.19999999999999929E8	-1.50626483455789595E2
4.79999999999999893E0	9.30000000000000071E8	-1.50682512993634776E2
4.79999999999999893E0	9.40000000000000036E8	-1.50736850914044895E2
4.79999999999999893E0	9.50000000000000000E8	-1.50789510474139199E2
4.79999999999999893E0	9.59999999999999964E8	-1.50840504330520520E2
4.79999999999999893E0	9.69999999999999929E8	-1.50889844483419422E2
4.79999999999999893E0	9.80000000000000071E8	-1.50937542339556274E2
4.79999999999999893E0	9.90000000000000036E8	-1.50983608643480061E2
4.79999999999999893E0	1.00000000000000000E9	-1.51028053687259534E2
4.79999999999999893E0	1.01000000000000001E9	-1.51070887058132497E2
4.79999999999999893E0	1.02000000000000002E9	-1.51112117969522819E2
4.79999999999999893E0	1.03000000000000003E9	-1.51151755137324018E2
4.79999999999999893E0	1.04000000000000004E9	-1.51189806717771291E2
4.79999999999999893E0	1.05000000000000004E9	-1.51226280521389866E2
4.79999999999999893E0	1.06000000000000005E9	-1.51261183821285417E2
4.79999999999999893E0	1.06999999999999984E9	-1.51294523547683291E2
4.79999999999999893E0	1.08000000000000007E9	-1.51326306250834897E2
4.79999999999999893E0	1.09000000000000008E9	-1.51356538110396999E2
4.79999999999999893E0	1.10000000000000009E9	-1.51385224812563357E2
4.79999999999999893E0	1.10999999999999988E9	-1.51412371892782849E2
4.79999999999999893E0	1.11999999999999988E9	-1.51437984409402415E2
4.79999999999999893E0	1.13000000000000012E9	-1.51462067207657958E2
4.79999999999999893E0	1.14000000000000012E9	-1.51484624760137376E2
4.79999999999999893E0	1.14999999999999991E9	-1.51505661241057177E2
4.79999999999999893E0	1.15999999999999992E9	-1.51525180652696512E2
4.79999999999999893E0	1.16999999999999993E9	-1.51543186588311696E2
4.79999999999999893E0	1.18000000000000016E9	-1.51559682518002825E2
4.79999999999999893E0	1.18999999999999995E9	-1.51574671553762563E2
4.79999999999999893E0	1.19999999999999996E9	-1.51588156639480864E2
4.79999999999999893E0	1.20999999999999996E9	-1.51600140500714331E2
4.79999999999999893E0	1.21999999999999997E9	-1.51610625569950908E2
4.79999999999999893E0	1.22999999999999998E9	-1.51619614145575210E2
4.79999999999999893E0	1.23999999999999999E9	-1.51627108284993195E2
4.79999999999999893E0	1.25000000000000000E9	-1.51633109854234305E2
4.79999999999999893E0	1.26000000000000001E9	-1.51637620521959393E2
4.79999999999999893E0	1.27000000000000002E9	-1.51640641811292154E2
4.79999999999999893E0	1.28000000000000003E9	-1.51642175010146008E2
4.79999999999999893E0	1.29000000000000004E9	-1.51642221229307439E2
4.79999999999999893E0	1.30000000000000004E9	-1.51640781477450393E2
4.79999999999999893E0	1.31000000000000005E9	-1.51637856533995685E2
4.79999999999999893E0	1.31999999999999984E9	-1.51633447002811117E2
4.79999999999999893E0	1.33000000000000007E9	-1.51627553418790284E2
4.79999999999999893E0	1.34000000000000008E9	-1.51620175992816075E2
4.79999999999999893E0	1.35000000000000009E9	-1.51611314950448794E2
4.79999999999999893E0	1.35999999999999988E9	-1.51600970226129350E2
4.79999999999999893E0	1.36999999999999988E9	-1.51589141706664554E2
4.79999999999999893E0	1.38000000000000012E9	-1.51575829024519693E2
4.79999999999999893E0	1.39000000000000012E9	-1.51561031684608594E2
4.79999999999999893E0	1.39999999999999991E9	-1.51544749119393840E2
4.79999999999999893E0	1.40999999999999992E9	-1.51526980480937512E2
4.79999999999999893E0	1.41999999999999993E9	-1.51507724790476450E2
4.79999999999999893E0	1.43000000000000016E9	-1.51486980997149123E2
4.79999999999999893E0	1.43999999999999995E9	-1.51464747764093688E2
4.79999999999999893E0	1.44999999999999996E9	-1.51441023654977447E2
4.79999999999999893E0	1.45999999999999996E9	-1.51415807054638618E2
4.79999999999999893E0	1.46999999999999997E9	-1.51389096141078916E2
4.79999999999999893E0	1.47999999999999998E9	-1.51360888986859599E2
4.79999999999999893E0	1.48999999999999999E9	-1.51331183401795677E2
4.79999999999999893E0	1.50000000000000000E9	-1.51299977028986854E2
4.79999999999999893E0	1.51000000000000001E9	-1.51267267378291415E2
4.79999999999999893E0	1.52000000000000002E9	-1.51233051676063668E2
4.79999999999999893E0	1.53000000000000003E9	-1.51197326987342473E2
4.79999999999999893E0	1.54000000000000004E9	-1.51160090180616802E2
4.79999999999999893E0	1.55000000000000004E9	-1.51121337884994289E2
4.79999999999999893E0	1.56000000000000005E9	-1.51081066498537320E2
4.79999999999999893E0	1.56999999999999984E9	-1.51039272205674879E2
4.79999999999999893E0	1.58000000000000007E9	-1.50995950943589552E2
4.79999999999999893E0	1.59000000000000008E9	-1.50951098394520544E2
4.79999999999999893E0	1.60000000000000009E9	-1.50904710003822129E2
4.79999999999999893E0	1.61000000000000010E9	-1.50856780920842271E2
4.79999999999999893E0	1.61999999999999988E9	-1.50807306048073531E2
4.79999999999999893E0	1.63000000000000012E9	-1.50756279977246699E2
4.79999999999999893E0	1.63999999999999990E9	-1.50703697046169971E2
4.79999999999999893E0	1.64999999999999991E9	-1.50649551230002832E2
4.79999999999999893E0	1.66000000000000014E9	-1.50593836214105514E2
4.79999999999999893E0	1.66999999999999993E9	-1.50536545401911814E2
4.79999999999999893E0	1.68000000000000016E9	-1.50477671746436714E2
4.79999999999999893E0	1.68999999999999995E9	-1.50417207940365616E2
4.79999999999999893E0	1.69999999999999996E9	-1.50355146286819985E2
4.79999999999999893E0	1.71000000000000019E9	-1.50291478712287585E2
4.79999999999999893E0	1.71999999999999997E9	-1.50226196717155291E2
4.79999999999999893E0	1.72999999999999998E9	-1.50159291414238916E2
4.79999999999999893E0	1.73999999999999977E9	-1.50090753492967410E2
4.79999999999999893E0	1.75000000000000000E9	-1.50020573227521270E2
4.79999999999999893E0	1.76000000000000023E9	-1.49948740396971480E2
4.79999999999999893E0	1.77000000000000002E9	-1.49875244300118937E2
4.79999999999999893E0	1.78000000000000003E9	-1.49800073762795338E2
4.79999999999999893E0	1.78999999999999981E9	-1.49723217091472205E2
4.79999999999999893E0	1.80000000000000004E9	-1.49644662070651058E2
4.79999999999999893E0	1.81000000000000005E9	-1.49564395885019730E2
4.79999999999999893E0	1.81999999999999984E9	-1.49482405173413557E2
4.79999999999999893E0	1.83000000000000007E9	-1.49398675958330185E2
4.79999999999999893E0	1.83999999999999986E9	-1.49313193590762183E2
4.79999999999999893E0	1.85000000000000009E9	-1.49225942778870047E2
4.79999999999999893E0	1.86000000000000010E9	-1.49136907537768004E2
4.79999999999999893E0	1.86999999999999988E9	-1.49046071119181578E2
4.79999999999999893E0	1.88000000000000012E9	-1.48953415973856762E2
4.79999999999999893E0	1.88999999999999990E9	-1.48858923768936680E2
4.79999999999999893E0	1.89999999999999991E9	-1.48762575267693187E2
4.79999999999999893E0	1.91000000000000014E9	-1.48664350282463342E2
4.79999999999999893E0	1.91999999999999993E9	-1.48564227658731873E2
4.79999999999999893E0	1.93000000000000016E9	-1.48462185152608628E2
4.79999999999999893E0	1.93999999999999995E9	-1.48358199354945119E2
4.79999999999999893E0	1.94999999999999996E9	-1.48252245652210535E2
4.79999999999999893E0	1.96000000000000019E9	-1.48144298022616616E2
4.79999999999999893E0	1.96999999999999997E9	-1.48034329030944800E2
4.79999999999999893E0	1.97999999999999998E9	-1.47922309610513847E2
4.79999999999999893E0	1.98999999999999977E9	-1.47808208949633157E2
4.79999999999999893E0	2.00000000000000000E9	-1.47691994226367629E2
4.79999999999999893E0	2.01000000000000023E9	-1.47573630583461823E2
4.79999999999999893E0	2.02000000000000002E9	-1.47453080637108114E2
4.79999999999999893E0	2.03000000000000025E9	-1.47330304391698208E2
4.79999999999999893E0	2.04000000000000004E9	-1.47205258853308063E2
4.79999999999999893E0	2.04999999999999982E9	-1.47077897609950359E2
4.79999999999999893E0	2.06000000000000005E9	-1.46948170386586741E2
4.79999999999999893E0	2.06999999999999984E9	-1.46816022608109575E2
4.79999999999999893E0	2.08000000000000007E9	-1.46681394694275102E2
4.79999999999999893E0	2.08999999999999986E9	-1.46544221396070840E2
4.79999999999999893E0	2.10000000000000009E9	-1.46404430947359510E2
4.79999999999999893E0	2.11000000000000032E9	-1.46261944097787300E2
4.79999999999999893E0	2.12000000000000011E9	-1.46116672935352021E2
4.79999999999999893E0	2.12999999999999989E9	-1.45968519570681154E2
4.79999999999999893E0	2.13999999999999968E9	-1.45817374509692232E2
4.79999999999999893E0	2.14999999999999991E9	-1.45663114801337867E2
4.79999999999999893E0	2.16000000000000014E9	-1.45505601848821819E2
4.79999999999999893E0	2.16999999999999993E9	-1.45344678794015092E2
4.79999999999999893E0	2.18000000000000016E9	-1.45180167481854072E2
4.79999999999999893E0	2.18999999999999995E9	-1.45011864828626402E2
4.79999999999999893E0	2.20000000000000018E9	-1.44839538656897804E2
4.79999999999999893E0	2.20999999999999996E9	-1.44662922636940694E2
4.79999999999999893E0	2.21999999999999975E9	-1.44481710449768119E2
4.79999999999999893E0	2.22999999999999998E9	-1.44295548893757486E2
4.79999999999999893E0	2.23999999999999977E9	-1.44104029760613717E2
4.79999999999999893E0	2.25000000000000000E9	-1.43906680299931189E2
4.79999999999999893E0	2.26000000000000023E9	-1.43702952159627162E2
4.79999999999999893E0	2.27000000000000002E9	-1.43492208262278398E2
4.79999999999999893E0	2.28000000000000025E9	-1.43273707709183040E2
4.79999999999999893E0	2.29000000000000004E9	-1.43046588186971113E2
4.79999999999999893E0	2.29999999999999982E9	-1.42809845657000656E2
4.79999999999999893E0	2.31000000000000005E9	-1.42562311026344046E2
4.79999999999999893E0	2.31999999999999984E9	-1.42302623731417954E2
4.79999999999999893E0	2.33000000000000007E9	-1.42029201798876192E2
4.79999999999999893E0	2.33999999999999986E9	-1.41740208680251678E2
4.79999999999999893E0	2.35000000000000009E9	-1.41433516994077069E2
4.79999999999999893E0	2.36000000000000032E9	-1.41106669514935268E2
4.79999999999999893E0	2.37000000000000011E9	-1.40756838239148441E2
4.79999999999999893E0	2.37999999999999989E9	-1.40380782093263390E2
4.79999999999999893E0	2.38999999999999968E9	-1.39974802344521931E2
4.79999999999999893E0	2.39999999999999991E9	-1.39534691031547275E2
4.79999999999999893E0	2.41000000000000014E9	-1.39055654842353871E2
4.79999999999999893E0	2.41999999999999993E9	-1.38532164571326777E2
4.79999999999999893E0	2.43000000000000016E9	-1.37957594691185603E2
4.79999999999999893E0	2.43999999999999995E9	-1.37323298410506345E2
4.79999999999999893E0	2.45000000000000018E9	-1.36616187464459427E2
4.79999999999999893E0	2.45999999999999996E9	-1.35812344855228240E2
4.79999999999999893E0	2.46999999999999975E9	-1.34859948963374077E2
4.79999999999999893E0	2.47999999999999998E9	-1.33632740937604622E2
4.79999999999999893E0	2.48999999999999977E9	-1.31802069680430622E2
4.79999999999999893E0	2.50000000000000000E9	-1.28526923817978056E2
4.79999999999999893E0	2.51000000000000023E9	-1.23045514711703996E2
4.79999999999999893E0	2.52000000000000002E9	-1.26721480116685359E2
4.79999999999999893E0	2.53000000000000025E9	-1.30945560277239359E2
4.79999999999999893E0	2.54000000000000004E9	-1.33192618662774431E2
4.79999999999999893E0	2.54999999999999982E9	-1.34595406959019459E2
4.79999999999999893E0	2.56000000000000005E9	-1.35633385420436992E2
4.79999999999999893E0	2.56999999999999984E9	-1.36488209830031382E2
4.79999999999999893E0	2.58000000000000007E9	-1.37231810087631256E2
4.79999999999999893E0	2.58999999999999986E9	-1.37895537499231402E2
4.79999999999999893E0	2.60000000000000009E9	-1.38495307986050653E2
4.79999999999999893E0	2.61000000000000032E9	-1.39040911751148766E2
4.79999999999999893E0	2.62000000000000011E9	-1.39539509694379094E2
4.79999999999999893E0	2.62999999999999989E9	-1.39996954765784909E2
4.79999999999999893E0	2.63999999999999968E9	-1.40418293896495250E2
4.79999999999999893E0	2.64999999999999991E9	-1.40807965048228478E2
4.79999999999999893E0	2.66000000000000014E9	-1.41169884971369686E2
4.79999999999999893E0	2.66999999999999993E9	-1.41507501235757283E2
4.79999999999999893E0	2.68000000000000016E9	-1.41823834465938559E2
4.79999999999999893E0	2.68999999999999995E9	-1.42121518590829199E2
4.79999999999999893E0	2.70000000000000018E9	-1.42402840596309987E2
4.79999999999999893E0	2.70999999999999996E9	-1.42669779421627640E2
4.79999999999999893E0	2.71999999999999975E9	-1.42924042801268092E2
4.79999999999999893E0	2.72999999999999998E9	-1.43167101538036157E2
4.79999999999999893E0	2.73999999999999977E9	-1.43400220716864801E2
4.79999999999999893E0	2.75000000000000000E9	-1.43624487689245717E2
4.79999999999999893E0	2.76000000000000023E9	-1.43840836788010584E2
4.79999999999999893E0	2.77000000000000002E9	-1.44050071066269547E2
4.79999999999999893E0	2.78000000000000025E9	-1.44252881186383175E2
4.79999999999999893E0	2.79000000000000004E9	-1.44449861740204955E2
4.79999999999999893E0	2.79999999999999982E9	-1.44641525326710929E2
4.79999999999999893E0	2.81000000000000005E9	-1.44828314603587360E2
4.79999999999999893E0	2.81999999999999984E9	-1.45010612609670253E2
4.79999999999999893E0	2.83000000000000007E9	-1.45188751576284347E2
4.79999999999999893E0	2.83999999999999986E9	-1.45363020390283526E2
4.79999999999999893E0	2.85000000000000009E9	-1.45533671030472966E2
4.79999999999999893E0	2.86000000000000032E9	-1.45700923940141869E2
4.79999999999999893E0	2.87000000000000011E9	-1.45864972658459502E2
4.79999999999999893E0	2.87999999999999989E9	-1.46025987710073646E2
4.79999999999999893E0	2.88999999999999968E9	-1.46184119955935787E2
4.79999999999999893E0	2.89999999999999991E9	-1.46339503385224190E2
4.79999999999999893E0	2.91000000000000014E9	-1.46492257506130241E2
4.79999999999999893E0	2.91999999999999993E9	-1.46642489379862906E2
4.79999999999999893E0	2.93000000000000016E9	-1.46790295387533587E2
4.79999999999999893E0	2.93999999999999995E9	-1.46935762598419517E2
4.79999999999999893E0	2.95000000000000018E9	-1.47078970098879913E2
4.79999999999999893E0	2.95999999999999996E9	-1.47219990055436090E2
4.79999999999999893E0	2.96999999999999975E9	-1.47358888533913301E2
4.79999999999999893E0	2.97999999999999998E9	-1.47495726351744194E2
4.79999999999999893E0	2.98999999999999977E9	-1.47630559716196119E2
4.79999999999999893E0	3.00000000000000000E9	-1.47763440706588689E2

var_c	indep(index, 1)	plot_vs(pnmx, noisefreq)[27, ::]
4.89999999999999858E0	3.00000000000000000E8	-1.42211946347367157E2
4.89999999999999858E0	3.10000000000000009E8	-1.42487954093790625E2
4.89999999999999858E0	3.20000000000000018E8	-1.42754611946053700E2
4.89999999999999858E0	3.29999999999999982E8	-1.43012473230854598E2
4.89999999999999858E0	3.39999999999999991E8	-1.43262041777120186E2
4.89999999999999858E0	3.50000000000000000E8	-1.43503776727901644E2
4.89999999999999858E0	3.60000000000000009E8	-1.43738098090625743E2
4.89999999999999858E0	3.70000000000000018E8	-1.43965391001541776E2
4.89999999999999858E0	3.79999999999999982E8	-1.44186009223414491E2
4.89999999999999858E0	3.89999999999999991E8	-1.44400278478483757E2
4.89999999999999858E0	4.00000000000000000E8	-1.44608499398122170E2
4.89999999999999858E0	4.09999999999999964E8	-1.44810949907060937E2
4.89999999999999858E0	4.20000000000000018E8	-1.45007887333228958E2
4.89999999999999858E0	4.29999999999999982E8	-1.45199550425104507E2
4.89999999999999858E0	4.40000000000000036E8	-1.45386161139485592E2
4.89999999999999858E0	4.50000000000000000E8	-1.45567925909700091E2
4.89999999999999858E0	4.59999999999999964E8	-1.45745037202102079E2
4.89999999999999858E0	4.70000000000000018E8	-1.45917674640491923E2
4.89999999999999858E0	4.79999999999999982E8	-1.46086006129014501E2
4.89999999999999858E0	4.90000000000000036E8	-1.46250188717063501E2
4.89999999999999858E0	5.00000000000000000E8	-1.46410369484003522E2
4.89999999999999858E0	5.09999999999999964E8	-1.46566686485713005E2
4.89999999999999858E0	5.20000000000000018E8	-1.46719269274191833E2
4.89999999999999858E0	5.29999999999999982E8	-1.46868239567727299E2
4.89999999999999858E0	5.40000000000000036E8	-1.47013711883973541E2
4.89999999999999858E0	5.50000000000000000E8	-1.47155793971878746E2
4.89999999999999858E0	5.59999999999999964E8	-1.47294587484128048E2
4.89999999999999858E0	5.70000000000000018E8	-1.47430188197813594E2
4.89999999999999858E0	5.79999999999999982E8	-1.47562686495659579E2
4.89999999999999858E0	5.90000000000000036E8	-1.47692167785837736E2
4.89999999999999858E0	6.00000000000000000E8	-1.47818712714003375E2
4.89999999999999858E0	6.09999999999999964E8	-1.47942397583403928E2
4.89999999999999858E0	6.20000000000000018E8	-1.48063294573579940E2
4.89999999999999858E0	6.29999999999999982E8	-1.48181472051641694E2
4.89999999999999858E0	6.40000000000000036E8	-1.48296994681693750E2
4.89999999999999858E0	6.50000000000000000E8	-1.48409923868292060E2
4.89999999999999858E0	6.59999999999999964E8	-1.48520317760584919E2
4.89999999999999858E0	6.70000000000000018E8	-1.48628231485330242E2
4.89999999999999858E0	6.79999999999999982E8	-1.48733717442469926E2
4.89999999999999858E0	6.90000000000000036E8	-1.48836825265628181E2
4.89999999999999858E0	7.00000000000000000E8	-1.48937602103953171E2
4.89999999999999858E0	7.09999999999999964E8	-1.49036092810321241E2
4.89999999999999858E0	7.20000000000000018E8	-1.49132339929765534E2
4.89999999999999858E0	7.29999999999999982E8	-1.49226383906404925E2
4.89999999999999858E0	7.40000000000000036E8	-1.49318263155931041E2
4.89999999999999858E0	7.50000000000000000E8	-1.49408014284142499E2
4.89999999999999858E0	7.59999999999999964E8	-1.49495672007127101E2
4.89999999999999858E0	7.70000000000000018E8	-1.49581269378701087E2
4.89999999999999858E0	7.79999999999999982E8	-1.49664837774764803E2
4.89999999999999858E0	7.90000000000000036E8	-1.49746407187205022E2
4.89999999999999858E0	8.00000000000000000E8	-1.49826005966261744E2
4.89999999999999858E0	8.09999999999999964E8	-1.49903661183697579E2
4.89999999999999858E0	8.19999999999999929E8	-1.49979398568010214E2
4.89999999999999858E0	8.30000000000000071E8	-1.50053242620233962E2
4.89999999999999858E0	8.40000000000000036E8	-1.50125216597836553E2
4.89999999999999858E0	8.50000000000000000E8	-1.50195342694349532E2
4.89999999999999858E0	8.59999999999999964E8	-1.50263641860764952E2
4.89999999999999858E0	8.69999999999999929E8	-1.50330134210064759E2
4.89999999999999858E0	8.80000000000000071E8	-1.50394838800846120E2
4.89999999999999858E0	8.90000000000000036E8	-1.50457773715906851E2
4.89999999999999858E0	9.00000000000000000E8	-1.50518956155596628E2
4.89999999999999858E0	9.09999999999999964E8	-1.50578402507477493E2
4.89999999999999858E0	9.19999999999999929E8	-1.50636128344169551E2
4.89999999999999858E0	9.30000000000000071E8	-1.50692148340536169E2
4.89999999999999858E0	9.40000000000000036E8	-1.50746476675809382E2
4.89999999999999858E0	9.50000000000000000E8	-1.50799126553252982E2
4.89999999999999858E0	9.59999999999999964E8	-1.50850110642957924E2
4.89999999999999858E0	9.69999999999999929E8	-1.50899440985370781E2
4.89999999999999858E0	9.80000000000000071E8	-1.50947128955614529E2
4.89999999999999858E0	9.90000000000000036E8	-1.50993185268813002E2
4.89999999999999858E0	1.00000000000000000E9	-1.51037620258439453E2
4.89999999999999858E0	1.01000000000000001E9	-1.51080443540510423E2
4.89999999999999858E0	1.02000000000000002E9	-1.51121664314729998E2
4.89999999999999858E0	1.03000000000000003E9	-1.51161291301446665E2
4.89999999999999858E0	1.04000000000000004E9	-1.51199332655997498E2
4.89999999999999858E0	1.05000000000000004E9	-1.51235796131887157E2
4.89999999999999858E0	1.06000000000000005E9	-1.51270689143144255E2
4.89999999999999858E0	1.06999999999999984E9	-1.51304018577343946E2
4.89999999999999858E0	1.08000000000000007E9	-1.51335790935133652E2
4.89999999999999858E0	1.09000000000000008E9	-1.51366012397968519E2
4.89999999999999858E0	1.10000000000000009E9	-1.51394688755439377E2
4.89999999999999858E0	1.10999999999999988E9	-1.51421825455905723E2
4.89999999999999858E0	1.11999999999999988E9	-1.51447427625520792E2
4.89999999999999858E0	1.13000000000000012E9	-1.51471500089091848E2
4.89999999999999858E0	1.14000000000000012E9	-1.51494047332786330E2
4.89999999999999858E0	1.14999999999999991E9	-1.51515073559099234E2
4.89999999999999858E0	1.15999999999999992E9	-1.51534582732066347E2
4.89999999999999858E0	1.16999999999999993E9	-1.51552578523856551E2
4.89999999999999858E0	1.18000000000000016E9	-1.51569064331441328E2
4.89999999999999858E0	1.18999999999999995E9	-1.51584043321552331E2
4.89999999999999858E0	1.19999999999999996E9	-1.51597518498350370E2
4.89999999999999858E0	1.20999999999999996E9	-1.51609492473898055E2
4.89999999999999858E0	1.21999999999999997E9	-1.51619967797868860E2
4.89999999999999858E0	1.22999999999999998E9	-1.51628946775630213E2
4.89999999999999858E0	1.23999999999999999E9	-1.51636431445179398E2
4.89999999999999858E0	1.25000000000000000E9	-1.51642423701146112E2
4.89999999999999858E0	1.26000000000000001E9	-1.51646925222232953E2
4.89999999999999858E0	1.27000000000000002E9	-1.51649937532428569E2
4.89999999999999858E0	1.28000000000000003E9	-1.51651461937148602E2
4.89999999999999858E0	1.29000000000000004E9	-1.51651499587664440E2
4.89999999999999858E0	1.30000000000000004E9	-1.51650051531102292E2
4.89999999999999858E0	1.31000000000000005E9	-1.51647118498427114E2
4.89999999999999858E0	1.31999999999999984E9	-1.51642701162896620E2
4.89999999999999858E0	1.33000000000000007E9	-1.51636800027481256E2
4.89999999999999858E0	1.34000000000000008E9	-1.51629415422106839E2
4.89999999999999858E0	1.35000000000000009E9	-1.51620547481306334E2
4.89999999999999858E0	1.35999999999999988E9	-1.51610196264631125E2
4.89999999999999858E0	1.36999999999999988E9	-1.51598361598160603E2
4.89999999999999858E0	1.38000000000000012E9	-1.51585043170324352E2
4.89999999999999858E0	1.39000000000000012E9	-1.51570240592522110E2
4.89999999999999858E0	1.39999999999999991E9	-1.51553953181935586E2
4.89999999999999858E0	1.40999999999999992E9	-1.51536180195584835E2
4.89999999999999858E0	1.41999999999999993E9	-1.51516920744819794E2
4.89999999999999858E0	1.43000000000000016E9	-1.51496173728379180E2
4.89999999999999858E0	1.43999999999999995E9	-1.51473937818722915E2
4.89999999999999858E0	1.44999999999999996E9	-1.51450211698510429E2
4.89999999999999858E0	1.45999999999999996E9	-1.51424993756638226E2
4.89999999999999858E0	1.46999999999999997E9	-1.51398282222151948E2
4.89999999999999858E0	1.47999999999999998E9	-1.51370075182838604E2
4.89999999999999858E0	1.48999999999999999E9	-1.51340370502787547E2
4.89999999999999858E0	1.50000000000000000E9	-1.51309165913972010E2
4.89999999999999858E0	1.51000000000000001E9	-1.51276458918923606E2
4.89999999999999858E0	1.52000000000000002E9	-1.51242246831225624E2
4.89999999999999858E0	1.53000000000000003E9	-1.51206526764288318E2
4.89999999999999858E0	1.54000000000000004E9	-1.51169295637865497E2
4.89999999999999858E0	1.55000000000000004E9	-1.51130550135275388E2
4.89999999999999858E0	1.56000000000000005E9	-1.51090286745021229E2
4.89999999999999858E0	1.56999999999999984E9	-1.51048501706612148E2
4.89999999999999858E0	1.58000000000000007E9	-1.51005191003308092E2
4.89999999999999858E0	1.59000000000000008E9	-1.50960350442349744E2
4.89999999999999858E0	1.60000000000000009E9	-1.50913975515953025E2
4.89999999999999858E0	1.61000000000000010E9	-1.50866061484521863E2
4.89999999999999858E0	1.61999999999999988E9	-1.50816603313581710E2
4.89999999999999858E0	1.63000000000000012E9	-1.50765595697681976E2
4.89999999999999858E0	1.63999999999999990E9	-1.50713033074249747E2
4.89999999999999858E0	1.64999999999999991E9	-1.50658909533379526E2
4.89999999999999858E0	1.66000000000000014E9	-1.50603218872739975E2
4.89999999999999858E0	1.66999999999999993E9	-1.50545954576107111E2
4.89999999999999858E0	1.68000000000000016E9	-1.50487109778888017E2
4.89999999999999858E0	1.68999999999999995E9	-1.50426677295680711E2
4.89999999999999858E0	1.69999999999999996E9	-1.50364649534342432E2
4.89999999999999858E0	1.71000000000000019E9	-1.50301018575674483E2
4.89999999999999858E0	1.71999999999999997E9	-1.50235776117867492E2
4.89999999999999858E0	1.72999999999999998E9	-1.50168913396236636E2
4.89999999999999858E0	1.73999999999999977E9	-1.50100421311827525E2
4.89999999999999858E0	1.75000000000000000E9	-1.50030290297981850E2
4.89999999999999858E0	1.76000000000000023E9	-1.49958510330763661E2
4.89999999999999858E0	1.77000000000000002E9	-1.49885070969684020E2
4.89999999999999858E0	1.78000000000000003E9	-1.49809961206710751E2
4.89999999999999858E0	1.78999999999999981E9	-1.49733169609272432E2
4.89999999999999858E0	1.80000000000000004E9	-1.49654684211097377E2
4.89999999999999858E0	1.81000000000000005E9	-1.49574492474219567E2
4.89999999999999858E0	1.81999999999999984E9	-1.49492581298945226E2
4.89999999999999858E0	1.83000000000000007E9	-1.49408937009980636E2
4.89999999999999858E0	1.83999999999999986E9	-1.49323545296882787E2
4.89999999999999858E0	1.85000000000000009E9	-1.49236391201579544E2
4.89999999999999858E0	1.86000000000000010E9	-1.49147459091865153E2
4.89999999999999858E0	1.86999999999999988E9	-1.49056732596712860E2
4.89999999999999858E0	1.88000000000000012E9	-1.48964194580711262E2
4.89999999999999858E0	1.88999999999999990E9	-1.48869827150779654E2
4.89999999999999858E0	1.89999999999999991E9	-1.48773611512557125E2
4.89999999999999858E0	1.91000000000000014E9	-1.48675527960823639E2
4.89999999999999858E0	1.91999999999999993E9	-1.48575555879217980E2
4.89999999999999858E0	1.93000000000000016E9	-1.48473673537265771E2
4.89999999999999858E0	1.93999999999999995E9	-1.48369858138496258E2
4.89999999999999858E0	1.94999999999999996E9	-1.48264085621858333E2
4.89999999999999858E0	1.96000000000000019E9	-1.48156330686316595E2
4.89999999999999858E0	1.96999999999999997E9	-1.48046566545934200E2
4.89999999999999858E0	1.97999999999999998E9	-1.47934764850805744E2
4.89999999999999858E0	1.98999999999999977E9	-1.47820895551617815E2
4.89999999999999858E0	2.00000000000000000E9	-1.47704926699337280E2
4.89999999999999858E0	2.01000000000000023E9	-1.47586824177482789E2
4.89999999999999858E0	2.02000000000000002E9	-1.47466551568818205E2
4.89999999999999858E0	2.03000000000000025E9	-1.47344069781844778E2
4.89999999999999858E0	2.04000000000000004E9	-1.47219336813187107E2
4.89999999999999858E0	2.04999999999999982E9	-1.47092307214492335E2
4.89999999999999858E0	2.06000000000000005E9	-1.46962931841041722E2
4.89999999999999858E0	2.06999999999999984E9	-1.46831157130628798E2
4.89999999999999858E0	2.08000000000000007E9	-1.46696924645385662E2
4.89999999999999858E0	2.08999999999999986E9	-1.46560170256859124E2
4.89999999999999858E0	2.10000000000000009E9	-1.46420823334514494E2
4.89999999999999858E0	2.11000000000000032E9	-1.46278805755979802E2
4.89999999999999858E0	2.12000000000000011E9	-1.46134030706146234E2
4.89999999999999858E0	2.12999999999999989E9	-1.45986401340514615E2
4.89999999999999858E0	2.13999999999999968E9	-1.45835809136670735E2
4.89999999999999858E0	2.14999999999999991E9	-1.45682131986172481E2
4.89999999999999858E0	2.16000000000000014E9	-1.45525231957626233E2
4.89999999999999858E0	2.16999999999999993E9	-1.45364952617427812E2
4.89999999999999858E0	2.18000000000000016E9	-1.45201115908872214E2
4.89999999999999858E0	2.18999999999999995E9	-1.45033518454452204E2
4.89999999999999858E0	2.20000000000000018E9	-1.44861927176843697E2
4.89999999999999858E0	2.20999999999999996E9	-1.44686074174593093E2
4.89999999999999858E0	2.21999999999999975E9	-1.44505650636821170E2
4.89999999999999858E0	2.22999999999999998E9	-1.44320299669123897E2
4.89999999999999858E0	2.23999999999999977E9	-1.44129607920784464E2
4.89999999999999858E0	2.25000000000000000E9	-1.43933095592471294E2
4.89999999999999858E0	2.26000000000000023E9	-1.43730204881531054E2
4.89999999999999858E0	2.27000000000000002E9	-1.43520286277039788E2
4.89999999999999858E0	2.28000000000000025E9	-1.43302582649217447E2
4.89999999999999858E0	2.29000000000000004E9	-1.43076210675891669E2
4.89999999999999858E0	2.29999999999999982E9	-1.42840139312474834E2
4.89999999999999858E0	2.31000000000000005E9	-1.42593164959829255E2
4.89999999999999858E0	2.31999999999999984E9	-1.42333883070603617E2
4.89999999999999858E0	2.33000000000000007E9	-1.42060655937458336E2
4.89999999999999858E0	2.33999999999999986E9	-1.41771576524086274E2
4.89999999999999858E0	2.35000000000000009E9	-1.41464428559311850E2
4.89999999999999858E0	2.36000000000000032E9	-1.41136643099283021E2
4.89999999999999858E0	2.37000000000000011E9	-1.40785252093822599E2
4.89999999999999858E0	2.37999999999999989E9	-1.40406839322050558E2
4.89999999999999858E0	2.38999999999999968E9	-1.39997487611342808E2
4.89999999999999858E0	2.39999999999999991E9	-1.39552716800595489E2
4.89999999999999858E0	2.41000000000000014E9	-1.39067393618394952E2
4.89999999999999858E0	2.41999999999999993E9	-1.38535559910675410E2
4.89999999999999858E0	2.43000000000000016E9	-1.37950033193176180E2
4.89999999999999858E0	2.43999999999999995E9	-1.37301395123567760E2
4.89999999999999858E0	2.45000000000000018E9	-1.36575349691499448E2
4.89999999999999858E0	2.45999999999999996E9	-1.35745724076180174E2
4.89999999999999858E0	2.46999999999999975E9	-1.34755638845892212E2
4.89999999999999858E0	2.47999999999999998E9	-1.33465926955011094E2
4.89999999999999858E0	2.48999999999999977E9	-1.31513773327616734E2
4.89999999999999858E0	2.50000000000000000E9	-1.27992968170142540E2
4.89999999999999858E0	2.51000000000000023E9	-1.20447949503247598E2
4.89999999999999858E0	2.52000000000000002E9	-1.27320811612797180E2
4.89999999999999858E0	2.53000000000000025E9	-1.31247716531313863E2
4.89999999999999858E0	2.54000000000000004E9	-1.33375123745087154E2
4.89999999999999858E0	2.54999999999999982E9	-1.34739680547788820E2
4.89999999999999858E0	2.56000000000000005E9	-1.35767570024335327E2
4.89999999999999858E0	2.56999999999999984E9	-1.36620948511120077E2
4.89999999999999858E0	2.58000000000000007E9	-1.37364865780301626E2
4.89999999999999858E0	2.58999999999999986E9	-1.38028419510671840E2
4.89999999999999858E0	2.60000000000000009E9	-1.38626972104300528E2
4.89999999999999858E0	2.61000000000000032E9	-1.39170358263473615E2
4.89999999999999858E0	2.62000000000000011E9	-1.39665960755627472E2
4.89999999999999858E0	2.62999999999999989E9	-1.40119874495206220E2
4.89999999999999858E0	2.63999999999999968E9	-1.40537355900294414E2
4.89999999999999858E0	2.64999999999999991E9	-1.40923007339091377E2
4.89999999999999858E0	2.66000000000000014E9	-1.41280867595701065E2
4.89999999999999858E0	2.66999999999999993E9	-1.41614470960562366E2
4.89999999999999858E0	2.68000000000000016E9	-1.41926897117249906E2
4.89999999999999858E0	2.68999999999999995E9	-1.42220818171428443E2
4.89999999999999858E0	2.70000000000000018E9	-1.42498543927570487E2
4.89999999999999858E0	2.70999999999999996E9	-1.42762065047476017E2
4.89999999999999858E0	2.71999999999999975E9	-1.43013093190360019E2
4.89999999999999858E0	2.72999999999999998E9	-1.43253097730563228E2
4.89999999999999858E0	2.73999999999999977E9	-1.43483338765505097E2
4.89999999999999858E0	2.75000000000000000E9	-1.43704896367023416E2
4.89999999999999858E0	2.76000000000000023E9	-1.43918696294371906E2
4.89999999999999858E0	2.77000000000000002E9	-1.44125532327742967E2
4.89999999999999858E0	2.78000000000000025E9	-1.44326085654430791E2
4.89999999999999858E0	2.79000000000000004E9	-1.44520941464670294E2
4.89999999999999858E0	2.79999999999999982E9	-1.44710603277567573E2
4.89999999999999858E0	2.81000000000000005E9	-1.44895505070357777E2
4.89999999999999858E0	2.81999999999999984E9	-1.45076021705274427E2
4.89999999999999858E0	2.83000000000000007E9	-1.45252477742917430E2
4.89999999999999858E0	2.83999999999999986E9	-1.45425154973287762E2
4.89999999999999858E0	2.85000000000000009E9	-1.45594298760284779E2
4.89999999999999858E0	2.86000000000000032E9	-1.45760123459863022E2
4.89999999999999858E0	2.87000000000000011E9	-1.45922816987225268E2
4.89999999999999858E0	2.87999999999999989E9	-1.46082544722319851E2
4.89999999999999858E0	2.88999999999999968E9	-1.46239452769994038E2
4.89999999999999858E0	2.89999999999999991E9	-1.46393670733765502E2
4.89999999999999858E0	2.91000000000000014E9	-1.46545314142484573E2
4.89999999999999858E0	2.91999999999999993E9	-1.46694486366618504E2
4.89999999999999858E0	2.93000000000000016E9	-1.46841280355385440E2
4.89999999999999858E0	2.93999999999999995E9	-1.46985780095707907E2
4.89999999999999858E0	2.95000000000000018E9	-1.47128061800488252E2
4.89999999999999858E0	2.95999999999999996E9	-1.47268194940751962E2
4.89999999999999858E0	2.96999999999999975E9	-1.47406243176916218E2
4.89999999999999858E0	2.97999999999999998E9	-1.47542265042445320E2
4.89999999999999858E0	2.98999999999999977E9	-1.47676314639379824E2
4.89999999999999858E0	3.00000000000000000E9	-1.47808442139163909E2

var_c	indep(index, 1)	plot_vs(pnmx, noisefreq)[28, ::]
4.99999999999999822E0	3.00000000000000000E8	-1.42220274340185338E2
4.99999999999999822E0	3.10000000000000009E8	-1.42496283156896375E2
4.99999999999999822E0	3.20000000000000018E8	-1.42762941739500637E2
4.99999999999999822E0	3.29999999999999982E8	-1.43020803681408437E2
4.99999999999999822E0	3.39999999999999991E8	-1.43270372425906389E2
4.99999999999999822E0	3.50000000000000000E8	-1.43512107445990322E2
4.99999999999999822E0	3.60000000000000009E8	-1.43746428660671288E2
4.99999999999999822E0	3.70000000000000018E8	-1.43973721172930413E2
4.99999999999999822E0	3.79999999999999982E8	-1.44194338737673666E2
4.99999999999999822E0	3.89999999999999991E8	-1.44408607126725430E2
4.99999999999999822E0	4.00000000000000000E8	-1.44616826997792991E2
4.99999999999999822E0	4.09999999999999964E8	-1.44819276173419853E2
4.99999999999999822E0	4.20000000000000018E8	-1.45016212034696301E2
4.99999999999999822E0	4.29999999999999982E8	-1.45207873474732629E2
4.99999999999999822E0	4.40000000000000036E8	-1.45394482225602628E2
4.99999999999999822E0	4.50000000000000000E8	-1.45576244809425259E2
4.99999999999999822E0	4.59999999999999964E8	-1.45753353779080430E2
4.99999999999999822E0	4.70000000000000018E8	-1.45925988675381491E2
4.99999999999999822E0	4.79999999999999982E8	-1.46094317385515038E2
4.99999999999999822E0	4.90000000000000036E8	-1.46258497064857917E2
4.99999999999999822E0	5.00000000000000000E8	-1.46418674724987841E2
4.99999999999999822E0	5.09999999999999964E8	-1.46574988429724762E2
4.99999999999999822E0	5.20000000000000018E8	-1.46727567753265076E2
4.99999999999999822E0	5.29999999999999982E8	-1.46876534334822062E2
4.99999999999999822E0	5.40000000000000036E8	-1.47022002787851314E2
4.99999999999999822E0	5.50000000000000000E8	-1.47164080887076176E2
4.99999999999999822E0	5.59999999999999964E8	-1.47302870177470213E2
4.99999999999999822E0	5.70000000000000018E8	-1.47438466524880107E2
4.99999999999999822E0	5.79999999999999982E8	-1.47570960291259046E2
4.99999999999999822E0	5.90000000000000036E8	-1.47700436863214857E2
4.99999999999999822E0	6.00000000000000000E8	-1.47826976941259614E2
4.99999999999999822E0	6.09999999999999964E8	-1.47950656789409374E2
4.99999999999999822E0	6.20000000000000018E8	-1.48071548619820104E2
4.99999999999999822E0	6.29999999999999982E8	-1.48189720728752183E2
4.99999999999999822E0	6.40000000000000036E8	-1.48305237893905728E2
4.99999999999999822E0	6.50000000000000000E8	-1.48418161458498910E2
4.99999999999999822E0	6.59999999999999964E8	-1.48528549554524036E2
4.99999999999999822E0	6.70000000000000018E8	-1.48636457357432805E2
4.99999999999999822E0	6.79999999999999982E8	-1.48741937245413225E2
4.99999999999999822E0	6.90000000000000036E8	-1.48845038815164132E2
4.99999999999999822E0	7.00000000000000000E8	-1.48945809269457974E2
4.99999999999999822E0	7.09999999999999964E8	-1.49044293489094359E2
4.99999999999999822E0	7.20000000000000018E8	-1.49140533946090903E2
4.99999999999999822E0	7.29999999999999982E8	-1.49234571089565660E2
4.99999999999999822E0	7.40000000000000036E8	-1.49326443474944215E2
4.99999999999999822E0	7.50000000000000000E8	-1.49416187522838295E2
4.99999999999999822E0	7.59999999999999964E8	-1.49503838013403612E2
4.99999999999999822E0	7.70000000000000018E8	-1.49589428061729168E2
4.99999999999999822E0	7.79999999999999982E8	-1.49672989015258162E2
4.99999999999999822E0	7.90000000000000036E8	-1.49754550813514475E2
4.99999999999999822E0	8.00000000000000000E8	-1.49834141867522730E2
4.99999999999999822E0	8.09999999999999964E8	-1.49911789311110399E2
4.99999999999999822E0	8.19999999999999929E8	-1.49987518745284776E2
4.99999999999999822E0	8.30000000000000071E8	-1.50061354724622431E2
4.99999999999999822E0	8.40000000000000036E8	-1.50133320540768178E2
4.99999999999999822E0	8.50000000000000000E8	-1.50203438295248515E2
4.99999999999999822E0	8.59999999999999964E8	-1.50271729063939619E2
4.99999999999999822E0	8.69999999999999929E8	-1.50338212914703995E2
4.99999999999999822E0	8.80000000000000071E8	-1.50402908872283980E2
4.99999999999999822E0	8.90000000000000036E8	-1.50465835012439864E2
4.99999999999999822E0	9.00000000000000000E8	-1.50527008647127669E2
4.99999999999999822E0	9.09999999999999964E8	-1.50586446085865377E2
4.99999999999999822E0	9.19999999999999929E8	-1.50644162839711515E2
4.99999999999999822E0	9.30000000000000071E8	-1.50700173789591552E2
4.99999999999999822E0	9.40000000000000036E8	-1.50754492878694757E2
4.99999999999999822E0	9.50000000000000000E8	-1.50807133484595779E2
4.99999999999999822E0	9.59999999999999964E8	-1.50858108195193985E2
4.99999999999999822E0	9.69999999999999929E8	-1.50907429062866871E2
4.99999999999999822E0	9.80000000000000071E8	-1.50955107495697360E2
4.99999999999999822E0	9.90000000000000036E8	-1.51001154212387734E2
4.99999999999999822E0	1.00000000000000000E9	-1.51045579512204253E2
4.99999999999999822E0	1.01000000000000001E9	-1.51088393069171389E2
4.99999999999999822E0	1.02000000000000002E9	-1.51129604050747335E2
4.99999999999999822E0	1.03000000000000003E9	-1.51169221163211809E2
4.99999999999999822E0	1.04000000000000004E9	-1.51207252612500098E2
4.99999999999999822E0	1.05000000000000004E9	-1.51243706165065195E2
4.99999999999999822E0	1.06000000000000005E9	-1.51278589196548086E2
4.99999999999999822E0	1.06999999999999984E9	-1.51311908620674029E2
4.99999999999999822E0	1.08000000000000007E9	-1.51343670905424577E2
4.99999999999999822E0	1.09000000000000008E9	-1.51373882337974996E2
4.99999999999999822E0	1.10000000000000009E9	-1.51402548598709452E2
4.99999999999999822E0	1.10999999999999988E9	-1.51429675239389860E2
4.99999999999999822E0	1.11999999999999988E9	-1.51455267322618181E2
4.99999999999999822E0	1.13000000000000012E9	-1.51479329731611223E2
4.99999999999999822E0	1.14000000000000012E9	-1.51501866900814774E2
4.99999999999999822E0	1.14999999999999991E9	-1.51522883092412042E2
4.99999999999999822E0	1.15999999999999992E9	-1.51542382257626351E2
4.99999999999999822E0	1.16999999999999993E9	-1.51560368069840989E2
4.99999999999999822E0	1.18000000000000016E9	-1.51576843983263254E2
4.99999999999999822E0	1.18999999999999995E9	-1.51591813173198231E2
4.99999999999999822E0	1.19999999999999996E9	-1.51605278517934350E2
4.99999999999999822E0	1.20999999999999996E9	-1.51617242851946332E2
4.99999999999999822E0	1.21999999999999997E9	-1.51627708590927601E2
4.99999999999999822E0	1.22999999999999998E9	-1.51636678088848775E2
4.99999999999999822E0	1.23999999999999999E9	-1.51644153384456670E2
4.99999999999999822E0	1.25000000000000000E9	-1.51650136398725066E2
4.99999999999999822E0	1.26000000000000001E9	-1.51654628821096127E2
4.99999999999999822E0	1.27000000000000002E9	-1.51657632202903914E2
4.99999999999999822E0	1.28000000000000003E9	-1.51659147883704537E2
4.99999999999999822E0	1.29000000000000004E9	-1.51659177011730484E2
4.99999999999999822E0	1.30000000000000004E9	-1.51657720578521849E2
4.99999999999999822E0	1.31000000000000005E9	-1.51654779452702315E2
4.99999999999999822E0	1.31999999999999984E9	-1.51650354256153053E2
4.99999999999999822E0	1.33000000000000007E9	-1.51644445522444338E2
4.99999999999999822E0	1.34000000000000008E9	-1.51637053599217309E2
4.99999999999999822E0	1.35000000000000009E9	-1.51628178658291413E2
4.99999999999999822E0	1.35999999999999988E9	-1.51617820765945144E2
4.99999999999999822E0	1.36999999999999988E9	-1.51605979771316557E2
4.99999999999999822E0	1.38000000000000012E9	-1.51592655414458988E2
4.99999999999999822E0	1.39000000000000012E9	-1.51577847283813338E2
4.99999999999999822E0	1.39999999999999991E9	-1.51561554773839724E2
4.99999999999999822E0	1.40999999999999992E9	-1.51543777178259065E2
4.99999999999999822E0	1.41999999999999993E9	-1.51524513572902464E2
4.99999999999999822E0	1.43000000000000016E9	-1.51503762887520610E2
4.99999999999999822E0	1.43999999999999995E9	-1.51481523936395313E2
4.99999999999999822E0	1.44999999999999996E9	-1.51457795377310633E2
4.99999999999999822E0	1.45999999999999996E9	-1.51432575589112450E2
4.99999999999999822E0	1.46999999999999997E9	-1.51405862876408293E2
4.99999999999999822E0	1.47999999999999998E9	-1.51377655377637521E2
4.99999999999999822E0	1.48999999999999999E9	-1.51347951001476089E2
4.99999999999999822E0	1.50000000000000000E9	-1.51316747491671078E2
4.99999999999999822E0	1.51000000000000001E9	-1.51284042452567635E2
4.99999999999999822E0	1.52000000000000002E9	-1.51249833183292037E2
4.99999999999999822E0	1.53000000000000003E9	-1.51214116909453544E2
4.99999999999999822E0	1.54000000000000004E9	-1.51176890573574729E2
4.99999999999999822E0	1.55000000000000004E9	-1.51138150931740967E2
4.99999999999999822E0	1.56000000000000005E9	-1.51097894512143927E2
4.99999999999999822E0	1.56999999999999984E9	-1.51056117656978950E2
4.99999999999999822E0	1.58000000000000007E9	-1.51012816419639395E2
4.99999999999999822E0	1.59000000000000008E9	-1.50967986622236583E2
4.99999999999999822E0	1.60000000000000009E9	-1.50921623901842472E2
4.99999999999999822E0	1.61000000000000010E9	-1.50873723555566785E2
4.99999999999999822E0	1.61999999999999988E9	-1.50824280652802356E2
4.99999999999999822E0	1.63000000000000012E9	-1.50773289992184334E2
4.99999999999999822E0	1.63999999999999990E9	-1.50720746086589630E2
4.99999999999999822E0	1.64999999999999991E9	-1.50666643134452949E2
4.99999999999999822E0	1.66000000000000014E9	-1.50610975046039686E2
4.99999999999999822E0	1.66999999999999993E9	-1.50553735422218526E2
4.99999999999999822E0	1.68000000000000016E9	-1.50494917506561920E2
4.99999999999999822E0	1.68999999999999995E9	-1.50434514231100747E2
4.99999999999999822E0	1.69999999999999996E9	-1.50372518184382598E2
4.99999999999999822E0	1.71000000000000019E9	-1.50308921554004238E2
4.99999999999999822E0	1.71999999999999997E9	-1.50243716192303611E2
4.99999999999999822E0	1.72999999999999998E9	-1.50176893514366339E2
4.99999999999999822E0	1.73999999999999977E9	-1.50108444587488288E2
4.99999999999999822E0	1.75000000000000000E9	-1.50038360013167216E2
4.99999999999999822E0	1.76000000000000023E9	-1.49966629967023501E2
4.99999999999999822E0	1.77000000000000002E9	-1.49893244176263463E2
4.99999999999999822E0	1.78000000000000003E9	-1.49818191935871559E2
4.99999999999999822E0	1.78999999999999981E9	-1.49741461973128942E2
4.99999999999999822E0	1.80000000000000004E9	-1.49663042570766347E2
4.99999999999999822E0	1.81000000000000005E9	-1.49582921467308649E2
4.99999999999999822E0	1.81999999999999984E9	-1.49501085847377957E2
4.99999999999999822E0	1.83000000000000007E9	-1.49417522296743699E2
4.99999999999999822E0	1.83999999999999986E9	-1.49332216841632226E2
4.99999999999999822E0	1.85000000000000009E9	-1.49245154836083493E2
4.99999999999999822E0	1.86000000000000010E9	-1.49156321000487502E2
4.99999999999999822E0	1.86999999999999988E9	-1.49065699327298629E2
4.99999999999999822E0	1.88000000000000012E9	-1.48973273104279036E2
4.99999999999999822E0	1.88999999999999990E9	-1.48879024821528216E2
4.99999999999999822E0	1.89999999999999991E9	-1.48782936154344547E2
4.99999999999999822E0	1.91000000000000014E9	-1.48684987858525686E2
4.99999999999999822E0	1.91999999999999993E9	-1.48585159807244427E2
4.99999999999999822E0	1.93000000000000016E9	-1.48483430817086859E2
4.99999999999999822E0	1.93999999999999995E9	-1.48379778633940829E2
4.99999999999999822E0	1.94999999999999996E9	-1.48274179836820674E2
4.99999999999999822E0	1.96000000000000019E9	-1.48166609721232767E2
4.99999999999999822E0	1.96999999999999997E9	-1.48057042170078512E2
4.99999999999999822E0	1.97999999999999998E9	-1.47945449558531084E2
4.99999999999999822E0	1.98999999999999977E9	-1.47831802586478833E2
4.99999999999999822E0	2.00000000000000000E9	-1.47716070044962522E2
4.99999999999999822E0	2.01000000000000023E9	-1.47598218703264483E2
4.99999999999999822E0	2.02000000000000002E9	-1.47478213009255765E2
4.99999999999999822E0	2.03000000000000025E9	-1.47356014767230303E2
4.99999999999999822E0	2.04000000000000004E9	-1.47231582929826943E2
4.99999999999999822E0	2.04999999999999982E9	-1.47104873083326937E2
4.99999999999999822E0	2.06000000000000005E9	-1.46975837050343805E2
4.99999999999999822E0	2.06999999999999984E9	-1.46844422413469822E2
4.99999999999999822E0	2.08000000000000007E9	-1.46710571778289145E2
4.99999999999999822E0	2.08999999999999986E9	-1.46574222157793677E2
4.99999999999999822E0	2.10000000000000009E9	-1.46435304057598414E2
4.99999999999999822E0	2.11000000000000032E9	-1.46293740467232714E2
4.99999999999999822E0	2.12000000000000011E9	-1.46149445684911772E2
4.99999999999999822E0	2.12999999999999989E9	-1.46002323936703249E2
4.99999999999999822E0	2.13999999999999968E9	-1.45852267670469216E2
4.99999999999999822E0	2.14999999999999991E9	-1.45699155653286083E2
4.99999999999999822E0	2.16000000000000014E9	-1.45542850684619562E2
4.99999999999999822E0	2.16999999999999993E9	-1.45383196795755132E2
4.99999999999999822E0	2.18000000000000016E9	-1.45220016133822183E2
4.99999999999999822E0	2.18999999999999995E9	-1.45053105082173306E2
4.99999999999999822E0	2.20000000000000018E9	-1.44882229853356526E2
4.99999999999999822E0	2.20999999999999996E9	-1.44707121097708269E2
4.99999999999999822E0	2.21999999999999975E9	-1.44527467698274092E2
4.99999999999999822E0	2.22999999999999998E9	-1.44342909346248294E2
4.99999999999999822E0	2.23999999999999977E9	-1.44153027807303946E2
4.99999999999999822E0	2.25000000000000000E9	-1.43957336592721630E2
4.99999999999999822E0	2.26000000000000023E9	-1.43755268871247321E2
4.99999999999999822E0	2.27000000000000002E9	-1.43546163187396258E2
4.99999999999999822E0	2.28000000000000025E9	-1.43329246738004157E2
4.99999999999999822E0	2.29000000000000004E9	-1.43103615832089304E2
4.99999999999999822E0	2.29999999999999982E9	-1.42868213165682967E2
4.99999999999999822E0	2.31000000000000005E9	-1.42621801417722138E2
4.99999999999999822E0	2.31999999999999984E9	-1.42362932968025713E2
4.99999999999999822E0	2.33000000000000007E9	-1.42089915258280497E2
4.99999999999999822E0	2.33999999999999986E9	-1.41800771611073584E2
4.99999999999999822E0	2.35000000000000009E9	-1.41493197643452406E2
4.99999999999999822E0	2.36000000000000032E9	-1.41164513188957796E2
4.99999999999999822E0	2.37000000000000011E9	-1.40811610127685816E2
4.99999999999999822E0	2.37999999999999989E9	-1.40430896358364854E2
4.99999999999999822E0	2.38999999999999968E9	-1.40018234257667062E2
4.99999999999999822E0	2.39999999999999991E9	-1.39568867620264769E2
4.99999999999999822E0	2.41000000000000014E9	-1.39077316626978731E2
4.99999999999999822E0	2.41999999999999993E9	-1.38537183689844978E2
4.99999999999999822E0	2.43000000000000016E9	-1.37940712818101252E2
4.99999999999999822E0	2.43999999999999995E9	-1.37277687813808646E2
4.99999999999999822E0	2.45000000000000018E9	-1.36532558514548352E2
4.99999999999999822E0	2.45999999999999996E9	-1.35676797988967102E2
4.99999999999999822E0	2.46999999999999975E9	-1.34648212834476233E2
4.99999999999999822E0	2.47999999999999998E9	-1.33294002889968644E2
4.99999999999999822E0	2.48999999999999977E9	-1.31215561423407001E2
4.99999999999999822E0	2.50000000000000000E9	-1.27449804681089485E2
4.99999999999999822E0	2.51000000000000023E9	-1.16907599082654823E2
4.99999999999999822E0	2.52000000000000002E9	-1.27857017138943041E2
4.99999999999999822E0	2.53000000000000025E9	-1.31520374886159930E2
4.99999999999999822E0	2.54000000000000004E9	-1.33546141377612138E2
4.99999999999999822E0	2.54999999999999982E9	-1.34878582359842225E2
4.99999999999999822E0	2.56000000000000005E9	-1.35898112756972544E2
4.99999999999999822E0	2.56999999999999984E9	-1.36750206281135567E2
4.99999999999999822E0	2.58000000000000007E9	-1.37494085401039112E2
4.99999999999999822E0	2.58999999999999986E9	-1.38156997812982740E2
4.99999999999999822E0	2.60000000000000009E9	-1.38753903487959640E2
4.99999999999999822E0	2.61000000000000032E9	-1.39294729784207716E2
4.99999999999999822E0	2.62000000000000011E9	-1.39787087790584463E2
4.99999999999999822E0	2.62999999999999989E9	-1.40237305226369213E2
4.99999999999999822E0	2.63999999999999968E9	-1.40650833922351204E2
4.99999999999999822E0	2.64999999999999991E9	-1.41032426505929087E2
4.99999999999999822E0	2.66000000000000014E9	-1.41386231123803263E2
4.99999999999999822E0	2.66999999999999993E9	-1.41715858165780761E2
4.99999999999999822E0	2.68000000000000016E9	-1.42024437754749844E2
4.99999999999999822E0	2.68999999999999995E9	-1.42314673330878882E2
4.99999999999999822E0	2.70000000000000018E9	-1.42588892152510027E2
4.99999999999999822E0	2.70999999999999996E9	-1.42849092479383111E2
4.99999999999999822E0	2.71999999999999975E9	-1.43096986751386757E2
4.99999999999999822E0	2.72999999999999998E9	-1.43334040547912589E2
4.99999999999999822E0	2.73999999999999977E9	-1.43561507186184700E2
4.99999999999999822E0	2.75000000000000000E9	-1.43780458190939653E2
4.99999999999999822E0	2.76000000000000023E9	-1.43991809786876201E2
4.99999999999999822E0	2.77000000000000002E9	-1.44196345831244632E2
4.99999999999999822E0	2.78000000000000025E9	-1.44394737608957757E2
4.99999999999999822E0	2.79000000000000004E9	-1.44587560637699308E2
4.99999999999999822E0	2.79999999999999982E9	-1.44775309172969213E2
4.99999999999999822E0	2.81000000000000005E9	-1.44958408458158239E2
4.99999999999999822E0	2.81999999999999984E9	-1.45137225177537110E2
4.99999999999999822E0	2.83000000000000007E9	-1.45312076279246249E2
4.99999999999999822E0	2.83999999999999986E9	-1.45483236509518865E2
4.99999999999999822E0	2.85000000000000009E9	-1.45650944731976861E2
4.99999999999999822E0	2.86000000000000032E9	-1.45815409334616253E2
4.99999999999999822E0	2.87000000000000011E9	-1.45976812767202557E2
4.99999999999999822E0	2.87999999999999989E9	-1.46135315349650119E2
4.99999999999999822E0	2.88999999999999968E9	-1.46291058588265233E2
4.99999999999999822E0	2.89999999999999991E9	-1.46444167861346175E2
4.99999999999999822E0	2.91000000000000014E9	-1.46594754802322980E2
4.99999999999999822E0	2.91999999999999993E9	-1.46742919236579095E2
4.99999999999999822E0	2.93000000000000016E9	-1.46888750844471505E2
4.99999999999999822E0	2.93999999999999995E9	-1.47032330600096328E2
4.99999999999999822E0	2.95000000000000018E9	-1.47173731952658549E2
4.99999999999999822E0	2.95999999999999996E9	-1.47313021839390834E2
4.99999999999999822E0	2.96999999999999975E9	-1.47450261562388607E2
4.99999999999999822E0	2.97999999999999998E9	-1.47585507502729785E2
4.99999999999999822E0	2.98999999999999977E9	-1.47718811734530808E2
4.99999999999999822E0	3.00000000000000000E9	-1.47850222596600278E2

var_c	indep(index, 1)	plot_vs(pnmx, noisefreq)[29, ::]
5.09999999999999787E0	3.00000000000000000E8	-1.42227159831952776E2
5.09999999999999787E0	3.10000000000000009E8	-1.42503169872456459E2
5.09999999999999787E0	3.20000000000000018E8	-1.42769829367298851E2
5.09999999999999787E0	3.29999999999999982E8	-1.43027691994663075E2
5.09999999999999787E0	3.39999999999999991E8	-1.43277261247910692E2
5.09999999999999787E0	3.50000000000000000E8	-1.43518996467587501E2
5.09999999999999787E0	3.60000000000000009E8	-1.43753317670813163E2
5.09999999999999787E0	3.70000000000000018E8	-1.43980609990320163E2
5.09999999999999787E0	3.79999999999999982E8	-1.44201227064870663E2
5.09999999999999787E0	3.89999999999999991E8	-1.44415494852978599E2
5.09999999999999787E0	4.00000000000000000E8	-1.44623713805049148E2
5.09999999999999787E0	4.09999999999999964E8	-1.44826161884987203E2
5.09999999999999787E0	4.20000000000000018E8	-1.45023096509637672E2
5.09999999999999787E0	4.29999999999999982E8	-1.45214756369887077E2
5.09999999999999787E0	4.40000000000000036E8	-1.45401363423708796E2
5.09999999999999787E0	4.50000000000000000E8	-1.45583124101944694E2
5.09999999999999787E0	4.59999999999999964E8	-1.45760230955661596E2
5.09999999999999787E0	4.70000000000000018E8	-1.45932863561773773E2
5.09999999999999787E0	4.79999999999999982E8	-1.46101189833501444E2
5.09999999999999787E0	4.90000000000000036E8	-1.46265366792101004E2
5.09999999999999787E0	5.00000000000000000E8	-1.46425541606918541E2
5.09999999999999787E0	5.09999999999999964E8	-1.46581852263836043E2
5.09999999999999787E0	5.20000000000000018E8	-1.46734428340245326E2
5.09999999999999787E0	5.29999999999999982E8	-1.46883391563118826E2
5.09999999999999787E0	5.40000000000000036E8	-1.47028856429285026E2
5.09999999999999787E0	5.50000000000000000E8	-1.47170930767503982E2
5.09999999999999787E0	5.59999999999999964E8	-1.47309716235439048E2
5.09999999999999787E0	5.70000000000000018E8	-1.47445308465545066E2
5.09999999999999787E0	5.79999999999999982E8	-1.47577798029204854E2
5.09999999999999787E0	5.90000000000000036E8	-1.47707270211915276E2
5.09999999999999787E0	6.00000000000000000E8	-1.47833805737948376E2
5.09999999999999787E0	6.09999999999999964E8	-1.47957480885058357E2
5.09999999999999787E0	6.20000000000000018E8	-1.48078367810870426E2
5.09999999999999787E0	6.29999999999999982E8	-1.48196534923001400E2
5.09999999999999787E0	6.40000000000000036E8	-1.48312046935934960E2
5.09999999999999787E0	6.50000000000000000E8	-1.48424965178966528E2
5.09999999999999787E0	6.59999999999999964E8	-1.48535347848179011E2
5.09999999999999787E0	6.70000000000000018E8	-1.48643250033437480E2
5.09999999999999787E0	6.79999999999999982E8	-1.48748724131351828E2
5.09999999999999787E0	6.90000000000000036E8	-1.48851819835540300E2
5.09999999999999787E0	7.00000000000000000E8	-1.48952584305958835E2
5.09999999999999787E0	7.09999999999999964E8	-1.49051062306011550E2
5.09999999999999787E0	7.20000000000000018E8	-1.49147296470608515E2
5.09999999999999787E0	7.29999999999999982E8	-1.49241327208703156E2
5.09999999999999787E0	7.40000000000000036E8	-1.49333192969545836E2
5.09999999999999787E0	7.50000000000000000E8	-1.49422930322896752E2
5.09999999999999787E0	7.59999999999999964E8	-1.49510574000799656E2
5.09999999999999787E0	7.70000000000000018E8	-1.49596157080531267E2
5.09999999999999787E0	7.79999999999999982E8	-1.49679710929856302E2
5.09999999999999787E0	7.90000000000000036E8	-1.49761265503070251E2
5.09999999999999787E0	8.00000000000000000E8	-1.49840849262470321E2
5.09999999999999787E0	8.09999999999999964E8	-1.49918489173297864E2
5.09999999999999787E0	8.19999999999999929E8	-1.49994211060727123E2
5.09999999999999787E0	8.30000000000000071E8	-1.50068039345794713E2
5.09999999999999787E0	8.40000000000000036E8	-1.50139997291571858E2
5.09999999999999787E0	8.50000000000000000E8	-1.50210107115312241E2
5.09999999999999787E0	8.59999999999999964E8	-1.50278389884961427E2
5.09999999999999787E0	8.69999999999999929E8	-1.50344865556759233E2
5.09999999999999787E0	8.80000000000000071E8	-1.50409553245746652E2
5.09999999999999787E0	8.90000000000000036E8	-1.50472471071476077E2
5.09999999999999787E0	9.00000000000000000E8	-1.50533636216116196E2
5.09999999999999787E0	9.09999999999999964E8	-1.50593065061784981E2
5.09999999999999787E0	9.19999999999999929E8	-1.50650773198829824E2
5.09999999999999787E0	9.30000000000000071E8	-1.50706775333313603E2
5.09999999999999787E0	9.40000000000000036E8	-1.50761085578637566E2
5.09999999999999787E0	9.50000000000000000E8	-1.50813717231812450E2
5.09999999999999787E0	9.59999999999999964E8	-1.50864682919220505E2
5.09999999999999787E0	9.69999999999999929E8	-1.50913994693893638E2
5.09999999999999787E0	9.80000000000000071E8	-1.50961663903967036E2
5.09999999999999787E0	9.90000000000000036E8	-1.51007701375667236E2
5.09999999999999787E0	1.00000000000000000E9	-1.51052117327759805E2
5.09999999999999787E0	1.01000000000000001E9	-1.51094921468358434E2
5.09999999999999787E0	1.02000000000000002E9	-1.51136123000739109E2
5.09999999999999787E0	1.03000000000000003E9	-1.51175730575967959E2
5.09999999999999787E0	1.04000000000000004E9	-1.51213752432545245E2
5.09999999999999787E0	1.05000000000000004E9	-1.51250196404437487E2
5.09999999999999787E0	1.06000000000000005E9	-1.51285069717048470E2
5.09999999999999787E0	1.06999999999999984E9	-1.51318379395876867E2
5.09999999999999787E0	1.08000000000000007E9	-1.51350131961592749E2
5.09999999999999787E0	1.09000000000000008E9	-1.51380333604351258E2
5.09999999999999787E0	1.10000000000000009E9	-1.51408990061843030E2
5.09999999999999787E0	1.10999999999999988E9	-1.51436106893126698E2
5.09999999999999787E0	1.11999999999999988E9	-1.51461689158008372E2
5.09999999999999787E0	1.13000000000000012E9	-1.51485741706042676E2
5.09999999999999787E0	1.14000000000000012E9	-1.51508269081259450E2
5.09999999999999787E0	1.14999999999999991E9	-1.51529275496238403E2
5.09999999999999787E0	1.15999999999999992E9	-1.51548764870131980E2
5.09999999999999787E0	1.16999999999999993E9	-1.51566740940698952E2
5.09999999999999787E0	1.18000000000000016E9	-1.51583207146831889E2
5.09999999999999787E0	1.18999999999999995E9	-1.51598166651849597E2
5.09999999999999787E0	1.19999999999999996E9	-1.51611622413159131E2
5.09999999999999787E0	1.20999999999999996E9	-1.51623577197854442E2
5.09999999999999787E0	1.21999999999999997E9	-1.51634033496686271E2
5.09999999999999787E0	1.22999999999999998E9	-1.51642993616973509E2
5.09999999999999787E0	1.23999999999999999E9	-1.51650459689152006E2
5.09999999999999787E0	1.25000000000000000E9	-1.51656433533262947E2
5.09999999999999787E0	1.26000000000000001E9	-1.51660916991468420E2
5.09999999999999787E0	1.27000000000000002E9	-1.51663911525134099E2
5.09999999999999787E0	1.28000000000000003E9	-1.51665418483269798E2
5.09999999999999787E0	1.29000000000000004E9	-1.51665439076415631E2
5.09999999999999787E0	1.30000000000000004E9	-1.51663974323717943E2
5.09999999999999787E0	1.31000000000000005E9	-1.51661025035397135E2
5.09999999999999787E0	1.31999999999999984E9	-1.51656591962605813E2
5.09999999999999787E0	1.33000000000000007E9	-1.51650675570685856E2
5.09999999999999787E0	1.34000000000000008E9	-1.51643276239726932E2
5.09999999999999787E0	1.35000000000000009E9	-1.51634394200689715E2
5.09999999999999787E0	1.35999999999999988E9	-1.51624029496165291E2
5.09999999999999787E0	1.36999999999999988E9	-1.51612182005795648E2
5.09999999999999787E0	1.38000000000000012E9	-1.51598851568207693E2
5.09999999999999787E0	1.39000000000000012E9	-1.51584037683369610E2
5.09999999999999787E0	1.39999999999999991E9	-1.51567739822384828E2
5.09999999999999787E0	1.40999999999999992E9	-1.51549957313334671E2
5.09999999999999787E0	1.41999999999999993E9	-1.51530689235632821E2
5.09999999999999787E0	1.43000000000000016E9	-1.51509934625186182E2
5.09999999999999787E0	1.43999999999999995E9	-1.51487692249332473E2
5.09999999999999787E0	1.44999999999999996E9	-1.51463960760510785E2
5.09999999999999787E0	1.45999999999999996E9	-1.51438738671963113E2
5.09999999999999787E0	1.46999999999999997E9	-1.51412024321674554E2
5.09999999999999787E0	1.47999999999999998E9	-1.51383815835695357E2
5.09999999999999787E0	1.48999999999999999E9	-1.51354111164982141E2
5.09999999999999787E0	1.50000000000000000E9	-1.51322908143312462E2
5.09999999999999787E0	1.51000000000000001E9	-1.51290204353615065E2
5.09999999999999787E0	1.52000000000000002E9	-1.51255997230144934E2
5.09999999999999787E0	1.53000000000000003E9	-1.51220283968676017E2
5.09999999999999787E0	1.54000000000000004E9	-1.51183061620598513E2
5.09999999999999787E0	1.55000000000000004E9	-1.51144326961203235E2
5.09999999999999787E0	1.56000000000000005E9	-1.51104076624760397E2
5.09999999999999787E0	1.56999999999999984E9	-1.51062306959421444E2
5.09999999999999787E0	1.58000000000000007E9	-1.51019014095215587E2
5.09999999999999787E0	1.59000000000000008E9	-1.50974193996429618E2
5.09999999999999787E0	1.60000000000000009E9	-1.50927842287858072E2
5.09999999999999787E0	1.61000000000000010E9	-1.50879954365835367E2
5.09999999999999787E0	1.61999999999999988E9	-1.50830525437966312E2
5.09999999999999787E0	1.63000000000000012E9	-1.50779550332608681E2
5.09999999999999787E0	1.63999999999999990E9	-1.50727023654233050E2
5.09999999999999787E0	1.64999999999999991E9	-1.50672939738666312E2
5.09999999999999787E0	1.66000000000000014E9	-1.50617292583048079E2
5.09999999999999787E0	1.66999999999999993E9	-1.50560075875304133E2
5.09999999999999787E0	1.68000000000000016E9	-1.50501283000756758E2
5.09999999999999787E0	1.68999999999999995E9	-1.50440907026298865E2
5.09999999999999787E0	1.69999999999999996E9	-1.50378940652199167E2
5.09999999999999787E0	1.71000000000000019E9	-1.50315376202332285E2
5.09999999999999787E0	1.71999999999999997E9	-1.50250205667400727E2
5.09999999999999787E0	1.72999999999999998E9	-1.50183420657379374E2
5.09999999999999787E0	1.73999999999999977E9	-1.50115012383091750E2
5.09999999999999787E0	1.75000000000000000E9	-1.50044971588483866E2
5.09999999999999787E0	1.76000000000000023E9	-1.49973288681553596E2
5.09999999999999787E0	1.77000000000000002E9	-1.49899953591431823E2
5.09999999999999787E0	1.78000000000000003E9	-1.49824955769145074E2
5.09999999999999787E0	1.78999999999999981E9	-1.49748284200075510E2
5.09999999999999787E0	1.80000000000000004E9	-1.49669927415855142E2
5.09999999999999787E0	1.81000000000000005E9	-1.49589873381360916E2
5.09999999999999787E0	1.81999999999999984E9	-1.49508109544878609E2
5.09999999999999787E0	1.83000000000000007E9	-1.49424622791309281E2
5.09999999999999787E0	1.83999999999999986E9	-1.49339399433803233E2
5.09999999999999787E0	1.85000000000000009E9	-1.49252425169899916E2
5.09999999999999787E0	1.86000000000000010E9	-1.49163685018617720E2
5.09999999999999787E0	1.86999999999999988E9	-1.49073163364598482E2
5.09999999999999787E0	1.88000000000000012E9	-1.48980843875378266E2
5.09999999999999787E0	1.88999999999999990E9	-1.48886709432470687E2
5.09999999999999787E0	1.89999999999999991E9	-1.48790742145229116E2
5.09999999999999787E0	1.91000000000000014E9	-1.48692923246919362E2
5.09999999999999787E0	1.91999999999999993E9	-1.48593233071675668E2
5.09999999999999787E0	1.93000000000000016E9	-1.48491650975106459E2
5.09999999999999787E0	1.93999999999999995E9	-1.48388155241551911E2
5.09999999999999787E0	1.94999999999999996E9	-1.48282723028027164E2
5.09999999999999787E0	1.96000000000000019E9	-1.48175330237445846E2
5.09999999999999787E0	1.96999999999999997E9	-1.48065951427437836E2
5.09999999999999787E0	1.97999999999999998E9	-1.47954559659350027E2
5.09999999999999787E0	1.98999999999999977E9	-1.47841126343337059E2
5.09999999999999787E0	2.00000000000000000E9	-1.47725621083739944E2
5.09999999999999787E0	2.01000000000000023E9	-1.47608011422578533E2
5.09999999999999787E0	2.02000000000000002E9	-1.47488262669705339E2
5.09999999999999787E0	2.03000000000000025E9	-1.47366337545048265E2
5.09999999999999787E0	2.04000000000000004E9	-1.47242195927186770E2
5.09999999999999787E0	2.04999999999999982E9	-1.47115794374786790E2
5.09999999999999787E0	2.06000000000000005E9	-1.46987085747481561E2
5.09999999999999787E0	2.06999999999999984E9	-1.46856018661044097E2
5.09999999999999787E0	2.08000000000000007E9	-1.46722536840700424E2
5.09999999999999787E0	2.08999999999999986E9	-1.46586578387707323E2
5.09999999999999787E0	2.10000000000000009E9	-1.46448074932376970E2
5.09999999999999787E0	2.11000000000000032E9	-1.46306950596171359E2
5.09999999999999787E0	2.12000000000000011E9	-1.46163120791077894E2
5.09999999999999787E0	2.12999999999999989E9	-1.46016490778807517E2
5.09999999999999787E0	2.13999999999999968E9	-1.45866954056596509E2
5.09999999999999787E0	2.14999999999999991E9	-1.45714390281010209E2
5.09999999999999787E0	2.16000000000000014E9	-1.45558662974821162E2
5.09999999999999787E0	2.16999999999999993E9	-1.45399616738682158E2
5.09999999999999787E0	2.18000000000000016E9	-1.45237073970364117E2
5.09999999999999787E0	2.18999999999999995E9	-1.45070830943303863E2
5.09999999999999787E0	2.20000000000000018E9	-1.44900653225078990E2
5.09999999999999787E0	2.20999999999999996E9	-1.44726270204996976E2
5.09999999999999787E0	2.21999999999999975E9	-1.44547368636821472E2
5.09999999999999787E0	2.22999999999999998E9	-1.44363585021713692E2
5.09999999999999787E0	2.23999999999999977E9	-1.44174496513690942E2
5.09999999999999787E0	2.25000000000000000E9	-1.43979610277349312E2
5.09999999999999787E0	2.26000000000000023E9	-1.43778350845925562E2
5.09999999999999787E0	2.27000000000000002E9	-1.43570045281475744E2
5.09999999999999787E0	2.28000000000000025E9	-1.43353905648111435E2
5.09999999999999787E0	2.29000000000000004E9	-1.43129008546137682E2
5.09999999999999787E0	2.29999999999999982E9	-1.42894271110120652E2
5.09999999999999787E0	2.31000000000000005E9	-1.42648423121214618E2
5.09999999999999787E0	2.31999999999999984E9	-1.42389974732644520E2
5.09999999999999787E0	2.33000000000000007E9	-1.42117179435538898E2
5.09999999999999787E0	2.33999999999999986E9	-1.41827991859579372E2
5.09999999999999787E0	2.35000000000000009E9	-1.41520020281637326E2
5.09999999999999787E0	2.36000000000000032E9	-1.41190473883555767E2
5.09999999999999787E0	2.37000000000000011E9	-1.40836104642240367E2
5.09999999999999787E0	2.37999999999999989E9	-1.40453143964502436E2
5.09999999999999787E0	2.38999999999999968E9	-1.40037232004368706E2
5.09999999999999787E0	2.39999999999999991E9	-1.39583332922321501E2
5.09999999999999787E0	2.41000000000000014E9	-1.39085614184756645E2
5.09999999999999787E0	2.41999999999999993E9	-1.38537228518037203E2
5.09999999999999787E0	2.43000000000000016E9	-1.37929830486460925E2
5.09999999999999787E0	2.43999999999999995E9	-1.37252380199346691E2
5.09999999999999787E0	2.45000000000000018E9	-1.36488028038962872E2
5.09999999999999787E0	2.45999999999999996E9	-1.35605795150133934E2
5.09999999999999787E0	2.46999999999999975E9	-1.34537919474929635E2
5.09999999999999787E0	2.47999999999999998E9	-1.33117247146548490E2
5.09999999999999787E0	2.48999999999999977E9	-1.30907924163548839E2
5.09999999999999787E0	2.50000000000000000E9	-1.26903326657248749E2
5.09999999999999787E0	2.51000000000000023E9	-1.22345367748048584E2
5.09999999999999787E0	2.52000000000000002E9	-1.28337010703461840E2
5.09999999999999787E0	2.53000000000000025E9	-1.31768310545943512E2
5.09999999999999787E0	2.54000000000000004E9	-1.33707387003723932E2
5.09999999999999787E0	2.54999999999999982E9	-1.35012724961613806E2
5.09999999999999787E0	2.56000000000000005E9	-1.36025245939590800E2
5.09999999999999787E0	2.56999999999999984E9	-1.36876103561953166E2
5.09999999999999787E0	2.58000000000000007E9	-1.37619581388318402E2
5.09999999999999787E0	2.58999999999999986E9	-1.38281416282874003E2
5.09999999999999787E0	2.60000000000000009E9	-1.38876289034469269E2
5.09999999999999787E0	2.61000000000000032E9	-1.39414256170854989E2
5.09999999999999787E0	2.62000000000000011E9	-1.39903158920168336E2
5.09999999999999787E0	2.62999999999999989E9	-1.40349547093354432E2
5.09999999999999787E0	2.63999999999999968E9	-1.40759053855965610E2
5.09999999999999787E0	2.64999999999999991E9	-1.41136568474519297E2
5.09999999999999787E0	2.66000000000000014E9	-1.41486336531631740E2
5.09999999999999787E0	2.66999999999999993E9	-1.41812034707415502E2
5.09999999999999787E0	2.68000000000000016E9	-1.42116835697185584E2
5.09999999999999787E0	2.68999999999999995E9	-1.42403468055000770E2
5.09999999999999787E0	2.70000000000000018E9	-1.42674271694808796E2
5.09999999999999787E0	2.70999999999999996E9	-1.42931248826031010E2
5.09999999999999787E0	2.71999999999999975E9	-1.43176109905879168E2
5.09999999999999787E0	2.72999999999999998E9	-1.43410314621400614E2
5.09999999999999787E0	2.73999999999999977E9	-1.43635108031574310E2
5.09999999999999787E0	2.75000000000000000E9	-1.43851551997633686E2
5.09999999999999787E0	2.76000000000000023E9	-1.44060552455544943E2
5.09999999999999787E0	2.77000000000000002E9	-1.44262882837305417E2
5.09999999999999787E0	2.78000000000000025E9	-1.44459204142433473E2
5.09999999999999787E0	2.79000000000000004E9	-1.44650082048555850E2
5.09999999999999787E0	2.79999999999999982E9	-1.44836001459119967E2
5.09999999999999787E0	2.81000000000000005E9	-1.45017378863039559E2
5.09999999999999787E0	2.81999999999999984E9	-1.45194572779810960E2
5.09999999999999787E0	2.83000000000000007E9	-1.45367892642478980E2
5.09999999999999787E0	2.83999999999999986E9	-1.45537606247706375E2
5.09999999999999787E0	2.85000000000000009E9	-1.45703946104277793E2
5.09999999999999787E0	2.86000000000000032E9	-1.45867114745001780E2
5.09999999999999787E0	2.87000000000000011E9	-1.46027289265202898E2
5.09999999999999787E0	2.87999999999999989E9	-1.46184625110865962E2
5.09999999999999787E0	2.88999999999999968E9	-1.46339259299325364E2
5.09999999999999787E0	2.89999999999999991E9	-1.46491313124669520E2
5.09999999999999787E0	2.91000000000000014E9	-1.46640894468436866E2
5.09999999999999787E0	2.91999999999999993E9	-1.46788099708463338E2
5.09999999999999787E0	2.93000000000000016E9	-1.46933015398563271E2
5.09999999999999787E0	2.93999999999999995E9	-1.47075719620183820E2
5.09999999999999787E0	2.95000000000000018E9	-1.47216283169237561E2
5.09999999999999787E0	2.95999999999999996E9	-1.47354770536501234E2
5.09999999999999787E0	2.96999999999999975E9	-1.47491240778119881E2
5.09999999999999787E0	2.97999999999999998E9	-1.47625748200010154E2
5.09999999999999787E0	2.98999999999999977E9	-1.47758342981718394E2
5.09999999999999787E0	3.00000000000000000E9	-1.47889071672543260E2

var_c	indep(index, 1)	plot_vs(pnmx, noisefreq)[30, ::]
5.19999999999999751E0	3.00000000000000000E8	-1.42232766962366108E2
5.19999999999999751E0	3.10000000000000009E8	-1.42508778230101751E2
5.19999999999999751E0	3.20000000000000018E8	-1.42775438775621089E2
5.19999999999999751E0	3.29999999999999982E8	-1.43033302198562007E2
5.19999999999999751E0	3.39999999999999991E8	-1.43282872073697010E2
5.19999999999999751E0	3.50000000000000000E8	-1.43524607669927073E2
5.19999999999999751E0	3.60000000000000009E8	-1.43758929073175956E2
5.19999999999999751E0	3.70000000000000018E8	-1.43986221280561999E2
5.19999999999999751E0	3.79999999999999982E8	-1.44206838121942238E2
5.19999999999999751E0	3.89999999999999991E8	-1.44421105380666615E2
5.19999999999999751E0	4.00000000000000000E8	-1.44629323620625927E2
5.19999999999999751E0	4.09999999999999964E8	-1.44831770847379282E2
5.19999999999999751E0	4.20000000000000018E8	-1.45028704294240596E2
5.19999999999999751E0	4.29999999999999982E8	-1.45220362864789587E2
5.19999999999999751E0	4.40000000000000036E8	-1.45406968441564688E2
5.19999999999999751E0	4.50000000000000000E8	-1.45588727427679232E2
5.19999999999999751E0	4.59999999999999964E8	-1.45765832360460079E2
5.19999999999999751E0	4.70000000000000018E8	-1.45938462915694811E2
5.19999999999999751E0	4.79999999999999982E8	-1.46106786896697427E2
5.19999999999999751E0	4.90000000000000036E8	-1.46270961375453479E2
5.19999999999999751E0	5.00000000000000000E8	-1.46431133623713383E2
5.19999999999999751E0	5.09999999999999964E8	-1.46587441500595839E2
5.19999999999999751E0	5.20000000000000018E8	-1.46740014578935818E2
5.19999999999999751E0	5.29999999999999982E8	-1.46888974696776176E2
5.19999999999999751E0	5.40000000000000036E8	-1.47034436244129152E2
5.19999999999999751E0	5.50000000000000000E8	-1.47176507129402800E2
5.19999999999999751E0	5.59999999999999964E8	-1.47315288896997787E2
5.19999999999999751E0	5.70000000000000018E8	-1.47450877403659431E2
5.19999999999999751E0	5.79999999999999982E8	-1.47583362966485998E2
5.19999999999999751E0	5.90000000000000036E8	-1.47712831020384905E2
5.19999999999999751E0	6.00000000000000000E8	-1.47839362295150401E2
5.19999999999999751E0	6.09999999999999964E8	-1.47963033007246447E2
5.19999999999999751E0	6.20000000000000018E8	-1.48083915411187483E2
5.19999999999999751E0	6.29999999999999982E8	-1.48202077823618761E2
5.19999999999999751E0	6.40000000000000036E8	-1.48317584941994163E2
5.19999999999999751E0	6.50000000000000000E8	-1.48430498168788683E2
5.19999999999999751E0	6.59999999999999964E8	-1.48540875686378260E2
5.19999999999999751E0	6.70000000000000018E8	-1.48648772580076005E2
5.19999999999999751E0	6.79999999999999982E8	-1.48754241242844021E2
5.19999999999999751E0	6.90000000000000036E8	-1.48857331382671099E2
5.19999999999999751E0	7.00000000000000000E8	-1.48958090108890295E2
5.19999999999999751E0	7.09999999999999964E8	-1.49056562270797133E2
5.19999999999999751E0	7.20000000000000018E8	-1.49152790444116112E2
5.19999999999999751E0	7.29999999999999982E8	-1.49246815091430518E2
5.19999999999999751E0	7.40000000000000036E8	-1.49338674587334364E2
5.19999999999999751E0	7.50000000000000000E8	-1.49428405575557788E2
5.19999999999999751E0	7.59999999999999964E8	-1.49516042748161726E2
5.19999999999999751E0	7.70000000000000018E8	-1.49601619182138235E2
5.19999999999999751E0	7.79999999999999982E8	-1.49685166296113148E2
5.19999999999999751E0	7.90000000000000036E8	-1.49766713990863964E2
5.19999999999999751E0	8.00000000000000000E8	-1.49846290720218844E2
5.19999999999999751E0	8.09999999999999964E8	-1.49923923543680115E2
5.19999999999999751E0	8.19999999999999929E8	-1.49999638149558878E2
5.19999999999999751E0	8.30000000000000071E8	-1.50073459088518080E2
5.19999999999999751E0	8.40000000000000036E8	-1.50145409582095324E2
5.19999999999999751E0	8.50000000000000000E8	-1.50215511804747126E2
5.19999999999999751E0	8.59999999999999964E8	-1.50283786838556521E2
5.19999999999999751E0	8.69999999999999929E8	-1.50350254691430263E2
5.19999999999999751E0	8.80000000000000071E8	-1.50414934491042551E2
5.19999999999999751E0	8.90000000000000036E8	-1.50477844265846161E2
5.19999999999999751E0	9.00000000000000000E8	-1.50539001278404472E2
5.19999999999999751E0	9.09999999999999964E8	-1.50598421891017109E2
5.19999999999999751E0	9.19999999999999929E8	-1.50656121687141598E2
5.19999999999999751E0	9.30000000000000071E8	-1.50712115441858940E2
5.19999999999999751E0	9.40000000000000036E8	-1.50766417135305320E2
5.19999999999999751E0	9.50000000000000000E8	-1.50819040170738061E2
5.19999999999999751E0	9.59999999999999964E8	-1.50869997171520498E2
5.19999999999999751E0	9.69999999999999929E8	-1.50919300162274594E2
5.19999999999999751E0	9.80000000000000071E8	-1.50966960496092684E2
5.19999999999999751E0	9.90000000000000036E8	-1.51012989000812037E2
5.19999999999999751E0	1.00000000000000000E9	-1.51057395940619243E2
5.19999999999999751E0	1.01000000000000001E9	-1.51100190987485705E2
5.19999999999999751E0	1.02000000000000002E9	-1.51141383358273629E2
5.19999999999999751E0	1.03000000000000003E9	-1.51180981698525829E2
5.19999999999999751E0	1.04000000000000004E9	-1.51218994284013730E2
5.19999999999999751E0	1.05000000000000004E9	-1.51255428874282538E2
5.19999999999999751E0	1.06000000000000005E9	-1.51290292806510007E2
5.19999999999999751E0	1.06999999999999984E9	-1.51323593080508911E2
5.19999999999999751E0	1.08000000000000007E9	-1.51355336176511956E2
5.19999999999999751E0	1.09000000000000008E9	-1.51385528265988922E2
5.19999999999999751E0	1.10000000000000009E9	-1.51414175242178395E2
5.19999999999999751E0	1.10999999999999988E9	-1.51441282504904828E2
5.19999999999999751E0	1.11999999999999988E9	-1.51466855168879744E2
5.19999999999999751E0	1.13000000000000012E9	-1.51490898146765951E2
5.19999999999999751E0	1.14000000000000012E9	-1.51513415915053540E2
5.19999999999999751E0	1.14999999999999991E9	-1.51534412728342094E2
5.19999999999999751E0	1.15999999999999992E9	-1.51553892558598924E2
5.19999999999999751E0	1.16999999999999993E9	-1.51571859078694149E2
5.19999999999999751E0	1.18000000000000016E9	-1.51588315761486458E2
5.19999999999999751E0	1.18999999999999995E9	-1.51603265797751829E2
5.19999999999999751E0	1.19999999999999996E9	-1.51616712107469676E2
5.19999999999999751E0	1.20999999999999996E9	-1.51628657509402798E2
5.19999999999999751E0	1.21999999999999997E9	-1.51639104503573252E2
5.19999999999999751E0	1.22999999999999998E9	-1.51648055406484827E2
5.19999999999999751E0	1.23999999999999999E9	-1.51655512306261042E2
5.19999999999999751E0	1.25000000000000000E9	-1.51661477152869706E2
5.19999999999999751E0	1.26000000000000001E9	-1.51665951661682752E2
5.19999999999999751E0	1.27000000000000002E9	-1.51668937414719585E2
5.19999999999999751E0	1.28000000000000003E9	-1.51670435715944008E2
5.19999999999999751E0	1.29000000000000004E9	-1.51670447816921783E2
5.19999999999999751E0	1.30000000000000004E9	-1.51668974760888675E2
5.19999999999999751E0	1.31000000000000005E9	-1.51666017349737503E2
5.19999999999999751E0	1.31999999999999984E9	-1.51661576312183444E2
5.19999999999999751E0	1.33000000000000007E9	-1.51655652235147143E2
5.19999999999999751E0	1.34000000000000008E9	-1.51648245446247465E2
5.19999999999999751E0	1.35000000000000009E9	-1.51639356195205388E2
5.19999999999999751E0	1.35999999999999988E9	-1.51628984567449576E2
5.19999999999999751E0	1.36999999999999988E9	-1.51617130490002738E2
5.19999999999999751E0	1.38000000000000012E9	-1.51603793736337744E2
5.19999999999999751E0	1.39000000000000012E9	-1.51588973909760050E2
5.19999999999999751E0	1.39999999999999991E9	-1.51572670532842402E2
5.19999999999999751E0	1.40999999999999992E9	-1.51554882830065418E2
5.19999999999999751E0	1.41999999999999993E9	-1.51535610042008284E2
5.19999999999999751E0	1.43000000000000016E9	-1.51514851169668718E2
5.19999999999999751E0	1.43999999999999995E9	-1.51492604979468948E2
5.19999999999999751E0	1.44999999999999996E9	-1.51468870265779953E2
5.19999999999999751E0	1.45999999999999996E9	-1.51443645491912182E2
5.19999999999999751E0	1.46999999999999997E9	-1.51416929010508405E2
5.19999999999999751E0	1.47999999999999998E9	-1.51388719053432430E2
5.19999999999999751E0	1.48999999999999999E9	-1.51359013604967685E2
5.19999999999999751E0	1.50000000000000000E9	-1.51327810481515601E2
5.19999999999999751E0	1.51000000000000001E9	-1.51295107365065662E2
5.19999999999999751E0	1.52000000000000002E9	-1.51260901721148988E2
5.19999999999999751E0	1.53000000000000003E9	-1.51225190781983421E2
5.19999999999999751E0	1.54000000000000004E9	-1.51187971665356535E2
5.19999999999999751E0	1.55000000000000004E9	-1.51149241193755479E2
5.19999999999999751E0	1.56000000000000005E9	-1.51108996070027457E2
5.19999999999999751E0	1.56999999999999984E9	-1.51067232694747089E2
5.19999999999999751E0	1.58000000000000007E9	-1.51023947279493265E2
5.19999999999999751E0	1.59000000000000008E9	-1.50979135823093702E2
5.19999999999999751E0	1.60000000000000009E9	-1.50932794037187956E2
5.19999999999999751E0	1.61000000000000010E9	-1.50884917417778763E2
5.19999999999999751E0	1.61999999999999988E9	-1.50835501212136291E2
5.19999999999999751E0	1.63000000000000012E9	-1.50784540360522046E2
5.19999999999999751E0	1.63999999999999990E9	-1.50732029552692692E2
5.19999999999999751E0	1.64999999999999991E9	-1.50677963219304489E2
5.19999999999999751E0	1.66000000000000014E9	-1.50622335463478230E2
5.19999999999999751E0	1.66999999999999993E9	-1.50565140043701584E2
5.19999999999999751E0	1.68000000000000016E9	-1.50506370536406520E2
5.19999999999999751E0	1.68999999999999995E9	-1.50446020051439233E2
5.19999999999999751E0	1.69999999999999996E9	-1.50384081418255233E2
5.19999999999999751E0	1.71000000000000019E9	-1.50320547163570639E2
5.19999999999999751E0	1.71999999999999997E9	-1.50255409364073644E2
5.19999999999999751E0	1.72999999999999998E9	-1.50188659783690914E2
5.19999999999999751E0	1.73999999999999977E9	-1.50120289771108117E2
5.19999999999999751E0	1.75000000000000000E9	-1.50050290323088698E2
5.19999999999999751E0	1.76000000000000023E9	-1.49978651947980612E2
5.19999999999999751E0	1.77000000000000002E9	-1.49905364790336026E2
5.19999999999999751E0	1.78000000000000003E9	-1.49830418515991015E2
5.19999999999999751E0	1.78999999999999981E9	-1.49753802317252172E2
5.19999999999999751E0	1.80000000000000004E9	-1.49675504948484339E2
5.19999999999999751E0	1.81000000000000005E9	-1.49595514612392178E2
5.19999999999999751E0	1.81999999999999984E9	-1.49513819034405016E2
5.19999999999999751E0	1.83000000000000007E9	-1.49430405373236108E2
5.19999999999999751E0	1.83999999999999986E9	-1.49345260209707620E2
5.19999999999999751E0	1.85000000000000009E9	-1.49258369547094283E2
5.19999999999999751E0	1.86000000000000010E9	-1.49169718778468896E2
5.19999999999999751E0	1.86999999999999988E9	-1.49079292603378422E2
5.19999999999999751E0	1.88000000000000012E9	-1.48987075056943508E2
5.19999999999999751E0	1.88999999999999990E9	-1.48893049442143832E2
5.19999999999999751E0	1.89999999999999991E9	-1.48797198243719864E2
5.19999999999999751E0	1.91000000000000014E9	-1.48699503189548166E2
5.19999999999999751E0	1.91999999999999993E9	-1.48599945054507043E2
5.19999999999999751E0	1.93000000000000016E9	-1.48498503720373054E2
5.19999999999999751E0	1.93999999999999995E9	-1.48395157990197823E2
5.19999999999999751E0	1.94999999999999996E9	-1.48289885578086333E2
5.19999999999999751E0	1.96000000000000019E9	-1.48182663027069683E2
5.19999999999999751E0	1.96999999999999997E9	-1.48073465493988188E2
5.19999999999999751E0	1.97999999999999998E9	-1.47962266721128599E2
5.19999999999999751E0	1.98999999999999977E9	-1.47849038838061242E2
5.19999999999999751E0	2.00000000000000000E9	-1.47733752196333890E2
5.19999999999999751E0	2.01000000000000023E9	-1.47616375149404289E2
5.19999999999999751E0	2.02000000000000002E9	-1.47496873813434526E2
5.19999999999999751E0	2.03000000000000025E9	-1.47375211842752840E2
5.19999999999999751E0	2.04000000000000004E9	-1.47251349957124655E2
5.19999999999999751E0	2.04999999999999982E9	-1.47125245753441281E2
5.19999999999999751E0	2.06000000000000005E9	-1.46996853064398936E2
5.19999999999999751E0	2.06999999999999984E9	-1.46866121560082474E2
5.19999999999999751E0	2.08000000000000007E9	-1.46732996006997540E2
5.19999999999999751E0	2.08999999999999986E9	-1.46597415640265227E2
5.19999999999999751E0	2.10000000000000009E9	-1.46459313191899887E2
5.19999999999999751E0	2.11000000000000032E9	-1.46318613882262794E2
5.19999999999999751E0	2.12000000000000011E9	-1.46175234258485576E2
5.19999999999999751E0	2.12999999999999989E9	-1.46029080673095613E2
5.19999999999999751E0	2.13999999999999968E9	-1.45880047599053486E2
5.19999999999999751E0	2.14999999999999991E9	-1.45728015649590992E2
5.19999999999999751E0	2.16000000000000014E9	-1.45572849125765402E2
5.19999999999999751E0	2.16999999999999993E9	-1.45414393222722582E2
5.19999999999999751E0	2.18000000000000016E9	-1.45252470648094878E2
5.19999999999999751E0	2.18999999999999995E9	-1.45086877647255186E2
5.19999999999999751E0	2.20000000000000018E9	-1.44917379267764135E2
5.19999999999999751E0	2.20999999999999996E9	-1.44743703763040910E2
5.19999999999999751E0	2.21999999999999975E9	-1.44565535953696456E2
5.19999999999999751E0	2.22999999999999998E9	-1.44382509332994191E2
5.19999999999999751E0	2.23999999999999977E9	-1.44194196734236235E2
5.19999999999999751E0	2.25000000000000000E9	-1.44000099265389991E2
5.19999999999999751E0	2.26000000000000023E9	-1.43799633222345125E2
5.19999999999999751E0	2.27000000000000002E9	-1.43592114628411349E2
5.19999999999999751E0	2.28000000000000025E9	-1.43376740953972526E2
5.19999999999999751E0	2.29000000000000004E9	-1.43152569699513887E2
5.19999999999999751E0	2.29999999999999982E9	-1.42918493143638470E2
5.19999999999999751E0	2.31000000000000005E9	-1.42673208961492826E2
5.19999999999999751E0	2.31999999999999984E9	-1.42415185958849877E2
5.19999999999999751E0	2.33000000000000007E9	-1.42142624600541811E2
5.19999999999999751E0	2.33999999999999986E9	-1.41853411735665569E2
5.19999999999999751E0	2.35000000000000009E9	-1.41545069166760973E2
5.19999999999999751E0	2.36000000000000032E9	-1.41214696047187260E2
5.19999999999999751E0	2.37000000000000011E9	-1.40858904741452196E2
5.19999999999999751E0	2.37999999999999989E9	-1.40473749683403826E2
5.19999999999999751E0	2.38999999999999968E9	-1.40054647301948476E2
5.19999999999999751E0	2.39999999999999991E9	-1.39596278812957619E2
5.19999999999999751E0	2.41000000000000014E9	-1.39092453074546007E2
5.19999999999999751E0	2.41999999999999993E9	-1.38535863318904728E2
5.19999999999999751E0	2.43000000000000016E9	-1.37917559220398434E2
5.19999999999999751E0	2.43999999999999995E9	-1.37225652019413014E2
5.19999999999999751E0	2.45000000000000018E9	-1.36441947708917444E2
5.19999999999999751E0	2.45999999999999996E9	-1.35532919597204815E2
5.19999999999999751E0	2.46999999999999975E9	-1.34424983246741814E2
5.19999999999999751E0	2.47999999999999998E9	-1.32935919339887043E2
5.19999999999999751E0	2.48999999999999977E9	-1.30591394674230332E2
5.19999999999999751E0	2.50000000000000000E9	-1.26360831141218100E2
5.19999999999999751E0	2.51000000000000023E9	-1.23324999598436258E2
5.19999999999999751E0	2.52000000000000002E9	-1.28767760302757628E2
5.19999999999999751E0	2.53000000000000025E9	-1.31995397724381291E2
5.19999999999999751E0	2.54000000000000004E9	-1.33860250768721256E2
5.19999999999999751E0	2.54999999999999982E9	-1.35142602139672419E2
5.19999999999999751E0	2.56000000000000005E9	-1.36149157146206257E2
5.19999999999999751E0	2.56999999999999984E9	-1.36998743410969337E2
5.19999999999999751E0	2.58000000000000007E9	-1.37741457994584837E2
5.19999999999999751E0	2.58999999999999986E9	-1.38401811590391022E2
5.19999999999999751E0	2.60000000000000009E9	-1.38994306173349402E2
5.19999999999999751E0	2.61000000000000032E9	-1.39529154295238689E2
5.19999999999999751E0	2.62000000000000011E9	-1.40014425404675391E2
5.19999999999999751E0	2.62999999999999989E9	-1.40456879652062083E2
5.19999999999999751E0	2.63999999999999968E9	-1.40862317694952188E2
5.19999999999999751E0	2.64999999999999991E9	-1.41235752349655463E2
5.19999999999999751E0	2.66000000000000014E9	-1.41581515609547748E2
5.19999999999999751E0	2.66999999999999993E9	-1.41903341314038256E2
5.19999999999999751E0	2.68000000000000016E9	-1.42204437514481730E2
5.19999999999999751E0	2.68999999999999995E9	-1.42487552307698273E2
5.19999999999999751E0	2.70000000000000018E9	-1.42755033993892555E2
5.19999999999999751E0	2.70999999999999996E9	-1.43008885463979807E2
5.19999999999999751E0	2.71999999999999975E9	-1.43250812744661049E2
5.19999999999999751E0	2.72999999999999998E9	-1.43482267907138850E2
5.19999999999999751E0	2.73999999999999977E9	-1.43704486418534461E2
5.19999999999999751E0	2.75000000000000000E9	-1.43918519577773663E2
5.19999999999999751E0	2.76000000000000023E9	-1.44125262413977628E2
5.19999999999999751E0	2.77000000000000002E9	-1.44325477508166777E2
5.19999999999999751E0	2.78000000000000025E9	-1.44519815356036885E2
5.19999999999999751E0	2.79000000000000004E9	-1.44708831641807789E2
5.19999999999999751E0	2.79999999999999982E9	-1.44893001892696227E2
5.19999999999999751E0	2.81000000000000005E9	-1.45072733855141633E2
5.19999999999999751E0	2.81999999999999984E9	-1.45248377979776189E2
5.19999999999999751E0	2.83000000000000007E9	-1.45420236266737080E2
5.19999999999999751E0	2.83999999999999986E9	-1.45588569678284951E2
5.19999999999999751E0	2.85000000000000009E9	-1.45753604496505984E2
5.19999999999999751E0	2.86000000000000032E9	-1.45915537551531949E2
5.19999999999999751E0	2.87000000000000011E9	-1.46074540742114323E2
5.19999999999999751E0	2.87999999999999989E9	-1.46230764741026653E2
5.19999999999999751E0	2.88999999999999968E9	-1.46384342259574174E2
5.19999999999999751E0	2.89999999999999991E9	-1.46535390602684035E2
5.19999999999999751E0	2.91000000000000014E9	-1.46684014057734058E2
5.19999999999999751E0	2.91999999999999993E9	-1.46830305684924012E2
5.19999999999999751E0	2.93000000000000016E9	-1.46974349015456385E2
5.19999999999999751E0	2.93999999999999995E9	-1.47116219342389387E2
5.19999999999999751E0	2.95000000000000018E9	-1.47255984928670691E2
5.19999999999999751E0	2.95999999999999996E9	-1.47393707921717310E2
5.19999999999999751E0	2.96999999999999975E9	-1.47529445228931788E2
5.19999999999999751E0	2.97999999999999998E9	-1.47663249160557131E2
5.19999999999999751E0	2.98999999999999977E9	-1.47795168074432626E2
5.19999999999999751E0	3.00000000000000000E9	-1.47925246824681889E2

var_c	indep(index, 1)	plot_vs(pnmx, noisefreq)[31, ::]
5.29999999999999716E0	3.00000000000000000E8	-1.42237239164359908E2
5.29999999999999716E0	3.10000000000000009E8	-1.42513251805121621E2
5.29999999999999716E0	3.20000000000000018E8	-1.42779913487012955E2
5.29999999999999716E0	3.29999999999999982E8	-1.43037777836045210E2
5.29999999999999716E0	3.39999999999999991E8	-1.43287348477736542E2
5.29999999999999716E0	3.50000000000000000E8	-1.43529084595210987E2
5.29999999999999716E0	3.60000000000000009E8	-1.43763406269810945E2
5.29999999999999716E0	3.70000000000000018E8	-1.43990698494391189E2
5.29999999999999716E0	3.79999999999999982E8	-1.44211315248436978E2
5.29999999999999716E0	3.89999999999999991E8	-1.44425582133881436E2
5.29999999999999716E0	4.00000000000000000E8	-1.44633799876953573E2
5.29999999999999716E0	4.09999999999999964E8	-1.44836246348471653E2
5.29999999999999716E0	4.20000000000000018E8	-1.45033178904402460E2
5.29999999999999716E0	4.29999999999999982E8	-1.45224836315301320E2
5.29999999999999716E0	4.40000000000000036E8	-1.45411440549772331E2
5.29999999999999716E0	4.50000000000000000E8	-1.45593198025630910E2
5.29999999999999716E0	4.59999999999999964E8	-1.45770301306512517E2
5.29999999999999716E0	4.70000000000000018E8	-1.45942929954658673E2
5.29999999999999716E0	4.79999999999999982E8	-1.46111251862721803E2
5.29999999999999716E0	4.90000000000000036E8	-1.46275424135111476E2
5.29999999999999716E0	5.00000000000000000E8	-1.46435593959741994E2
5.29999999999999716E0	5.09999999999999964E8	-1.46591899265803716E2
5.29999999999999716E0	5.20000000000000018E8	-1.46744469573764524E2
5.29999999999999716E0	5.29999999999999982E8	-1.46893426750844247E2
5.29999999999999716E0	5.40000000000000036E8	-1.47038885261193908E2
5.29999999999999716E0	5.50000000000000000E8	-1.47180952923115371E2
5.29999999999999716E0	5.59999999999999964E8	-1.47319731294291723E2
5.29999999999999716E0	5.70000000000000018E8	-1.47455316222304900E2
5.29999999999999716E0	5.79999999999999982E8	-1.47587798109035018E2
5.29999999999999716E0	5.90000000000000036E8	-1.47717262318156251E2
5.29999999999999716E0	6.00000000000000000E8	-1.47843789561387728E2
5.29999999999999716E0	6.09999999999999964E8	-1.47967456140638842E2
5.29999999999999716E0	6.20000000000000018E8	-1.48088334212751027E2
5.29999999999999716E0	6.29999999999999982E8	-1.48206492169466109E2
5.29999999999999716E0	6.40000000000000036E8	-1.48321994735600016E2
5.29999999999999716E0	6.50000000000000000E8	-1.48434903220975900E2
5.29999999999999716E0	6.59999999999999964E8	-1.48545275858185422E2
5.29999999999999716E0	6.70000000000000018E8	-1.48653167756556348E2
5.29999999999999716E0	6.79999999999999982E8	-1.48758631245628692E2
5.29999999999999716E0	6.90000000000000036E8	-1.48861716113939280E2
5.29999999999999716E0	7.00000000000000000E8	-1.48962469433692601E2
5.29999999999999716E0	7.09999999999999964E8	-1.49060936049806858E2
5.29999999999999716E0	7.20000000000000018E8	-1.49157158536332246E2
5.29999999999999716E0	7.29999999999999982E8	-1.49251177318373141E2
5.29999999999999716E0	7.40000000000000036E8	-1.49343030888219119E2
5.29999999999999716E0	7.50000000000000000E8	-1.49432755825411423E2
5.29999999999999716E0	7.59999999999999964E8	-1.49520386802465910E2
5.29999999999999716E0	7.70000000000000018E8	-1.49605956905873594E2
5.29999999999999716E0	7.79999999999999982E8	-1.49689497563314222E2
5.29999999999999716E0	7.90000000000000036E8	-1.49771038698579240E2
5.29999999999999716E0	8.00000000000000000E8	-1.49850608732330204E2
5.29999999999999716E0	8.09999999999999964E8	-1.49928234717084141E2
5.29999999999999716E0	8.19999999999999929E8	-1.50003942429655313E2
5.29999999999999716E0	8.30000000000000071E8	-1.50077756288466491E2
5.29999999999999716E0	8.40000000000000036E8	-1.50149699619232191E2
5.29999999999999716E0	8.50000000000000000E8	-1.50219794593725986E2
5.29999999999999716E0	8.59999999999999964E8	-1.50288062252644639E2
5.29999999999999716E0	8.69999999999999929E8	-1.50354522597166840E2
5.29999999999999716E0	8.80000000000000071E8	-1.50419194785147625E2
5.29999999999999716E0	8.90000000000000036E8	-1.50482096845308377E2
5.29999999999999716E0	9.00000000000000000E8	-1.50543246050097501E2
5.29999999999999716E0	9.09999999999999964E8	-1.50602658750531759E2
5.29999999999999716E0	9.19999999999999929E8	-1.50660350530852671E2
5.29999999999999716E0	9.30000000000000071E8	-1.50716336124543071E2
5.29999999999999716E0	9.40000000000000036E8	-1.50770629665291445E2
5.29999999999999716E0	9.50000000000000000E8	-1.50823244366156706E2
5.29999999999999716E0	9.59999999999999964E8	-1.50874192958774844E2
5.29999999999999716E0	9.69999999999999929E8	-1.50923487474880558E2
5.29999999999999716E0	9.80000000000000071E8	-1.50971139255225584E2
5.29999999999999716E0	9.90000000000000036E8	-1.51017159102710763E2
5.29999999999999716E0	1.00000000000000000E9	-1.51061557334637975E2
5.29999999999999716E0	1.01000000000000001E9	-1.51104343587824363E2
5.29999999999999716E0	1.02000000000000002E9	-1.51145527068100272E2
5.29999999999999716E0	1.03000000000000003E9	-1.51185116479073289E2
5.29999999999999716E0	1.04000000000000004E9	-1.51223120060374017E2
5.29999999999999716E0	1.05000000000000004E9	-1.51259545603564005E2
5.29999999999999716E0	1.06000000000000005E9	-1.51294400429181253E2
5.29999999999999716E0	1.06999999999999984E9	-1.51327691519798613E2
5.29999999999999716E0	1.08000000000000007E9	-1.51359425385788215E2
5.29999999999999716E0	1.09000000000000008E9	-1.51389608219066174E2
5.29999999999999716E0	1.10000000000000009E9	-1.51418245891564096E2
5.29999999999999716E0	1.10999999999999988E9	-1.51445343815381706E2
5.29999999999999716E0	1.11999999999999988E9	-1.51470907177426084E2
5.29999999999999716E0	1.13000000000000012E9	-1.51494940792114252E2
5.29999999999999716E0	1.14000000000000012E9	-1.51517449208688171E2
5.29999999999999716E0	1.14999999999999991E9	-1.51538436642039986E2
5.29999999999999716E0	1.15999999999999992E9	-1.51557907101395317E2
5.29999999999999716E0	1.16999999999999993E9	-1.51575864264506976E2
5.29999999999999716E0	1.18000000000000016E9	-1.51592311587837880E2
5.29999999999999716E0	1.18999999999999995E9	-1.51607252329426001E2
5.29999999999999716E0	1.19999999999999996E9	-1.51620689388725172E2
5.29999999999999716E0	1.20999999999999996E9	-1.51632625552690348E2
5.29999999999999716E0	1.21999999999999997E9	-1.51643063372458564E2
5.29999999999999716E0	1.22999999999999998E9	-1.51652005175209270E2
5.29999999999999716E0	1.23999999999999999E9	-1.51659453077550577E2
5.29999999999999716E0	1.25000000000000000E9	-1.51665408948903990E2
5.29999999999999716E0	1.26000000000000001E9	-1.51669874646133662E2
5.29999999999999716E0	1.27000000000000002E9	-1.51672851647388285E2
5.29999999999999716E0	1.28000000000000003E9	-1.51674341382784283E2
5.29999999999999716E0	1.29000000000000004E9	-1.51674345025388058E2
5.29999999999999716E0	1.30000000000000004E9	-1.51672863675877179E2
5.29999999999999716E0	1.31000000000000005E9	-1.51669898112014412E2
5.29999999999999716E0	1.31999999999999984E9	-1.51665449156706500E2
5.29999999999999716E0	1.33000000000000007E9	-1.51659517329362026E2
5.29999999999999716E0	1.34000000000000008E9	-1.51652103032520280E2
5.29999999999999716E0	1.35000000000000009E9	-1.51643206531030161E2
5.29999999999999716E0	1.35999999999999988E9	-1.51632827870070197E2
5.29999999999999716E0	1.36999999999999988E9	-1.51620967078465774E2
5.29999999999999716E0	1.38000000000000012E9	-1.51607623907384514E2
5.29999999999999716E0	1.39000000000000012E9	-1.51592797968147242E2
5.29999999999999716E0	1.39999999999999991E9	-1.51576488827001810E2
5.29999999999999716E0	1.40999999999999992E9	-1.51558695777294927E2
5.29999999999999716E0	1.41999999999999993E9	-1.51539417989566605E2
5.29999999999999716E0	1.43000000000000016E9	-1.51518654553969112E2
5.29999999999999716E0	1.43999999999999995E9	-1.51496404359583647E2
5.29999999999999716E0	1.44999999999999996E9	-1.51472665998928790E2
5.29999999999999716E0	1.45999999999999996E9	-1.51447438188585348E2
5.29999999999999716E0	1.46999999999999997E9	-1.51420719207608800E2
5.29999999999999716E0	1.47999999999999998E9	-1.51392507332508663E2
5.29999999999999716E0	1.48999999999999999E9	-1.51362800596028957E2
5.29999999999999716E0	1.50000000000000000E9	-1.51331596893914333E2
5.29999999999999716E0	1.51000000000000001E9	-1.51298893876377649E2
5.29999999999999716E0	1.52000000000000002E9	-1.51264689108793071E2
5.29999999999999716E0	1.53000000000000003E9	-1.51228979875725433E2
5.29999999999999716E0	1.54000000000000004E9	-1.51191763295656001E2
5.29999999999999716E0	1.55000000000000004E9	-1.51153036303099153E2
5.29999999999999716E0	1.56000000000000005E9	-1.51112795589461890E2
5.29999999999999716E0	1.56999999999999984E9	-1.51071037677960662E2
5.29999999999999716E0	1.58000000000000007E9	-1.51027758817567248E2
5.29999999999999716E0	1.59000000000000008E9	-1.50982955061263113E2
5.29999999999999716E0	1.60000000000000009E9	-1.50936622192409997E2
5.29999999999999716E0	1.61000000000000010E9	-1.50888755803657837E2
5.29999999999999716E0	1.61999999999999988E9	-1.50839351180991943E2
5.29999999999999716E0	1.63000000000000012E9	-1.50788403383364522E2
5.29999999999999716E0	1.63999999999999990E9	-1.50735907189462592E2
5.29999999999999716E0	1.64999999999999991E9	-1.50681857096349070E2
5.29999999999999716E0	1.66000000000000014E9	-1.50626247273281799E2
5.29999999999999716E0	1.66999999999999993E9	-1.50569071678051136E2
5.29999999999999716E0	1.68000000000000016E9	-1.50510323927324130E2
5.29999999999999716E0	1.68999999999999995E9	-1.50449997234738531E2
5.29999999999999716E0	1.69999999999999996E9	-1.50388084609218287E2
5.29999999999999716E0	1.71000000000000019E9	-1.50324578628662198E2
5.29999999999999716E0	1.71999999999999997E9	-1.50259471593194904E2
5.29999999999999716E0	1.72999999999999998E9	-1.50192755357752405E2
5.29999999999999716E0	1.73999999999999977E9	-1.50124421439476041E2
5.29999999999999716E0	1.75000000000000000E9	-1.50054460991540450E2
5.29999999999999716E0	1.76000000000000023E9	-1.49982864728887133E2
5.29999999999999716E0	1.77000000000000002E9	-1.49909622930983111E2
5.29999999999999716E0	1.78000000000000003E9	-1.49834725483362274E2
5.29999999999999716E0	1.78999999999999981E9	-1.49758161817922208E2
5.29999999999999716E0	1.80000000000000004E9	-1.49679920852006543E2
5.29999999999999716E0	1.81000000000000005E9	-1.49599991062841187E2
5.29999999999999716E0	1.81999999999999984E9	-1.49518360404050599E2
5.29999999999999716E0	1.83000000000000007E9	-1.49435016309674285E2
5.29999999999999716E0	1.83999999999999986E9	-1.49349945659778682E2
5.29999999999999716E0	1.85000000000000009E9	-1.49263134752367921E2
5.29999999999999716E0	1.86000000000000010E9	-1.49174569254667833E2
5.29999999999999716E0	1.86999999999999988E9	-1.49084234263996396E2
5.29999999999999716E0	1.88000000000000012E9	-1.48992114150090726E2
5.29999999999999716E0	1.88999999999999990E9	-1.48898192580950495E2
5.29999999999999716E0	1.89999999999999991E9	-1.48802452491269044E2
5.29999999999999716E0	1.91000000000000014E9	-1.48704876020306109E2
5.29999999999999716E0	1.91999999999999993E9	-1.48605444399493170E2
5.29999999999999716E0	1.93000000000000016E9	-1.48504137992628582E2
5.29999999999999716E0	1.93999999999999995E9	-1.48400936144041617E2
5.29999999999999716E0	1.94999999999999996E9	-1.48295817124712248E2
5.29999999999999716E0	1.96000000000000019E9	-1.48188758030259460E2
5.29999999999999716E0	1.96999999999999997E9	-1.48079734659563456E2
5.29999999999999716E0	1.97999999999999998E9	-1.47968721408999171E2
5.29999999999999716E0	1.98999999999999977E9	-1.47855691121513311E2
5.29999999999999716E0	2.00000000000000000E9	-1.47740614851943008E2
5.29999999999999716E0	2.01000000000000023E9	-1.47623461745826079E2
5.29999999999999716E0	2.02000000000000002E9	-1.47504198758647465E2
5.29999999999999716E0	2.03000000000000025E9	-1.47382790383421192E2
5.29999999999999716E0	2.04000000000000004E9	-1.47259198246171263E2
5.29999999999999716E0	2.04999999999999982E9	-1.47133380884372444E2
5.29999999999999716E0	2.06000000000000005E9	-1.47005293145801619E2
5.29999999999999716E0	2.06999999999999984E9	-1.46874885695896129E2
5.29999999999999716E0	2.08000000000000007E9	-1.46742104382799532E2
5.29999999999999716E0	2.08999999999999986E9	-1.46606889505027427E2
5.29999999999999716E0	2.10000000000000009E9	-1.46469174903128296E2
5.29999999999999716E0	2.11000000000000032E9	-1.46328886937661018E2
5.29999999999999716E0	2.12000000000000011E9	-1.46185943239151794E2
5.29999999999999716E0	2.12999999999999989E9	-1.46040251241373475E2
5.29999999999999716E0	2.13999999999999968E9	-1.45891706457954529E2
5.29999999999999716E0	2.14999999999999991E9	-1.45740190433274619E2
5.29999999999999716E0	2.16000000000000014E9	-1.45585568288751799E2
5.29999999999999716E0	2.16999999999999993E9	-1.45427685854938371E2
5.29999999999999716E0	2.18000000000000016E9	-1.45266366221903764E2
5.29999999999999716E0	2.18999999999999995E9	-1.45101405656665206E2
5.29999999999999716E0	2.20000000000000018E9	-1.44932568816782670E2
5.29999999999999716E0	2.20999999999999996E9	-1.44759582943542719E2
5.29999999999999716E0	2.21999999999999975E9	-1.44582131065374320E2
5.29999999999999716E0	2.22999999999999998E9	-1.44399843886165136E2
5.29999999999999716E0	2.23999999999999977E9	-1.44212290166908130E2
5.29999999999999716E0	2.25000000000000000E9	-1.44018965251243891E2
5.29999999999999716E0	2.26000000000000023E9	-1.43819277569651005E2
5.29999999999999716E0	2.27000000000000002E9	-1.43612532520682623E2
5.29999999999999716E0	2.28000000000000025E9	-1.43397913525237275E2
5.29999999999999716E0	2.29000000000000004E9	-1.43174459557209666E2
5.29999999999999716E0	2.29999999999999982E9	-1.42941038754111305E2
5.29999999999999716E0	2.31000000000000005E9	-1.42696317446144016E2
5.29999999999999716E0	2.31999999999999984E9	-1.42438723970077108E2
5.29999999999999716E0	2.33000000000000007E9	-1.42166406698596726E2
5.29999999999999716E0	2.33999999999999986E9	-1.41877185617843748E2
5.29999999999999716E0	2.35000000000000009E9	-1.41568496977249847E2
5.29999999999999716E0	2.36000000000000032E9	-1.41237330632892744E2
5.29999999999999716E0	2.37000000000000011E9	-1.40880159649253001E2
5.29999999999999716E0	2.37999999999999989E9	-1.40492861279088666E2
5.29999999999999716E0	2.38999999999999968E9	-1.40070626777820673E2
5.29999999999999716E0	2.39999999999999991E9	-1.39607851475070244E2
5.29999999999999716E0	2.41000000000000014E9	-1.39097979995577825E2
5.29999999999999716E0	2.41999999999999993E9	-1.38533236858513331E2
5.29999999999999716E0	2.43000000000000016E9	-1.37904051625029722E2
5.29999999999999716E0	2.43999999999999995E9	-1.37197662154312328E2
5.29999999999999716E0	2.45000000000000018E9	-1.36394486203869691E2
5.29999999999999716E0	2.45999999999999996E9	-1.35458354386596747E2
5.29999999999999716E0	2.46999999999999975E9	-1.34309608120923762E2
5.29999999999999716E0	2.47999999999999998E9	-1.32750264283838870E2
5.29999999999999716E0	2.48999999999999977E9	-1.30266562543342612E2
5.29999999999999716E0	2.50000000000000000E9	-1.25830978046665698E2
5.29999999999999716E0	2.51000000000000023E9	-1.23936075989010908E2
5.29999999999999716E0	2.52000000000000002E9	-1.29155717396759018E2
5.29999999999999716E0	2.53000000000000025E9	-1.32204795188302393E2
5.29999999999999716E0	2.54000000000000004E9	-1.34005863276553372E2
5.29999999999999716E0	2.54999999999999982E9	-1.35268613318399256E2
5.29999999999999716E0	2.56000000000000005E9	-1.36269999402295072E2
5.29999999999999716E0	2.56999999999999984E9	-1.37118216232055912E2
5.29999999999999716E0	2.58000000000000007E9	-1.37859813540447318E2
5.29999999999999716E0	2.58999999999999986E9	-1.38518314659377184E2
5.29999999999999716E0	2.60000000000000009E9	-1.39108124127824229E2
5.29999999999999716E0	2.61000000000000032E9	-1.39639629337135518E2
5.29999999999999716E0	2.62000000000000011E9	-1.40121123238315537E2
5.29999999999999716E0	2.62999999999999989E9	-1.40559563912475483E2
5.29999999999999716E0	2.63999999999999968E9	-1.40960905900025524E2
5.29999999999999716E0	2.64999999999999991E9	-1.41330273296059428E2
5.29999999999999716E0	2.66000000000000014E9	-1.41672074054029595E2
5.29999999999999716E0	2.66999999999999993E9	-1.41990090866059826E2
5.29999999999999716E0	2.68000000000000016E9	-1.42287560602926422E2
5.29999999999999716E0	2.68999999999999995E9	-1.42567245854305513E2
5.29999999999999716E0	2.70000000000000018E9	-1.42831499446249155E2
5.29999999999999716E0	2.70999999999999996E9	-1.43082322105351611E2
5.29999999999999716E0	2.71999999999999975E9	-1.43321413324236469E2
5.29999999999999716E0	2.72999999999999998E9	-1.43550215994513342E2
5.29999999999999716E0	2.73999999999999977E9	-1.43769954921753218E2
5.29999999999999716E0	2.75000000000000000E9	-1.43981670100601455E2
5.29999999999999716E0	2.76000000000000023E9	-1.44186245145290259E2
5.29999999999999716E0	2.77000000000000002E9	-1.44384431461782192E2
5.29999999999999716E0	2.78000000000000025E9	-1.44576868892455357E2
5.29999999999999716E0	2.79000000000000004E9	-1.44764103059198246E2
5.29999999999999716E0	2.79999999999999982E9	-1.44946600103023204E2
5.29999999999999716E0	2.81000000000000005E9	-1.45124759103529621E2
5.29999999999999716E0	2.81999999999999984E9	-1.45298922537824682E2
5.29999999999999716E0	2.83000000000000007E9	-1.45469385069458412E2
5.29999999999999716E0	2.83999999999999986E9	-1.45636401005886884E2
5.29999999999999716E0	2.85000000000000009E9	-1.45800190496788362E2
5.29999999999999716E0	2.86000000000000032E9	-1.45960944854613262E2
5.29999999999999716E0	2.87000000000000011E9	-1.46118830889342233E2
5.29999999999999716E0	2.87999999999999989E9	-1.46273994688164444E2
5.29999999999999716E0	2.88999999999999968E9	-1.46426564741945153E2
5.29999999999999716E0	2.89999999999999991E9	-1.46576654556778574E2
5.29999999999999716E0	2.91000000000000014E9	-1.46724364902916649E2
5.29999999999999716E0	2.91999999999999993E9	-1.46869785678765696E2
5.29999999999999716E0	2.93000000000000016E9	-1.47012997499521814E2
5.29999999999999716E0	2.93999999999999995E9	-1.47154072992667473E2
5.29999999999999716E0	2.95000000000000018E9	-1.47293077956615215E2
5.29999999999999716E0	2.95999999999999996E9	-1.47430072327477335E2
5.29999999999999716E0	2.96999999999999975E9	-1.47565110927278509E2
5.29999999999999716E0	2.97999999999999998E9	-1.47698244174838700E2
5.29999999999999716E0	2.98999999999999977E9	-1.47829518677017036E2
5.29999999999999716E0	3.00000000000000000E9	-1.47958977671597092E2

var_c	indep(index, 1)	plot_vs(pnmx, noisefreq)[32, ::]
5.39999999999999680E0	3.00000000000000000E8	-1.42240702529888408E2
5.39999999999999680E0	3.10000000000000009E8	-1.42516716627755313E2
5.39999999999999680E0	3.20000000000000018E8	-1.42783379574665670E2
5.39999999999999680E0	3.29999999999999982E8	-1.43041244974535009E2
5.39999999999999680E0	3.39999999999999991E8	-1.43290816389196229E2
5.39999999999999680E0	3.50000000000000000E8	-1.43532553123290230E2
5.39999999999999680E0	3.60000000000000009E8	-1.43766875208559108E2
5.39999999999999680E0	3.70000000000000018E8	-1.43994167720868971E2
5.39999999999999680E0	3.79999999999999982E8	-1.44214784370017157E2
5.39999999999999680E0	3.89999999999999991E8	-1.44429051101374961E2
5.39999999999999680E0	4.00000000000000000E8	-1.44637268385775242E2
5.39999999999999680E0	4.09999999999999964E8	-1.44839714274829467E2
5.39999999999999680E0	4.20000000000000018E8	-1.45036646072443998E2
5.39999999999999680E0	4.29999999999999982E8	-1.45228302474754578E2
5.39999999999999680E0	4.40000000000000036E8	-1.45414905555860274E2
5.39999999999999680E0	4.50000000000000000E8	-1.45596661698473273E2
5.39999999999999680E0	4.59999999999999964E8	-1.45773763447486249E2
5.39999999999999680E0	4.70000000000000018E8	-1.45946390378754054E2
5.39999999999999680E0	4.79999999999999982E8	-1.46114710459669794E2
5.39999999999999680E0	4.90000000000000036E8	-1.46278880702021707E2
5.39999999999999680E0	5.00000000000000000E8	-1.46439048278674644E2
5.39999999999999680E0	5.09999999999999964E8	-1.46595351183326383E2
5.39999999999999680E0	5.20000000000000018E8	-1.46747919020921236E2
5.39999999999999680E0	5.29999999999999982E8	-1.46896873466414246E2
5.39999999999999680E0	5.40000000000000036E8	-1.47042329110146275E2
5.39999999999999680E0	5.50000000000000000E8	-1.47184393759530496E2
5.39999999999999680E0	5.59999999999999964E8	-1.47323168992096454E2
5.39999999999999680E0	5.70000000000000018E8	-1.47458750588436693E2
5.39999999999999680E0	5.79999999999999982E8	-1.47591229017592740E2
5.39999999999999680E0	5.90000000000000036E8	-1.47720689614865530E2
5.39999999999999680E0	6.00000000000000000E8	-1.47847213072065076E2
5.39999999999999680E0	6.09999999999999964E8	-1.47970875729978757E2
5.39999999999999680E0	6.20000000000000018E8	-1.48091749757649382E2
5.39999999999999680E0	6.29999999999999982E8	-1.48209903462409298E2
5.39999999999999680E0	6.40000000000000036E8	-1.48325401722514583E2
5.39999999999999680E0	6.50000000000000000E8	-1.48438305717679575E2
5.39999999999999680E0	6.59999999999999964E8	-1.48548673743026471E2
5.39999999999999680E0	6.70000000000000018E8	-1.48656560872864874E2
5.39999999999999680E0	6.79999999999999982E8	-1.48762019498099396E2
5.39999999999999680E0	6.90000000000000036E8	-1.48865099334847639E2
5.39999999999999680E0	7.00000000000000000E8	-1.48965847505903670E2
5.39999999999999680E0	7.09999999999999964E8	-1.49064308836242576E2
5.39999999999999680E0	7.20000000000000018E8	-1.49160525908845942E2
5.39999999999999680E0	7.29999999999999982E8	-1.49254539172397171E2
5.39999999999999680E0	7.40000000000000036E8	-1.49346387097063404E2
5.39999999999999680E0	7.50000000000000000E8	-1.49436106217366982E2
5.39999999999999680E0	7.59999999999999964E8	-1.49523731277581406E2
5.39999999999999680E0	7.70000000000000018E8	-1.49609295331202263E2
5.39999999999999680E0	7.79999999999999982E8	-1.49692829872790534E2
5.39999999999999680E0	7.90000000000000036E8	-1.49774364688818729E2
5.39999999999999680E0	8.00000000000000000E8	-1.49853928349249932E2
5.39999999999999680E0	8.09999999999999964E8	-1.49931547844152879E2
5.39999999999999680E0	8.19999999999999929E8	-1.50007248853593245E2
5.39999999999999680E0	8.30000000000000071E8	-1.50081056011178804E2
5.39999999999999680E0	8.40000000000000036E8	-1.50152992476802138E2
5.39999999999999680E0	8.50000000000000000E8	-1.50223080446876800E2
5.39999999999999680E0	8.59999999999999964E8	-1.50291340998683687E2
5.39999999999999680E0	8.69999999999999929E8	-1.50357794161258651E2
5.39999999999999680E0	8.80000000000000071E8	-1.50422459034955014E2
5.39999999999999680E0	8.90000000000000036E8	-1.50485353676917777E2
5.39999999999999680E0	9.00000000000000000E8	-1.50546495370774869E2
5.39999999999999680E0	9.09999999999999964E8	-1.50605900442184493E2
5.39999999999999680E0	9.19999999999999929E8	-1.50663584481146584E2
5.39999999999999680E0	9.30000000000000071E8	-1.50719562284144559E2
5.39999999999999680E0	9.40000000000000036E8	-1.50773847867433752E2
5.39999999999999680E0	9.50000000000000000E8	-1.50826454598641568E2
5.39999999999999680E0	9.59999999999999964E8	-1.50877395066320386E2
5.39999999999999680E0	9.69999999999999929E8	-1.50926681365318216E2
5.39999999999999680E0	9.80000000000000071E8	-1.50974324874253329E2
5.39999999999999680E0	9.90000000000000036E8	-1.51020336383987552E2
5.39999999999999680E0	1.00000000000000000E9	-1.51064726133519089E2
5.39999999999999680E0	1.01000000000000001E9	-1.51107503832872281E2
5.39999999999999680E0	1.02000000000000002E9	-1.51148678757991406E2
5.39999999999999680E0	1.03000000000000003E9	-1.51188259490890209E2
5.39999999999999680E0	1.04000000000000004E9	-1.51226254326828990E2
5.39999999999999680E0	1.05000000000000004E9	-1.51262671073765342E2
5.39999999999999680E0	1.06000000000000005E9	-1.51297517027935102E2
5.39999999999999680E0	1.06999999999999984E9	-1.51330799209426314E2
5.39999999999999680E0	1.08000000000000007E9	-1.51362524128735121E2
5.39999999999999680E0	1.09000000000000008E9	-1.51392697964861789E2
5.39999999999999680E0	1.10000000000000009E9	-1.51421326581703641E2
5.39999999999999680E0	1.10999999999999988E9	-1.51448415397721736E2
5.39999999999999680E0	1.11999999999999988E9	-1.51473969664428076E2
5.39999999999999680E0	1.13000000000000012E9	-1.51497994116076073E2
5.39999999999999680E0	1.14000000000000012E9	-1.51520493352691443E2
5.39999999999999680E0	1.14999999999999991E9	-1.51541471642595416E2
5.39999999999999680E0	1.15999999999999992E9	-1.51560932907302215E2
5.39999999999999680E0	1.16999999999999993E9	-1.51578880929117754E2
5.39999999999999680E0	1.18000000000000016E9	-1.51595319104532478E2
5.39999999999999680E0	1.18999999999999995E9	-1.51610250684486481E2
5.39999999999999680E0	1.19999999999999996E9	-1.51623678635395676E2
5.39999999999999680E0	1.20999999999999996E9	-1.51635605726191214E2
5.39999999999999680E0	1.21999999999999997E9	-1.51646034521583073E2
5.39999999999999680E0	1.22999999999999998E9	-1.51654967341826907E2
5.39999999999999680E0	1.23999999999999999E9	-1.51662406323606658E2
5.39999999999999680E0	1.25000000000000000E9	-1.51668353402445999E2
5.39999999999999680E0	1.26000000000000001E9	-1.51672810323234875E2
5.39999999999999680E0	1.27000000000000002E9	-1.51675778695787544E2
5.39999999999999680E0	1.28000000000000003E9	-1.51677259872771275E2
5.39999999999999680E0	1.29000000000000004E9	-1.51677255126728450E2
5.39999999999999680E0	1.30000000000000004E9	-1.51675765501764714E2
5.39999999999999680E0	1.31000000000000005E9	-1.51672791852372968E2
5.39999999999999680E0	1.31999999999999984E9	-1.51668334957580742E2
5.39999999999999680E0	1.33000000000000007E9	-1.51662395385725146E2
5.39999999999999680E0	1.34000000000000008E9	-1.51654973518537561E2
5.39999999999999680E0	1.35000000000000009E9	-1.51646069663182859E2
5.39999999999999680E0	1.35999999999999988E9	-1.51635683954122702E2
5.39999999999999680E0	1.36999999999999988E9	-1.51623816292361413E2
5.39999999999999680E0	1.38000000000000012E9	-1.51610466598336813E2
5.39999999999999680E0	1.39000000000000012E9	-1.51595634437307325E2
5.39999999999999680E0	1.39999999999999991E9	-1.51579319363311349E2
5.39999999999999680E0	1.40999999999999992E9	-1.51561520759527357E2
5.39999999999999680E0	1.41999999999999993E9	-1.51542237792909562E2
5.39999999999999680E0	1.43000000000000016E9	-1.51521469572474055E2
5.39999999999999680E0	1.43999999999999995E9	-1.51499215001621823E2
5.39999999999999680E0	1.44999999999999996E9	-1.51475472799057131E2
5.39999999999999680E0	1.45999999999999996E9	-1.51450241541085018E2
5.39999999999999680E0	1.46999999999999997E9	-1.51423519721043354E2
5.39999999999999680E0	1.47999999999999998E9	-1.51395305550471226E2
5.39999999999999680E0	1.48999999999999999E9	-1.51365597102712002E2
5.39999999999999680E0	1.50000000000000000E9	-1.51334392325991685E2
5.39999999999999680E0	1.51000000000000001E9	-1.51301688940059820E2
5.39999999999999680E0	1.52000000000000002E9	-1.51267484496443894E2
5.39999999999999680E0	1.53000000000000003E9	-1.51231776363751935E2
5.39999999999999680E0	1.54000000000000004E9	-1.51194561706871045E2
5.39999999999999680E0	1.55000000000000004E9	-1.51155837499435108E2
5.39999999999999680E0	1.56000000000000005E9	-1.51115600507526771E2
5.39999999999999680E0	1.56999999999999984E9	-1.51073847280816498E2
5.39999999999999680E0	1.58000000000000007E9	-1.51030574132373419E2
5.39999999999999680E0	1.59000000000000008E9	-1.50985777201458782E2
5.39999999999999680E0	1.60000000000000009E9	-1.50939452343711156E2
5.39999999999999680E0	1.61000000000000010E9	-1.50891595172211002E2
5.39999999999999680E0	1.61999999999999988E9	-1.50842201096460404E2
5.39999999999999680E0	1.63000000000000012E9	-1.50791265253061968E2
5.39999999999999680E0	1.63999999999999990E9	-1.50738782465075660E2
5.39999999999999680E0	1.64999999999999991E9	-1.50684747340653247E2
5.39999999999999680E0	1.66000000000000014E9	-1.50629154185520564E2
5.39999999999999680E0	1.66999999999999993E9	-1.50571996992650048E2
5.39999999999999680E0	1.68000000000000016E9	-1.50513269485519396E2
5.39999999999999680E0	1.68999999999999995E9	-1.50452965020924578E2
5.39999999999999680E0	1.69999999999999996E9	-1.50391076733074325E2
5.39999999999999680E0	1.71000000000000019E9	-1.50327597322925754E2
5.39999999999999680E0	1.71999999999999997E9	-1.50262519157032304E2
5.39999999999999680E0	1.72999999999999998E9	-1.50195834319477406E2
5.39999999999999680E0	1.73999999999999977E9	-1.50127534449482924E2
5.39999999999999680E0	1.75000000000000000E9	-1.50057610841569344E2
5.39999999999999680E0	1.76000000000000023E9	-1.49986054365329591E2
5.39999999999999680E0	1.77000000000000002E9	-1.49912855536091594E2
5.39999999999999680E0	1.78000000000000003E9	-1.49838004382969214E2
5.39999999999999680E0	1.78999999999999981E9	-1.49761490531731090E2
5.39999999999999680E0	1.80000000000000004E9	-1.49683303161362469E2
5.39999999999999680E0	1.81000000000000005E9	-1.49603430933017645E2
5.39999999999999680E0	1.81999999999999984E9	-1.49521862063751199E2
5.39999999999999680E0	1.83000000000000007E9	-1.49438584242147621E2
5.39999999999999680E0	1.83999999999999986E9	-1.49353584611922141E2
5.39999999999999680E0	1.85000000000000009E9	-1.49266849766871479E2
5.39999999999999680E0	1.86000000000000010E9	-1.49178365721010997E2
5.39999999999999680E0	1.86999999999999988E9	-1.49088117833470801E2
5.39999999999999680E0	1.88000000000000012E9	-1.48996090871097620E2
5.39999999999999680E0	1.88999999999999990E9	-1.48902268855429831E2
5.39999999999999680E0	1.89999999999999991E9	-1.48806635140353705E2
5.39999999999999680E0	1.91000000000000014E9	-1.48709172253769362E2
5.39999999999999680E0	1.91999999999999993E9	-1.48609861901162077E2
5.39999999999999680E0	1.93000000000000016E9	-1.48508684903981880E2
5.39999999999999680E0	1.93999999999999995E9	-1.48405621129728305E2
5.39999999999999680E0	1.94999999999999996E9	-1.48300649378025495E2
5.39999999999999680E0	1.96000000000000019E9	-1.48193747295682776E2
5.39999999999999680E0	1.96999999999999997E9	-1.48084891327131118E2
5.39999999999999680E0	1.97999999999999998E9	-1.47974056498939088E2
5.39999999999999680E0	1.98999999999999977E9	-1.47861216302308263E2
5.39999999999999680E0	2.00000000000000000E9	-1.47746342532358499E2
5.39999999999999680E0	2.01000000000000023E9	-1.47629405122526070E2
5.39999999999999680E0	2.02000000000000002E9	-1.47510371783288119E2
5.39999999999999680E0	2.03000000000000025E9	-1.47389207858646598E2
5.39999999999999680E0	2.04000000000000004E9	-1.47265875902436760E2
5.39999999999999680E0	2.04999999999999982E9	-1.47140335338085437E2
5.39999999999999680E0	2.06000000000000005E9	-1.47012542002458080E2
5.39999999999999680E0	2.06999999999999984E9	-1.46882447561632001E2
5.39999999999999680E0	2.08000000000000007E9	-1.46749998910953483E2
5.39999999999999680E0	2.08999999999999986E9	-1.46615137417867314E2
5.39999999999999680E0	2.10000000000000009E9	-1.46477798019959904E2
5.39999999999999680E0	2.11000000000000032E9	-1.46337908193235045E2
5.39999999999999680E0	2.12000000000000011E9	-1.46195386654328985E2
5.39999999999999680E0	2.12999999999999989E9	-1.46050141923998700E2
5.39999999999999680E0	2.13999999999999968E9	-1.45902070556093788E2
5.39999999999999680E0	2.14999999999999991E9	-1.45751055062054080E2
5.39999999999999680E0	2.16000000000000014E9	-1.45596961380818501E2
5.39999999999999680E0	2.16999999999999993E9	-1.45439636026081343E2
5.39999999999999680E0	2.18000000000000016E9	-1.45278902518480102E2
5.39999999999999680E0	2.18999999999999995E9	-1.45114557244871833E2
5.39999999999999680E0	2.20000000000000018E9	-1.44946364533891581E2
5.39999999999999680E0	2.20999999999999996E9	-1.44774050739119065E2
5.39999999999999680E0	2.21999999999999975E9	-1.44597297252042778E2
5.39999999999999680E0	2.22999999999999998E9	-1.44415732181284739E2
5.39999999999999680E0	2.23999999999999977E9	-1.44228920435045938E2
5.39999999999999680E0	2.25000000000000000E9	-1.44036351895547665E2
5.39999999999999680E0	2.26000000000000023E9	-1.43837427463023770E2
5.39999999999999680E0	2.27000000000000002E9	-1.43631442350274430E2
5.39999999999999680E0	2.28000000000000025E9	-1.43417566391031470E2
5.39999999999999680E0	2.29000000000000004E9	-1.43194820642914022E2
5.39999999999999680E0	2.29999999999999982E9	-1.42962049757954657E2
5.39999999999999680E0	2.31000000000000005E9	-1.42717889508580575E2
5.39999999999999680E0	2.31999999999999984E9	-1.42460728616001586E2
5.39999999999999680E0	2.33000000000000007E9	-1.42188664285138211E2
5.39999999999999680E0	2.33999999999999986E9	-1.41899450628641399E2
5.39999999999999680E0	2.35000000000000009E9	-1.41590439236166277E2
5.39999999999999680E0	2.36000000000000032E9	-1.41258511476674231E2
5.39999999999999680E0	2.37000000000000011E9	-1.40900001568477751E2
5.39999999999999680E0	2.37999999999999989E9	-1.40510609419434007E2
5.39999999999999680E0	2.38999999999999968E9	-1.40085300021011849E2
5.39999999999999680E0	2.39999999999999991E9	-1.39618179994016800E2
5.39999999999999680E0	2.41000000000000014E9	-1.39102324540731526E2
5.39999999999999680E0	2.41999999999999993E9	-1.38529480494228396E2
5.39999999999999680E0	2.43000000000000016E9	-1.37889442700299103E2
5.39999999999999680E0	2.43999999999999995E9	-1.37168551686122497E2
5.39999999999999680E0	2.45000000000000018E9	-1.36345793954814765E2
5.39999999999999680E0	2.45999999999999996E9	-1.35382264197344426E2
5.39999999999999680E0	2.46999999999999975E9	-1.34191980726583315E2
5.39999999999999680E0	2.47999999999999998E9	-1.32560514613723757E2
5.39999999999999680E0	2.48999999999999977E9	-1.29934085825839296E2
5.39999999999999680E0	2.50000000000000000E9	-1.25323321961483503E2
5.39999999999999680E0	2.51000000000000023E9	-1.24478134633288229E2
5.39999999999999680E0	2.52000000000000002E9	-1.29506615021633764E2
5.39999999999999680E0	2.53000000000000025E9	-1.32399094969207054E2
5.39999999999999680E0	2.54000000000000004E9	-1.34145149520305007E2
5.39999999999999680E0	2.54999999999999982E9	-1.35391083279086533E2
5.39999999999999680E0	2.56000000000000005E9	-1.36387899151426439E2
5.39999999999999680E0	2.56999999999999984E9	-1.37234602973937903E2
5.39999999999999680E0	2.58000000000000007E9	-1.37974741864168360E2
5.39999999999999680E0	2.58999999999999986E9	-1.38631051730228849E2
5.39999999999999680E0	2.60000000000000009E9	-1.39217904878697540E2
5.39999999999999680E0	2.61000000000000032E9	-1.39745875954212129E2
5.39999999999999680E0	2.62000000000000011E9	-1.40223474570003304E2
5.39999999999999680E0	2.62999999999999989E9	-1.40657844017132216E2
5.39999999999999680E0	2.63999999999999968E9	-1.41055079508107140E2
5.39999999999999680E0	2.64999999999999991E9	-1.41420404758279128E2
5.39999999999999680E0	2.66000000000000014E9	-1.41758294095108672E2
5.39999999999999680E0	2.66999999999999993E9	-1.42072571379607981E2
5.39999999999999680E0	2.68000000000000016E9	-1.42366496324501379E2
5.39999999999999680E0	2.68999999999999995E9	-1.42642841491198125E2
5.39999999999999680E0	2.70000000000000018E9	-1.42903960819729825E2
5.39999999999999680E0	2.70999999999999996E9	-1.43151850348532550E2
5.39999999999999680E0	2.71999999999999975E9	-1.43388201213639777E2
5.39999999999999680E0	2.72999999999999998E9	-1.43614445803308866E2
5.39999999999999680E0	2.73999999999999977E9	-1.43831797353227508E2
5.39999999999999680E0	2.75000000000000000E9	-1.44041283930588060E2
5.39999999999999680E0	2.76000000000000023E9	-1.44243777341811552E2
5.39999999999999680E0	2.77000000000000002E9	-1.44440017621823213E2
5.39999999999999680E0	2.78000000000000025E9	-1.44630633828176980E2
5.39999999999999680E0	2.79000000000000004E9	-1.44816161507438235E2
5.39999999999999680E0	2.79999999999999982E9	-1.44997057487569858E2
5.39999999999999680E0	2.81000000000000005E9	-1.45173712241037323E2
5.39999999999999680E0	2.81999999999999984E9	-1.45346460379441322E2
5.39999999999999680E0	2.83000000000000007E9	-1.45515589392064126E2
5.39999999999999680E0	2.83999999999999986E9	-1.45681347050849896E2
5.39999999999999680E0	2.85000000000000009E9	-1.45843947564313337E2
5.39999999999999680E0	2.86000000000000032E9	-1.46003576804476198E2
5.39999999999999680E0	2.87000000000000011E9	-1.46160396703944762E2
5.39999999999999680E0	2.87999999999999989E9	-1.46314548885109419E2
5.39999999999999680E0	2.88999999999999968E9	-1.46466157761063132E2
5.39999999999999680E0	2.89999999999999991E9	-1.46615333156315408E2
5.39999999999999680E0	2.91000000000000014E9	-1.46762172486699227E2
5.39999999999999680E0	2.91999999999999993E9	-1.46906762571662353E2
5.39999999999999680E0	2.93000000000000016E9	-1.47049181229588544E2
5.39999999999999680E0	2.93999999999999995E9	-1.47189498517932416E2
5.39999999999999680E0	2.95000000000000018E9	-1.47327777913055558E2
5.39999999999999680E0	2.95999999999999996E9	-1.47464077181515618E2
5.39999999999999680E0	2.96999999999999975E9	-1.47598449181758751E2
5.39999999999999680E0	2.97999999999999998E9	-1.47730942505987128E2
5.39999999999999680E0	2.98999999999999977E9	-1.47861602105841183E2
5.39999999999999680E0	3.00000000000000000E9	-1.47990469665093083E2

var_c	indep(index, 1)	plot_vs(pnmx, noisefreq)[33, ::]
5.50000000000000000E0	3.00000000000000000E8	-1.42243268084562113E2
5.50000000000000000E0	3.10000000000000009E8	-1.42519283725985746E2
5.50000000000000000E0	3.20000000000000018E8	-1.42785947959938597E2
5.50000000000000000E0	3.29999999999999982E8	-1.43043814495812560E2
5.50000000000000000E0	3.39999999999999991E8	-1.43293386841661485E2
5.50000000000000000E0	3.50000000000000000E8	-1.43535124271830239E2
5.50000000000000000E0	3.60000000000000009E8	-1.43769446859428518E2
5.50000000000000000E0	3.70000000000000018E8	-1.43996739656228501E2
5.50000000000000000E0	3.79999999999999982E8	-1.44217356423316723E2
5.50000000000000000E0	3.89999999999999991E8	-1.44431623078809013E2
5.50000000000000000E0	4.00000000000000000E8	-1.44639840200654901E2
5.50000000000000000E0	4.09999999999999964E8	-1.44842285536759663E2
5.50000000000000000E0	4.20000000000000018E8	-1.45039216631783430E2
5.50000000000000000E0	4.29999999999999982E8	-1.45230872300924374E2
5.50000000000000000E0	4.40000000000000036E8	-1.45417474371539446E2
5.50000000000000000E0	4.50000000000000000E8	-1.45599229332444269E2
5.50000000000000000E0	4.59999999999999964E8	-1.45776329666569260E2
5.50000000000000000E0	4.70000000000000018E8	-1.45948955109102374E2
5.50000000000000000E0	4.79999999999999982E8	-1.46117273460309560E2
5.50000000000000000E0	4.90000000000000036E8	-1.46281441832931414E2
5.50000000000000000E0	5.00000000000000000E8	-1.46441607429371645E2
5.50000000000000000E0	5.09999999999999964E8	-1.46597908131023802E2
5.50000000000000000E0	5.20000000000000018E8	-1.46750473595186959E2
5.50000000000000000E0	5.29999999999999982E8	-1.46899425568108710E2
5.50000000000000000E0	5.40000000000000036E8	-1.47044878534082812E2
5.50000000000000000E0	5.50000000000000000E8	-1.47186940341243067E2
5.50000000000000000E0	5.59999999999999964E8	-1.47325712662349129E2
5.50000000000000000E0	5.70000000000000018E8	-1.47461291117555882E2
5.50000000000000000E0	5.79999999999999982E8	-1.47593766263718984E2
5.50000000000000000E0	5.90000000000000036E8	-1.47723223469529863E2
5.50000000000000000E0	6.00000000000000000E8	-1.47849743386021215E2
5.50000000000000000E0	6.09999999999999964E8	-1.47973402358926154E2
5.50000000000000000E0	6.20000000000000018E8	-1.48094272577036223E2
5.50000000000000000E0	6.29999999999999982E8	-1.48212422343722250E2
5.50000000000000000E0	6.40000000000000036E8	-1.48327916460883680E2
5.50000000000000000E0	6.50000000000000000E8	-1.48440816260688746E2
5.50000000000000000E0	6.59999999999999964E8	-1.48551179904306374E2
5.50000000000000000E0	6.70000000000000018E8	-1.48659062551954935E2
5.50000000000000000E0	6.79999999999999982E8	-1.48764516529017010E2
5.50000000000000000E0	6.90000000000000036E8	-1.48867591617882344E2
5.50000000000000000E0	7.00000000000000000E8	-1.48968334894359256E2
5.50000000000000000E0	7.09999999999999964E8	-1.49066791197194659E2
5.50000000000000000E0	7.20000000000000018E8	-1.49163003159332019E2
5.50000000000000000E0	7.29999999999999982E8	-1.49257011156923136E2
5.50000000000000000E0	7.40000000000000036E8	-1.49348853633692746E2
5.50000000000000000E0	7.50000000000000000E8	-1.49438567229049291E2
5.50000000000000000E0	7.59999999999999964E8	-1.49526186622428447E2
5.50000000000000000E0	7.70000000000000018E8	-1.49611744940335933E2
5.50000000000000000E0	7.79999999999999982E8	-1.49695273592341715E2
5.50000000000000000E0	7.90000000000000036E8	-1.49776802440701329E2
5.50000000000000000E0	8.00000000000000000E8	-1.49856359951772555E2
5.50000000000000000E0	8.09999999999999964E8	-1.49933973208264071E2
5.50000000000000000E0	8.19999999999999929E8	-1.50009667900613008E2
5.50000000000000000E0	8.30000000000000071E8	-1.50083468548567422E2
5.50000000000000000E0	8.40000000000000036E8	-1.50155398432656462E2
5.50000000000000000E0	8.50000000000000000E8	-1.50225479709211496E2
5.50000000000000000E0	8.59999999999999964E8	-1.50293733446431155E2
5.50000000000000000E0	8.69999999999999929E8	-1.50360179709411512E2
5.50000000000000000E0	8.80000000000000071E8	-1.50424837549601342E2
5.50000000000000000E0	8.90000000000000036E8	-1.50487725073446033E2
5.50000000000000000E0	9.00000000000000000E8	-1.50548859524132750E2
5.50000000000000000E0	9.09999999999999964E8	-1.50608257290043590E2
5.50000000000000000E0	9.19999999999999929E8	-1.50665933865140333E2
5.50000000000000000E0	9.30000000000000071E8	-1.50721904137283458E2
5.50000000000000000E0	9.40000000000000036E8	-1.50776182103233336E2
5.50000000000000000E0	9.50000000000000000E8	-1.50828781059259565E2
5.50000000000000000E0	9.59999999999999964E8	-1.50879713734693244E2
5.50000000000000000E0	9.69999999999999929E8	-1.50928992141018758E2
5.50000000000000000E0	9.80000000000000071E8	-1.50976627617888792E2
5.50000000000000000E0	9.90000000000000036E8	-1.51022631040511013E2
5.50000000000000000E0	1.00000000000000000E9	-1.51067012639421461E2
5.50000000000000000E0	1.01000000000000001E9	-1.51109782108588830E2
5.50000000000000000E0	1.02000000000000002E9	-1.51150948629925175E2
5.50000000000000000E0	1.03000000000000003E9	-1.51190521002833589E2
5.50000000000000000E0	1.04000000000000004E9	-1.51228507361816078E2
5.50000000000000000E0	1.05000000000000004E9	-1.51264915528805477E2
5.50000000000000000E0	1.06000000000000005E9	-1.51299752931818721E2
5.50000000000000000E0	1.06999999999999984E9	-1.51333026429283235E2
5.50000000000000000E0	1.08000000000000007E9	-1.51364742599469460E2
5.50000000000000000E0	1.09000000000000008E9	-1.51394907685742863E2
5.50000000000000000E0	1.10000000000000009E9	-1.51423527483342890E2
5.50000000000000000E0	1.10999999999999988E9	-1.51450607464862652E2
5.50000000000000000E0	1.11999999999999988E9	-1.51476152829365374E2
5.50000000000000000E0	1.13000000000000012E9	-1.51500168368309818E2
5.50000000000000000E0	1.14000000000000012E9	-1.51522658671617449E2
5.50000000000000000E0	1.14999999999999991E9	-1.51543627992804852E2
5.50000000000000000E0	1.15999999999999992E9	-1.51563080287271701E2
5.50000000000000000E0	1.16999999999999993E9	-1.51581019306322662E2
5.50000000000000000E0	1.18000000000000016E9	-1.51597448510559296E2
5.50000000000000000E0	1.18999999999999995E9	-1.51612371124972611E2
5.50000000000000000E0	1.19999999999999996E9	-1.51625790122594362E2
5.50000000000000000E0	1.20999999999999996E9	-1.51637708323104570E2
5.50000000000000000E0	1.21999999999999997E9	-1.51648128221326983E2
5.50000000000000000E0	1.22999999999999998E9	-1.51657052202195586E2
5.50000000000000000E0	1.23999999999999999E9	-1.51664482404961465E2
5.50000000000000000E0	1.25000000000000000E9	-1.51670420770967618E2
5.50000000000000000E0	1.26000000000000001E9	-1.51674869046901550E2
5.50000000000000000E0	1.27000000000000002E9	-1.51677828856943031E2
5.50000000000000000E0	1.28000000000000003E9	-1.51679301602180594E2
5.50000000000000000E0	1.29000000000000004E9	-1.51679288485822172E2
5.50000000000000000E0	1.30000000000000004E9	-1.51677790636014631E2
5.50000000000000000E0	1.31000000000000005E9	-1.51674808940620265E2
5.50000000000000000E0	1.31999999999999984E9	-1.51670344108050115E2
5.50000000000000000E0	1.33000000000000007E9	-1.51664396763224230E2
5.50000000000000000E0	1.34000000000000008E9	-1.51656967363135164E2
5.50000000000000000E0	1.35000000000000009E9	-1.51648056134278053E2
5.50000000000000000E0	1.35999999999999988E9	-1.51637663285086122E2
5.50000000000000000E0	1.36999999999999988E9	-1.51625788782073379E2
5.50000000000000000E0	1.38000000000000012E9	-1.51612432394488605E2
5.50000000000000000E0	1.39000000000000012E9	-1.51597593890422599E2
5.50000000000000000E0	1.39999999999999991E9	-1.51581272780368526E2
5.50000000000000000E0	1.40999999999999992E9	-1.51563468441559435E2
5.50000000000000000E0	1.41999999999999993E9	-1.51544180107322113E2
5.50000000000000000E0	1.43000000000000016E9	-1.51523406931198212E2
5.50000000000000000E0	1.43999999999999995E9	-1.51501147746540310E2
5.50000000000000000E0	1.44999999999999996E9	-1.51477401390197852E2
5.50000000000000000E0	1.45999999999999996E9	-1.51452166486118966E2
5.50000000000000000E0	1.46999999999999997E9	-1.51425441443435638E2
5.50000000000000000E0	1.47999999999999998E9	-1.51397224631339578E2
5.50000000000000000E0	1.48999999999999999E9	-1.51367514100567213E2
5.50000000000000000E0	1.50000000000000000E9	-1.51336307823425820E2
5.50000000000000000E0	1.51000000000000001E9	-1.51303603612136928E2
5.50000000000000000E0	1.52000000000000002E9	-1.51269399013920802E2
5.50000000000000000E0	1.53000000000000003E9	-1.51233691447152863E2
5.50000000000000000E0	1.54000000000000004E9	-1.51196478146121960E2
5.50000000000000000E0	1.55000000000000004E9	-1.51157756133639598E2
5.50000000000000000E0	1.56000000000000005E9	-1.51117522181803610E2
5.50000000000000000E0	1.56999999999999984E9	-1.51075772930597862E2
5.50000000000000000E0	1.58000000000000007E9	-1.51032504774503273E2
5.50000000000000000E0	1.59000000000000008E9	-1.50987713857101546E2
5.50000000000000000E0	1.60000000000000009E9	-1.50941396137262651E2
5.50000000000000000E0	1.61000000000000010E9	-1.50893547298587216E2
5.50000000000000000E0	1.61999999999999988E9	-1.50844162809897564E2
5.50000000000000000E0	1.63000000000000012E9	-1.50793237876765751E2
5.50000000000000000E0	1.63999999999999990E9	-1.50740767399354603E2
5.50000000000000000E0	1.64999999999999991E9	-1.50686746113863235E2
5.50000000000000000E0	1.66000000000000014E9	-1.50631168361578505E2
5.50000000000000000E0	1.66999999999999993E9	-1.50574028279858863E2
5.50000000000000000E0	1.68000000000000016E9	-1.50515319649499313E2
5.50000000000000000E0	1.68999999999999995E9	-1.50455035994863340E2
5.50000000000000000E0	1.69999999999999996E9	-1.50393170471622950E2
5.50000000000000000E0	1.71000000000000019E9	-1.50329715972742228E2
5.50000000000000000E0	1.71999999999999997E9	-1.50264665012527643E2
5.50000000000000000E0	1.72999999999999998E9	-1.50198009744466221E2
5.50000000000000000E0	1.73999999999999977E9	-1.50129741983218135E2
5.50000000000000000E0	1.75000000000000000E9	-1.50059853185311054E2
5.50000000000000000E0	1.76000000000000023E9	-1.49988334360733866E2
5.50000000000000000E0	1.77000000000000002E9	-1.49915176219010471E2
5.50000000000000000E0	1.78000000000000003E9	-1.49840368982062389E2
5.50000000000000000E0	1.78999999999999981E9	-1.49763902431331486E2
5.50000000000000000E0	1.80000000000000004E9	-1.49685765993431685E2
5.50000000000000000E0	1.81000000000000005E9	-1.49605948542447353E2
5.50000000000000000E0	1.81999999999999984E9	-1.49524438523456471E2
5.50000000000000000E0	1.83000000000000007E9	-1.49441223861545014E2
5.50000000000000000E0	1.83999999999999986E9	-1.49356291991496670E2
5.50000000000000000E0	1.85000000000000009E9	-1.49269629769347967E2
5.50000000000000000E0	1.86000000000000010E9	-1.49181223512405214E2
5.50000000000000000E0	1.86999999999999988E9	-1.49091058916128993E2
5.50000000000000000E0	1.88000000000000012E9	-1.48999121064404294E2
5.50000000000000000E0	1.88999999999999990E9	-1.48905394368256938E2
5.50000000000000000E0	1.89999999999999991E9	-1.48809862535154935E2
5.50000000000000000E0	1.91000000000000014E9	-1.48712508512136266E2
5.50000000000000000E0	1.91999999999999993E9	-1.48613314475280367E2
5.50000000000000000E0	1.93000000000000016E9	-1.48512261660770983E2
5.50000000000000000E0	1.93999999999999995E9	-1.48409330445190757E2
5.50000000000000000E0	1.94999999999999996E9	-1.48304500158603458E2
5.50000000000000000E0	1.96000000000000019E9	-1.48197749004005885E2
5.50000000000000000E0	1.96999999999999997E9	-1.48089054004759313E2
5.50000000000000000E0	1.97999999999999998E9	-1.47978390808114191E2
5.50000000000000000E0	1.98999999999999977E9	-1.47865733601266380E2
5.50000000000000000E0	2.00000000000000000E9	-1.47751054867388554E2
5.50000000000000000E0	2.01000000000000023E9	-1.47634325243869524E2
5.50000000000000000E0	2.02000000000000002E9	-1.47515513291642231E2
5.50000000000000000E0	2.03000000000000025E9	-1.47394585129603861E2
5.50000000000000000E0	2.04000000000000004E9	-1.47271504197319802E2
5.50000000000000000E0	2.04999999999999982E9	-1.47146230848147930E2
5.50000000000000000E0	2.06000000000000005E9	-1.47018721827001242E2
5.50000000000000000E0	2.06999999999999984E9	-1.46888929825124892E2
5.50000000000000000E0	2.08000000000000007E9	-1.46756802762300387E2
5.50000000000000000E0	2.08999999999999986E9	-1.46622283063428371E2
5.50000000000000000E0	2.10000000000000009E9	-1.46485306736910736E2
5.50000000000000000E0	2.11000000000000032E9	-1.46345802358404597E2
5.50000000000000000E0	2.12000000000000011E9	-1.46203689746372278E2
5.50000000000000000E0	2.12999999999999989E9	-1.46058878501636968E2
5.50000000000000000E0	2.13999999999999968E9	-1.45911266221835412E2
5.50000000000000000E0	2.14999999999999991E9	-1.45760736377109579E2
5.50000000000000000E0	2.16000000000000014E9	-1.45607155791799880E2
5.50000000000000000E0	2.16999999999999993E9	-1.45450371653136434E2
5.50000000000000000E0	2.18000000000000016E9	-1.45290207976323171E2
5.50000000000000000E0	2.18999999999999995E9	-1.45126461328739564E2
5.50000000000000000E0	2.20000000000000018E9	-1.44958895790228448E2
5.50000000000000000E0	2.20999999999999996E9	-1.44787236948235143E2
5.50000000000000000E0	2.21999999999999975E9	-1.44611164703088346E2
5.50000000000000000E0	2.22999999999999998E9	-1.44430304733726311E2
5.50000000000000000E0	2.23999999999999977E9	-1.44244218312010553E2
5.50000000000000000E0	2.25000000000000000E9	-1.44052390145121789E2
5.50000000000000000E0	2.26000000000000023E9	-1.43854213925084728E2
5.50000000000000000E0	2.27000000000000002E9	-1.43648975086224961E2
5.50000000000000000E0	2.28000000000000025E9	-1.43435830352506799E2
5.50000000000000000E0	2.29000000000000004E9	-1.43213783423864838E2
5.50000000000000000E0	2.29999999999999982E9	-1.42981656138953750E2
5.50000000000000000E0	2.31000000000000005E9	-1.42738054469589559E2
5.50000000000000000E0	2.31999999999999984E9	-1.42481328365741255E2
5.50000000000000000E0	2.33000000000000007E9	-1.42209524813990207E2
5.50000000000000000E0	2.33999999999999986E9	-1.41920333005205723E2
5.50000000000000000E0	2.35000000000000009E9	-1.41611020864972437E2
5.50000000000000000E0	2.36000000000000032E9	-1.41278362106674304E2
5.50000000000000000E0	2.37000000000000011E9	-1.40918552628849003E2
5.50000000000000000E0	2.37999999999999989E9	-1.40527115017353266E2
5.50000000000000000E0	2.38999999999999968E9	-1.40098787053337448E2
5.50000000000000000E0	2.39999999999999991E9	-1.39627384111590791E2
5.50000000000000000E0	2.41000000000000014E9	-1.39105607107461671E2
5.50000000000000000E0	2.41999999999999993E9	-1.38524716625506028E2
5.50000000000000000E0	2.43000000000000016E9	-1.37873858689720530E2
5.50000000000000000E0	2.43999999999999995E9	-1.37138453256800630E2
5.50000000000000000E0	2.45000000000000018E9	-1.36296013525635207E2
5.50000000000000000E0	2.45999999999999996E9	-1.35304806380851983E2
5.50000000000000000E0	2.46999999999999975E9	-1.34072281592199305E2
5.50000000000000000E0	2.47999999999999998E9	-1.32366904085931969E2
5.50000000000000000E0	2.48999999999999977E9	-1.29594714088529583E2
5.50000000000000000E0	2.50000000000000000E9	-1.24846931811022399E2
5.50000000000000000E0	2.51000000000000023E9	-1.24992892557376400E2
5.50000000000000000E0	2.52000000000000002E9	-1.29825451149164195E2
5.50000000000000000E0	2.53000000000000025E9	-1.32580445017269088E2
5.50000000000000000E0	2.54000000000000004E9	-1.34278878749170660E2
5.50000000000000000E0	2.54999999999999982E9	-1.35510285911410100E2
5.50000000000000000E0	2.56000000000000005E9	-1.36502969960469378E2
5.50000000000000000E0	2.56999999999999984E9	-1.37347985159415886E2
5.50000000000000000E0	2.58000000000000007E9	-1.38086340006536035E2
5.50000000000000000E0	2.58999999999999986E9	-1.38740150772139592E2
5.50000000000000000E0	2.60000000000000009E9	-1.39323809074129601E2
5.50000000000000000E0	2.61000000000000032E9	-1.39848084101968961E2
5.50000000000000000E0	2.62000000000000011E9	-1.40321693578671991E2
5.50000000000000000E0	2.62999999999999989E9	-1.40751953088234494E2
5.50000000000000000E0	2.63999999999999968E9	-1.41145085943767978E2
5.50000000000000000E0	2.64999999999999991E9	-1.41506404466396907E2
5.50000000000000000E0	2.66000000000000014E9	-1.41840440413577884E2
5.50000000000000000E0	2.66999999999999993E9	-1.42151051796000538E2
5.50000000000000000E0	2.68000000000000016E9	-1.42441515817498288E2
5.50000000000000000E0	2.68999999999999995E9	-1.42714610893296245E2
5.50000000000000000E0	2.70000000000000018E9	-1.42972689067305891E2
5.50000000000000000E0	2.70999999999999996E9	-1.43217739463835625E2
5.50000000000000000E0	2.71999999999999975E9	-1.43451443269327972E2
5.50000000000000000E0	2.72999999999999998E9	-1.43675221250350127E2
5.50000000000000000E0	2.73999999999999977E9	-1.43890274334360813E2
5.50000000000000000E0	2.75000000000000000E9	-1.44097618144911022E2
5.50000000000000000E0	2.76000000000000023E9	-1.44298112400153355E2
5.50000000000000000E0	2.77000000000000002E9	-1.44492485604886878E2
5.50000000000000000E0	2.78000000000000025E9	-1.44681355986553828E2
5.50000000000000000E0	2.79000000000000004E9	-1.44865249050305400E2
5.50000000000000000E0	2.79999999999999982E9	-1.45044612357567981E2
5.50000000000000000E0	2.81000000000000005E9	-1.45219827920447564E2
5.50000000000000000E0	2.81999999999999984E9	-1.45391222602770598E2
5.50000000000000000E0	2.83000000000000007E9	-1.45559076874532756E2
5.50000000000000000E0	2.83999999999999986E9	-1.45723632102169387E2
5.50000000000000000E0	2.85000000000000009E9	-1.45885096709908546E2
5.50000000000000000E0	2.86000000000000032E9	-1.46043651326892698E2
5.50000000000000000E0	2.87000000000000011E9	-1.46199453108703814E2
5.50000000000000000E0	2.87999999999999989E9	-1.46352639338515589E2
5.50000000000000000E0	2.88999999999999968E9	-1.46503330550403588E2
5.50000000000000000E0	2.89999999999999991E9	-1.46651632976927138E2
5.50000000000000000E0	2.91000000000000014E9	-1.46797640802396456E2
5.50000000000000000E0	2.91999999999999993E9	-1.46941437897136873E2
5.50000000000000000E0	2.93000000000000016E9	-1.47083099367845116E2
5.50000000000000000E0	2.93999999999999995E9	-1.47222692842338754E2
5.50000000000000000E0	2.95000000000000018E9	-1.47360279535956273E2
5.50000000000000000E0	2.95999999999999996E9	-1.47495915144772693E2
5.50000000000000000E0	2.96999999999999975E9	-1.47629650648822808E2
5.50000000000000000E0	2.97999999999999998E9	-1.47761532908260973E2
5.50000000000000000E0	2.98999999999999977E9	-1.47891605239329205E2
5.50000000000000000E0	3.00000000000000000E9	-1.48019907861218480E2


